tag,category,aliases,zh,count,notes
dairi,1,dairi155|dairi_(sogebugonbuto)|dairidouga|dairisogebugonbuto|はるか|ダイリ,ダイリ,18783,danbooru other_names含ダイリ/はるか；无社区广泛中文名，zh填日文原名
ebifurya,1,ebihurya|ebihurya332|えびふりゃ|豆乳軒,えびふりゃ,6614,danbooru other_names=えびふりゃ/豆乳軒；zh用原名简体豆乳轩，别名保留日文原名
itomugi-kun,1,38_mugi_kon|ak794itomugi|aki_kikumugi|ito_mugi|ito_mugi_kun|itomugi|itomugi4649|itomugi794_ugis|itomugi_(skh)|itomugikun|itomuri_(skh)|いとむぎくん|糸麦くん,糸麦くん,5836,danbooru other_names=いとむぎくん/糸麦くん；无中文名，zh填原名；别名只留主handle
ruu_(tksymkw),1,ruu_(rakugakiyarou)|ruu_(uru)|るう,るう,5834,danbooru other_names=るう；无中文名，zh填原名
bkub,1,bkub_comic|bkubb|ぶくぶ|大川ぶくぶ|大川武久部,大川ぶくぶ,5829,中文维基条目标题大川武久部但标注暂定/可能不准确，故zh用日文原名大川ぶくぶ；维基写法进别名
hammer_(sunset_beach),1,hammer|sunset_beach|サンセットビーチ|ハマー,ハマー,5619,"danbooru wiki: Japanese name ハマー, circle サンセットビーチ；无中文名"
haruyama_kazunori,1,kazuharoom|春山和則,春山和則,5272,danbooru wiki: Japanese name 春山和則；zh用原名简体，别名保留日文原名
kou_hiyoyo,1,hiyokou_(hiyoyo)|hiyoyo_(aimai_me)|hiyoyok|kouu_hiyoyo|ヒヨヨ|紅雨ヒヨヨ,紅雨ヒヨヨ,4660,danbooru wiki: Japanese name 紅雨ヒヨヨ；无中文名
yaegashi_nan,1,やえがしなん|八重樫南,八重樫南,4595,danbooru other_names=八重樫南；原zh八重㭴南用了罕见异体㭴，改为原名八重樫南
kanon_(kurogane_knights),1,kanon|kurogane_knights|quanon|かのん。|奏音|黑钢独立骑士団|黑钢骑士団,花音,4594,danbooru other_names=奏音；此为日文原名非另造中文名，保留
rebecca_(keinelove),1,keinelove|rebecca|rebecca_(enki-sei_kemono_rui)|rebecca_(enki_sei_kemono_rui)|rebeccarebee|rebeccareberebe|レベッカ,レベッカ,4388,other_names有加部玲子但无社区广泛接受证据，宁可填日文原名レベッカ
mizuki_hitoshi,1,hmizuki|みずきひとし,みずきひとし,4381,danbooru wiki: Japanese name みずき ひとし；无中文名
kouji_(campus_life),1,campus_life|kouji|こうじ|コウジ,孝至,4352,danbooru wiki: Japanese name コウジ/こうじ；无中文名
tani_takeshi,1,tanitake-c|tanitakec|tanitakesc|たにたけし|萩野屋,たにたけし,3932,原zh萩野屋是同人社团名非画师名；wiki确认画师原名たにたけし
naga_u,1,naga_u_|naga_yuu|ながユー,ながユー,3869,danbooru wiki: Nickname ながユー；无中文名
ojipon,1,ojipon_(ozisun1103)|ojipon_kai|ozipon1103|おじぽん|おじポン,おじぽん,3855,danbooru other_names=おじぽん/おじポン；无中文名
hara_(harayutaka),1,hara0742|hara3131|harayutaka|はら|へら,はらへら,3835,danbooru wiki: twitter=はら pixiv=へら；无中文名，zh用主用原名はら
pageratta,1,ぱげらった|厨二病棟,ぱげらった,3572,原zh厨二病栋是社团名；wiki确认画师原名ぱげらった
matsunaga_kouyou,1,kouyou_matsunaga|kouyoumatsunaga|松永紅葉,松永紅葉,3549,danbooru other_names=松永紅葉；zh用原名简体，别名保留日文原名
hiroki_(yyqw7151),1,hiroki|yyqw7151|ヒロき,宏き,3428,danbooru other_names=ヒロき；无中文名
boris_(noborhys),1,boris|boris_noborhys|borish|borisn|borisnoborhys|borisu|noborhys|noborisu|shoushin_(borish)|shoushin_(borisu)|ぼりす|昇進,昇進,3402,danbooru wiki: Japanese name 昇進；zh用原名简体升进，别名保留日文原名
onikobe_rin,1,onikoube_rin|おにこべ|鬼頭りん,鬼頭りん,3281,danbooru wiki: Japanese name 鬼頭りん；无中文名
blade_(galaxist),1,blade|blade4649|galaxist|ブレード|ﾌﾞﾚｴﾄﾞ,ブレード,3206,danbooru wiki: Name Blade(ﾌﾞﾚｴﾄﾞ)；无中文名，zh用片假名原名
bow_(bhp),1,bhp|bow|bow99|bow999|bow_|bow_(artist)|bow_n|the-bow|the_bow|thebowmh|愛與欠灌,愛與欠灌,3204,danbooru other_names含畫師自用中文愛與欠灌；zh用简体，别名保留繁体原名
tony_taka,1,Tony|taka_tony|tanaka_takayuki|tony|tony_t2artworks|tony_tiny_world|田中貴之,田中貴之,3177,danbooru other_names=田中貴之；专业署名Tony；无独立中文译名，zh用原名简体
a1_(initial-g),1,a1|initial-g|initialg_a1|イニシャルg,A1,3120,other_names=イニシャルg为社团；画师原名A1，无中文名
futa_(nabezoko),1,futa|futa313255|futa4192|futa5966|futa_(futa4192)|nabezoko|なべぞこ,futa,3081,"wiki: Nickname futa, circle なべぞこ；无中文名，zh填原名"
hana_kazari,1,hana_kazari_(hatunatukazari)|hatunatukazari|花かざり,花かざり,3062,danbooru other_names=花かざり；无中文名
ixy,1,ixy__194|いくしー,いくしー,3022,danbooru other_names=いくしー；无中文名
bb_(baalbuddy),1,Baalbuddy|baalbud|baalbuddy|baalbuddybb|theartistknownasbb,BB,2973,美国画师，无中文名，zh填常用原名BB
m-da_s-tarou,1,Mたろう|MだSたろう|emuda_esutarou|m-tarou|tottoko_m-tarou,MだSたろう,2960,danbooru wiki: Pen-name MだSたろう；无中文名
chihuri,1,chihuri405|chihuri45|chihuri_sakana|ちふり|奶牛,ちふり,2960,other_names含奶牛但无社区广泛接受证据，zh改回日文原名ちふり；奶牛仅作别名
gomashio_(goma_feet),1,goma_feet|ごましお,ごましお,2945,other_names=ごましお；无中文名
ido_(teketeke),1,ido_(pixiv1101145)|idonchi|idonum|idonum_b|teketeke_(ido)|いど|てけてけ,いど,2943,"wiki: Nickname いど, old name てけてけ；无中文名"
hungry_clicker,1,click_burgundy|hncl|はんくり|一期一会,はんくり,2882,原zh一期一会是社团名；other_names=はんくり为画师原名
yohane,1,johanne|ヨハネ|三元青,ヨハネ,2881,other_names含三元青但无广泛接受证据，zh改回日文原名ヨハネ
hews,1,hews-hack|hews__|hewsack|hewsgraphicssafe|hewsie|hewsie322|hh.hewsie,hews,2878,西方画师 Jay-Em Carlo Rico，无中文名，zh填常用原名hews
huke,1,hukeweb|ryoheihuke|ryouhei_huke,huke,2840,中文维基条目标题Huke，无中文译名，zh填原名
nyantcha,1,nyan|thiccwithaq,nyantcha,2807,西方画师，无中文名，zh填原名
hisahiko,1,久彦,久彦,2779,other_names=久彦，此为日文原名汉字，非另造中文名
sincos,1,sincostan|sincostan0231|sinsincossinsin|sintancossin|サイン|サインこす,サインこす,2768,other_names=サイン/サインこす；无中文名
dagasi,1,daga2626|dagashi|dagashi_(daga2626)|dagasl|駄菓子,駄菓子,2761,other_names=駄菓子，此为日文原名非另造中文名
dd_(ijigendd),1,dd|dd_(artist)|dd_ijigendd_ijigendd1_dd_(artist)|ijigendd,DD,2752,无中文名，zh填常用原名DD
tsukudani_(coke-buta),1,coke-buta|tsukudani|tsukudani_(tonikaku_nitsumero)|tsukudani_(tukudani)|tukudani|义和轩|佃煮|御煮しめ,佃煮,2730,wiki: Japanese name 佃煮；此为原名
ramchi,1,ramchi22|ramchipixiv|らむち,らむち,2724,other_names=らむち；无中文名
mizumizuni,1,mizumizuni1|見ず水煮,見ず水煮,2714,other_names=見ず水煮；无中文名
minaba_hideo,1,皆葉英夫,皆葉英夫,2671,wiki: 皆葉英夫；zh用原名简体，别名保留日文原名
kirisawa_juuzou,1,gogo_juusan-ji|kirisawa_juusou|午後13時|桐沢十三|桐沢十三🐐🐹,桐沢十三,2668,原zh午后13时是社团/站点名午後13時；other_names画师原名桐沢十三
zounose,1,ゾウノセ|若芽,ゾウノセ,2659,wiki: Japanese name ゾウノセ；原zh若芽是别号，改回原名
qp:flapper,1,,QP:flapper,2637,是社团(樱花小春+小原トメタ)非个人；无通用中文名，zh填原名
colorful_palette,1,,Colorful Palette,2623,是Project SEKAI开发工作室，非个人；原zh初音未来缤纷舞台是游戏名不是画师名
takafumi,1,makukuma_takafumi|taka_mak|たかふみ,たかふみ,2617,other_names=たかふみ；无中文名
tsuruse,1,つるせ,つるせ,2592,other_names=つるせ；无中文名
horosuke,1,chorosuke_hrsk|horosuke_|horosuke_(toot08)|horosuken|ホロすけ|ホロ助|吟一|藤平,ホロすけ,2563,原名ホロすけ/ホロ助；吟一是别号有other_names证据
namori,1,_namori_|なもり,なもり,2557,ゆるゆり作者，原名なもり；无被广泛接受的中文名
rariatto_(ganguri),1,ganguri|kusorari|lariat_(ganguri)|rariatoo|rariatto|rariatto_(pwpk)|ラリアット,ラリアット,2540,wiki Japanese name ラリアット；无中文名
carnelian,1,beni_carnelian|carnelian-evergreen|carnelian_evergreen|カーネリアン,カーネリアン,2538,other_names=カーネリアン；无中文名
drawfag,1,drawfriend,drawfag,2515,匿名西方画师集合标签，无中文名
abubu,1,あぶぶ|脳軟化世代,あぶぶ,2510,原zh脳软化世代是社团名；other_names画师原名あぶぶ
houtengeki,1,geki-houten|geki_houten|gekihouten|houtengeki0000|方天戟,方天戟,2472,other_names=方天戟，此为日文原名
kantoku,1,kantoku_5th|カントク,监督,2464,wiki: Artist name カントク；社团5年目の放課後；无被广泛接受的中文名
warugaki_(sk-ii),1,warugaki9841|悪餓鬼,悪餓鬼,2458,other_names=悪餓鬼；原zh悪饿鬼只是半简体，非社区中文名
nanashi_(nlo),1,nanashi_(user_hagu2878)|名無し|名称未設定,名無し,2450,原zh名称未设定是玩笑网名的翻译，非被广泛接受的中文名；other_names有名無し/名称未設定
kani_biimu,1,kani_beam|かにビーム,かにビーム,2441,other_names=かにビーム；无中文名
hamu_koutarou,1,hamukoutarou|kou_(hamu_koutarou)|公|（公）,公,2440,wiki: Japanese name 公 or (公)；原zh（公）即原名不是中文译名
shiseki_hirame,1,hirame-siseki-things|hirame_(cld1111)|hirame_sa|hirames232|siseki_hirame|御花畑|芝石ひらめ,芝石ひらめ,2412,原zh御花畑是社团ohanabatake；other_names画师原名芝石ひらめ
slugbox,1,slugboxcreatureart|slugboxhf|slugboxponies,slugbox,2406,西方画师，other_names仅片假名スラッグボックス；无中文名
avogado6,1,avogado6_(tomori1228)|avogado6_jp|avogado6_vocalo|avogado_eizouroku|アボガド6,アボガド6,2396,other_names=アボガド6；社区通常直接用原名，无被广泛接受的中文名
rokugou_daisuke,1,以絵会友|六合ダイスケ,六合ダイスケ,2382,wiki: Japanese name 六合ダイスケ；原zh以绘会友是社团以絵会友
milkpanda,1,milkpanda0301|みるくぱんだ,みるくぱんだ,2382,other_names=みるくぱんだ；无中文名
ebora,1,ebor18|ebora14576|ebora_art|ebora_lb6_era|eboraboy|eborad|eborart,ebora,2379,西方画师，无中文名
ichimi,1,ichimi_(itimi)|ichimi_(mazemono)|いちみ,いちみ,2369,other_names=いちみ；社团まぜもの不是人名
tsukishiro_saika,1,saika_tsukisiro|tsukisiro_saika|凪沙_楓|月代|月代サイカ|渚枫,月代サイカ,2363,other_names原名月代サイカ；原zh凪沙_枫是别号，非被广泛接受的中文名
hisona_(suaritesumi),1,hisona|hisona_(sunset_moon)|hisona_(suoiretsym)|suaritesumi|ひそな,ひそな,2354,other_names=ひそな；社团suaritesumi；无中文名
yukie_(kusaka_shi),1,kusaka_shi|yukie|yukimuradx|ゆっきー|日下氏,ゆき恵,2354,other_names常用名ゆっきー(日下氏)；原zh日下氏是别号
maru_(marg0613),1,marg0613|maruchan0613|まる|マル,マル,2353,other_names=まる/マル；无中文名
gweda,1,gweda8593,gweda,2318,韩文other_names궤다；无被广泛接受的中文名，zh填原名
iesupa,1,iesupa_(helpyourselfish)|いえすぱ,いえすぱ,2301,other_names=いえすぱ；无中文名
neocoill,1,neococks,neocoill,2288,无日文/中文名，zh填原名
izumi_tsubasu,1,和泉つばす|翡翠亭,和泉翼,2260,wiki: Japanese name 和泉つばす；原zh翡翠亭是社团名；中文维基也保留原名无通用中文译名
sofra,1,sofraaaaa|そふら,そふら,2258,other_names=そふら；无中文名
koyama_shigeru,1,koyamasigeru|こやま滋|横山滋,こやま滋,2256,wiki: 笔名こやま滋（来自室井滋）；原zh横山滋是误读/别写，改回原名
torotei,1,torot|とろてい,とろてい,2247,other_names=とろてい；无中文名
yua_(checkmate),1,cm-yua|cmyua|haru-yua|yua_(check_mate)|ゆあ|夕海,夕海,2241,wiki: Japanese name 夕海（读作ゆあ）；此为原名非另造中文名
anti_(untea9),1,anti|anti_twt|untea9|あんち,あんち,2240,other_names=あんち；无中文名
shino_(ponjiyuusu),1,ponjiyuusu|shino|シノ,シノ,2234,wiki: Japanese Name シノ；无中文名
konoshige_(ryuun),1,ryuun|コノシゲ|流雲コノシゲ,コノシゲ,2233,wiki: Japanese name コノシゲ；无中文名
tsunako,1,つなこ,つなこ,2232,wiki: Japanese name つなこ（Neptunia等）；社区通常直接用原名
kouno_(masao),1,kouno|kouno_masao|masao|河野雅夫,河野雅夫,2215,wiki: Full name 河野雅夫；原zh河野不完整
gonzarez,1,gonzarez1938|ゴンザレス,ゴンザレス,2210,other_names=ゴンザレス；无中文名
usashiro_mani,1,mani|manimanioekaki|mayumani|mayumani2|うさ城まに,うさ城まに,2201,other_names=うさ城まに；无中文名
kanikama,1,kanihamiso|kanikama3gou|kanimisoya|かにかま,カニカマ,2197,other_names=かにかま；无中文名
jun_(navigavi),1,jun_(seojh1029)|navigavi|じゅん|巡,じゅん,2213,other_names=じゅん/巡；无被广泛接受的中文名
takeuchi_takashi,1,takeuchi_tomotaka|武内崇|竹内友崇,武内崇,2165,TYPE-MOON主美，原名武内崇，中文社区通用此汉字名
ueyama_michirou,1,mueyama|ueyamamichiro|上山道郎,上山道郎,2153,wiki: Japanese name 上山道郎；此为原名
menma_(enaic31),1,enai|enaic31|menma|えない,えない,2151,other_names=えない；无中文名
wa_(genryusui),1,genryusui|wa|wasanbon|washizutan|washizutan2|washizutan3|wasizutan|わさんぼん,わさんぼん,2118,other_names=わさんぼん；社团wasanbon；无中文名
hinghoi,1,freedomthai|himehinghoi|princess_hinghoi|princesshinghoi,hinghoi,2104,泰国画师，other_names为泰文；无被广泛接受的中文名
diva_(hyxpk),1,diva|diva-yt7lk|diva_02|diva_creates|diva_hyxpk|divacreates|hyxpk,Diva,2103,Little Nuns作者，无日文/中文名，zh填常用原名Diva
ginhaha,1,ぎんハハ,ぎんハハ,2103,other_names=ぎんハハ；无中文名
echo_(circa),1,circa|エコー,エコー,2099,other_names=エコー；社团circa；无中文名
null_(nyanpyoun),1,null|null_re|nyanpyoun|ぬるり,ぬるり,2097,other_names=ぬるり；无中文名
onigirikun,1,おにぎりくん|斬鬼楼,おにぎり君,2076,原zh斩鬼楼是社团斬鬼楼；other_names画师原名おにぎりくん
nekotoufu,1,nekotou|ねことうふ|猫豆腐,猫豆腐,2074,wiki: Japanese name ねことうふ；原zh猫豆腐是直译，无充分证据被广泛接受，降为别名
hizaka,1,ひざか,ひざか,2063,other_names=ひざか；无中文名
toosaka_asagi,1,0398asagi|asagi_0398|tohsaka_asagi|遠坂あさぎ,遠坂あさぎ,2061,wiki: Name 遠坂あさぎ；zh用原名简体
sayori_(neko_works),1,neko_works|sayori_nw|さより|猫流通信局,さより,2060,wiki: Japanese name さより；原zh猫流通信局是旧站点/别号；中文社区通用原名さより
sumiyao_(amam),1,_smiyao|amam|smiyao|sumiyao|すみやお,すみやお,2055,wiki: Japanese name すみやお；无中文名
yamamoto_souichirou,1,山本崇一朗|山本崇一朗.高木15ﾂﾊﾞｷ5将棋7,山本崇一朗,2035,笔名山本崇一朗（擅长捉弄人的高木同学作者）；中文维基亦用此名
chigusa_minori,1,minori|minori-c|minori_748|minori_chigusa|千種みのり,千種みのり,2029,other_names=千種みのり；zh用原名简体
miyo_(ranthath),1,miyolt|miyont|ranthath|みよ|魅代,みよ,2018,wiki: Japanese name みよ；原zh魅代是别号
agawa_ryou,1,r_agawa|ryo_agawa|ryoagawa|阿川椋,阿川椋,2013,wiki: Japanese name 阿川椋；此为原名
tsuda_nanafushi,1,乳神様|塗仏|津田七節|津田七节|涂仏|私生活“”,津田七节,2000,wiki: 原名津田七節；原zh乳神様是绰号
taisa_(kari),1,kari|taisa|taisa_(tugurou)|taisakari|大佐（仮）,大佐（仮）,1987,other_names=大佐（仮）；此为原名非中文译名
yuuhagi_(amaretto-no-natsu),1,amaretto-no-natsu|yuuhagi|悠萩,悠萩,1979,wiki: Nickname 悠萩；此为原名
yuuji_(and),1,and|yuuji|ユージ,ユージ,1973,wiki: Japanese name ユージ；无中文名
haruhisky,1,haruhisky1|haruhisky2|harukichi|はるきち,はるきち,1969,wiki: 杂志笔名はるきち；无中文名
heripantomorrow,1,tomorrow|すしろう,heripantomorrow,1963,other_names有すしろう但不确定是否主名；无中文名，zh填原handle
fujima_takuya,1,fujimatakuya|藤真拓哉,藤真拓哉,1959,wiki: Japanese name 藤真拓哉；此为原名
takiki,1,takiki2828|takiki_palette,takiki,1959,韩国画师，无被广泛接受的中文名
kanduki_kamibukuro,1,kamibukuro1|kamibukuro_2|kamibukuro_works_(circle)|kanduki_lily|kanzuki_kamibukuro|環月紙袋,環月紙袋,1954,other_names=環月紙袋；zh用原名简体
tomose_shunsaku,1,tomose797|トモセシュンサク|無限軌道,知世俊作,1950,中日维基均用トモセシュンサク；原zh无限轨道是站点名無限軌道
fumihiko_(fu_mihi_ko),1,0fumihiko0|fu_mihi_ko|fumihiko|ふみひこ,ふみひこ,1944,other_names=ふみひこ；无中文名
zen_(kamuro),1,suezen|suezen1|zen|zen_kamuro|据えZEN,ZEN,1940,other_names/社团据えZEN；画师常用名ZEN；无中文名
clearite,1,kurerite|kurerite_(clearite)|くれりて|避難所,くれりて,1938,other_names=くれりて；原zh避难所是别号避難所
ayu_(mog),1,ayu_(ayunoko)|ayu_(xxpocketxx)|ayunoko|あゆ|鮎|鮎乃|鲇乃,あゆ,1934,other_names=鮎/あゆ；原zh鮎*是装饰写法
kurukurumagical,1,kurukuru_magical|クルクルまじかるー,クルクルまじかるー,1928,other_names=クルクルまじかるー；无中文名
saiguchi_otoufu,1,oto-fu_(otoufu)|otoufu|otoufu/material|otoufu_(dha)|otoufu_(otoufu/material)|otoufu_(otoufu_material)|otoufu_material|夫婦|才口オトウフ,才口オトウフ,1921,wiki: Japanese name 才口オトウフ；原zh夫妇是别号夫婦
kaamin_(mariarose753),1,kaamin|kamindani|mariarose753|カーミン,カーミン,1910,other_names=カーミン；无中文名
mattaku_mousuke,1,mattaku_moosuke|mattaku_mosuke|mattakumo-suke|mmousuke|zantetsuken|まったくモー助|斬鉄剣,まったくモー助,1910,other_names=まったくモー助；原zh斩铁剣是社团斬鉄剣
kashikaze,1,15kashikaze15|15kasikaze15|sabukashikaze|樫風,樫風,1902,other_names=樫風；原zh㭴风是罕用简化字，改用通用简体樫风
rotte_(1109),1,ロッテ|夢野ろて,ロッテ,1897,other_names=ロッテ/夢野ろて；无中文名
afrobull,1,afrobull-art|afrobullart,afrobull,1892,西方画师，无中文名
piyodera_mucha,1,mucha|ぴよ寺むちゃ|カユコ,ぴよ寺むちゃ,1881,wiki: Current name ぴよ寺むちゃ；旧名カユコ
ichikawa_feesu,1,壱河ふぇーす,壱河ふぇーす,1873,wiki: Japanese name 壱河ふぇーす；无中文名
yd_(orange_maru),1,orange_maru|yd|yd_(ydh2101)|ydh2101|ydh2101_18|yydd|yydd2101,YD,1868,韩国画师，社团orange_maru；无被广泛接受的中文名
beni_shake,1,benishake|crimson_shake|紅シャケ,べにしゃけ,1859,wiki: Japanese name 紅シャケ；无中文名
enkyo_yuuichirou,1,enkyo_yuichiro|円居雄一郎,円居雄一郎,1858,other_names=円居雄一郎；此为原名
kitsunerider,1,kitsunekakko|kitsunerider1098|きつね,きつね,1852,other_names=きつね；无中文名
buzzlyears,1,,buzzlyears,1841,西方画师，无中文名
mochi_au_lait,1,もちオーレ,もちオーレ,1840,百合漫画二人组（もっち+オーレ），标签即组合原名もちオーレ；无中文名
daram_(shappydude),1,daram|shappydude,daram,1814,无日文/中文名，zh填常用原名daram
imu_sanjo,1,仏さんじょ,仏さんじょ,1801,wiki: Japanese name 仏さんじょ；社团あかねのね不是人名
personal_ami,1,personalami,personal ami,1792,西方画师，无中文名
nikorashi-ka,1,煮込らし化,煮込らし化,1781,other_names=煮込らし化；无中文名
mizuki_makoto,1,makoto|makoto_jah|makotomizuki|観月真,観月真,1776,wiki: Japanese name 観月真；zh用原名简体
dokomon,1,dokomon2|komon,dokomon,1770,无日文/中文名，zh填原名
koruri,1,koruriya|こるり,こるり,1770,wiki: Name こるり；社团こるり屋不是人名
nonohara_miki,1,野々原幹,野野原干,1754,wiki: Professional artist name 野々原幹；zh用原名简体
dishwasher1910,1,dish|dish1910|dish_dishwasher1910|dishwasher1911|dishwasherultimate1910,dishwasher1910,1750,西方画师，无被广泛接受的中文名
kaigen_1025,1,kaigen|かいげん,海源,1744,other_names=海源/かいげん；此为原名
kamille_(vcx68),1,kamille|kamille68|kamille_68|vcx68,kamille,1743,韩国画师，韩文名강미윤；无被广泛接受的中文名，zh填常用原名kamille
tukiwani,1,月わに,月わに,1741,other_names=月わに；无中文名
minami_(colorful_palette),1,minami_(artist)|minami_(carapare)|みなみ,みなみ,1738,wiki: Japanese name みなみ；社团からふるぱれっと不是人名，且与Project SEKAI工作室Colorful Palette无关
wanta_(futoshi),1,futoshi_(wanta)|wanta_(wantan-orz)|wanta_g|wantan-orz|wantaojisan|ふとし|わんた,わんた,1735,other_names=わんた/ふとし；无中文名
ohisashiburi,1,ohisashi|お久しぶり|週休八日,お久しぶり,1729,wiki: Japanese name お久しぶり；原zh周休八日是社团週休八日
dikko,1,dikk0|dikkosama|dikkosan|dikkosan1|ディッコ,ディッコ,1724,other_names=ディッコ；无中文名
merunyaa,1,fetishymeru|meru|meru's_fetish_den|meru-nyaa|meru_nyaa|merufur|seifumeru|smuttymeru,merunyaa,1717,西方画师，无中文名
niliu_chahui,1,niliuchahui|逆流茶会,逆流茶会,1716,中文画师团体，原名逆流茶会，社区通用此中文名
ini_(inunabe00),1,ini|ini_phm|ini_pmh|inishie_study|inunabe00|いに,イニ,1715,other_names=いに；无中文名
matsuryuu,1,matsuryu|matsuryun|matsuryux|松竜,松竜,1710,other_names=松竜，此为原名
ishikei,1,ishi_kei|石恵,石惠,1708,wiki: Japanese name 石恵；此为原名
piromizu,1,ピロ水,ピロ水,1708,other_names=ピロ水；无中文名
shimada_fumikane,1,43整備士|humikane|shimada_humikane|岛田文金|島田フミカネ|島田文金,岛田文金,1707,原名島田フミカネ；原zh43整备士是旧号
goma_(gomasamune),1,goma_(samune)|ごま,ごま,1699,other_names=ごま；无中文名
aaaa_(quad-a),1,aaaaahoaho|quad-a|ぁぁぁぁ|ああああ,ああああ,1698,other_names=ああああ；无中文名
stanley_lau,1,Artgerm|artgerm,Artgerm,1698,香港画师，社区通用Artgerm；中文本名未达把握不填
fuuzasa,1,fuuzen_lamp|ura_zasa|フウザサ,ウラザサ,1688,wiki: Name フウザサ；社团風前ランプ不是人名
yuichirou,1,yuichiro|雄一郎,雄一郎,1685,other_names=雄一郎；此为原名
mauve,1,mauve1213|mauvesr,mauve,1684,韩国画师，无被广泛接受的中文名
ma_rukan,1,marukan|marukantb|まるかん,まるかん,1680,other_names=まるかん；无中文名
fusu_(a95101221),1,ふす,ふす,1679,other_names=ふす；无中文名
shirosato,1,shiro_sato|shirosato_(uguisu-tei)|シロサト|鶯亭,シロサト,1676,wiki: Japanese name シロサト；原zh莺亭是旧站点名
mery_(yangmalgage),1,mery|mery__s2_,mery,1674,韩国画师，无中文名
shiromanta,1,manta_hakidame|mashiron1020|shiromanta1020|しろまんた,しろまんた,1673,other_names=しろまんた；无中文名
jako_(jakoo21),1,jako|jako_(chirimenjako)|jakoo21|じゃこ|毎日夕立,じゃこ,1672,wiki: Japanese name じゃこ；原zh毎日夕立是连载绰号
kasumi_(skchkko),1,skchkko|かすみ,カスミ,1668,other_names=かすみ；无中文名
sorimachi-doufu,1,sorimachi_doufu|sorimachi_toufu|七氏|七氏🌸|反町豆腐|反町豆腐📛|后退,反町豆腐,1663,wiki: Japanese name 反町豆腐；原zh七氏是别号
agahari,1,agahariya|bakahari|アガハリ,アガハリ,1662,wiki: Pen-name アガハリ；无中文名
kankan33333,1,kan|かん|土豆,かん,1659,other_names=かん；原zh土豆是别号，无充分证据被广泛接受
rappa_(rappaya),1,rappa-ya|rappa_(pixiv130037)|rappa_(rapattsu)|rappa_(rapattu)|rappa_(rappa-ya)|rappattsu|rappaya|らっぱ|らっぱ屋|－庄－,喇叭,1659,wiki: Nickname 喇叭；此为原名
oouso,1,uso|大嘘,大嘘,1658,wiki: Japanese name 大嘘；此为原名
yuureidoushi_(yuurei6214),1,yuurei6214|yuureidoushi|幽霊导师@周间？|幽霊導師,幽灵导师,1646,other_names=幽霊導師；zh用原名简体
ilya_kuvshinov,1,kuvshinov-ilya|kuvshinov_ilya|kuvshinovilia|イリヤ,Ilya Kuvshinov,1644,俄语圈画师，社区通用Ilya Kuvshinov；无广泛接受的中文名
e.o.,1,,EO,1641,wiki: Pen-name EO；无中文名
murakami_suigun,1,m_suigun|msuigun|murakami_suigun_no_yakata|村上水軍,村上水军,1640,wiki: Japanese name 村上水軍；zh用原名简体
xinzoruo,1,心臓弱眞君,心臓弱眞君,1640,中文画师，社区通用心臓弱真君/心臓弱眞君
chanta_(ayatakaoisii),1,chan_(tyanntann)|chanta_(tyanntann)|茶ん|茶んた,チャン太,1639,other_names=茶んた；无中文名
creayus,1,嵐月|鷲宮光流|鹫宫光流,嵐月,1633,CREAYUS是社团；画师原名嵐月
pokemoa,1,ポケモア,ポケモア,1629,wiki: Japanese name ポケモア；无中文名
asanagi,1,asanagi_(f/p)|asanagi_(kbtr)|asanagi_kuon|朝凪|朝凪久远|朝凪久遠,朝凪,1628,wiki: Japanese name 朝凪；此为原名
k-suwabe,1,kei-suwabe|keisuwabe|ksuwabe|ケースワベ|ケー・スワベ,ケー・スワベ,1628,other_names=ケー・スワベ；无中文名
yunamaro,1,yukiyuna|yuna|yuna_maro|yunamaro18|yunamaro21|yunamaro32|ゆなまろ,ゆなまろ,1625,other_names=ゆなまろ；无中文名
gurande_(g-size),1,g-size|gggrande|gggrandesan|grande|grande_(g-size)|grande_(gggrande)|grandesize|grandesizeartist|grandeventi|gurande|gurande_(gggrande)|ぐらんで,ぐらんで,1623,wiki: Nickname ぐらんで；社团G-Size不是人名
kinkymation,1,goobermation,kinkymation,1623,西方画师，无中文名
samneco,1,寒猫,寒猫,1618,other_names=寒猫；此为原名
ebi_193,1,ebi_binbin_tei|ebi_ikusan|えび193,えび193,1618,other_names=えび193；无中文名
ikeuchi_tanuma,1,tanuma|tanuma-tyny|tanumaputtsu|池内たぬま|田屋沼屋|雑田,池内たぬま,1616,other_names原名池内たぬま；原zh雑田是绰号
mk_(mod0),1,mk|mk_mod0|mod0|玉葱屋,mk,1616,原zh玉葱屋是社团名；无日文主名，zh填mk
a_re,1,,a_re,1614,无日文/中文名，zh填原名
kujou_karasuma,1,九条烏丸,九条烏丸,1609,other_names=九条烏丸；zh用原名简体
b-ginga,1,b-銀河|bginga|body_ma_ginga|ginga.bluegogo|ボディマハッタヤ銀河,B-银河,1607,wiki: Japanese name ボディマハッタヤ銀河
karukan_(monjya),1,karukan-3|karukan3|monjya|かるかん,かるかん,1606,wiki: Nickname かるかん；无中文名
satou_kuuki,1,左藤空気,左藤空气,1604,other_names=左藤空気；此为原名
shimazaki_mujirushi,1,shimazaki_(disambiguation)|shimazaki_(show_stoppers)|shimazaki_kazumi|shimazakikazumi|shimazakimujirushi|中二漫画製作所|岛崎无印|島崎無印,島崎無印,1596,wiki: Japanese name 島崎無印；原zh中二漫画制作所是站点名
kirishima_satoshi,1,kirishima_satoshiman|kuroshima_(kirishima)|satoshi_man|亞嶺夢画館|桐島サトシ|黑岛|黒島,桐島サトシ,1594,wiki: Japanese name 桐島サトシ；原zh亚岭梦画馆是站点名
seraziel,1,seraziel.art|serazielart,seraziel,1586,西方画师，无中文名
yukito_(dreamrider),1,dr_yukito|dreamrider|dreamrider1999yukito|dreamrideryukito|prestigeyukito|yukito|yukito-yukibako|yukito_(dream_rider)|yukito_(prestigeyukito)|yukito_(stamp)|yukito_dr|ゆきと|幸人|雪人|２号,雪人,1583,wiki: Japanese name 雪人；原zh幸人是别写
butcha-u,1,butcha|butcha_u|butcher_u|ブッチャーU|勇虫,ブッチャーU,1577,wiki: ブッチャーU是主笔名，勇虫是全年龄笔名
eromame,1,ermame26|ero_mame|えろ豆,えろ豆,1576,wiki: Japanese name えろ豆；无中文名
ogami_kazuki,1,ogami2160|ogami2160r18|一樹|拝一树|拝一樹,拝一樹,1572,other_names=拝一樹；原zh一树不完整
chikuwa.,1,chikuwa|ちくわ。,ちくわ。,1569,other_names=ちくわ。；无中文名
sheya,1,_sheya|kisinsheya|sheyakin|希亚,sheya,1564,希亚是音译，未达广泛接受把握，zh填原名
cle_masahiro,1,cle-masahiro|clemasahiro|kure_masahiro|呉マサヒロ,吴マサヒロ,1563,wiki: Japanese Name 呉マサヒロ
ha_akabouzu,1,akabouzu212|akabouzu_(akairo_mirai)|akabouzu_(geeyaa)|赤坊主|ｈａ赤坊主,赤坊主,1561,other_names=赤坊主；此为原名
bubukka,1,bubu_(blackbar)|bubukkaman|bubuniji|bukka|bukka_(blackbar)|nisebubu|ぶぶっか,ぶぶっか,1558,other_names=ぶぶっか；无中文名
lets0020,1,lets0020-man|れつお|劣尾,劣尾,1559,other_names=劣尾/れつお；此为原名
ajitarou_(setsu),1,ajitarou|setsu|鯵太郎,鯵太郎,1548,other_names=鯵太郎；无中文名
asteroid_ill,1,asteroid|あすてろid,あすてろid,1542,other_names=あすてろid；无中文名
waterring,1,waterring1004|waterring2|waterring_tw|waterringart|waterringen|waterringwait|水之色|水鈴鈴,水鈴鈴,1539,other_names=水鈴鈴；zh用原名简体
asutora,1,あすとら,あすとら,1536,wiki: Japanese name あすとら；社团さつき灯篭不是人名
momoko_(momopoco),1,momoco|momoco_(momoco_haru)|momoco_haru|momoko|momonekopoco|momonyanco|momopoco|ももこ,ももこ,1536,wiki: Name ももこ；无中文名
as109,1,採点不要|水叔|水灵儿|采点不要,水叔,1535,中文社区通用水叔；采点不要是旧号/笔名不是最通用称呼
katahira_masashi,1,marukata|まるかた|片平まさし,片平まさし,1531,other_names=片平まさし；无中文名
oryo_(oryo04),1,oryo|oryo04|oryocyan|oryoillust|oryou|おりょう,おりょう,1526,wiki: Name おりょう；无中文名
fumio_(rsqkr),1,fumio936|fumio9361|rsqkr|ふみお,フミオ,1524,other_names=ふみお；无中文名
aldehyde,1,alde-hyde|alde_hyde|alde_hyde18|aldehyde18|dehyde_granblue|アルデヒド,アルデヒド,1522,wiki: Japanese name アルデヒド；无中文名
riyo_(lyomsnpmp),1,bernhardt_riyo_3sei|bernhardt_riyo_the_third|riyo_(lyot)|リヨ,リヨ,1516,other_names=リヨ（FGOマンガで分かる）；无中文名
waero,1,nishino_(waero)|nishino_waero|waero_re|西野,西野,1516,台湾画师自用名西野/WAERO；中文名西野保留
kame_(kamepan44231),1,kame|kamepan44231|kamepasuta|かめ|かめぱすた,かめ,1515,other_names=かめ；无中文名
cutesexyrobutts,1,cute_sexy_robutts|robutts,cutesexyrobutts,1511,西方画师，无中文名
kuromiya,1,kuromiyaraika|黒ミヤ,黒ミヤ,1502,other_names=黒ミヤ；无中文名
cougar_(cougar1404),1,cougar1404|クーガー,クーガー,1497,other_names=クーガー；无中文名
sakura_oriko,1,niikura_kaori|sakuraoriko|佐倉おりこ,佐倉おりこ,1497,other_names=佐倉おりこ；zh用原名简体
mikozin,1,mikojin|みこじん,ミコジン,1495,other_names=みこじん；无中文名
kaiman_garupan,1,kaiman|kaiman250|kaiman400|kaiman_400|カイマン,カイマン,1494,other_names=カイマン；无中文名
nori_tamago,1,noritamagomyon|noritamagoyakin|のりたまご,のりたまご,1494,other_names=のりたまご；无中文名
mitya,1,mityastar|みーちゃ,みーちゃ,1493,other_names=みーちゃ；无中文名
hori_(hori_no_su),1,hori|hori_(horinosu13)|hori_(horirizumu)|hori_(hughugctnt)|hori_no_su|horihoridokata|horinosu13|horirizumu|ホリ,ホリ,1490,other_names=ホリ；无中文名
ito_noizi,1,ito_noiji|itou_noiji|itou_noizi|zatsuon_ito|いとうのいぢ|伊東雑音|富士壶机械|富士壺機械,伊东杂音,1490,原名いとうのいぢ/伊東雑音；中文社区通用伊东杂音
izawa_(bhive003),1,bhive003|izawa|izawa_koushi|异泽孝志|異澤|異澤孝志,異澤,1492,other_names=異澤；zh用原名简体
tonda,1,tonda_(shiftalton)|とんだ,とんだ,1489,other_names=とんだ；无中文名
furaggu_(frag_0416),1,frag_0416|ふらっぐ,ふらっぐ,1487,other_names=ふらっぐ；无中文名
mizuhara_aki,1,akimizuhara|水原亜紀,水原亚纪,1485,other_names=水原亜紀；zh用原名简体
jjune,1,wtjjune|wtjune,jjune,1484,无日文/中文名，zh填原名
mishima_kurone,1,mishima_nogame|三嶋くろね|三嶋黒音|黑音,三岛黑音,1483,wiki: 三嶋くろね/三嶋黒音；中文社区常用三岛くろね
otokuyou,1,otokuyou126a|otokuyou126y|toku_(otokuyou126y)|toku_0012|お徳用,お徳用,1480,wiki: Japanese name お徳用；无中文名
moisture_(chichi),1,chichi|moisture|moisture-chi|moisture_(k2321656)|区区区|區區,區區,1479,台湾画师自用名區區；zh用简体
horn/wood,1,wood/horn|ホーンウッド,ホーンウッド,1478,other_names=ホーンウッド；无中文名
suzuhira_hiro,1,鈴平ひろ,铃平广,1472,other_names=鈴平ひろ；zh用原名简体
mikage_takashi,1,ashita_wa_docchi_da!|mikage_kishi|mikagetakashi|mikagetkashi|みかげ貴志,みかげ貴志,1471,wiki: Japanese name みかげ貴志；zh用原名简体
tonee,1,tonee1989|tonee89|tonee89art|toneeartwork|toneekun|toneelondon,tonee,1467,西方画师，无中文名
happoubi_jin,1,happo82099352|happo_ryuu|happobijin|八宝備仁|八方美人,八宝备仁,1458,原名八宝備仁，中文社区通用八宝备仁
meito_(maze),1,karorymeito|lo_meito|satsuki_meito|めいと,星名めいと,1458,other_names=めいと；无中文名
mizumoto_tadashi,1,mizutaki|mizutataki|水本正|水炊き,水本正,1454,wiki: Japanese name 水本正；此为原名
rororo,1,merorororr|roro_ro|roror0_,rororo,1450,无日文/中文名，zh填原名
yopparai_oni,1,oni_(corori)|yopparai_oni_(tjk)|酔っ払い鬼,酔っ払い鬼?,1447,other_names=酔っ払い鬼；无中文名
kuavera,1,erovera|erovera_|kua,kuavera,1446,西语圈画师，无中文名
gibagiba,1,giba_(tourniquet505)|gibabi|gibabi_(tourniquet505)|gibagibagiba|ぎばぎば,ぎばぎば,1445,wiki: Current nickname ぎばぎば；无中文名
jmg,1,jmg_partybean|jmg_partybean2,jmg,1445,西方画师，无中文名
moyazou_(kitaguni_moyashi_seizoujo),1,kitaguni_moyashi_seizoujo|moyamoyatempura|moyashi_seizoujo|moyata_moyazou|moyazou|moyazou_(moyamoyatempura)|nangoku_moyashi_seizoujo|もや造,もや造,1445,wiki: Japanese name もや造；社团北国もやし製造所不是人名
sekina,1,sekina_(1813love)|隻奈,隻奈,1440,other_names=隻奈；原zh只奈是误简
sky-freedom,1,sky|sky_(freedom)|sky_freedom122|sky_freedom_|skyfreedom|skyfreedom212|skyfreedom_212|死蓋|自由天空,sky-freedom,1439,马来西亚画师；死蓋/自由天空是别号，未达把握不当主名
dr_rex,1,dr_rex_(ossan)|ossan_(dr_rex)|おっさん|Ｄｒ．レックス,おっさん,1437,wiki: Japanese name おっさん；Dr.Rex是别号
isshiki_(ffmania7),1,isshiki_haruaki|一色|一色春秋,一色,1436,wiki: Japanese name 一色；此为原名
yoshi_tama,1,yoshitama|yositama00|ヨシタマ,ヨシタマ,1434,wiki: Japanese name ヨシタマ；无中文名
cato_(monocatienus),1,cato|monocatienus,cato,1433,西方画师，无中文名
kilye_kairi,1,kilye|kilye_4421|kirie_kairi|霧江かいり|霧絵,霧江かいり,1433,other_names=霧江かいり；原zh雾绘是别号简写
kanzakietc,1,柑咲,柑咲,1428,other_names=柑咲；此为原名
re_ghotion,1,regorution|rex_k|物置,re_ghotion,1425,原zh物置是别号，未达广泛接受把握
watanabe_akio,1,渡辺明夫|渡辺暁子,渡边明夫,1425,原名渡辺明夫，中文社区通用渡边明夫
homare_(fool's_art),1,homaredou|suetsugu_homareakira|ホマレ|末次誉亮|誉堂,ほまれ,1426,other_names主名ホマレ；末次誉亮是本名/别写
swd3e2,1,swd3e22|超凶の狄璐卡,超凶的狄璐卡,1424,中文画师，社区通用超凶的狄璐卡
himura_kiseki,1,himura-kiseki|himura_nyuugyou|himura_nyuugyou_(kari)|比村乳業|比村奇石,比村奇石,1420,wiki: Japanese name 比村奇石；原zh比村乳业是社团名
ootsuki_wataru,1,ootsukiwataru|w|大月渉|大月渉🔞|幸撃,大月渉,1413,wiki: Japanese name 大月渉；幸撃是社团名
kase_daiki,1,加瀬大輝,加濑大辉,1400,other_names=加瀬大輝；zh用原名简体
optionaltypo,1,optional_typo|optionaltypo-|typo|typo_(requiemdusk),optionaltypo,1400,西方画师，无中文名
tf_cafe,1,tf_caf3,tf_cafe,1400,无日文/中文名，zh填原名
cait_aron,1,cait|caitaron|caitaron_nsfw|caitaron_sfw,Cait,1399,台湾画师，社区多用Cait；无更通用中文名
jokanhiyou,1,上官绯樱,上官绯樱,1397,中文画师，社区通用上官绯樱
kukie-nyan,1,kukie_nyan,kukie-nyan,1397,无日文/中文名，zh填原名
yomu_(sgt_epper),1,sgt_epper|よむ|丸戸史明,よむ,1395,wiki: Japanese name よむ；原zh丸戸史明是另一人（剧本家），误挂
asamura_hiori,1,asamura_hio|天道神道|朝叢ひおり|浅村绯旺里|浅村绯织,朝丛志描,1391,other_names原名朝叢ひおり；原zh天道神道是社团
akairiot,1,アカイライオット,アカイライオット,1388,other_names=アカイライオット；无中文名
yanyo_(ogino_atsuki),1,ogino_atsuki|yanyo|yonyo_(yanyanyo)|やんよ|荻野アつき,やんよ,1388,other_names=やんよ/荻野アつき；无中文名
niwatazumi,1,niwatazumi_bf|にわたずみ|潦,潦,1385,wiki: Japanese name 潦；此为原名
akitsuki_karasu,1,karasu1919|karasu_s|karasuakitsuki|shuugetsu_karasu|秋月からす,秋月からす,1383,other_names=秋月からす；无中文名
kairunoburogu,1,kairuhentai,kairunoburogu,1383,西方画师，无中文名
dandon_fuga,1,cousindandon|dandon|dandon-fuga|dandonfuga,dandon fuga,1379,西方画师，无中文名
jcm2,1,,jcm2,1379,西方画师，无中文名
satou_kibi,1,satoukabi|satoukibi|さとうきび|粟米湯,さとうきび,1378,wiki: Name さとうきび；原zh粟米汤是社团粟米湯
fujigaya_arctia,1,藤蛾谷,藤蛾谷,1377,other_names=藤蛾谷；此为原名
odawara_hakone,1,hakone_odawara|hakooda|odawarahakone|tabi_no_yado_odawara|オダワラハコネ|小田原箱根|结城勇鱼,オダワラハコネ,1376,wiki: Japanese name オダワラハコネ；小田原箱根是汉字写法
youko-shima,1,yokoshima_dream_land|小岛洋|小島田洋|洋小岛|邪梦园,小島田洋,1373,other_names=小島田洋；zh用原名简体
ririko_(zhuoyandesailaer),1,ririko|ririko609678633|ririkocafe|ririkonoeki|zhuoyandesailaer|りりこ|灼眼的塞拉尔,粉红黏黏怪,1371,中文画师，社区通用灼眼的塞拉尔
mossacannibalis,1,cannibalism|mossa|mossacannibalism,mossacannibalis,1367,西方画师，无中文名
himajin_noizu,1,himajin_no_izu|himajin_noise|暇人のいず,暇人のいず,1366,wiki: Japanese name 暇人のいず；无中文名
cedar_(cedar_japonica),1,cedar_(artist)|cedar_japonica,cedar,1365,无日文/中文名，zh填常用原名cedar
engiyoshi,1,engi|engi-yoshi|engi_yoshi|engiyoshi_(aien_kien)|engiyosi|tsuzuri_(engiyoshi)|えんぎよし|合縁奇縁,えんぎよし,1364,other_names=えんぎよし；原zh合縁奇縁是社团
elf_(stroll_in_the_woods),1,elf|elf_(artist)|elf_(hmx99_elf)|hmx99_elf|maidsky_elf|stroll_in_the_woods|えるふ,えるふ,1362,other_names=えるふ；无中文名
imizu_(nitro_unknown),1,unknown|いみず|イミズ,威未図,1360,原名威未図/いみず
nishi_koutarou,1,紅茶亭|西公太朗,西公太朗,1360,原名西公太朗；原zh红茶亭是社团
meow_(nekodenki),1,ミャオ|猫電気,meow,1354,画师名meow；原zh猫电気是站点名
makuwauri,1,haganeno-makuwauni|makuwauni|makuwauri2010|makuwauri_uri|makuwaurigotohell|まくわうに|真桑瓜,まくわうに,1352,现用名まくわうに；原zh真桑瓜是旧名
ama_mitsuki,1,amamitsuki|amamitsuki12|amamitsukirequest|天三月,天三月,1348,原名天三月
niiko_(gonnzou),1,にーこ,にーこ,1346,原名にーこ
uccow,1,ウシノコクマイリ|丑,丑,1344,原名丑
nanase_nao,1,nanase70|nanasenao|七瀬尚,七濑尚,1343,原名七瀬尚；zh用简体
ru_zhai,1,ruzhai|ruzhai0609|ruzhai88|ruzhai_deer|ruzhaiii|ruzhaiyu|儒宅,儒宅,1344,中文画师，社区通用儒宅
pentagon_(railgun_ky1206),1,railgun_ky1206|req126pentagon|ぺんたごん,ぺんたごん,1342,原名ぺんたごん
bigrbear,1,bigrbear_yeh,bigrbear,1340,无通用中文名
yabuki_kentarou,1,yabuki_info|矢吹健太朗,矢吹健太朗,1334,To LOVEる作者，中文社区通用矢吹健太朗
mozukuzu_(manukedori),1,manukedori|mozu_zuku|mozukuzu|mozuzuzu|もずくず,もずくず,1333,原名もずくず
abmayo,1,abmayo_mfp|kanimayo_mfj,abmayo,1329,无通用中文名
maturiuta_sorato,1,matsu_ryuuta_(poison_gray)|matsuriuta|matsuriuta_(rainbow_vanilla)|matsuriuta_sorato|maturiuta|maturiuta_2|松竜太|祭呗|祭唄ソラト,祭唄ソラト,1328,原名祭唄ソラト；原zh松竜太是误读
lack,1,lack_(nankano)|lack_(nankano_koubou)|lackism|lalalalack|the_lack_note,lack,1324,无通用中文名
bee_(deadflow),1,be|bee|bee_(noconol)|deadflow|ベー,bee,1321,无通用中文名
karaagetarou,1,karaage-ya-san|karaage_tarou|karaageyasan|からあげ太郎,からあげ太郎,1321,原名からあげ太郎
aestheticc-meme,1,aestheticc_meme|meme_2|meme_aestheticc|memepostor,ミームクリーム,1315,俄语圈画师，无通用中文名
misaki_kurehito,1,misaki_cradle|深崎暮人,深崎暮人,1312,原名深崎暮人，中文社区通用此名
oekakizuki,1,admirable_oekaki_zuki|oekaki|oekakizuki_turi,oekakizuki,1311,无通用中文名
dei_shirou,1,でいしろう|泥_士朗,泥士朗,1310,原名泥士朗，下划线是装饰
merryweather,1,lewdweather|merryweather-comics|merryweatherey|merryweathery|r._merryweather,merryweather,1310,西方画师
masukuza_j,1,j_(donzoko_kashiwa-meshi)|mask_the_j|masukuza-j|マスクザj,マスクザJ,1309,原名マスクザJ
saku_usako_(rabbit),1,rabbit|saku_usako|sakuusako|usako_(usadaifuku)|usako_258|usako_cafe|うさこ|佐久うさこ,佐久うさこ,1307,原名佐久うさこ
kanpa_(campagne_9),1,campagne_9|カンパ,カンパ,1306,原名カンパ
frapowa,1,furapowa|furapowa_(frapowa)|ふらぽわ,ふらぽわ,1304,原名ふらぽわ
milkshakework,1,e_milkshakework|milkshake|milkshake_studio|milkshake_work|milkshakework2|milkshakework22|ミルクセーキ|奶昔|奶昔工房,奶昔,1302,中文画师，社区多用奶昔
wakabayashi_toshiya,1,若林稔弥,若林稔弥,1300,原名若林稔弥
ikuchan_kaoru,1,iku|ikuchan_kaoru1|ikuchankaoru|貧乏|郁|郁🔞,郁,1298,原名郁；贫乏是别号
gmkj,1,gmkj0324|gmkj17,gmkj,1297,无通用中文名
kashiwamochi_yomogi,1,yomogi|yomogigasoma|柏餅よもぎ,柏餅よもぎ,1290,原名柏餅よもぎ
hidefu_kitayan,1,ひでふキタヤン,ひでふキタヤン,1288,原名ひでふキタヤン
yokochou,1,satou_yokochou|yoko_cho|yoko_chou|佐藤横丁|横丁,横丁,1283,原名横丁
syhan,1,syhan_|syhan__|syhan__2|syhandesu|しはん,syhan,1283,韩国画师
sakazaki_freddy,1,sakazaki_freddie|坂崎ふれでぃ,坂崎ふれでぃ,1281,原名坂崎ふれでぃ
suzuki_toto,1,kirisuzu|niu_toto|toto_teisuto|すずきとと|丹生とと,すずきとと,1281,原名すずきとと
kishida_mel,1,kishidamel|岸田メル|迷子通信,岸田メル,1278,原名岸田メル；迷子通信是社团
obiwan,1,obiwan007|猫今天吃饭了吗|萌姫连合|萌姫連合|萌姬联盟|萎缩欣,萎缩欣,1278,中文画师，社区通用萎缩欣
harada_takehito,1,haradaya_blog|haratake|原田たけひと|原田屋|原田雄一,原田たけひと,1276,魔界战记画师原田たけひと；原zh原田雄一是误挂
kopaka_(karda_nui),1,karda_nui|kopaka|こぱか,こぱか,1277,原名こぱか
unya,1,unya_(anzu_no_ki)|unyakichi|unyakiti|unyanai|うにゃ,うにゃ,1274,原名うにゃ
yano_toshinori,1,hoshimaki|hoshimaki_project|矢野トシノリ,矢野トシノリ,1274,原名矢野トシノリ
meyoco,1,_meyoco|meyoco_|meyocoart,meyoco,1273,无通用中文名
yamashita_shun'ya,1,shunya_yamashita|山下しゅんや,山下しゅんや,1272,原名山下しゅんや
gomennasai,1,0721gomen1919|gomen_nasai|平行奇塊学論|御免なさい,御免なさい,1270,原名御免なさい；平行奇块学论是别号
ayamy,1,ayami|ayamy1215|ayamy_a|ayamy_garubinu|あやみ,あやみ,1269,原名あやみ
jazz_jack,1,jazz_jack_kht|jazzjack-kht,jazz jack,1269,无通用中文名
yoshio_(55level),1,55level|yoshi-o|yoshi55level|yoshio|よし男,よし男,1269,原名よし男
jack_dempa,1,jackdempa|じゃくでんぱ|塩分過剰摂取丸|弱电波|弱電波|有沢|电波暗室,じゃくでんぱ,1265,原名じゃくでんぱ
lee_(dragon_garou),1,dragon_garou|dragon_garou_lee|dragon_garow_lee|dragongarowlee|lee|lee_(hibitanren)|リー,リー,1265,原名リー
foxyreine,1,bringthereine|foxy_rain|foxyrain|sister_reine,foxyreine,1260,无通用中文名
gaoo_(frpjx283),1,frpjx283|gaoo|gaoookyouryu|がおー,がおー,1258,原名がおー
zyugoya,1,juugoya_(thukimidanngo)|juugoya_(zyugoya)|十五夜,十五夜,1257,原名十五夜
ryuuichi_(f_dragon),1,f_dragon|hayabusa_ryuuichi|ryuuichi|ryuuichi_(falconet_dragon)|竜一|隼竜一,竜一,1257,原名竜一
kazuma_muramasa,1,和馬村政,和马村政,1255,原名和馬村政
mikeou,1,mikeou_|みけおう,みけおう,1259,原名みけおう
noai_nioshi,1,眠斗牛乳|野愛におし,野愛におし,1255,原名野愛におし；眠斗牛乳是别号
ootomo_takuji,1,number2_takuji|takuji_(number2)|大友卓二,大友卓二,1251,原名大友卓二
tima,1,no_tima|no_tima_|notima|tima_ayo|timadeath|ちぃま,ちぃま,1251,原名ちぃま
momo_no_sukebe,1,momono_sukebee|momono_sukebei|腿之助兵衛,腿之助兵衛,1249,原名腿之助兵衛
tanabe_(fueisei),1,田名部,田名部,1247,原名田名部
hotathino,1,hotathino1004|ほたてぃーの,ほたてぃーの,1246,原名ほたてぃーの
takato_kurosuke,1,ironblood-kurosuke|ironblood_kurosuke|kouen_kurosuke|takato96suke|takatoo_kurosuke|takatou_kurosuke|高遠くろ助,高遠くろ助,1246,原名高遠くろ助
scottie_(phantom2),1,sco_ttie|スコッティ,スコッティ,1246,原名スコッティ
nanakusa_suzuna,1,nanakusa_nazuna|七草すずな,七草すずな,1244,原名七草すずな
nii_manabu,1,manabu_nii|仁井学,仁井学,1245,原名仁井学
rtil,1,rtilrtil,rtil,1244,西方画师
satou_yuuki,1,yuuki_(kagoubutsu)|yuuki_kagoubutsu|yuukikagou|yuukikagoubutsu|佐藤ユーキ|有機化合物,佐藤ユーキ,1244,原名佐藤ユーキ；有机化合物是社团
jinguu_(4839ms),1,4839ms|jinguu|ジングー|柊一家,ジングー,1242,原名ジングー；柊一家是社团
92m,1,takahiro_(92m)|タカヒロ|大庫鉄団,タカヒロ,1241,原名タカヒロ；大库铁団是社团
kaisen_chuui,1,开栓注意|笃屋工业|篤屋工業|開栓注意,开栓注意,1239,原名開栓注意；笃屋工业是社团
colonel_aki,1,colonelaki,colonel aki,1237,无通用中文名
hizuki_yayoi,1,hiduki_8kd|hiduki_yayoi|ひづき夜宵|八卦電影城,ひづき夜宵,1237,原名ひづき夜宵；八卦电影城是社团
eu03,1,,eu03,1231,无通用中文名
takeuchi_ryousuke,1,ryosuketarou|takeuchi_ryoosuke|タケウチリョースケ,タケウチリョースケ,1231,原名タケウチリョースケ
massakasama,1,ma_sakasama|saka917|まっさかさま,まっさかさま,1230,原名まっさかさま
unasaka_ryou,1,unasaka|unasaka0309|unasaka_ryo|海境涼|深海吃茶|深海喫茶,海境涼,1230,原名海境涼
tanaka_kusao,1,930tanaka|九时半|温狐屋|田中臭男|田中草男|２号,田中草男,1229,原名田中草男
kazenokaze,1,xkazenokaze,kazenokaze,1228,无通用中文名
kawayabug,1,kawayaurabug|かわやばぐ,かわやばぐ,1227,原名かわやばぐ
ban!_(bansankan),1,ban!|bansan|bansankan|ばん|ばん！,ばん！,1226,原名ばん！
pote_(ptkan),1,pt|ptkan|ぽて|閑古鳥茶園,ぽて,1225,原名ぽて；闲古鸟茶园是社团
kagami_hirotaka,1,kagami|kagami_(lilith-soft)|嘉神ヒロタカ|嘉臥深,嘉神ヒロタカ,1224,原名嘉神ヒロタカ；原zh嘉卧深是误写
serebi_ryousangata,1,serebixi|セレビィ量産型,セレビィ量産型,1221,原名セレビィ量産型
lpip,1,lp,lpip,1216,无通用中文名
zanntetu,1,tricky_(zanntetu)|とりっきぃ,zanntetu,1215,无通用中文名
aoki_(fumomo),1,aoki|aoki6311|aoki_(aodaifuku)|aoki_(fugu_mochi_tsuku)|fumomo|蒼大福|蒼樹,蒼樹,1214,原名蒼樹
mitsumoto_jouji,1,mitsumoto_(nikutama_soba)|光本穣司|十四时,光本穣司,1214,原名光本穣司
gofu,1,gofu-web|gofu_webgofu-web|gofuu|gofuu-dou|gofuu_dou|gofuu_web|gofuudou|gofuweb|呉風|呉风堂,呉風,1211,原名呉風
koto_inari,1,kotoinari|ことイナリ|稲荷,ことイナリ,1211,原名ことイナリ
masuyama_ryou,1,増山亮,増山亮,1210,原名増山亮
tsubobot,1,etsubo|tsubo|tsubo-p|tsubo_botsu|tsubobotu|tsubop|zoono_(tsubo_botsu),tsubobot,1210,无通用中文名
oyari_ashito,1,oyari|oyariashito|后濑慎一|大槍葦人|少女騎士団|少女骑士団,大枪苇人,1206,原名大槍葦人，中文社区通用大枪苇人
seo_tatsuya,1,seo_t|tatsuya_s|入野井|濑尾|瀬尾辰也|２号|ｓｅｏ乁（_˙_ω˙乁）,瀬尾辰也,1206,原名瀬尾辰也
niwarhythm,1,niwarizumu|にわリズム,にわりズム,1203,原名にわリズム
peso_(cheese_company),1,cheese_company|ootani_peso|ooya_peso|penguin_(peso)|peropeso|pesogiso|pesopesopeso|sun_(peso)|ペソ,ペソ,1202,原名ペソ
chan_co,1,chanco|chanxco|チャンコ,チャンコ,1199,原名チャンコ
ninahachi,1,ニナハチ|弐拾漆夜,ニナハチ,1199,原名ニナハチ
urushihara_satoshi,1,urushihar|urushihara|漆原智志,漆原智志,1197,原名漆原智志
riichu,1,riichuu|りいちゅ,りいちゅ,1195,原名りいちゅ
ulrich_(tagaragakuin),1,tagaragakuin|ulrich|ulrich46|うるりひ,うるりひ,1194,原名うるりひ
utano,1,utanooonatu|うたの,うた乃,1191,原名うたの
yukimoto_shuuji_(gurigura),1,yukimoto_(gurigura)|yukimoto_shuuji|yukimotosyuji|雪本|雪本愁二,雪本愁二,1189,原名雪本愁二
em_(totsuzen_no_hakike),1,em|em-industry|hakike|totsuzen_no_hakike|とつぜんのはきけ。|抜天,とつぜんのはきけ。,1188,原名とつぜんのはきけ。；抜天是别号
engo_(aquawatery),1,aquawatery|engo|engo001|engoxx2|engoxxx1|えんご|水剣天魔|焔护地圣,えんご,1188,原名えんご；水剣天魔是别号
kichihachi,1,kichi8|kichihachi_(atsu2501)|kichihachi_(monokichi_youhoujou)|monokichi8|monokichi8-akitsut|monokichi_youhoujou|きちはち,きちはち,1186,原名きちはち
fu-ta,1,ふーた|毛玉|毛玉_,ふーた,1184,原名ふーた；毛玉是别号
mudou_eichi,1,無道叡智,無道叡智,1184,原名無道叡智
mota,1,mo_(mota)|モタ,モタ,1180,原名モタ
kloah,1,kloah13|kloah13th|kuroa_(kloah)|黒悪13,黒悪13,1177,原名黒悪13
ikari_manatsu,1,ikarimanatu|碇マナツ,碇マナツ,1172,原名碇マナツ
moke_ro,1,moke2ex|moke_ro_sharp|mokerou|もけろー,もけろー,1172,原名もけろー
umanosuke,1,馬の助|黄金時代,馬の助,1171,原名馬の助；黄金时代是社团
kurikara,1,kurikara00|くりから,倶梨伽罗,1169,原名くりから
6_(yuchae),1,6_(nagato123)|bungpa6|ryuck_6|stbuzel6,6,1168,无通用中文名
aoshima,1,アオシマ,アオシマ,1167,原名アオシマ
kutan,1,ktn_kuta|kuta|kuta_(kk6612)|kutan_(kk6612)|九反,九反,1166,原名九反
minakami_(flyingman555),1,flyingman555|minakami|minakami158|minakamin|minakamin90|みなかみ,みなかみ,1165,原名みなかみ
misumi_(macaroni),1,macaroni|misumi|misumi_(sinsihukunokonaka)|misumimsm|misumisumi|みすみ|沙村,みすみ,1163,原名みすみ；沙村是别号
reia_76,1,reia|reia76|reia_,reia,1162,无通用中文名
fuzichoco,1,fuzichoko|藤ちょこ|藤原,藤原,1161,原名藤ちょこ，中文社区通用此名
magukappu,1,マグカップ|陳聖和|馬克杯|马克杯,马克杯,1160,中文画师，社区通用马克杯
sousouman,1,草草饅,草草馒,1160,中文画师（TwinBox），社区通用草草馒
mamerakkkkko,1,mame_rakko|mamerakkkkkkojan|mamerakkkkko194|onesyotarakko|豆ラッコ,豆ラッコ,1159,原名豆ラッコ
spacezin,1,space_jin|space_zin|スペース人|宇宙人,スペース人,1159,原名スペース人；宇宙人过泛
minato_ojitan,1,eojitan|ojitan_55|みなとおじたん,湊おじたん,1157,原名みなとおじたん
sakuraba_yuuki,1,yuki_sakuraba|屋根裏部屋|桜庭友紀|樱庭|樱庭_友纪|樱庭友纪,桜庭友紀,1157,原名桜庭友紀；屋根裏部屋是站点
sakiyamama,1,sakiyama_bakufu|ｓａｋｉｙａｍａ幕府,sakiyamama,1155,sakiyama幕府是社团
shengtian,1,shengtian00|升天,升天,1154,中文画师，社区通用升天
goma_(yoku_yatta_hou_jane),1,goma_(handsaikoudane)|goma_(yoku_yatta_hou_ja_ne)|yoku_yatta_hou_jane|良くやった方じゃね,ごま,1153,原名良くやった方じゃね
haimura_kiyotaka,1,haimura|haimurakiyotaka|はいむらきよたか|灰村キヨタカ,灰村清孝,1153,某科学的超电磁炮插画，中文社区通用灰村清孝
kiritto,1,kiridoya1|kiritto02221|キリッと,キリッと,1153,原名キリッと
miyagoe_yoshitsuki,1,miyagoe|miyagoex|miyanchi|宮越良月,宮越良月,1151,原名宮越良月
pochimaru_(marumaru_wanwan),1,ぽち丸,ぽち丸,1149,原名ぽち丸
morino_hon,1,mori_no_mushi|もりのほん,もりのほん,1148,原名もりのほん
kemachiku,1,けまちく,けまちく,1147,原名けまちく
nironiro,1,niro26|niro26niro26350|niro_(shusseki_bangou_26)|nirotensai|にろ|出席番号26,にろ,1147,原名にろ；出席番号26是社团
tandohark,1,tando|tando_sub|tandozzing,tandohark,1147,韩国画师
kamogawa_tanuki,1,kamogawaya|鴨川たぬき|鴨川屋,鸭川狸,1145,原名鴨川たぬき；鸭川屋是社团
papa_(shimeguru),1,papa|shimeguru,papa,1145,无通用中文名
hellandheaven,1,hell-and-heavens|hellandheaven99,hellandheaven,1137,无通用中文名
meremero,1,e|erem|めれ,めれ,1136,原名めれ
nt00,1,ntnt00|ニテ,ニテ,1134,原名ニテ
rokuwata_tomoe,1,tomoe_rokuwata|六羽田共,六羽田トモエ,1133,原名六羽田トモエ
peach88,1,cpeach88art|peach_(momozen),peach88,1139,无通用中文名
fkey,1,fkey-|fkey123|fkey_(zengxianxin)|菲奇,fkey,1131,菲奇是音译，未达广泛接受把握
greem_bang,1,greembang,greem bang,1132,韩国画师
akara_kai,1,akara_(akarasama_pikachu)|akarasama_pikachu|アカラ改|赤良|阿加良,アカラ改,1129,原名アカラ改
samip,1,samip83570249,samip,1126,无通用中文名
mashiro_yukiya,1,0yukiya0|yukiya0818|真白雪夜,真白雪夜,1125,原名真白雪夜
eudetenis,1,eudetenis_eudetenis|eudetenisobaa,eudetenis,1123,无通用中文名
annin_musou,1,杏仁無双,杏仁无双,1119,原名杏仁無双
jeno,1,jeno-side|jeno_(jenocide)|jeno_(zenoside)|jenocide|kaiza_(jeno)|刹忌|是乃|灰砂,是乃,1119,原名是乃；刹忌是别号
ergot,1,darek_ergot_mak,ergot,1118,无通用中文名
hong_(white_spider),1,hong8049|hong_bsws|hongbsws|白蛛|黑蛛白蛛,白蛛,1118,中文画师，社区通用白蛛
bai_lao_shu,1,白老鼠,白老鼠,1116,中文画师，社区通用白老鼠
harada_(sansei_rain),1,haradaiko|omanjuu_(haradaiko)|sansei_rain|tenmon_harada|原田賛|新姫子|酸性雨,はらだ,1116,原名原田賛
kitahama_(siroimakeinu831),1,kitahama-san|siroimakeinu831|きたはまさん,きたはまさん,1116,原名きたはまさん
fumio_(ura_fmo),1,fmo|fumio|fumio_(pixiv1135956)|fumio_(sugou)|フミオ,フミオ,1115,原名フミオ
mika_pikazo,1,mikapikazo|mikapikazo_mpz|ミカ_ピカゾ,Mika Pikazo,1115,社区通用Mika Pikazo
criis-chan,1,,criis-chan,1114,无通用中文名
omachi_(slabco),1,omachi|slabco|おまち,おまち,1114,原名おまち
deyui,1,deyucchi|deyui-art|deyuii|deyunix|xdeyuix|デユイ,デユイ,1111,无通用中文名
aster_crowley,1,aster_c,Aster Crowley,1109,无通用中文名
kusaka_souji,1,kusakasouji|久坂宗次,久坂宗次,1109,原名久坂宗次
iizuki_tasuku,1,唯々月たすく,唯々月たすく,1108,原名唯々月たすく
haru_(nakajou-28),1,kuroineko8822|nakajou-28|はる,春,1106,原名はる
kabayaki_(kabayaki_eel),1,かばやき|蒲焼き,かばやき,1104,原名かばやき
mogudan,1,mogudan555|nakayohi_mogudan|モグダン|安雲雪伸,モグダン,1104,原名モグダン；安云雪伸是本名
do_m_kaeru,1,m_kaeru|ドmカエル,ドmカエル,1102,原名ドmカエル
daiaru,1,daiaru_diary|ダイアル,ダイアル,1101,原名ダイアル
hagoonha,1,,hagoonha,1100,韩国画师
kuro_kosyou,1,96kosyou_28|96kosyou_2838|kuro-hero|kuro_hero|kuro_koshou|kuro_koshou_(kuro-hero)|kurokosyou|kurokosyou_2828|kurokosyou_game|九六胡椒|黑胡椒,九六胡椒,1100,原名九六胡椒
awa,1,awa_(tamatebakokoko)|awa_1950|泡。|泡。1950,阿波,1097,原名泡。
mikagami_hiyori,1,水鏡ひより,水鏡ひより,1096,原名水鏡ひより
yuuji_(yukimimi),1,matsuzou_(yuuji)|yuuji8668|yuuji_(matsuzou)|yuuji_(taizou8668)|勇侍|待蔵|待蔵本舗|雪海美|雪海美本舗,勇侍,1093,原名勇侍；待蔵是社团
aztodio,1,azto_dio|aztodeus,Azto Dio,1092,无通用中文名
koyorin,1,koyori_n|koyorii|koyoriin|koyorin.chr_|koyorinart|こよりん,こよりん,1091,原名こよりん
ryoji_(nomura_ryouji),1,nomura_ryouji|ryoji|ryoji_(attic_work_space)|ryoji_(ryouji)|ryouji_(ryoji)|野村良治,野村良治,1092,原名野村良治
liya,1,liya6355|liya_(crowclock)|natsuno_liya|夏乃リヤ,夏乃リヤ,1089,原名夏乃リヤ
iwbitu,1,iwbitu-sa,iwbitu,1088,无通用中文名
cluseller,1,cluseller1|cluseller_paperrobber|eroseller3|r18cluseller|くるせらー,くるせらー,1087,原名くるせらー
erere,1,エレレ,エレレ,1087,原名エレレ
blacknirrow,1,,blacknirrow,1086,无通用中文名
lamb-oic029,1,lamb|lamb2929c|lamb_oic029|lamboic029|らむ,らむ,1086,原名らむ
ryouma_(galley),1,galley|kitada_ryouma|全角14字|北田龙马,北田龙马,1085,原名北田龙马；全角14字是社团
moyoron,1,moyoronnmoyoronn|moyorosorosso|もよろん,もよろん,1084,原名もよろん
distr,1,distrbeachboy,distr,1083,无通用中文名
lambda_(kusowarota),1,kusowarota|lambda|lambda9696,lambda,1083,无通用中文名
asaya_minoru,1,asaminoru|asayaminoru|あさやみのる,あさやみのる,1082,原名あさやみのる
mimonel,1,ミモネル,ミモネル,1081,原名ミモネル
arinu,1,arinutan|アリヌ,アリヌ,1079,原名アリヌ
tsukiman,1,tsuki_usagi|tsukiusagi|月満,月満,1079,原名月満
habsida_(habsida_hpy),1,habsida_hpy,habsida,1078,韩国画师
hoshizuki_(seigetsu),1,hoshitsuki_nikkou|日光|星月,星月,1077,原名星月
doitsuken,1,doitsu-ken|ドイツ犬,ドイツ犬,1076,原名ドイツ犬
myth1carts,1,josh_anarky|myth1c|myth1cseiso,myth1carts,1076,无通用中文名
sakurazawa_izumi,1,_sakurazawa_|sakurazawa_idumi|桜沢いづみ,樱泽泉,1076,原名桜沢いづみ
baba_(baba_seimaijo),1,baba|baba15207048|baba_(babababababababababa)|baba_(pixiv3422465)|baba_seimaijo|babababababababababa|babaseimaizyo,baba,1075,无通用中文名
ittokyu,1,ittoku|ittoku1109|壱十九,壱十九,1070,原名壱十九
atelier-moo,1,moo,atelier-moo,1068,无通用中文名
modare,1,モ誰,モ誰,1069,原名モ誰
tenken_(gotannda),1,gotannda|ken_(gotannda)|tenken|tenkenex|てんけん,てんけん,1068,原名てんけん
apple_caramel,1,acaramel|applecaramel|ringocaramel,apple caramel,1067,无通用中文名
setz,1,setzeri,setz,1065,无通用中文名
ominaeshi_(takenoko),1,ominaeshi|ominaeshi_(0713)|ominaeshi_(sprout786)|ominaeshi_0713|ominaeshin|おみなえし|山乃葵,おみなえし,1062,原名おみなえし；山乃葵是别号
starshadowmagician,1,STAR影法师|shadowmagician|star_kage-boushi|star_kageboushi|star_shadow_magician|star_ying-fashi|star_ying_fashi|starshadowmagic|学级崩坏|影法师|想影真心|是空道,STAR影法师,1062,中文画师，社区通用STAR影法师
7010,1,7010_(hakonia)|7010_(naoto)|7010_uraniwa|naoto_(7010)|なおと|箱庭,なおと,1061,原名なおと；箱庭是站点
huyumitsu,1,fuyumitsu|ふゆみつ,ふゆみつ,1061,原名ふゆみつ
inaba_shiki,1,inabashiki|inabashikir|inabauma|稲叶色彩|稲葉色,稲葉色,1061,原名稲葉色
mashutarou_(neko_no_oyashiro),1,mashu_003|mashuu|mashuu_(neko_no_oyashiro)|neko_no_oyashiro|ましゅ太郎,ましゅ太郎,1061,原名ましゅ太郎
mel_(melty_pot),1,mel|melty_pot|meltypot,mel,1061,无通用中文名
fukidashi_cotton,1,fukidashi_kotton|フキダシコットン,フキダシコットン,1061,原名フキダシコットン
umigarasu_(kitsune1963),1,ウミガラス,ウミガラス,1058,原名ウミガラス
inkerton-kun,1,ink|inkerton|inkrton,inkerton,1057,西方画师
nanao_naru,1,七尾奈留|九尾,七尾奈留,1057,原名七尾奈留
jin_(mugenjin),1,jin0731|jin_(arist)|jin_(koppamijin)|jin_(neko_no_mimi)|koppamijin|mugenjin,迅,1056,无通用中文名
wisespeak,1,wise_speak|y'ss_peak|ようめい,ワイズスピーク,1056,原名ようめい
club3,1,_club_3|七夜|梁巨爽,梁巨爽,1056,中文画师，社区通用梁巨爽
guin_guin,1,guinguin|loverguin|グイン,グイン,1055,原名グイン
hot_vr,1,,hot vr,1054,无通用中文名
bbb_(friskuser),1,bbb|friskuser|gobbbgo,BBB,1053,原名BBB
g_(genesis1556),1,desukingu|g|g3_(desukingu)|g_(desukingu),g,1053,原名g
shichimenchou,1,sitimenchou|しちめんちょう,しちめんちょう,1052,原名しちめんちょう
shirabi,1,lifeisfree_sirabi|shirabi213|shirabi_(life-is-free)|shirabii|しらび,しらび,1050,原名しらび
hanazora_satsuki,1,satsukinosora|satsusora|花七空さつき,花七空さつき,1049,原名花七空さつき
okina_ika,1,okina_sai|okina_sen|okinaika|okinasai|okinasen|おきないか|翁せん,おきないか,1049,原名おきないか
catstudioinc_(punepuni),1,catstudio_(artist),catstudioinc,1048,无通用中文名
nonco,1,nonco331|のん子,のん子,1048,原名のん子
zunusama,1,ずぬさま,ずぬさま,1048,原名ずぬさま
syope,1,syope_territory|しょぺ,しょぺ,1046,原名しょぺ
cis_(carcharias),1,carcharias|cercis|cis|cis_ex|mik-cis|xicis|シス,シス,1045,原名シス
aoi_masami,1,aoi_marin|aoi_marine|aoimasami|oumi_marin|あおいまさみ|檸檬館|苍海|蒼まさみ,苍海,1044,原名蒼まさみ；原zh柠檬馆是社团
roke_(taikodon),1,roke|roke175|taikodon|ろけ,ろけ,1044,原名ろけ
nardack,1,,nardack,1042,韩国画师
lindaroze,1,lady_linda|lindarozeart|lindarozecoms,lindaroze,1041,西方画师
ragho_no_erika,1,erika0|erika_raguho|erikaragho|ragho|ragho-net|ragho.net|ragho_net|raguho_no_erika|らぐほのえりか,らぐほのえりか,1038,原名らぐほのえりか
spam_(spamham4506),1,spam|spamham|spamham18|spamham4506|spamham4507,spam,1037,无通用中文名
kfr,1,kfr_(masaru1024),kfr,1036,无通用中文名
40hara,1,40hara_(animachine)|40hara_(shimahara)|40原|shimahara|shimahara_(40hara)|shimahara_(animachine)|しま原,40原,1035,原名40原
yuune_(ayanepuna),1,ayanepuna|ゆーね,ゆーね,1035,原名ゆーね
satou_daiji,1,armadillo_daiji|daiji|daiji.sato.90|daiji_1031|daiji_armadillo|daiji_sato|renji_(daiji)|sato_daiji|佐藤大慈|大慈|大慈_|练慈,佐藤大慈,1035,原名佐藤大慈
deadnooodles,1,deadn000d1e2|deadnoodles|deadnoodles210|deadnr18dles,deadnooodles,1033,韩国画师
bosshi,1,bosshi_abn|bosshiu_12|jyuri|ぼっしぃ,ぼっしぃ,1032,原名ぼっしぃ
eiri_(eirri),1,eiri|eiri_(haipa-okara)|eiri_(haipa_okara)|eiri_(sorairo)|eirizo|eirri|エイリ,嬰里,1031,原名エイリ
jjanda,1,twjjanda|urajjanda,jjanda,1031,韩国画师
tofuubear,1,tofuu|tofuubear_|tofuubearart|tofuucommissions|tofuuubear,tofuubear,1031,西方画师
unfairr,1,therealunfairr,unfairr,1031,西方画师
kenkou_cross,1,kenkou_kurosu|健康クロス,健康クロス,1030,原名健康クロス
niichi_(komorebi-palette),1,komorebi-palette|niichi|niichi021|niichi_(komorebi_palette)|niichi_(komorebi_pallet)|niichi_(sunpallet)|にいち,にいち,1030,原名にいち
choufu_shimin,1,chofu_shimin|chorfsimin|choufu_shimin_fureai_bunka_circle|調布市民,調布市民,1029,原名調布市民
komone_ushio,1,相音うしお,相音うしお,1029,原名相音うしお
eroe,1,eroetwit|eroeudon|エロエ,エロエ,1028,原名エロエ
sciamano240,1,mircosciamart|sciamano240's_art|sciamano240_art,sciamano240,1028,西方画师
akinbo_(hyouka_fuyou),1,hyouka_fuyou|あきんぼ|評価不要,あきんぼ,1027,原名あきんぼ；評価不要是别号
coroha,1,coroha12|ころは,ころは,1027,原名ころは
yoo_tenchi,1,tenchi_24,yoo tenchi,1026,韩国画师
e20,1,e20_(n's-loop)|e20_loop,e20,1024,无通用中文名
takasuma_hiro,1,hippo_(hirople)|hirople|takashima_hiroka|takashimahiroka|takashimayatu|takasuma|takasumahiro|takasumayatu|たかすまひろ,たかすまひろ,1024,原名たかすまひろ
vahn_yourdoom,1,vahn|vahn-yd|vahnyd|vahnyourdoom,vahn,1023,西方画师
kabocha_torute,1,torute810|南瓜とるて,南瓜とるて,1022,原名南瓜とるて
kyata_ti666,1,kyata|kyata696|きゃた,きゃた,1022,原名きゃた
nishieda,1,西e田,西E田,1022,原名西e田
untue,1,ウンツエ,ウンツエ,1022,原名ウンツエ
no+bi=,1,のび|燕藤,のび,1019,原名のび；原zh燕藤是别号
raptor7,1,:盗龙七子|ラプトル7|武器柜|盜龍七子,ラプトル7,1019,原名ラプトル7；原zh盗龙七子是汉字写法
fujisaki_hikari,1,藤崎ひかり,藤崎光,1016,原名藤崎ひかり
machismo_fuji,1,machismo_p|マチスモ,マチスモ,1016,原名マチスモ
non_(z-art),1,nonmikan777|のん|蘭月紫乃,のん,1016,原名のん；兰月紫乃是别号
oimanji,1,haimanji|manji|manji_(tenketsu)|manji_(tenketu)|oiman'ichi|oimanichi|おいまんじ,おいまんじ,1016,原名おいまんじ
nagian,1,nagian39|凪庵|路地里万亭,凪庵,1013,原名凪庵
rangycrow,1,无栅庵|瘠烏|英乌,瘠烏,1013,原名瘠烏
tsurui,1,鶴井|鹤井2号,鹤井,1013,原名鶴井
yuuki_hagure,1,憂姫はぐれ,憂姫はぐれ,1012,原名憂姫はぐれ
hella_p,1,hellap|hp_hell,hella p,1011,韩国画师
kamiya_maneki,1,kamiyamaneki|manekineko|nekonekomaneki|かみやまねき,かみやまねき,1011,原名かみやまねき
rom_(20),1,19881125rom|ROM|rom|rom-rom-rom-20|rom_taku|romtaku,ROM,1011,原名ROM
murata_range,1,murata_renji|range_murata|村田蓮爾,村田莲尔,1009,原名村田蓮爾；中文社区通用村田莲尔
twin_(tt_lsh),1,,twin,1009,无通用中文名
ringeko-chan,1,ringeko|ringeko_tan|ringekojail|凛子,ringeko-chan,1008,无通用中文名
geewhy,1,geewhy11|geewhy666,geewhy,1007,西方画师
nigari_(ngari_0115),1,にがり,にがり,1007,原名にがり
rui_(sugar3),1,るい,るい,1007,原名るい
isshi_pyuma,1,hyuma1219|isshi_puma|isshi_pyuuma|puma_(hyuma1219)|pyuma1219|pyuma_isshi|pyuma_nora|pyumaisshi|一志ピューマ,一志ピューマ,1006,原名一志ピューマ
no-kan,1,ノ間|人間,ノ間,1006,原名ノ間；原zh人间是别号
pas_(paxiti),1,pas1990,pas,1006,无通用中文名
m&m_(mickey_and_mackey),1,mackey|mickey|マッキー|ミッキー,えむえむ,1005,二人组原名マッキー/ミッキー
topu,1,topu2782|トプ,トプ,1004,原名トプ
adsouto,1,,adsouto,1003,无通用中文名
maruki_(punchiki),1,maru_eda|maruki|maruki_(edasan)|maruki_(maru_eda)|punchiki|まるき|流麻|瑠騎|瑠骑|真琉树|真琉樹,まるき,1002,原名まるき；原zh流麻是汉字写法
gotoh_(nekocat),1,._(gotoh_510r)|goto|gotoh|gotoh510|gotoo|gotou|gotou_(nekocat)|nekocat|丽月|五十|后藤|後藤,ごとー,1001,原名五十
hayabusa_(vert_320),1,hayabusa|hayabusa_(torinokoya)|okuno_hayato|vert_320|东云|奥野隼|都灵科亚|鹫子屋|黑乃,奥野隼,1000,原名奥野隼
varniskarnis,1,varnis,varniskarnis,1000,西方画师
oni-noboru,1,noboru200335|オニノボル,オニノボル,999,原名オニノボル
himiya_jouzu,1,himiya_joozu|himiya_jyohzu|himiya_ramu|himiya_ramune|ramune_himiya|比宮じょーず,比宮じょーず,998,原名比宮じょーず
kei_jiei,1,けいじえい,けいじえい,999,原名けいじえい
liang_xing,1,jason_liang|liang-xing|liangxing|liangxing719|liangxing802|星星梁|梁星,梁星,998,中文画师，社区通用梁星
akkijin,1,あっきー人|秋葉優輔,あっきー人,997,原名あっきー人；秋叶优辅是汉字写法
neoartcore,1,,neoartcore,997,西方画师
peroponesosu.,1,peroponesosu|ぺろぺそそす。|ぺろぽねそす。|ぺロぽねそす,ぺろぽねそす。,997,原名ぺろぽねそす。
hikawa_shou,1,hikawa|hikawa21|冰川翔|氷川翔,冰川翔,995,原名氷川翔
shexyo,1,shexyoart,shexyo,994,西方画师
waka_(wk4444),1,vfr9jpxkc18sf7m|waka|waka_design|waka_sousaku|わか,わか,992,原名わか
kakure_eria,1,隠れエリア,隠れエリア,991,原名隠れエリア
sazaki_ichiri,1,ichiri_(23.4do)|ichiri_(itiri)|イチリ|沙咲聿梨,沙咲聿梨,991,原名沙咲聿梨
eto_(ikumika),1,eto|えと,えと,989,原名えと
ino_(magloid),1,ino|magloid|猪野誠|猪野誠一|猪野诚一,猪野誠,989,原名猪野誠
welt_(kinsei_koutenkyoku),1,corpsmanwelt|welt|ウェルト|金星航天局,ウェルト,990,原名ウェルト；原zh金星航天局是社团
thomas_8000,1,THOMAS|roundhouse8000|thomas|thomas888000|thomasillust|扇形庫,THOMAS,987,原名THOMAS；扇形库是站点名
blew_andwhite,1,blew|blew_anderopink|blew_andwhite8810|blue_andwhite|drawn_and_blown|ブルー|青閃市場,ブルー,986,原名ブルー；原zh青闪市场是社团
liz_(piyoko_piyop),1,liz|piyoko_piyop|pykliz|りず|等粒状組織,りず,985,原名りず；等粒状组织是社团
muririn,1,むりりん,梦璃凛,985,原名むりりん
sei_(kaien_kien),1,kaien_kien|sei|sei63|sei988|seiorange|皆縁希縁|赤橙征(sei),赤橙征,985,原名赤橙征；皆縁希縁是社团
hase_yu,1,hasehosiyuu|はせ☆裕,はせ☆裕,984,原名はせ☆裕
sugimori_ken,1,杉森_建,杉森建,984,原名杉森建，宝可梦之父
rikatan,1,licatan|rika-tan|rika-tan_(rikatantan)|rikako|rikatantan|rikatantan2nd|りかたん,りかたん,981,原名りかたん
darumoon,1,だるま,だるま,980,原名だるま
khyle.,1,khyle|khyleri|khyleri_|scrooge_mckhyle,khyle,980,西方画师
lasterk,1,lasterking|lasterstation,lasterk,980,无通用中文名
ray.s,1,,Ray.S,980,无通用中文名
sydus,1,sydusarts,sydus,980,西方画师
hospital_king,1,decopitalking|ホスピタルキング,ホスピタルキング,978,原名ホスピタルキング
wada_arco,1,rco_wada|wada_aruko|wadamemo|wadarco|ワダアルコ,ワダアルコ,978,原名ワダアルコ
aozora_market,1,aozora_ichiba|あおぞらいちば|蒼空市場,苍空市场,977,原名苍空市场
capriccio,1,capri134|caprin|caprin134|かぷりちお,かぷりっちょ,977,原名かぷりちお
kamelie,1,kamelie12|カメーリエ,カメーリエ,977,原名カメーリエ
koyuki_(kotatsu358),1,kotatsu|kotatsu358|koyuki|こたつ|小辰|小龙,小辰,976,原名小辰
lvl_(sentrythe2310),1,lvl|lvlapple|lvltheperv|lvlthesentry|sentrythe2310,lvl,974,西方画师
u_u_zan,1,uu_uu_zan|羽々斬,羽々斬,974,原名羽々斬
aono3,1,aonosan|fd3saonosan|青の３,青の３,973,原名青の３
gashi-gashi,1,gashi-gashi45|gashi45|gashi_gashi45|ガしガし,ガしガし,973,原名ガしガし
shirow_masamune,1,shirou_masamune|士郎正宗,士郎正宗,973,攻壳机动队作者，中文社区通用士郎正宗
yume_no_owari,1,yumeowa|ユメのオワリ,ユメのオワリ,973,原名ユメのオワリ
horiguchi_yukiko,1,堀口悠紀子|白身鱼,堀口悠紀子,972,原名堀口悠紀子
chengongzi123,1,沉,沉,971,中文画师，社区通用沉
fuji_(pixiv24804665),1,fuji_fujiman|ふじ,ふじ,971,原名ふじ
syuri22,1,syurinini,syuri22,970,无通用中文名
ishii_hisao,1,hisachuu|hisachuu_(hisatyu)|hisadora|hisatyu|hisatyu1|hisatyu_(hisachuu)|ishi-chan|石井久雄,石井久雄,969,原名石井久雄
shibasaki_shouji,1,_shiba_|shiba|shiba_(shooji)|shiba_(shouji)|shiba_murashouji|柴ショージ|柴崎ショージ,柴崎ショージ,968,原名柴崎ショージ
himeyamato,1,hime|himeyamato7|shimakazeyamato|yamatohimetutu|撑伞的hime,撑伞的hime,967,中文画师，社区通用撑伞的hime
redrop,1,おつまみ|乙真実,乙真実,967,原名乙真実
fugtrup,1,guftrup|trupfug,fugtrup,966,无通用中文名
nyaru_(nyaru_4126),1,nyaru|nyaru_4126,nyaru,966,无通用中文名
miyase_mahiro,1,mahiro|mahiro_miyase|宮瀬まひろ,宮瀬まひろ,965,原名宮瀬まひろ
nanami_(nunnun_0410),1,nunnun_0410|七海|七海_0410,七弥,965,原名七海
suujiniku,1,suuji|数字|数式,数字,966,原名数字
yukataro,1,abaraborotaro|fukaitaro|kawayuka_taro|ofurotaro|roukataro|ゆかたろ,ゆかたろ,965,原名ゆかたろ
mignon,1,mignon_hamaguri|mignon_works|ミニョン,ミニョン,963,原名ミニョン
usa37107692,1,usa,usa,963,无通用中文名
azasuke,1,azasuke777|azasukewind|あざすけ,あざすけ,962,原名あざすけ
chai_(drawingchisanne),1,chai|drawingchisanne|singing_chai|チャイ,チャイ,962,原名チャイ
monety,1,mone_keshigomu|moneti|moneti_(daifuku)|monety1285|monety_(mone_keshigomu)|もねてぃ|黑雪,もねてぃ,962,原名もねてぃ；黑雪是别号
shigino_sohuzi,1,shigino_souji|sohuzi|鴫野惣弐,鴫野惣弐,961,原名鴫野惣弐
m_k,1,,m_k,960,无通用中文名
at2.,1,at2,at2,959,无通用中文名
boppin,1,boppin_drawing|boppindrawing,boppin,959,西方画师
na-ga,1,,na-ga,959,无通用中文名
yoshizaki_mine,1,mine_yoshizaki|yoshizakiminesya|吉崎観音|吉崎観音社,吉崎观音,959,Keroro军曹作者，原名吉崎観音
cad_(caddo),1,cad|caddo|カッド,カッド,958,原名カッド
gryebooks,1,books|grey_books|グレイブックス,grey books,958,原名grey books
ryusei_hashida,1,ryusei|ryuseihashida,ryusei hashida,958,无通用中文名
yaneko_uta,1,wildcat-yamaneko|wildcat-yamaneko-e|弥猫うた|林直孝|直木良孝,弥猫うた,958,原名弥猫うた；林直孝是本名
ke-ta,1,劇毒少女,ケタ,958,原名ke-ta；原zh剧毒少女是社团
aikawa_ryou,1,aikawa_ryou_(aiiro_sakura)|aikawa_ryou_(aiirozakura)|aikawa_ryou_(tonbi12)|aikawaryou_12|相川りょう|相川遼|蓝色樱,相川りょう,954,原名相川遼
aki99,1,aki99art|aki99s,aki99,954,无通用中文名
kou_mashiro,1,kohmashiro|こうましろ,こうましろ,954,原名こうましろ
saru,1,サル|浅井猴猴,サル,954,原名サル；浅井猴猴是别号
kishida_shiki,1,kishidashiki|きしだしき|岸田戠,岸田戠,952,原名岸田戠
sakino_shingetsu,1,sakino_shingetu|さきの新月,さきの新月,952,原名さきの新月
eonsang,1,,eonsang,951,无通用中文名
nekoya_(liu),1,nekoya|nekoyaliu|猫屋,猫夜,953,原名猫屋
gaou_(umaiyo_puyoman),1,gaou|umaiyo_puyoman|がおう|松井宏晃,がおう,950,原名がおう；松井宏晃是汉字写法
mitsumi_misato,1,misapen|mitsumi|mitsumi_m|みつみ美里,みつみ美里,950,原名みつみ美里
oroborus,1,,oroborus,950,西方画师
kara_(color),1,から,から,948,原名から
shimouki_izui,1,izui_alter|izui_shimouki|simoukiizui|xiafuizui|下浮イズイ,下浮イズイ,948,原名下浮イズイ
shin_(new),1,shin|ν本舗|しんたく,真,948,原名しんたく；ν本舗是社团
hibiki_(zerocodo),1,hibiki|hibiki_zerocodo,hibiki,947,无通用中文名
hamao,1,hamao-freelife|hamao_freelife,hamao,946,无通用中文名
omone_hokoma_agm,1,阿戈魔AGM,阿戈魔AGM,946,中文画师，社区通用阿戈魔AGM
ateoyh,1,ateoyh_re,ateoyh,945,无通用中文名
genyaky,1,geny|ky|げんやき|恭弥,げんやき,944,原名げんやき；恭弥是别号
i.u.y,1,,i.u.y,944,无通用中文名
marugoshi_(54burger),1,54burger|maru54|marugoshi|まるごし,まるごし,944,原名まるごし
shiratama_(shiratamaco),1,shiratama|shiratama_(sarico)|shiratamaco|shiratamako|しらたま,白玉,944,原名しらたま
siu_(siu0207),1,siu|siu000207|siu0207|シウ,シウ,944,原名シウ
chado,1,chada|chada_(tohosanhun)|チャダ|徒歩二分|茶戸,茶户,943,原名チャダ；徒歩二分是社团
kusanagi_tonbo,1,kusaton|tonbo9|草凪とんぼ|草凪蜻蛉,草凪蜻蛉,943,原名草凪蜻蛉
komaku_juushoku,1,cp_komac|komacj|komaku_bunta|鼓膜|鼓膜住职|鼓膜住職,鼓膜住職,941,原名鼓膜住職
nassukun,1,nassu-kun|nassukun_dayo|nassukunfc|ナッス君,ナッス君,939,原名ナッス君
sooon,1,,sooon,939,无通用中文名
porforever,1,porforever's,porforever,938,西方画师
kiyama_satoshi,1,紀山聡,纪山聪,937,原名紀山聡
pataneet,1,pata|pataniito|ぱたにーと,ぱたにーと,937,原名ぱたにーと
mtu_(orewamuzituda),1,mtu|mtu17830715|mtu45450721|orewamuzituda,mtu,936,无通用中文名
yagisaka_seto,1,raimon_seto|seth_yagisaka|yagisaka_seth|矢木坂せと,矢木坂せと,935,原名矢木坂せと
miuku_(marine_sapphire),1,marine_sapphire|海蒼玉,海蒼玉,933,原名海蒼玉
neki_(wakiko),1,neki|wakiko|わき,わき,932,原名わき
komatsu_eiji,1,komatsu_e-ji|駒都えーじ,駒都えーじ,931,原名駒都えーじ
torisan,1,tori33|tori_no_oishii_tokoro|鳥三,鳥三,930,原名鳥三
ibuki_notsu,1,ibukinotsu|notsu_(ryokuthi)|notsugimi|sai_no|sai_no_man|のつ|伊吹のつ,伊吹のつ,929,原名のつ
komeshiro_kasu,1,kasu1923|米白粕|粕1923,米白粕,928,原名米白粕
kuzuryuu_kennosuke,1,kuzu_ken|kuzuken|kuzuryuu_kenosuke|quzryu_kennosuke|九头龙剣之介|九次元|九頭龍剣之介,九頭龍剣之介,928,原名九頭龍剣之介；九次元是社团
yuki00yo,1,yuki00y|yuki930407|由紀,由紀,927,原名由紀
konbu_wakame,1,aconbwakame|konbu|konbuwakame|unkonb|昆布|昆布わかめ,昆布わかめ,926,原名昆布わかめ
herada_mitsuru,1,herada_(yago_no_ana)|ヘラダミツル,ヘラダミツル,925,原名ヘラダミツル
otohime_(youngest_princess),1,おとひめ,おとひめ,925,原名おとひめ
urin,1,p_urin|卯林|热帯雨林,卯林,925,原名卯林
gakky,1,,gakky,924,无通用中文名
momio,1,momi0|momio_(hisagoya)|もみお|瓢屋,もみお,922,原名もみお；瓢屋是社团
ryuusei_(mark_ii),1,ryuusei_r|流星|许寒凌,流星,922,原名流星
advarcher,1,甄立堅,甄立坚,921,中文画师，社区通用华裔名甄立坚
hiten_(hitenkei),1,hiten|hiten0000|hiten_goane_ryu|hitenkei|飛天|飛天御姉流,飛天,921,原名飛天
melowh,1,melowh_|melowh_art|melowh_art2|melowh_art3,melowh,921,西方画师
pako_(pakosun),1,hsspako|pako|pakosun|ぱこ,ぱこ,921,原名ぱこ
kapatarou,1,kapatarosu-ma-shi|かぱたろー,かぱたろー,920,原名かぱたろー
akina_tsukako,1,tsukako|秋奈つかこ,秋奈つかこ,919,原名秋奈つかこ
youkan,1,youkan-hh|youkan_hh|ようかん,ようかん,919,原名ようかん
mamaloni,1,crunchy_mmloni|稚野まちこ,稚野まちこ,918,原名稚野まちこ
surio,1,surioqq|surioqq02|surioqq03|surioqq04|surioqqii,すりお,918,无通用中文名
cuboon,1,cuboon_(wireheads)|スミス|三角,三角,917,原名三角
hitsukuya,1,hitsu,ひつく屋,917,未知原名，保留下划线名
rakugaki-biyori,1,hachimaki_(rakugaki-biyori)|kirin_(rakugaki-biyori)|rakugakibiyori,rakugaki biyori,917,无通用中文名
kousei_(public_planet),1,kousei|public_planet|公星,公星,916,原名公星
zucchini,1,zucchini0|zucchini0923|zucchini2008|zucchini923,ズッキーニ,916,无通用中文名
hitotsuki_nebura,1,heru02naonebura|hitotuki_nebura|ichitsuki_nebura|mebura_kazama|nebura,ひとつきねぶら,915,未知原名
melon22,1,melon22_art_works|melon_nii_nii|melonnyinyi,melon22,915,无通用中文名
hanzou,1,hanzou3_55|hanzou4|hanzou5|半蔵,半蔵,914,原名半蔵
nagare,1,nagare_(zakkikki)|nagarenu|nagarenu5,nagare,913,无通用中文名
sano_toshihide,1,sano|佐野俊英,佐野俊英,913,原名佐野俊英
shibacha,1,shibacha_0728|柴茶,柴茶,910,原名柴茶
xenon_(for_achieve),1,xenon919|zenon_(for_achieve)|世音,世音,909,原名世音
mattari_yufi,1,,mattari yufi,908,无通用中文名
takayaki,1,takaya-ki|takaya_ki,takayaki,908,无通用中文名
furukawa_(yomawari),1,furukawa_odoro,furukawa,907,无通用中文名
kagematsuri,1,kage-matu-re|kage_matu_re|kage_maturi|kagematu-re12345|kagematuri|猿田彦|阴_祭|阴祭|陰祭,陰祭,907,原zh猿田彦是别号；今名陰祭
mamuru,1,mamuru26|mamuru_(tansan_senbei),まむる,907,未知原名
cool-kyou_shinja,1,cool-kyou_dai-3_shibu|cool-kyou_dai3shibu|coolkyou2|coolkyousinnjya|ilovecool|kuuru_kyou_shinja|酷教信者,cool教信者,906,原名クール教信者
pekeko_(pepekekeko),1,pekeko|pepekekeko,ペケこ,906,未知原名
jtveemo,1,jt_veemo|veemo|veemogallery,ビモ,905,无通用中文名
minato_hitori,1,hitori|hitori_(pixiv194211)|hitori_de_dekirumon|みなと|火鳥,火鳥,904,原名火鳥
ashiyama_yoshinori,1,ashiyama|ashiyama_yn|无产者公司|芦山|芦山叔伯|芦山文学|芦山论社,芦山,903,原名芦山
lielos,1,soleillielos,ゆいれそ,903,无通用中文名
yoako,1,,yoako,903,无通用中文名
hotate-chan,1,hotate0731|hotate3333333,ほたてちゃん,902,无通用中文名
katayama_kei,1,katakei_(wagocolo),katayama kei,902,无通用中文名
coffee-kizoku,1,珈琲貴族,咖啡贵族,901,原名珈琲貴族
pononozo,1,,ぽののぞ,901,无通用中文名
kyouda_suzuka,1,kyouda_motors|kyoudasuzuka|sssuzukan|suzuka_(sariwo22)|suzuka_sario|suzukannn|suzusari,kyouda suzuka,900,无通用中文名
yone_kinji,1,yonekinji|与根金次,与根金次,900,原名与根金次
casino_(casinoep),1,casino|casinoep,カジノ,899,无通用中文名
deaver,1,deaver0211|deaver0501|deaver1104|deaver1229|eaverd|verdey,deaver,897,无通用中文名
exlic,1,artexlic|exlicru,exlic,897,无通用中文名
meimaru_inuchiyo,1,meimaru|meimaru_(plutoknights)|冥丸イヌチヨ|瞑丸イヌチヨ|酩酊,瞑丸イヌチヨ,897,原名瞑丸イヌチヨ；原zh瞑丸不完整
whoosaku,1,whooosaku,whoosaku,897,无通用中文名
blushyspicy,1,blushy-pixy|blushy/spicy|blushypixy|hothot_spicy|pollo-chan,blushyspicy,896,无通用中文名
sugimura_tomokazu,1,杉村友和,杉村友和,896,原名杉村友和
boushi-ya,1,boushi-ya_(soregashiya)|boushiya|bousiya44|soregashi-ya|山高帽|某氏屋,boushi-ya,895,原名boushi-ya；山高帽是站点
yume_shokunin,1,夢職人,夢職人,895,原名夢職人
halcon,1,halcon_matsumoto|halconnen2|ore_halcon|orehalcon,はるこん,894,无通用中文名
born-to-die,1,b0rn-t0-die,born-to-die,893,无通用中文名
fuantei,1,ふあん亭|米泥棒,ふあん亭,893,原名ふあん亭；原zh米泥棒是别号
mahoro_(minase_mahoro),1,mahoro|minase_mahoro,まほろ,893,未知原名
tsukareta_san,1,tsukareta-san,tsukareta-san,893,无通用中文名
mikazuki_akira!,1,,mikazuki akira,892,无通用中文名
tetsu_(kimuchi),1,kimuchi|tetsu_(onibuchi)|鬼武致|鬼武致_〜キムチ〜,てつ,892,原名鬼武致
774_(nanashi),1,774|774_(774_house)|774_(nanashi_house)|774_house|nanashi|七七四,七七四,891,原名774（七七四）
haoni,1,haoni_ex|haoniga|haonimusic|huang_haoni|豪|豪哥,豪哥,891,中文画师，社区通用豪哥
k_hiro,1,k_hiro0828|k_hiro_(omokaji_ippai_ippai)|keehiro|keehiro_(omokaji_ippai_ippai),k._hiro,891,无通用中文名
d-rex,1,d-rex-art,d-rex,890,无通用中文名
harigane_shinshi,1,hariganeshinsh1|hariganeshinshi|棒人間|針金紳士|针金绅士|针金绅士同盟|针金绅士🔞,针金绅士,890,原名針金紳士
sukoyaka_(100hituzi),1,100hituzi|100sukoyaka|すこやか,すこやか,890,原zh齐藤是汉字名，主用平假名すこやか
zankuro,1,zankuro-kxii|zankuroo|zankurou,ザンクロー,890,无通用中文名
torinone,1,hayakawa_torinone|torinone_h,torinone,889,无通用中文名
cian_yo,1,cianyo|h.cian.yo|千呦,千呦,888,中文画师，社区通用千呦
dopey_(dopq),1,dopey_(yy624)|dopq,dopey,888,无通用中文名
hwansang,1,,hwansang,888,无通用中文名
yamu_(reverse_noise),1,reverse_noise|yamu|yamu!,やむっ,888,无通用中文名
falken_(yutozin),1,yutozin,falken,887,无通用中文名
mataro_(matarou),1,mataro|mataro777|mataro_777|matarou|matarou_(mataro777)|matarou_no_death_blog|マ太郎|魔太郎,魔太郎,886,原zh限界突破是别号；今名魔太郎
kurozawa_yui,1,kurosawa_rui_(hjkl42332)|kurozawayui5213|黒沢|黒澤_ユイ,黑泽ユイ,885,原名黒澤ユイ
kafun,1,hanakonakafun|kafuuun|kafuuuun|kafuuuuun,kafun,884,无通用中文名
kawakami_rokkaku,1,kawakamirokkaku|川上六角,川上六角,884,原名川上六角
bigkwl,1,,bigkwl,883,无通用中文名
kobuichi,1,こぶいち,小舞一,883,原名こぶいち
popqn,1,,popqn,883,无通用中文名
iwashi_dorobou_-r-,1,iwashi_dorobou_r,iwashi dorobou,881,无通用中文名
joy_ride,1,joyride1969,joy ride,880,无通用中文名
morisobo,1,mori_sobo|morisobo242070,morisobo,880,无通用中文名
kuroboshi_kouhaku,1,kuroboshi|黑星红白|黒星紅白,黑星红白（饭冢武史）,878,原名黒星紅白，中文社区通用黑星红白；原zh饭冢武史是本名
robaato,1,,robaato,878,无通用中文名
torriet,1,,torriet,878,无通用中文名
madcore,1,,madcore,877,无通用中文名
nozo_(hitomiz),1,hitomiz|nozo,nozo,877,无通用中文名
bison_cangshu,1,bison|bison_(artist)|bisonbison|bison仓鼠|bison倉鼠,bison倉鼠,876,中文画师，社区通用bison仓鼠
shuri_(84k),1,84k|ebina|shuri|シュリ|朱里,シュリ,876,原名シュリ
jetto_komusou,1,jet_comusou|jet_komusou,jetto komusou,875,无通用中文名
shashaki,1,,shashaki,875,无通用中文名
soejima_shigenori,1,副島成記,副岛成记,880,P5画师，原名副島成記
komusou_(jinrikisha),1,jinriki_psychedelic_komusou|jinrikisha|komusou|psychedelic_komusou|こむそう|人力社|虚无僧|虚無僧,こむそう,874,原zh丸描是别号；今名こむそう
donguri_suzume,1,donguri-suzume0|donguri_neko0|donguri_suzume0|dongurisuzume|我慢汁,donguri_suzume,873,原zh我慢汁是别号，无广泛接受中文名用原名
finalcake,1,notsofinalcake|ura_cake|uracake,finalcake,873,无通用中文名
kazutake_hazano,1,hazano_(elm-pirika)|hazano_(teigi)|k._hazano|k.hazano|kazutake_(elm-pirika)|kazutake_ttt|zano|和武はざの|葉佐乃,和武はざの,873,原名和武はざの
shibori_kasu,1,搾粕|羽怜治,搾り課す,874,原名搾粕
norman_maggot,1,jazzmaggot|maggot666|maggot666draws|normanmaggot|normanpratama,norman maggot,872,无通用中文名
makicha_(sasurainopink),1,makiazumakikazu|makicha|makicha_makinote|makino_kazutoshi|makinotemakicha|sasurainopink|牧茶|牧野和俊,牧茶,869,原名牧茶
nottytiffy,1,cozykittytiffy|cutietiffy|dailyposttiffy|fasttiffy|fittiffy|lewdtiffyplz|moongalu_tiffy|nottykittytiffy|realnottytiffy|realtiffynyaa|smugtiffyplz|tiffany|tiffany_(nottytiffy)|tiffy|tiffy's_cozy_corner|tiffy-patreon|tiffy_(nottytiffy)|tiffy_(realnottytiffy)|tiffy_summer_insomnia|tiffyangryplz|tiffycryplz|tiffynyaa|tiffytropical|vrtiffy|vtubertiffy,nottytiffy,869,无通用中文名
inu_(aerodog),1,aerodog|inu|志偉|高畑敬一,犬,868,中文画师，社区通用志伟
kimoshi,1,,きもし,868,无通用中文名
sunhyun,1,sunhyun3715,そんひょん,868,无通用中文名
akagashi_hagane,1,hagane_redoak|赤㭴|赤樫|赤樫はがね,赤樫はがね,867,原名赤樫はがね
nanashiro_gorou,1,nanashirogorou|七城五郎,七城五郎,866,原名七城五郎
watarui,1,watarai|watarai_kou|wataru_(nekomiya)|亘井|寝屋|渡井亘,渡井亘,864,原名渡井亘
goto_p,1,goto-p|gotop|gotop12|後藤宏志,goto_p,863,原名後藤宏志
silence_girl,1,silencegirl|silencegirl100|沉默少女,沈默少女,863,原名沉默少女
boa_(brianoa),1,,boa,862,无通用中文名
greatm8,1,greatb8sfm,greatm8,862,无通用中文名
jingai_modoki,1,jingaimen,人外モドキ,861,无通用中文名
keenh,1,,keenh,861,无通用中文名
yaomai,1,,やおまい,862,无通用中文名
shimmer,1,,shimmer,860,无通用中文名
norasuko,1,nora_suko|norasuko-art|norasuko-safe|norasuko_|norasuko_safe,ノラスコ,859,无通用中文名
osiimi,1,osiimi-chan|osiimi187|osiimiartist|osiimichan,osiimi,858,无通用中文名
ewa_(seraphhuiyu),1,波笛卡多羽|絵羽|绘羽,绘羽,857,中文画师，社区通用绘羽
shinama,1,shinama_(katamariya)|shinama_(namashibori)|shinamachitonda,しなま,857,无通用中文名
donburi_(donburikazoku),1,donburikazoku,丼,856,无通用中文名
yt_(wai-tei),1,beernomitaiyt|t-h-yt|wai-tei|wait_(t-h-yt)|yt,yt,855,无通用中文名
sak_(lemondisk),1,lemondisk|mimmi_sak|sak|sak_erokawai|sakmimmi,sak,854,无通用中文名
kouno_hikaru,1,,kouno hikaru,853,无通用中文名
mpien,1,m-pien|mpien6,mpien,852,无通用中文名
yamashichi_(mtseven),1,mtseven,yamashichi,851,无通用中文名
dermar,1,dermar_gg|dermar_gg3|dermar_tt,dermar,850,无通用中文名
minamura_haruki,1,minamura_(blackgate)|皆村春树|皆村春树💪😎🎨🔞|皆村春樹,皆村春樹,850,原名皆村春樹
baffu,1,baffu_(bonnie)|bonnie_(baffu),baffu,849,无通用中文名
you_(noanoamoemoe),1,you,you,852,无通用中文名
crumbles,1,,crumbles,847,无通用中文名
koku,1,,克,847,无通用中文名
megao_3rd,1,megao_third,megao 3rd,847,无通用中文名
gotyou,1,5tyou|伍長|护蝶|護蝶,伍長,846,原名伍長
hm_(hmongt),1,hm|hm-hmongt|hm_hmongt|hm_manga|hmongt|hmsmanga,hm,846,无通用中文名
petenshi_(dr._vermilion),1,dr._vermilion|petenshi|petenshi5648,ペテン师,846,无通用中文名
dannex009,1,,dannex009,845,无通用中文名
ndgd,1,_ndgd|ndgd'storage|ndgd-nsfw,ndgd,845,无通用中文名
natsuki_teru,1,natsukiac52,natsuki teru,844,无通用中文名
onsoku_inu,1,onsoku_maru|onsokumaru_(3secondsrule)|音速丸|音速犬,音速丸,844,原名音速丸
saishosaisekojo,1,税所再生工場,税所再生工場,843,原名税所再生工場
bluefield,1,,bluefield,842,无通用中文名
hetza_(hellshock),1,hellshock|hetza,hetza,842,无通用中文名
seihekiog,1,,seihekiog,842,无通用中文名
deetamu,1,,deetamu,841,无通用中文名
hemogurobin_a1c,1,gurobin|hemoa1c|hemoglobin_a1c|へもぐろびんa1c|出血観察日記|出血観察日记２册目|星海月,へもぐろびんa1c,840,原名へもぐろびんa1c
op_na_yarou,1,op_na_dayo,op na yarou,839,无通用中文名
alpha_(yukai_na_nakamatachi),1,alpha|alpha64cat|alpha_(artist)|alphacat|有葉,有葉,838,原名有葉
hayashiya_zankurou,1,hayashiya_zangourou|hayashiya_zankuro|林屋斬紅郎,林屋斬紅郎,838,原名林屋斬紅郎
rebe11,1,rebe11_848141|rebe11_h,rebe11,852,无通用中文名
shikito_(yawa0w0),1,grslst_sikito|shikito|sikito0w0|yawa0w0,shikito,838,无通用中文名
suyasuyabi,1,suyasuyabi427|suyasuyabizoy,suyasuyabi,838,无通用中文名
y.ssanoha,1,想象力贫乏球菌,想象力贫乏球菌,838,中文画师，社区通用此名
cream_(nipakupa),1,creamdf|creamy|nipakupa|vcream_unnow,cream,837,无通用中文名
fuya_(tempupupu),1,fuya|fuya_(artist)|fuyafuyu|fuyahana|temp|tempupupu,fuya,837,无通用中文名
iahfy,1,iahfyart,iahfy,837,无通用中文名
jyt,1,ecyjyt|ecyjytzyzjyt|二次元绝缘体|萌萌人,JYT/绝缘体,837,中文画师，社区通用二次元绝缘体
kupa_(jesterwii),1,jesterwii,kupa,837,无通用中文名
ouma_tokiichi,1,touma00|逢魔刻壱,逢魔刻壹,835,原名逢魔刻壱
ruukii_drift,1,菜飘|菜飘烙饼,菜飘烙饼,835,中文画师，社区通用菜飘烙饼
haoro,1,,haoro,834,无通用中文名
doremi_(doremi4704),1,doremi|doremi4704,doremi,833,无通用中文名
akino_shuu,1,akinoshuu,akino shuu,833,无通用中文名
hirano_katsuyuki,1,tsuyuki|tsuyuki_valis|平野克幸|津雪,平野克幸,832,原名平野克幸
ryouka_(suzuya),1,suzuya|凉屋|涼香,涼香,832,原名涼香
wata_do_chinkuru,1,chinkuru|chinkuru_(artist)|wata_domingez|watabee|watadochinkulu|watadochinkuru|チンクル,wata do chinkuru,832,无通用中文名
mae_(maesanpicture),1,mae|maesanpicture,前,831,无通用中文名
poch4n,1,poch4n_art|pochan-kun,poch4n,831,无通用中文名
seneto,1,senetoisnantoka,セネト,831,无通用中文名
itou_yuuji,1,,イトウゆーじ,830,无通用中文名
unowen,1,8unowen8|恭一|所属不明|雪见団子,unowen,830,原zh恭一是别号
caffein,1,caffein89|caffein:underage:_,caffein,829,无通用中文名
jizeru_(giselebon),1,giselebon|jizeru|jizeru_(meitei_sketch)|jizeru_(moonside_0x0)|じぜる,じぜる,828,原名じぜる
umekichi,1,umeumekiti|umeumekiti_,ウメ吉,828,无通用中文名
amazuyu_tatsuki,1,甘露樹,甘露樹,826,原名甘露樹
sutahiro_(donta),1,donta|stu-hiro|stuhiro|stuhiro_origin|sutahiro,すたひろ,826,无通用中文名
harumina_mau,1,harumi_namau|uryuuminene|uryuuminene18|uryuuminene714|uryuuminene8|春水麻宇,春水麻宇,824,原名春水麻宇
ichiba_youichi,1,ichib_a_dinbi|ichiba_adirbi|市葉葉市,市葉葉市,824,原名市葉葉市
marumikan,1,丸美甘,丸美甘,824,原名丸美甘
matsuda_(matsukichi),1,kei_matsuda|matsukichiii|matsukitchi|matsukitchi12|matsukitchi2007ym|松吉|松田庆|松田慶,ユウスケ,824,原名松吉
ucmm,1,,ucmm,824,无通用中文名
ameno_(a_meno0),1,a_meno0|a_meno_0|me_(ameno),雨之,823,无通用中文名
aoi_(annbi),1,annbi|aoi|aoi_(wobumi)|aoi_(yahai),あおい,823,无通用中文名
jabara_tornado,1,jabaland|jabara-921|jabara921|jabara_alexander|jabara_hydro_pressure_cannon|jabara_tornado-p|jabara_unrivaled_piercer|jabarand|jabaratornado,蛇腹トルネード,823,无通用中文名
porurin,1,,ポルリン,823,无通用中文名
sseopik,1,,sseopik,823,无通用中文名
konpeto,1,conpeto|konpet,konpeto,822,无通用中文名
lm_(legoman),1,legoman|lmsketch,lm,822,无通用中文名
aogisa,1,aogisa_nanoda|gisagisao|gisagisaoo,aogisa,821,无通用中文名
amagi_(amagi626),1,天城|天城桜|天城樱,天城樱,820,原名天城桜
lokulo_no_mawashimono,1,lokulo|lokulo_no|lokulono77|rokuro_no_mawashimono,lokulo,820,无通用中文名
t2r,1,,t2r,819,无通用中文名
berusuke_(beru_no_su),1,bell-suke|beru_no_su|berusuke|berusuke_(daimaoh)|berusuke_(daimaoh0510)|berutasu|ベル助|真田源次郎ベル助,ベル助,818,原名真田源次郎ベル助
rei_(rei's_room),1,rei|rei's_room|reisama|reisamaroom|reisroom|reisroomjapan|reisroomtaiwan|累累神獸,累累神獸,818,中文画师，社区通用累累神兽
amasora_taichi,1,amasorataichi|amasoraweb|天空太一,天空太一,817,原名天空太一
xiujia_yihuizi,1,xiu_jiayihuizi|一慧|二惠|休嫁一慧|休嫁一慧子,休嫁一慧,817,中文画师，社区通用休嫁一慧
kurou_(quadruple_zero),1,quadruple_zero|九郎,九郎,816,原名九郎
makuran,1,,makuran,816,无通用中文名
tama_(tamatamo),1,黑牛,쿠로,816,原zh黑牛是中文音译，未广泛接受；韩文原名쿠로
tsuji_santa,1,t_santa|津路参汰,津路参汰,816,原名津路参汰
barbariank,1,,barbariank,815,无通用中文名
chita_(ketchup),1,chita|chita_(hachi1008)|chita_(hachita)|hachita|ketchup,chita,815,无通用中文名
gentsuki,1,gentsuki_okiba|gentuki0999,ゲンツキ,815,无通用中文名
mx2j,1,mx2j_(nsh6394),mx2j,815,无通用中文名
ninai,1,ninai123|ninai_123|ninainaidesss,ninai,815,无通用中文名
ransusan,1,ransu2gou|ransu33|ransu_33|ransu_r18,ransusan,815,无通用中文名
hiro_(hirohiro31),1,hiro07hiro|hirohiro31,博,814,无通用中文名
robo_mikan,1,robomikan,ロボみかん,814,无通用中文名
momiji_mao,1,mamomiji|maomomiji|momiji55|momiji_monomi,もみじ真魚,811,无通用中文名
tottotonero,1,neroringa|nerotaroo|tottoto_nero_tarou|tottoto_nerotarou|tottotonerotarou.,tottotonero,811,无通用中文名
abe_kanari,1,kanariabe,abe kanari,810,无通用中文名
felutiahime,1,bellezza_felutia_(illust)|bellezzafelutiaillust|felutia,felutiahime,810,无通用中文名
kawata_hisashi,1,亲父油|河田優|河田正人|親父油,カワタヒサシ,810,原名河田優；原zh河田优少字
mata_(matasoup),1,mata|matadev|matasoup,mata,810,无通用中文名
mazjojo,1,mazjojo_productions|mazjojoart|mazjojomania,mazjojo,810,无通用中文名
pochincoff,1,ポチンコフ,ポチンコフ,810,原名ポチンコフ
sen_(astronomy),1,astronomy|sen|sen_astronomy|senkousya,sen,809,无通用中文名
arnest,1,arnest-1|arnest_,arnest,808,无通用中文名
ricegnat,1,,ricegnat,809,无通用中文名
kiri_futoshi,1,kirita|kiritaxxx,kiri futoshi,807,无通用中文名
nagishiro_mito,1,lemon_mito|mito|mito-nagishiro|mito_nagishiro,凪白水户,807,无通用中文名
amazon_(taitaitaira),1,amazon-amazon|amazon_(takahiro)|amazonamazon|夏日和|雨存,雨存,806,原名雨存
miclot,1,,miclot,806,无通用中文名
mutsuki_(moonknives),1,moonknives|牟憑,睦月,805,原名牟憑
mosho,1,,mosho,804,无通用中文名
socha,1,socha1980|socharu|socharu.|粗茶,粗茶,804,原名粗茶
tama_(tamago),1,tama38302460|tama_(artist)|tama_(seiga46239239)|tamago|tamatam36299481,tama,805,无通用中文名
nanoless,1,nano|nano-less|nano_projects|nanoless_|nanolessp|nanoteev,nanoless,803,无通用中文名
alp,1,alp315|alp3151,あるぷ,803,无通用中文名
infinote,1,infinity_note,infinote,802,无通用中文名
kojima_saya,1,kojimasaya|小島紗,小岛纱,802,原名小島紗
namaniku_atk,1,nama-niku|namanikuatk|pandaniku|yakiniku_atk|yakinikuatk,namaniku atk,802,无通用中文名
lemon89h,1,lemonblam66,lemon89h,801,无通用中文名
diesel-turbo,1,deezeru_(diesel)|deezeru_(diesel-turbo)|deezeru_(turbo)|diesel_(turbo)|diesel_turbo|dieselturbo,diesel turbo,800,无通用中文名
m.m,1,,えむえむ,800,无通用中文名
hirasaka_makoto,1,hiraizumi_koto|比良坂真琴,比良坂真琴,799,原名比良坂真琴
hyde_(tabakko),1,hideinhyde|hyde,hyde,799,无通用中文名
sumeragi_kohaku,1,sumeragitec,すめらぎ琥珀,796,无通用中文名
tenshin_amaguri_(inobeeto),1,inobeeto|tenshin_amaguri|転進甘栗,转进甘栗,795,原名転進甘栗
migolu,1,-migolu-|ミグル,migolu,795,无通用中文名
noah_(tettsui-sole),1,noa|noah|noaharbre|tettsui-sole,のあ,794,无通用中文名
rioshi,1,riosi|riosi_rrr,rioshi,794,无通用中文名
seramikku,1,ceramic|ceramic06|spaceceramic,seramikku,794,无通用中文名
yu-ta,1,YU-TA|yu-ta_(air_box)|yu-ta_(yuta)|yuta_(yu-ta)|ゆた|百合型駆逐艦曙|雾华|霧華,ゆた,794,原名YU-TA/ゆた；原zh百合型駆逐舰曙是别号
gawako,1,gawako_|gawako_koremo,がわこ,795,无通用中文名
mukakin,1,mukakin08,mukakin,793,无通用中文名
nogi_takayoshi,1,,nogi takayoshi,793,无通用中文名
sakimori_(hououbds),1,hououbds|sakimori|防人,防人,793,原名防人
sakimori_dan,1,yadonashi_danbooru,sakimori dan,793,无通用中文名
muuran,1,,むーらん,791,无通用中文名
okpriko,1,,okpriko,791,无通用中文名
poronegi,1,poronegi_(asatsuki)|poronegi_(syuu1923),poronegi,791,无通用中文名
riz,1,rizdraw|rizdraws|rizdraws_art|rizdrawslewds,riz,790,无通用中文名
koutaro,1,koutarong,こうたろ,789,无通用中文名
nishikujic,1,苍蓝西九时|西九时,苍蓝西九时,789,中文画师，社区通用苍蓝西九时
themaestronoob,1,the_maestro_noob,themaestronoob,789,无通用中文名
qiandaiyiyu,1,qiandailove|千代以宇,Qiandai以宇,788,中文画师，社区通用千代以宇
kasuga_yukihito,1,かすがゆきひと|春日雪人,春日雪人,787,原名春日雪人
kurokoshou_(emuburemu123),1,emuburemu1|emuburemu123|kurokoshou|kurokosyou50|黑胡椒|黒故障,黒胡椒,787,原名黒故障
lazyartlazy12,1,lazyartdoeslazythings|thelazyartistdoes,lazyartlazy12,787,无通用中文名
seiru_(prairie),1,seiru,seiru,787,无通用中文名
bacius,1,bacius9,bacius,786,无通用中文名
miwa_shirow,1,shirow_miwa|三輪|三輪士郎|三轮士郎,三輪士郎,786,原名三輪士郎；原zh三轮缺字
tsukiyo_(skymint),1,skymint|tsukiyo|tsukiyopoke|月夜,月夜,786,原名月夜
chacharan,1,chacha_ran|chacharan33,茶々らん,785,无通用中文名
echj,1,echjxion|二次合金|茶壶菌|贰赐,二次合金,785,原zh-贰赐-是别号；社区通用二次合金
karory,1,karomix|karoryyy|karoryyyyy|かろり|加(ry,かろり,785,原名かろり
orphen_(pink_seito),1,orphen|pink_seito,orphen,785,无通用中文名
kiku_hitomoji,1,kiku_hitomozi|kiku_masamune|kikumasamune|菊一文字|菊正宗,菊一文字,784,原名菊一文字
kotoyama,1,cotoyama|koto_(brdr)|koto_(coto)|コトヤマ|言02,コトヤマ,784,原名コトヤマ；原zh言02是汉字写法
takanashi_kei_(hitsujikan),1,hitsujikan|kei_takanashi|takanashi_kei|takanashie|takanashik|小鳥遊_啓|小鳥遊啓|小鸟游启,小鳥遊啓,784,原名小鳥遊啓；原zh带下划线
ao_banana,1,aoiro_banana,青ばなな,783,无通用中文名
yakob_labo,1,chicken_labo|urakobu|yakob|yakobu|yakoburehu|yakov|yakovlev,yakob labo,783,无通用中文名
daaku_(koizumi_arata),1,daaku|koizumi_arata,daaku,782,无通用中文名
festa11307070,1,coro1130,festa11307070,782,无通用中文名
henyaan_(oreizm),1,henyaan|oreizm|へにゃーん|脳狂牛乳,へにゃーん,782,原名へにゃーん；原zh脳狂牛乳是旧号
nannacy7,1,,nannacy7,782,无通用中文名
nodachi_(nodati51),1,nodachi_(artist)|nodati5|nodati51|nodati53|sabudachi66786,nodachi,783,无通用中文名
yonu_(yonurime),1,nyonu|nyonunu|nyonurime|nyonuronpa|yonu|yonurime,よる,782,无通用中文名
daizu_(melon-lemon),1,daizu|melon-lemon|大豆|组长,大豆,781,原名大豆
elfenlied22,1,elfen|elfenlied09,elfenlied22,781,无通用中文名
fumitan_(humitan),1,fumitan|humitan|humitan_burst|humitandx|yanagida_fumita|ふみたん|柳田史太,柳田史太,780,原名柳田史太
ramudia_(lamyun),1,lamyun|ramudia|ramudia_(akami-dou)|ramudia_(takahasiy)|ramuta,ramudia,780,无通用中文名
musouzuki,1,musouduki|夢双月|隠居月,夢双月,779,原名夢双月
takahashi_kurage,1,kurageruge3|くらげるげ|高橋海月,高橋海月,779,原名高橋海月
wakura_(gcdan),1,gcdan|wakura|wakura081|wakuradosukebe,わくら,779,无通用中文名
derauea,1,,でらうえあ,778,无通用中文名
huhi_(huhi_1211),1,huhi|huhi01|huhi_1211,huhi,778,无通用中文名
tasaka_shinnosuke,1,tasashin|田阪新之助,田阪新之助,778,原名田阪新之助
kobayashi_chisato,1,chisato-k|kobayashi|小林|小林ちさと,小林ちさと,777,原名小林ちさと；原zh小林缺字
kumadano,1,kuma|kuma_no_tooru_michi|kumada|kumadano02|kumamichi|kumano_tooru,kumadano,777,无通用中文名
shirotsumekusa,1,城爪草,城爪草,778,原名城爪草
tori_(minamopa),1,tori_(kanaria),tori,777,无通用中文名
ideolo,1,ideolo_(neko_worki),ideolo,777,无通用中文名
mina_cream,1,minacream|minacreamu|minaqueenu,mina cream,776,无通用中文名
givuchoko,1,gibuchoko,givuchoko,774,无通用中文名
hajika,1,hajika-_-|hajika14|hajika_,hajika,774,无通用中文名
miyasu_risa,1,りさっちょ|ミヤスリサ,ミヤスリサ,774,原名ミヤスリサ
munmu-san,1,,munmu-san,774,无通用中文名
reverse_(bluefencer),1,bluefencer|reverse|reverse_(artist)|reverse_(blue2p)|reverse_(taga-tameni)|反転时计|白桜|黑椿,白樱,774,原名白桜
shinanoya_(satanicad),1,satanicad|shinanoya|shinanoya_maguro|sinano-ya|sinanoya|しなの屋|怪奇骨董少女函,しなの屋,774,原名しなの屋；原zh怪奇骨董少女函是别号
harusame_(unmei_no_ikasumi),1,harusame|harusame13|harusame_(harusame13)|unmei_no_ikasumi|春雨,春雨,773,原名春雨
ukata,1,,ukata,773,无通用中文名
hairu,1,はいる|桃幻食研,はいる,772,原名はいる；原zh桃幻食研是社团
hatano_kiyoshi,1,hatano|hatanokiyoshi,hatano kiyoshi,772,无通用中文名
yappen,1,,ヤッペン,772,无通用中文名
onija_tarou,1,onija|onija_taro,onija tarou,771,无通用中文名
yuuma_(skirthike),1,skirthike|yuuma_(skirt)|祐馬,祐马,771,原名祐馬
kitahara_tomoe_(kitahara_koubou),1,kitahara_koubou|kitahara_tomoe.|kitahara_tomoe_(artist)|kitaharakobo|kitaharatomoe|moe_(kitahara_koubou)|きたはらともえ。|北原工房。|北原朋萌|北原朋萌。,北原朋萌。,770,原名北原朋萌
onyhakase,1,,onyhakase,770,无通用中文名
sousou_(sousouworks),1,sousou|sousousousou,sousou,768,无通用中文名
akino_ell,1,akino_el|akino_eru|akinoel,akino ell,767,无通用中文名
aurahack,1,artcrossaura|aurahack18|aurapink18,aurahack,767,无通用中文名
eretto,1,eretto_,えれっと,767,无通用中文名
yonedatomo_mizu,1,yoneda_tomomizu,yoneda tomomizu,767,无通用中文名
gazing_eye,1,gazingeye,gazing eye,766,无通用中文名
konno_tohiro,1,konnotohiro|tohirokonno,konno tohiro,766,无通用中文名
misumi_(niku-kyu),1,misumi01|niku-kyu|美墨,美墨,766,原名美墨
at_classics,1,class|class575003,at classics,765,无通用中文名
fuukadia_(narcolepsy),1,fukadea|fuukadia|manobo,fuukadia,765,无通用中文名
mashuu_masaki,1,koge_masaki|masaki_(kogekorokke)|mashu-masaki|mashuu-masaki|matthew_masaki|マシュー正木|正木,マシュー正木,764,原名マシュー正木
gogiga_gagagigo,1,gagagigo_g|gogiga-gagagigo,gogiga gagagigo,763,无通用中文名
nanaroku_(fortress76),1,nanaroku|nanaroku_yousai|shichiroku|七六|七六要塞,七六,763,原名七六
saki_chisuzu,1,,さき千鈴,763,无通用中文名
seki_(red_shine),1,紅色回転機構|赤,赤,763,原名赤；红色回転机构是社团
soon_(c-u-soon),1,soon2013|soon2016|soon_(6e6e),soon,763,无通用中文名
binsen,1,binsen_(wasuraruru_tegami)|binssen|便箋,びんせん,762,原名便箋
pochi_(pochi-goya),1,iida_pochi|pochi-goya.|pochi.|pochi_(iida_nogi),pochi,762,无通用中文名
rakeemspoon,1,rakeem_garcia-cueto|rakeemgarcia|rakeemgc|rakeenart,rakeemspoon,762,无通用中文名
cromachina,1,cro,cromachina,761,无通用中文名
ekrea_jan,1,ekurea_dji,ekrea jan,761,无通用中文名
kotoba_noriaki,1,,kotoba noriaki,761,无通用中文名
neon-tetora,1,,neon-tetora,761,无通用中文名
taketora_suzume,1,s_taketora|taketora|taketora456,竹虎スズメ,761,无通用中文名
yuto_(dialique),1,dialique,yuto,761,无通用中文名
kawai_ritsu_(rits_meg),1,kawai_ritsu|rits|rits_(apud8788)|rits_kawai|rits_meg|河蓝_葎|河蓝葎|河藍|河藍葎,河藍,760,原名河藍
katou_shinobu,1,katou-shinobu|katou.shinobu|katoushinobu,katou shinobu,759,无通用中文名
mokufuu,1,moku_fu|moku_fuu|もくふう|木風|木风|澄一朗,もくふう,759,原名もくふう；原zh千段櫂船是别号
nyong_nyong,1,bignyongnyong|midnyongnyong|nyongnyong|nyongnyongman|smallnyongnyong,nyong nyong,759,无通用中文名
greenteaneko,1,blackteaneko|greyteaneko|pinkteaneko|绿茶猫,绿茶猫,758,无广泛接受中文名但社区通用绿茶猫
redi_(rasec_asdjh),1,rasec_asdjh|redi|rediola|rediosokiut,redi,758,无通用中文名
tab_head,1,tab_ojisan,tab head,758,无通用中文名
kamukamu_(ars),1,_kamu2|ars|kamu2|kamu2fff|kamu_kamu|kamukamu|kamukamu_(ariake_rising_sun)|kamukamu_(fff)|kamuo-kun|kamuokun,kamukamu,757,无通用中文名
michairu,1,michairu.,ミ茶いる,757,无通用中文名
satou_shouji,1,inzauma_satou|佐藤ショウジ,佐藤想次,757,原名佐藤ショウジ
ancesra,1,ancesra18|n_cesra,ancesra,755,无通用中文名
kokaki_mumose,1,kokakimumose|kokakimumosi|kokamumo|sumomo_(raviklx50uc2r2d),kokaki mumose,755,无通用中文名
takana_shinno,1,kochiya_shinno|synno_takana|takana_shinno_with_kochiya,takana shinno,755,无通用中文名
yukia_(firstaid0),1,firstaid0|yukia|yukiyukia,ゆきあ,755,无通用中文名
kamikiririp,1,風目艮彡,风目艮彡,753,原名風目艮彡
masami_chie,1,chie_no_wa|chie_no_wa.|chienochienowa|masamichie,柾见ちえ,753,无通用中文名
yuri_kyanon,1,,yuri kyanon,753,无通用中文名
mizuumi_(bb),1,bb|mizuumi|mizuumi_bb|瑞海|瑞海🔞👩‍❤️‍💋‍👩,瑞海,752,原名瑞海
chamaji,1,chamaji33|chamawatari|ちゃまじ,茶交,751,原名茶交
jeneral,1,,jeneral,751,无通用中文名
mawaru_(mawaru),1,mawaru|rnawaru|saitou_mawaru|斉藤回,きんたまわる,751,原名斉藤回
michii_yuuki,1,,michii yuuki,751,无通用中文名
morikura_en,1,森仓円|森倉_円|森倉円,森仓圆,752,原名森倉円
mushi024,1,mushi_(mugen_jirai)|mushi_(mushi024)|小虫|无限地雷|真岛小虫|真島小虫,真島小虫,751,原名真島小虫
tsukumo_(soar99),1,soar|soar99|tsukumo|tsukumo_(soar)|tukumo|tukumo99|九十九,九十九,751,原名九十九
gazacy_(dai),1,dai|dai_gazacy|gazacy|gazashii|gazashii_(dai),gazacy,750,无通用中文名
kajimakoto,1,kajimakoto_sub,カジマコト,750,无通用中文名
takatsuki_ichi,1,ichi_(tktk_iti)|iti_takatuki_1|itituki_taka|ititukitaka|takatuki_iti,タカツキイチ,750,无通用中文名
udon_(shiratama),1,oudon-san|oudonsan|shiratama|teitoku_no_udon|udon_(shiratamama)|udon_(shiratamamamama)|udon_teitoku|うどん|炭水化物|白田真|面欲,うどん,750,原名うどん；原zh炭水化物是绰号
23_(real_xxiii),1,k23|real_xxiii|sela_(k23),23,749,无通用中文名
kotobuki_(tiny_life),1,buki|buki_(mkrkrkm)|kotobuki|kotobuki_(mkrkrkm)|kotobuki_tl|kotobukibuki|tiny_life,kotobuki,749,无通用中文名
nitamako_(sakamalh),1,nitamago_(sakamalh)|nitamako|sakamalh|warutamako|yobitamako,nitamako,749,无通用中文名
nollety,1,,nollety,749,无通用中文名
yoi_naosuke,1,enaosuke|greatnaosuke|深度奏,深度奏,749,中文画师，社区通用深度奏；原zh山崎春野是旧名
ddolbang,1,ddolbang1|ddolbang11|ddolbang7965,ddolbang,748,无通用中文名
sakimiya_(inschool),1,-sakimiya-|inschool|sakimiya|sakimiya_hsu|sakimiyatw,sakimiya,748,中文画师，无广泛中文名
nigou,1,ni|二号|２号,二号,747,原名二号
shiratama_(hockey),1,hockey|shiratama|shiratamatank|shirodama|白玉|白玉派,白玉,747,原名白玉
techi_(techi35499),1,techi0001,てち,747,无通用中文名
kisetsu,1,kisetsu20101,kisetsu,746,无通用中文名
nakahira_guy,1,guy|guy_(kiji11)|guy_n|guy_r18|nakahira_gai|中平凱,中平凱,745,原名中平凱
mizuryu_kei,1,mizuryu|mizuryuu_kei|水龍敬,水龙敬,744,原名水龍敬，中文社区通用水龙敬
omar_dogan,1,omardogan1976,omar dogan,745,无通用中文名
osashin_(osada),1,osada_shin|osashin|osashin_(osada4_5),osashin,744,无通用中文名
shirokuma_a,1,baixiong_a|kuma_no_ana|whitebear_a|画图怠惰症候群|白熊a,白熊a,744,原名白熊a；画图怠惰症候群是社团
haru_(konomi_150),1,haru|konomi_150,春,743,无通用中文名
maki_(seventh_heaven_maxion),1,maki|makipuni|seventh_heaven_maxion,まき,743,无通用中文名
yashin_(yasinz),1,yashin|yasinz|野心,野心,743,原名野心
kunabishi,1,,くなびし,742,无通用中文名
shiwasu_no_okina,1,okina_keikaku|shiwasuno_ou|siwasunookina|suwasunookina|師走の翁|翁計画,师走之翁,742,原名師走の翁；原zh翁计画是社团
somebody_(leiking00),1,leiking00|meow_somebody|somebody,somebody,742,无通用中文名
kozaki_yuusuke,1,コザキユースケ,コザキユースケ,741,原名コザキユースケ
mikan_(chipstar182),1,mikan.|mikan_41,みかん,741,无通用中文名
toraishi_666,1,666_(tri-six)|ishii666|ishikou|toraishi666|toraisix|胃椎６６６,胃椎666,741,原名胃椎６６６
vilde_loh_hocen,1,devildeking|hocen_loh|hosen_hosen_hocen|vilde.loh,vilde loh hocen,741,无通用中文名
aile_(crossroads),1,aile|aile0824|aile824,aile,740,无通用中文名
tanaka_ryou,1,田中良,田中良,740,原名田中良
nahaki,1,nahaki1|nahaki401,nahaki,739,无通用中文名
pudgeruffian,1,pudge|pudge_ruffian|the-purse-of-pudge,pudgeruffian,739,无通用中文名
rinotuna,1,,rinotuna,739,无通用中文名
nagami_yuu,1,nagamyu|yunagami,永深ゆう,737,无通用中文名
nullma,1,chocomint_null|yumeminoideyu2|温负,nullma,737,原zh温负未证实，用原名nullma
ponzu_rui,1,ponzu|ponzu7777771|ponzuponzu77,ponzu rui,737,无通用中文名
rin_yuu,1,,rin yuu,737,无通用中文名
ameyama_denshin,1,ameyama_denshin_sha|ameyama_telegraph|ameyamatelegraph|雨山电信社|雨山電信,雨山电信,736,原名雨山電信
montemasa,1,monte|montemieno|モンテマサ,魔雲天,736,原名モンテマサ
noriuma,1,noriuma_|noriumaoec,noriuma,736,无通用中文名
seijun,1,,seijun,736,无通用中文名
zekkyon,1,zekkyoshu|zekkyosyu|絶巨主,絶巨主,736,原名絶巨主
eufoniuz,1,eufo88|eufoniuz1026|eufoniuzlite|eufoniuzz|eufosama,eufoniuz,735,无通用中文名
sakaki_imasato,1,sakaki_fff|sakakin|妖精领域|榊,さかきいまさと,735,原名sakaki；原zh妖精漫画社是社团
mibu_natsuki,1,壬生夏生,みぶなつき,734,原名壬生夏生
erubo,1,erubo_(m+n)|eruboerubo|hijihara_erubo|mn_erubo,erubo,733,无通用中文名
funamusea_(artist),1,funamusea|海底囚人|藻毛子,海底囚人,733,原名海底囚人，中文社区通用
nora_higuma,1,higumax|norahiguma,野良罴,733,无通用中文名
yamabukiiro,1,bukiiro|yamabukiiro_(usagi_koubou)|山吹色,山吹色,733,原名山吹色
hanekoto,1,hanekoto2424|hanekoto283,はねこと,733,无通用中文名
hxd,1,,hxd,732,无通用中文名
redcomet,1,,redcomet,732,无通用中文名
akeyama_kitsune,1,akeyamafox|緋山_狐|绯山狐,绯山狐,730,原名緋山狐，去掉下划线
atg_(wttoo0202),1,,atg,730,无通用中文名
culter,1,gallery_culter|k_i_culter|猪田和亮,猪田和亮,730,原名猪田和亮
piripun,1,pirio_destruction|piripunpun,ぴりぷん,730,无通用中文名
prywinko,1,iprywinko|prywinka|prywinko_art,prywinko,730,无通用中文名
wss_(nicoseiga19993411),1,nicoseiga19993411|wss|wss.s|wsss_rauha,wss,730,无通用中文名
shinapuu,1,灭乃汤|灭乃汤制作部屋|灭乃汤制作部屋２,滅乃湯,728,原名灭乃汤（主题站名惯用）
starraisins,1,,星レーズン,728,无通用中文名
9law,1,,9law,727,无通用中文名
inanaki_shiki,1,inanaki-shiki|inanakisiki|稲鳴四季,稻鸣四季,727,原名稲鳴四季
michael_f91,1,f91michael|michael,michael f91,727,无通用中文名
nedia_(nedia_region),1,nedia|nedia_(nedia_r)|nedia_(nhkikiiki)|nedia_r|nedia_region,ねでぃあ,727,无通用中文名
yoru_nai,1,yoru_nine,yoru nai,728,无通用中文名
emily_(pure_dream),1,emily|pure_dream,emily,726,无通用中文名
masara_(chuujou),1,masalucky2010|masara|masara400r,まさら,726,无通用中文名
takatsuki_nato,1,yotakano|ツキタカビ|底物水槽,月鷹毘,727,原名ツキタカビ（月鹰毘）
dede_(qwea_00000),1,dededsw|dededsw_123,dede,725,无通用中文名
hisasi,1,hisashi_(nekoman)|nekomanhisasi,hisasi,725,无通用中文名
mitsurugi_sugar,1,mithurugi-sugar|miturugisugar,mitsurugi sugar,725,无通用中文名
newo_(shinra-p),1,newo|newo_(popokuri)|shinra-p,newo,725,无通用中文名
senri_gan,1,gan|gan_(shanimuni)|oshirase_gan|senri-gan,senri gan,725,无通用中文名
cofffee,1,ffffcoffee,cofffee,724,无通用中文名
pokoten_(pokoten718),1,pokoten,ぽこてん,724,无通用中文名
waligner,1,,waligner,724,无通用中文名
centurii-chan,1,centurii-chan_(artist)|centuriic,centurii-chan,723,无通用中文名
kuya_(hey36253625),1,hey36253625|kuya,kuya,723,无通用中文名
nakajima_yuka,1,yuka_nakajima,なかじまゆか,723,无通用中文名
yuki_arare,1,yukiarare|yukiarare0121,yuki arare,723,无通用中文名
ishigaki_takashi,1,,イシガキタカシ,722,无通用中文名
kaetzchen,1,katzchen|katzchen_(ratedkatzchen)|rated-katzchen|ratedkatzchen,kaetzchen,722,无通用中文名
kuena,1,,kuena,722,无通用中文名
less,1,.less|dotdotdotless|lessdraws|p01ntless,less,722,无通用中文名
mefomefo,1,mefomefomefo|memefo,mefomefo,722,无通用中文名
mikoyan,1,mikoyan-f|mikoyan_(mig21mf)|mikoyanan|mikoyanartworks,みこやん,722,无通用中文名
monori_rogue,1,monorirogue,monori rogue,722,无通用中文名
wokada,1,wokada156|腘舐郎,wokada,722,原名wokada；腘舐郎是汉字写法
kamisimo_90,1,kamishimo_kujuurou|kamishimo_kyujuurou|kamisimo90|猛犬连队|生箦九十朗|裃_九十朗|裃九十朗,裃九十朗,721,原名裃九十朗；原zh亜宇是别号
futatsuki_hisame,1,darkhisame|tsuki_to_koori_no|双月冰雨|双月氷雨,双月氷雨,720,原名双月氷雨；原zh冻月是省略
harimoji,1,harimoja|harimoja56|茄子,はりもじ,720,原名茄子
kuro_suto_sukii,1,,kuro suto sukii,720,无通用中文名
amazuki_jou,1,天月城,天月城,719,原名天月城
karutamo,1,karutamo18|karutamo_1|karutamo_123,かるたも,719,无通用中文名
kumiko_shiba,1,aleron_(kumiko)|koikingkumiko|kumiko_(aleron)|kumiko_koi|shiba_kumiko|shibadogekumiko|shibakumiko,kumiko shiba,719,无通用中文名
noyama_takenoko,1,,noyama takenoko,720,无通用中文名
orizen,1,,おりぜん,719,无通用中文名
sazanami_mio,1,sazanamimio|漣水脈,さざなみみぉ,719,原名漣水脈；原zh涟水脉是简化
umishima_senbon,1,umisima-osakana|海島千本,海島千本,719,原名海島千本
azumi_(myameco),1,myameco,azumi,718,无通用中文名
beijuu,1,米獣,米兽,718,原名米獣；▲是装饰
fukahire_(ruinon),1,fufufukahire|fuka_hire|fukahire|fukahire-ruinon|fukahire_ruinon|fukahire_sanba|hukahire-sanba|hukahire_sanba|ruinon,フカヒレ,717,无通用中文名
fun_bo,1,bo_fun|fun_bo_(kouhakurou)|pazun_bo|紅白楼,ふんぼ,717,原名fun_bo；红白楼是社团
tsuruyama_(tenten),1,,tsuruyama,717,无通用中文名
kamiyoshi_rika,1,kamiyoshi|kamiyoshi_(galvas)|mk-kamiyoshi|rika_(galvas)|rikak|神吉|神吉李花|神吉李花🅟,神吉李花,716,原名神吉李花
akchu,1,_akchu|akchuu,akchu,715,无通用中文名
chiwino,1,atai_(chiwino),chiwino,715,无通用中文名
nanao_(mahaya),1,mahaya|nanao|nanao7oanan|真早,ななお,715,原名真早
takaharu,1,尊治|黑锦,タカハル,715,原名尊治
amezawa_koma,1,饴沢_狛|饴沢狛,飴沢狛,714,原名饴沢狛
kenshin187,1,kenshin187lewds|kenshinx187,kenshin187,714,无通用中文名
mashima_hiro,1,hiro_mashima,mashima hiro,714,无通用中文名
mikkoukun,1,,ミッコウクン,714,无通用中文名
ri-net,1,,ri-net,714,无通用中文名
rindou_(radical_dream),1,radical_dream|rindou2902|rindou_aya|竜胆,竜胆/三峯みね,714,原名竜胆
oso_(toolate),1,ososugiru,oso,713,无通用中文名
takepoison,1,takepoison5|伊佐海书肆|伊佐海亭,takepoison,713,原名takepoison；伊佐海亭是站点
zen33n,1,zen|zen3n|电萌,zen33n,713,原zh电萌是旧名，无广泛使用证据
asakuraf,1,,asakuraf,712,无通用中文名
hiememiko,1,hie_himiko|hiehimiko|日枝卑弥呼|日枝御子,日枝卑弥呼,712,原名日枝卑弥呼
luke_(dydansgur),1,dydansgur|luke|luke_(klii00),luke,712,无通用中文名
asanagi_shion,1,asanagiai|sion_asanagi|久遠寺楓,久遠寺楓,711,原名久遠寺楓
guweiz,1,炜炜,炜炜,711,中文画师，社区通用炜炜
suurin_(ksyaro),1,ksyaro|suurin|suurin009|suurin_2|雛鈴,雛鈴,713,原名雛鈴
yomosaka,1,伊右卫门茶神|伊右衛門茶|茶神,よもさか,712,原名伊右衛門茶
yukichi_(eikichi),1,eikichi|eikichi_(yukichi)|eikichi_(yukiti09)|yuki_ti|yukichi|yukichi_(yukiti09)|yukiti|yukiti09|yukiti091|yukiti25,湯基地,711,无通用中文名
krekkov,1,krekk0v|totally_not_krek_,krekkov,710,无通用中文名
846-gou,1,丸色季候|８４６号,846号,709,原名846号
ame.,1,,雨,709,无通用中文名
cura,1,,cura,709,无通用中文名
nakamura_regura,1,regura,仲村レグラ,709,无通用中文名
saigado,1,saigadou|异食同元|彩画堂,彩画堂,709,原名彩画堂
akitetsu,1,akitetsu_(akitetu_99),akitetsu,708,无通用中文名
redjet,1,redjet00,redjet,708,无通用中文名
darkmaya,1,darkmaya12|darkmaya6210|darkmaya72|小黑|小黑蜘蛛,小黑蜘蛛,707,原名小黑蜘蛛
fathom,1,,fathom,707,无通用中文名
genzoman,1,,genzoman,707,无通用中文名
lunacle,1,95lunacle|goth_lunacle|lunapolla0619,lunacle,707,无通用中文名
matsumoto_tomoyohi,1,m-tomoyohi|m_tomoyohi|tomoteru|tomoyohi,matsumoto tomoyohi,707,无通用中文名
shnva,1,shnva06ka,shnva,707,无通用中文名
sorani_(kaeru0768),1,kaeru0768,sorani,707,无通用中文名
totokichi,1,ponkan_(totokichi)|totokichi-g|totokichi-h|七筿箦巻|栃🦊|藤宫裕|藤宮裕,トトキチ,707,原名藤宮裕；原zh七筿箦巻是其他号
twrlare,1,twr,twrlare,707,无通用中文名
kuroi_mimei,1,chloemimei|chroi_mimei|kishuu_to_kuroi|mimei|mimewi_(reimei-nordlingen)|reimei-nordlingen|reimei_nordlingen,黒井みめい,706,无通用中文名
swordsouls,1,,swordsouls,706,原zh刃天未证实，用原名
azumi_kazuki,1,,azumi kazuki,705,无通用中文名
mochizuki_kei,1,yamada_kei|山田慶|望月庆|望月慶,望月けい,705,原名望月慶；原zh山田庆不完整
pottsness,1,pocchuness,pottsness,705,无通用中文名
xingzhi_lv,1,lv_xingzhi|xingzhilv|xingzhilv1,xingzhi lv,705,无通用中文名
anbe_yoshirou,1,yoshiro-ambe|yoshiroambe,anbe yoshirou,704,无通用中文名
bae_(baebae),1,bae|bae12341234|baebae|baehee5502,bae,704,无通用中文名
hatsunatsu,1,natsusola|初夏|初夏百景,初夏,703,原名初夏
kokudou_juunigou,1,juunigou|国道12号,国道12号,703,原名国道12号
butterchalk,1,bchalk|bchalk34,butterchalk,702,无通用中文名
deco_(geigeki_honey),1,deco|deco-smith|deco_(deco-smith)|deco_(deko)|deco_(zzzdecozzz)|decopoppo|geigeki_honey|zzzdecozzz,で子,702,无通用中文名
rui_shi_(rayze_ray),1,rayze_ray|rui_shi|瑞宅|瑞氏|瑞氏@新刊委托中,瑞氏,702,中文画师，社区通用瑞氏
nekoda_(maoda),1,kono_nekoda|maoda|nekoda|猫打,猫打,701,原名猫打
torimaru,1,negishiotoridon|tori-maru,torimaru,700,无通用中文名
haniwa_(leaf_garden),1,creation_of_haniwa|haniwa|haniwa333|haniwa_no_demise|haniwano|leaf_garden|叶庭＠|葉庭,葉庭,699,原名葉庭（东方知名画师）
mochirong,1,chirong19|chirong559|chirong726|mochirong68,モチロン,699,无通用中文名
naokomama,1,,naokomama,700,无通用中文名
takase_muh,1,takase_muu,高瀬むぅ,699,无通用中文名
ashiomi_masato,1,tokihara_masato,アシオミマサト,698,无通用中文名
cafekun,1,,cafekun,698,无通用中文名
misaki_nonaka,1,misaki_kouhei|三崎のなか,三崎のなか,698,原名三崎のなか；原zh三崎_公平带下划线
noripachi,1,,のりパチ,698,无通用中文名
rouka_(akatyann),1,akatyann|rouka|rouka0001|rouka0101|rouka0101_2,ろうか,698,无通用中文名
akasaai,1,akasa_ai|aosaai,あかさあい,697,无通用中文名
homura_subaru,1,homuraya|subaru|焔すばる|焔昴,焰すばる,697,原名焔昴
infukun,1,yinfu|周然|音符,周然,697,中文画师，社区通用周然
kotatsu_(g-rough),1,g-rough|kotatsu|kotatsu0803|ugs-kotatsu|ugs_kotatsu|虎龍,小龍,697,原名虎龍
mosha,1,,もしゃ,697,无通用中文名
shepherd0821,1,han_(shepherd0821)|shepherd_0821|漢揚,漢揚,697,中文画师，社区通用汉扬
juurouta,1,十郎太,十郎太,696,原名十郎太
matanonki,1,matanonki_pixiv,matanonki,696,无通用中文名
naru_(wish_field),1,naru|wish_field|wishfield_naru,naru,696,无通用中文名
hxxg,1,,hxxg,695,无通用中文名
crow_(siranui),1,crow_hurt|crowxxxxxxxxxx,crow,694,无通用中文名
natsume_eri,1,natsumeeri,なつめえり,693,无通用中文名
aoki_shizumi,1,aoki-p|aoki_(yashu12)|里修|里方|青木|青木しずみ,青木しずみ,692,原名青木しずみ；原zh位相空间是社团（位相空間）
darjeeling_(reley),1,darjeeling|reley|xdarjeelingxtea,darjeeling,692,无通用中文名
hitotose_rin,1,hitotoserin|hitotoserinr18|春夏秋冬鈴|春夏秋冬铃,春夏秋冬鈴,692,原名春夏秋冬鈴
natsuya_(kuttuki),1,kuttuki|natsuya|夏屋,夏屋,692,原名夏屋
kikumaru_bunta,1,bunta_kikumaru|buntakikumaru|kikumaru_b|菊丸文太,菊丸文太,691,原名菊丸文太；原zh工业长是别号
tomu_(tomubobu),1,bobu|tomu|tomubobu|tomubobu_tomu2,tomu,691,无通用中文名
john_doe_(jdart),1,jdart|john_doe|johndoe-art|johndoe0|onetruejohndoe,john doe,690,无通用中文名
sakuya_tsuitachi,1,月面重力加速度|朔夜朔日,さくやついたち,690,原名朔夜朔日
aosora2823,1,,aosora2823,689,无通用中文名
ge-b,1,,ge-b,689,无通用中文名
nakatani_nio,1,仲谷|仲谷鳰,仲谷鳰,689,原名仲谷鳰
zasshu,1,,zasshu,689,无通用中文名
azuma_aya,1,az,あずまあや,688,无通用中文名
hu_dako,1,dako1234|dako2000|dako43|dako6995,hu dako,689,无通用中文名
saipaco,1,saipaco.|saipaco.nar,saipaco,688,无通用中文名
shpo,1,someshpo,shpo,688,无通用中文名
greatmosu,1,5240mosu|great_mosu|guremosu|mosu|mosu0524|mosu5240|mosu_(5240mosu)|mosu_g|mosu_official2,ぐれーともす,687,无通用中文名
hood_(james_x),1,hood|hood_art|hood_x_art|hoodk|james_x,hood,687,无通用中文名
neko_majin,1,majin_neko|nekomajin|nekooomajin|nikukan_neko|猫魔人|猫魔人型|魔人猫,猫魔人,687,原名猫魔人
araneesama,1,aranee.sama|araneesamaart,araneesama,686,无通用中文名
bunbun,1,bunbun922|bunbunbun,bunbun,686,无通用中文名
shiroshi_(denpa_eshidan),1,denpa_eshidan|shiro|shirofox|shirofoxx|shiroshi|shiroshi_(acryl_gouache)|shiroshi_(shirofox)|しろし|電派絵師団,しろし,686,原名しろし；原zh电派绘师団是社团
sirokuma_shake,1,shiro_kuma_shake|shirokuma_shake|北極大陸|白クマシェイク,白クマシェイク,686,原名白クマシェイク；北极大陆是社团
arano_oki,1,aranooki|荒野_冲|荒野冲|荒野沖,荒野冲,685,原名荒野沖
hizuki_akira,1,akira|akira-hizuki|akira_(natsumemo)|hiduki_akira,绯月Akira,685,无通用中文名
kannko_bokujou,1,缶子|缶子牧场,缶子,685,原名缶子（罐子牧场是站点）
aoi_nagisa_(metalder),1,metalder|潮湖沼|葵渚|赤井汀,葵渚,684,原名葵渚；潮湖沼是别号
hidulume,1,hidulme,hidulume,684,无通用中文名
wool_(miwol),1,miwol|moiwool|mywool|wool,うーる,684,无通用中文名
harris_hero,1,harrishero10|harrishero18,harris hero,683,无通用中文名
kaiga,1,,kaiga,683,无通用中文名
miura-n315,1,,miura-n315,682,无通用中文名
muchi_maro,1,maro-muchi|maro_muchi|muchimaro|mutimaro|mutimaro06|むちまろ|献甲骨,献甲骨,681,原名献甲骨
nagase_haruhito,1,haruhito_n|haruhito_nagase|nharuhito|永瀬悠人,永濑悠人,681,原名永瀬悠人
onono_imoko,1,gyokai_(artist)|おののいもこ|魚介|鱼介,おののいもこ,681,原名おののいもこ；原zh主任是旧号鱼介
pan_(mimi),1,pan|pan9|panno_mimi|pannomimi,ぱん,681,无通用中文名
kamishima_kanon,1,kanon_(iacon),kamishima kanon,680,无通用中文名
narue,1,naruwe,narue,679,无通用中文名
sako_(bosscoffee),1,bb-sakon|bosscoffee|sako_(yomotsu_hirasaka)|sakon_(bbsacon)|さこ|黄泉比良坂,サコ,679,原名さこ；黄泉比良坂是社团
lainart,1,lainart1,lainart,678,无通用中文名
mondi_hl,1,mondi,mondi,678,无通用中文名
uni8,1,,うにあはと,678,无通用中文名
ejami,1,ejamiartstudio,ejami,677,无通用中文名
kaga3chi,1,加我皓平,加我皓平,677,原名加我皓平
misaka_12003-gou,1,misaka12003|misako12003|御坂12003|御坂12003号,御坂12003,677,原名御坂12003
momisan,1,momi-san,momisan,677,无通用中文名
ainy,1,ainy120|ainy_(blue)|ainy_(skylight_bird)|ainy_blue,ainy,676,无通用中文名
akashio_(loli_ace),1,akashio|akashio_(watatuki)|akasiosio|akeshio|loli_ace|shushio,朱シオ,676,无通用中文名
bekkankou,1,,べっかんこう,676,无通用中文名
fuyumi_kazuki,1,fuyumi02|冬海一樹,冬海一樹,676,原名冬海一樹
kelvin_hiu,1,hiukelvin|kelvinhiu,kelvin hiu,676,无通用中文名
houraku,1,houraku777|hourakuhouraku,houraku,675,无通用中文名
kamezaemon,1,doerozaemon,kamezaemon,675,无通用中文名
ryo_(tg290),1,tg290,りょう,675,无通用中文名
suzunone_rena,1,suzune_rena|suzunonerena|suzunonerena2,铃音丽奈,675,无通用中文名
ironlily,1,ironlilys|vanishlily|鉄百合,铁百合,674,原名鉄百合
sasucchi95,1,sasucchi|sasucchi.tutorials|sasuchi95|sasuuchi95,sasucchi95,674,无通用中文名
t1kosewad,1,tikosewad,t1kosewad,674,无通用中文名
yasume_yukito,1,yasumeyukito,yasume yukito,674,无通用中文名
gabriel_evangel,1,arkevangel|gabrieleva1688|gabrielgrayford,gabriel evangel,673,无通用中文名
raine_(acke2445),1,raine,raine,673,无通用中文名
v-mag,1,,v-mag,674,无通用中文名
baileys_(tranquillity650),1,tranquillity650,baileys,672,无通用中文名
hiiragi_yuuichi,1,yuichi_hiiragi|yuichihiiragi|柊裕一,柊裕一,672,原名柊裕一
akadako,1,_akadako_|akadako0121,akadako,671,无通用中文名
anmi,1,ahn_anmi|ahnanmi|anmi_|anmirakugaki,anmi,671,无通用中文名
blvefo9,1,,blvefo9,671,无通用中文名
gaston18,1,gaston18p|gastonandresl,gaston18,671,无通用中文名
gibun_(sozoshu),1,gibun|sozoshu,gibun,671,无通用中文名
miya_(miyaruta),1,miya|miyadrawsart|miyart|miyaruta,みや,671,无通用中文名
senomoto_hisashi,1,senomoto|senomotomb|濑之本久史|瀬之本久史,瀬之本久史,671,原名瀬之本久史；原zh濑之本缺字
spindle_(aidenr0),1,aidenr0|spindle|spindler0,spindle,671,无通用中文名
freng,1,frengchiano|frengchiano2,freng,670,无通用中文名
shikushiku_(amamori_weekly),1,amamori_weekly|shikushiku|shikushiku_(sisikuku)|shikushiku_(toybox712)|shirokuro_(shikushiku),shikushiku,670,无通用中文名
bluethebone,1,,bluethebone,669,无通用中文名
nishii_(damnedrive),1,damnedrive|nishii|nishii_(nitroplus),nishii,669,无通用中文名
timbougami,1,hks_(timbougami),timbougami,669,无通用中文名
gishiki_(gshk),1,gishiki|gshk|儀式,儀式,668,原名儀式
korie_riko,1,梱枝りこ,梱枝莉子,668,原名梱枝りこ；原zh无人少女是社团
mikazuchi_zeus,1,mikaduchi|mikazuchi_zeus-man|zeus-man|zeus-man_sensei|zeus07|zeus0jupiter|zeus1858322|zeus_(the_oekaki_zeus)|zeus_(zeus07),mikazuchi zeus,668,无通用中文名
nishimata_aoi,1,aoi_nishimata|aoinishimata|西又|西又_葵|西又葵,西又葵,668,原名西又葵；原zh西又不完整
saitou_masatsugu,1,_saitom_|_saitomasatsugu|saitom|saitom-camera|saitom_camera|saitom_sushi|齋藤将嗣,齋藤将嗣,668,原名齋藤将嗣，中文社区通用斋藤将嗣
uenomigi,1,,uenomigi,668,无通用中文名
hanasaka_houcha,1,hanasaka|hanasaka68|花咲方茶,花咲方茶,667,原名花咲方茶
mayo_riyo,1,mayoriyo|mayoriyo39love,mayo riyo,667,无通用中文名
shinshin,1,shinshin_(chigeenee)|shinshin_(kurubushikai)|しんしん|踝会,しんしん,667,原名しんしん；原zh踝会是社团
sugano_manami,1,manami,sugano manami,667,无通用中文名
yuzuna99,1,haruno_yuzuna|harunoyuzuna99|yuzu_anmitsu|yuzuna_(yuzuna99)|春乃柚菜,春乃柚菜,667,原名春乃柚菜
zannen_na_hito,1,zannnenn1,zannen na hito,667,无通用中文名
doyouwantto,1,artist_youwant|doyou|doyou-wanto|doyouwanto,doyouwantto,666,无通用中文名
misteor,1,misteor_offline|misteor_online,misteor,666,无通用中文名
necro_(nekurodayo),1,maginecro|necro|necrodayo|nekurodayo|ネ黒|根黒,根黒,666,原名根黒
sugiyuu,1,sugiyu,スギユウ,666,无通用中文名
asazuki_norito,1,norito_a,浅月のりと,665,无通用中文名
clamp_(circle),1,CLAMP|clamp|clamp-news,CLAMP,666,CLAMP工作室，中文社区通用
dars_(recolors),1,darslieass,dars,665,无通用中文名
hyurasan,1,hyura3|hyura35,hyurasan,665,无通用中文名
yamanashi_taiki,1,t_yamanashi|小鳥遊麗鈴|月見里大樹|月见里大树|特命一号|现実否定梦想肯定主义,月見里大樹,665,原名月見里大樹；原zh小鸟游丽铃是别号
azusa_(hws),1,azusa|azusa1019|hws,azusa,664,无通用中文名
chiimako,1,,chiimako,664,无通用中文名
jason_(kaiten_kussaku_kikou),1,jason_(ath04st)|jason_(yuri_to_kani)|kaiten_kussaku_kikou|じぇいそん|回転掘削機構|银杏８７ｇ,J村,664,原名じぇいそん；原zh回転掘削机构是社团
minew,1,minew01,minew,665,无通用中文名
tony_guisado,1,__tony_g|basedtonyv2|tontonguisado|tonyg,tony guisado,664,无通用中文名
combos_&_doodles,1,arecombo|combos-n-doodles|combosdoodles|combosndoodles,combos & doodles,663,无通用中文名
himura_moritaka,1,himuramoritaka,himura moritaka,663,无通用中文名
suminagashi,1,suminaga_(altil777)|スミナガシ|左右|樟木樟叶|米饼,スミナガシ,663,原名スミナガシ；原zh左右是别号
takaman_(gaffe),1,gaffe_takaman|takaman|ガッフェ高饅|花见鸟|高饅|高馒,高馒,663,原名ガッフェ高饅；原zh十六夜８９３是别号
yanagi_(nurikoboshi),1,yanagi_(artist),柳,663,无通用中文名
aningay,1,,aningay,662,无通用中文名
hayashi_custom,1,hayashi_kasutamu,はやしけ,662,无通用中文名
komori_kuzuyu,1,komori_kuduyu|kuzuyu,komori kuzuyu,662,无通用中文名
rei_(sanbonzakura),1,rei17|rei_17|sanbonzakura|理查|理查不接稿不接广告|理查理查|老累|薐|郑睿|雷母,老累,662,中文画师，社区通用老累
tatsumi_ray,1,raytatsumi|studio_ray|tatsumi_(studio_ray)|tatsumi_xr|巽(裏)|巽レイ,巽レイ,662,原名巽レイ；原zh巽（里）缺字
teshima_nari,1,nari.nari|nari.teshima.2721|nari_(daifuku5656),手島nari,662,无通用中文名
hiraga_matsuri,1,hirarii|hirasato|hirasato12|平賀まつり|編集,平賀まつり,661,原名平賀まつり；原zh编集是旧名
itto_(mentaiko),1,itto|ittorasii|mentaiko|pad_ittorasii|一十,一十,661,原名一十
totatokeke,1,tota|totakeke___,totatokeke,661,无通用中文名
a-ka,1,a-ka_(the_fifth)|阿卡,亚果,660,原名阿卡
natsu_(anta_tte_hitoha),1,anta_tte_hitoha|natsu,捺,660,无通用中文名
aelion_draws,1,ael|aelion,aelion draws,659,无通用中文名
kinona,1,kino1021|kinolog10|kinosaba|紀奈|纪奈_🎨,紀奈,659,原名紀奈
kuro_chairo_no_neko,1,kuro-chairo_no_neko|kuro_chairo|kurochairo_no_neko|kurochaneco,kuro chairo no neko,659,无通用中文名
nagioka,1,nagioka023|凪丘,凪丘,659,原名凪丘
nobita_(makoto7060355),1,makoto7060355|nobita,ノビタ,659,无通用中文名
ishikkoro,1,,石っころ,658,无通用中文名
namauni,1,914namauni,namauni,658,无通用中文名
noshimurin,1,noshinoshi,noshimurin,658,无通用中文名
pallad,1,106pallad|pd-pallad|pd_pallad,pallad,658,无通用中文名
sachito,1,sachito_(himazin88)|sachito_(satito)|幸人|蓝沢的日记,サチト,658,原名幸人
komi_zumiko,1,komizumiko|zumiko,コミズミコ,657,无通用中文名
momoshiki_tsubaki,1,momoshiki|桃色椿,桃色椿,659,原名桃色椿
piyokichi,1,,piyokichi,657,无通用中文名
daydarion,1,,daydarion,656,无通用中文名
lansane,1,ransane,lansane,656,无通用中文名
koflif,1,koflif2,koflif,655,无通用中文名
meis_(terameisu),1,meis|meis12495|terameisu,メイス,655,无通用中文名
mitarashi_kousei,1,mitarashi_club|mitarashikousei,御手洗侯成,655,无通用中文名
ohta_yuichi,1,oota_yuuichi|u1ohta|大田優一,大田優一,655,原名大田優一
vertigris,1,,vertigris,655,无通用中文名
gsusart,1,gsus|gsusart2222,gsusart,653,无通用中文名
hakusai_(tiahszld),1,hakusai|hakusai_hiro|tiahszld,hakusai,653,无通用中文名
kadeart,1,kade|kade.art|kadeart0|kadeart7263|kadeart_|kadeart_.|kadeartmushroom,kadeart,653,无通用中文名
kanniiepan,1,,kanniiepan,653,无通用中文名
kedama_milk,1,kedama_gyuunyuu|kedamaa|kedamo|tama_no_kedama|tamano_kedama|毛玉牛乳|玉之けだま,玉之けだま,653,原名玉之けだま；毛玉牛乳是社团
shinoasa,1,,shinoasa,653,无通用中文名
aki_(neyuki41028),1,aki|aki_neiyuki|neyuki41028|あき|亞希,あき,652,原名亞希
csyday,1,csyday829,csyday,652,无通用中文名
hyuuga_azuri,1,azure,日向あずり,652,无通用中文名
kamizono_(spookyhouse),1,kamizono|kamizono144|spookyhouse,かみぞの,652,无通用中文名
kibisake,1,kibisake.|きびさけ|御絵描手帖|酉也,きびさけ,652,原名きびさけ；原zh御绘描手帖是站点
kurona,1,kurona_(kitsune_to_budou)|sironase,くろな,652,无通用中文名
moketa,1,,もけ太,652,无通用中文名
onsen_tamago_(hs_egg),1,hs_egg|onsen_tamago|yusuke_(onsen_tamago)|温泉玉子,温泉玉子,652,原名温泉玉子
toutenkou,1,toutenkou10105|東天紅,東天紅,652,原名東天紅
haku89,1,hhaku|hhhhaku|mak0hita7_haku|蓝白,蓝白,651,原名蓝白
kanmiya_shinobu,1,,kanmiya shinobu,651,无通用中文名
midorikawa_you,1,緑川葉|绿川叶,緑川葉,651,原名緑川葉
the_golden_smurf,1,golden_black_sperm|smurfart|tgldsmurf|tgsmurf|thegoldensmurf,the golden smurf,651,无通用中文名
tiemu_(man190),1,man190|teliemu190|teliemu1994|tiemu|てぃえむ|増田大輝,てぃえむ,651,原名てぃえむ；増田大辉是汉字名
yayoi_maka,1,yayoimaka03,yayoi maka,651,无通用中文名
akagi_kurage,1,akagi_huyu|fuyuu_kurage|海月栄留,海月栄留,650,原名海月栄留
coffeekite,1,,coffeekite,650,无通用中文名
sasanon_(sasapoliton),1,sasanon|sasapoliton,sasanon,650,无通用中文名
shiro9jira,1,shirokujira|siro90414|siro9jira|sirokujira|間島,間島,650,原名間島
suwaneko,1,suwaneko02|suwaneko03|suwaneko1|suwaneko11|suwaneko2,suwaneko,650,无通用中文名
weee_(raemz),1,raemz|weee|weee3|weee_desu,weee,650,无通用中文名
amisu,1,amiscia|amisu_cia_studio|あみす|背徳汉|背徳漢,あみす,649,原名あみす；原zh背徳奸是旧字
konishi_(koconatu),1,hiyoko_nishi|koconatu,konishi,649,无通用中文名
misekai_555,1,,misekai 555,649,无通用中文名
monikano,1,monikanoid,モニカノ,649,无通用中文名
nyuu_(manekin-eko),1,manekin-eko,にゅう,649,无通用中文名
shirako_(kirupi),1,kirupi|白子,白子,649,原名白子
takeshima_eku,1,takeshima|takeshima_(aa)|takeshima_(nia)|takeshimaaa|takeshimaaaeku|takeshimaxfj|竹嶋えく,竹嶋えく,649,原名竹嶋えく；原zh竹岛缺字
tamtamdi,1,tamtamdipokegijin|tamtamtamdi,tamtamdi,649,无通用中文名
toka_(marchlizard),1,marchlizard|sangatsutokage|toka,toka,649,无通用中文名
yakisobapan_tarou_&_negitoro-ko,1,negitoro-ko|yakiandnegi|yakisobapan_tarou,yakisobapan tarou & negitoro-ko,649,无通用中文名
zamius,1,,zamius,649,无通用中文名
coro_fae,1,,coro fae,648,无通用中文名
efe,1,,efe,648,无通用中文名
fir3born,1,fir3bornart,fir3born,648,无通用中文名
fukai_ryosuke,1,fukairyosuke|深井涼介,深井涼介,648,原名深井涼介
haguhagu_(rinjuu_circus),1,hagu_hagu|haguhagu,はぐはぐ,648,无通用中文名
oniilus,1,,oniilus,648,无通用中文名
ryuu.,1,流。,流。,648,原名流。
zerocat,1,,zerocat,648,无通用中文名
alphonse_(white_datura),1,alphonse|ra|realalphonse|萌少女領域|萌领,alphonse,647,原名alphonse；萌少女领域是社团
bococho,1,bococho-bokujou|bococho-farm|bokocho|bokocho_(bococho),bococho,647,无通用中文名
rifyu,1,rifyufujita,rifyu,647,无通用中文名
roropull,1,roro|rororopull|rororopurr,roropull,647,无通用中文名
tomobe_kinuko,1,kinuk|kinuk0|kinuko,友部キヌコ,647,无通用中文名
uranaishi_(miraura),1,miraura|uranaishi|水祇|社底,水祗,647,原名水祇
6u_(eternal_land),1,6u_s|eternal_land,6u,646,无通用中文名
hounori,1,,hounori,646,无通用中文名
snegovski,1,daria_snegovski|snegovski9623,snegovski,646,无通用中文名
molu_stranger,1,陌麓,陌麓,645,中文画师，社区通用陌麓
cocoballking,1,cocoball,cocoballking,644,无通用中文名
isa_(peien516),1,isa|peien|peien516,isa,644,无通用中文名
murata_tefu,1,muratamoth_chan,murata tefu,644,无通用中文名
shiina_excel,1,excel|excel_(shena)|shena_excel|shenaexcel,shiina excel,644,无通用中文名
taira_yuuki,1,yuki_taira|yuki_taira_,taira yuuki,644,无通用中文名
umyonge_(lkakeu),1,lapislazuli_(umyonge)|lkakeu|umyonge|umyonge_(lapislazuli),umyonge,644,无通用中文名
anato_finnstark,1,afinnstark|anatofinnstark|anto-finnstark|finnstarkillustration,anato finnstark,643,无通用中文名
junsuina_fujunbutsu,1,,junsuina fujunbutsu,643,无通用中文名
swkl:d,1,特日日世界第一可矮,swkl,643,原zh特日日世界第一可矮是签名语，非通用名
y2,1,,y2,644,原zh七轮大社是社团
yuuki_rika,1,yuuki_sw|yuukirika,結城リカ,643,无通用中文名
ayakura_juu,1,juu|文倉十,文倉十,642,原名文倉十
blue-senpai,1,blue_senpai|bluebooba|bluesenpai|bluesenpaiart|bluesenpaifuta|bluesenpaiold,blue-senpai,642,无通用中文名
jasony,1,jason_yu,jasony,642,无通用中文名
mi_taro333,1,mi-taro333,mi-taro333,642,无通用中文名
yamashita_takahiro,1,,yamashita takahiro,642,无通用中文名
yuzu_momo,1,柚子桃,柚子桃,642,原名柚子桃
itou_(onsoku_tassha),1,onnsoku_itou|伊藤|音速达者|音速達者,いトう,641,原名伊藤
kyogoku_shin,1,,kyogoku shin,641,无通用中文名
sukja,1,sukja_1114,sukja,641,无通用中文名
terada_tera,1,daatera|teracoot|teracopit|teradawoo,寺田てら,641,无通用中文名
torako_(toramaru),1,tora_(koganeiro-1024-sakura-tsunagi)|torako778|toramaru_(torako)|米利菓,米利菓,641,原名米利菓
yadokari_genpachirou,1,yadogen|yadogenmix|yadokari|yadokari8,宿借り源八郎,641,无通用中文名
ayagi_daifuku,1,綾城大福,綾城大福,640,原名綾城大福
haruri,1,haruri52,haruri,640,无通用中文名
kousaki_rui,1,hikarizaki_rui|光崎瑠衣|平岩洋司,光崎瑠衣,640,原名光崎瑠衣
kozue_akari,1,kozueakari|kozueakari02|こずえあかり|聖★猫学園,こずえあかり,640,原名こずえあかり；圣★猫学园是社团
nuu_(nu-nyu),1,nu-nyu|nuu.,ヌゥ,640,无通用中文名
shabana_may,1,,shabana may,640,无通用中文名
synecdoche,1,synecdoche445|synecdoche_(kizen)|synemodoche,synecdoche,640,无通用中文名
tksand,1,taki_sando|瀧砂岩,瀧砂岩,640,原名瀧砂岩
kei_(keigarou),1,kei|kei-garou|keigarou,刑。,639,无通用中文名
necomi,1,gugugunogu|necomi_(gu)|necomi_(gussan)|necomi_(sekai_no_onabe)|necomi_info|necomicle|具。,具。,639,原名具。
squeezable_(squeezabledraws),1,squeezable_(artist)|squeezabledraws,squeezable,639,无通用中文名
dsmile,1,dsmile9,dsmile,638,无通用中文名
nekono_matatabi,1,matatabi|matatabi_(2ccp)|闇乃猫,猫乃またたび,638,原名闇乃猫
noco_(adamas),1,adamas|noco|noco00|noco9999|nocoweb,noco,638,无通用中文名
teoi_(good_chaos),1,good_chaos|teoi|teoi2|teoi_(good_chaos_noa_kuukan)|teoi_(maio7749),teoi,638,无通用中文名
s-a-murai,1,s_a_murai,さむらい,637,无通用中文名
sonson_(eleven),1,son|sonson|sonson11,sonson,637,无通用中文名
uneg,1,,uneg,637,无通用中文名
caryo,1,,caryo,636,无通用中文名
fukuro_(maruaru00),1,maruaru00,fukuro,636,无通用中文名
gin'ichi_(akacia),1,akacia|gin'ichi_(silverone01)|銀一,銀一,636,原名銀一
goshiki_suzu,1,ed_(circle_ed)|五色鈴|弟切木炭,五色鈴,636,原名五色鈴
kurione_(zassou),1,kurione|kurione0608|kurionesou|zassou|雜草,杂草,636,原名雜草
mikazuki_neko,1,mikaduki_neko,mikazuki neko,636,无通用中文名
miri_(ago550421),1,ago550421,ミリ,636,无通用中文名
mocha_(cotton),1,cotton|mocha|mocha708|mocha_(fine_sugar),mocha,636,无通用中文名
namamo_nanase,1,namamonanase|なまもななせ|海通信,なまもななせ,636,原名なまもななせ；海通信是社团
tilt-shift_(azalanz),1,azalanz|azalanz.tiltshift|tilt-shift|tiltshift,tilt-shift,636,无通用中文名
krudears,1,,krudears,635,无通用中文名
murabito_c,1,murabitoufu|村人c|村人豆腐店,村人c,635,原名村人c；村人豆腐店是站点
shibafu_(glock23),1,glock23|shibafu|shibafu482,shibafu,635,无通用中文名
fi-san,1,pixivfi-san,fi-san,634,无通用中文名
kajin_(kajinman),1,kajin|kajin-man|kajin.art|kajinman|kajinman1|megakajin|nega-kajin|negakajin,kajin,634,无通用中文名
kasai_shin,1,kasaishin100|peachshin108|shinkasai151|shintop|shintopblog|葛西心,葛西心,634,原名葛西心
bakushi_(smys2017),1,ryo_sumiyo6492|smys2017|墨佳辽_砚辽-中文驿站|墨佳遼|爆死|砚辽|硯遼,墨佳遼,633,原名墨佳遼
illu_(illu_stratos),1,illu,illu,633,无通用中文名
kisaragi_nana,1,nana_kisaragi|nanakisaragi,如月なな,633,无通用中文名
narumi_arata,1,arata50|narumi-arata,narumi arata,633,无通用中文名
ohasi,1,ohasi_(comms-closed)|ohasiart,ohasi,633,无通用中文名
parororo,1,paroro|parorou,parororo,633,无通用中文名
kuroda_akimi,1,k_akimi|kuroda-akimi|大豆小豆|黑田晶见|黒田晶見,黒田晶見,632,原名大豆小豆
ningen_mame,1,,ningen mame,632,无通用中文名
saiste,1,saistes,saiste,632,无通用中文名
tanashi_(mk2),1,mk2|tanashi|tanashi_mk2,tanashi,632,无通用中文名
chamaruk,1,chamaruku|ちゃまるく|茶○ｑ,ちゃまるく,631,原名ちゃまるく；原zh义体晴丽498是别号
honjou_raita,1,honjo_raita|raita|raita00|raita_z|本庄雷太|绝対少女,本庄雷太,631,原名本庄雷太
osakana_(denpa_yun'yun),1,f_osakana|fosakana|fucking_osakana|osakana|osakana_(denpa-yunyun)|osakana_(denpa_yunyun)|wosakana|wosakana_(denpa_yun'yun),ヲさかな,631,无通用中文名
shone,1,shone:banana:_:art:|shone_banana|shonep|shoner18,shone,631,无通用中文名
soranamae,1,,soranamae,631,无通用中文名
eichi_yuu,1,ichigo-batake|ichigo-hu|ichigo_no_hiroba|ichigohiroba|完熟苺姫|栄智ゆう,栄智ゆう,630,原名栄智ゆう；完熟苺姫是社团
kawai_(purplrpouni),1,kawai|purplrpouni,カワイ,630,无通用中文名
kojima_takeshi,1,kojimasarako|小嶋武史|火星人,小嶋武史,630,原名小嶋武史
kuromayu,1,,kuromayu,630,无通用中文名
omaru_gyuunyuu,1,gyuunyuu_umao|kulumi_e|omaru09|omaru_(atelier_takuan)|omaru_(omaru09)|omaru_bokujouu|omaru_gyuunyuu_ika,牛乳うまお,630,无通用中文名
poprication,1,,poprication,630,无通用中文名
seiran_(mousouchiku),1,mousouchiku|seiran|seiran_(nonnon_3284)|seiran_999|望想竹|青岚|青嵐,青嵐,630,原名青嵐；望想竹是社团
syroh,1,shirou_(syroh)|syroh_(shirou)|syroh_1103,syroh,630,无通用中文名
andou_shuki,1,ando5605|andou_chikanori|andou_shuuki|andou_syuuki|andoushuki|andousyuuki|安藤周記,安藤周记,629,原名安藤周記
aoi_kumiko,1,aoikumiko|小菊＠葵久美子|葵久美子|葵久美子@小菊,葵久美子,629,原名葵久美子
batta_16-sei,1,batta16th|batta18th|飛蝗１６世,飞蝗16世,629,原名飛蝗１６世
giraffe_(ilconte),1,giraffe_mola|ilconte|jirafu_kenzen_manbou|jirafu_manbou,giraffe,629,无通用中文名
kawase_seiki,1,kawase_seiki02|kawaseseiki,カワセセイキ,629,无通用中文名
kkato,1,66_kato|kkato_66|pirkkato,kkato,629,无通用中文名
kurotofu,1,kuro-tofu|kuro_tofu|kurou0609|kuroutofu,kurotofu,629,无通用中文名
classic_(zildjian33),1,classic_hello|classic_tonight|classictonight|zildjian33,くらしっく,628,无通用中文名
dino_(dinoartforame),1,dino|dino_art|dino_illus|dinoartforame,dino,628,无通用中文名
duke_(inu_daimyou),1,duke_inu|duke_inuinu|inu_daimyo|inu_daimyou|でゅーく|犬大名,でゅーく,628,原名でゅーく；犬大名是社团
hokuro_ryuuseigun,1,hokuroryuseigun,hokuro ryuuseigun,628,无通用中文名
nikoo,1,0nikoo0|nikoo0,nikoo,628,无通用中文名
pigeon666,1,666pigeon|82pigeon|angry82pigeon|pigeon,pigeon666,628,无通用中文名
tokuura,1,徳浦|徳浦@転载駄目,徳浦,628,原名徳浦
gensoukoumuten,1,幻想工務店|幻想店长,幻想工務店,627,原名幻想工務店
goback,1,gobackgu,goback,627,无通用中文名
kazuma_(kazumav),1,一真,和真,627,原名一真
muk_(monsieur),1,monsieur|muk,muk,627,无通用中文名
reku,1,reku_kuukan|reku_space|rekuspace|rekusukebeeeeee,れく,627,无通用中文名
free_style_(yohan1754),1,free_style|yohan1754,free style,626,无通用中文名
hi_you_(flying_bear),1,flying_bear|hi_you|hi_you3|飛熊,飛熊,626,原名飛熊
ichihaya,1,ichihaya_sch|ichihayasch,いちはや,626,无通用中文名
mu46016419,1,mu,mu,626,无通用中文名
maco22,1,maco|maco_mag|namako_suki_na_kata_no_maco,maco,625,无通用中文名
nameo_(judgemasterkou),1,,nameo,625,无通用中文名
shirogane_(platinum),1,hgane77|platinum|shirogane|sirogane|白銀,城兼,625,原名白銀
shiwasu_horio,1,horio|horioo|二十極秘屋|師走ほりお,師走ほりお,625,原名師走ほりお；原zh二十极秘屋是社团
yoshitomi_akihito,1,吉富昭仁,吉富昭仁,625,原名吉富昭仁
dan_(kumadan),1,dan|dan_no_izakaya|香吉弾,ダン,624,原名香吉弾；原zh弾（阿弾）不完整
koyubi_(littlefinger1988),1,littlefinger1988,koyubi,624,无通用中文名
miko_(royal_milk),1,miko|miko_92|royal_milk,みこ,634,无通用中文名
pairan,1,pairan-pailand|白狼|白狼岛,白狼,625,原名白狼
herohero_(higashi_no_dou),1,herohero|herohero_illust|higashi_no_dou|社会性暗黒物質,herohero,623,原名herohero；社会性暗黑物质是旧号
uni_mate,1,,uni mate,623,无通用中文名
zaphn,1,zaphn_art,zaphn,623,无通用中文名
eho_(icbm),1,eho971|ehoeho|icbm|会帆|恵青,会帆,622,原名会帆
eko,1,eko.t|ekot84,絵虎,622,无通用中文名
ekz_(robotekz),1,ekz|ekz-yu|ekzrobot|ekztheartist|robotekz|robotekz_,ekz,622,无通用中文名
kikuyoshi_(tracco),1,kikuyosy|tracco,kikuyoshi,622,无通用中文名
kuro_(toi_et_moi),1,kr_(kuro)|kuro|kuro293939|kuro293939_(rasberry)|toi_et_moi,kuro,622,无通用中文名
luicent,1,-luicent9849|llluicent,るいせんと,622,无通用中文名
paragasu_(parags112),1,harakasu_(parags112)|parags112,paragasu,622,无通用中文名
puuzaki_puuna,1,puu_no_puupuupuu|ぷぅ崎ぷぅ奈|冰点下５℃|和田昌典|和田昌奈|红一,ぷぅ崎ぷぅ奈,622,原名ぷぅ崎ぷぅ奈；和田昌典是汉字写法
babalilo,1,koyalilo,ばばりろ,621,无通用中文名
jonsun,1,jonsun_illust|jonsunk|jonsunsun|sun,jonsun,621,无通用中文名
kanzarin,1,kanzarin_(hoochikiss)|kanzarinsan|uzubilla|zarinzarinchan,カンザリン,621,无通用中文名
shima_(wansyon144),1,,シマ,621,无通用中文名
dasdokter,1,,dasdokter,620,无通用中文名
hijiri_rei,1,,hijiri rei,620,无通用中文名
kakage,1,gekaka|kakage0904,かかげ,620,无通用中文名
kikurage_(crayon_arts),1,crayon_arts|kikurage|kikurage_(shijimi-ya_honpo)|kikurages,きくらげ,620,无通用中文名
mirin_chikuwa,1,mirin_to_chikuwa,mirin chikuwa,620,无通用中文名
qys3,1,qianye_qys3|百叶梦,百叶梦,620,中文画师，社区通用百叶梦
zuwai_kani,1,zuwaikani,zuwai kani,620,原zh绘日记❂是站点名，用原名
kanno_takanori,1,sazan_(kanno_takanori)|taka2|takanori_kanno|南乃さざん|菅野孝典,南乃さざん,621,原名菅野孝典；南乃さざん是旧号
kirero,1,kirero--|kiro_(kirero),kirero,619,无通用中文名
kokomi_(aniesuakkaman),1,aniesuakkaman|ijimekkokomi|kokomao|kokomi|kokomidess|kokomidraws|kokomiiii3|kokomiin|kokomikofi,kokomi,619,无通用中文名
tyomimas,1,tyakomis,tyomimas,619,无通用中文名
yuiga_naoha,1,yuiganaoha|由雅,由雅なおは,619,原名由雅
yumesato_makura,1,makura|makura_(pixiv26597)|makura_yst|堕天|夢里まくら,夢里まくら,619,原名夢里まくら；原zh堕天是社团
hanauna,1,h7u7_(hanauna)|hanauna_(h7u7)|hanazo|hanazou|hanazou_unagi|はなうな|昭和最終戦線|昭和最终戦线本部,はなうな,618,原名はなうな；昭和最终战线是社团
henria,1,henria_yh,henria,618,无通用中文名
hidari_(left_side),1,hidari|left_side,hidari,618,无通用中文名
kekemotsu,1,,けけもつ,618,无通用中文名
kso,1,keso_(kso)|kso_|kso_(keso)|kso_numbers,けそ,618,无通用中文名
sankuma,1,sankuma09|sankuma152,sankuma,618,无通用中文名
sasaame,1,sasaame_ra,sasaame,618,无通用中文名
akai_sashimi,1,akaisashimi|akaissm|sas_akai,akai sashimi,617,无通用中文名
blue_borscht,1,borscht_(artist),blue borscht,617,无通用中文名
inoue_sora,1,sorainoue,inoue sora,617,无通用中文名
kurachi_mizuki,1,kurachi151|kurachi151_m|kurahi151_pkkb|mizuki_k,kurachi mizuki,617,无通用中文名
dr.p,1,,dr.p,616,无通用中文名
fjsmu,1,fjsm_u,fjsmu,616,无通用中文名
gabiran,1,gabiran30|gabiran_|gabiran_(gabiran30)|我美蘭,我美蘭,616,原名我美蘭
imoko_(imonatsuki),1,shuzi_imoko,imoko,616,无通用中文名
j7w,1,,j7w,616,无通用中文名
marukyuu_ameya,1,m9kndi_(marukyuu_ameya)|丸九飴屋|炎武,丸九飴屋,616,原名丸九飴屋
tajima_yuuki,1,tajirin|tajiriso|桃ii|桃Ⅱ|田岛有纪|田嶋有紀,桃Ⅱ,616,原名桃Ⅱ
takanashi_ringo,1,ringo|ringo78|ringo_(ringo78)|ringo_(takanashi_ringo)|takanashimanga,takanashi ringo,616,无通用中文名
yusha_m,1,yusha|yusha_(m-gata)|yushi_m|yushi_typem,yusha,617,无通用中文名
cslucaris,1,,cslucaris,615,无通用中文名
feint721,1,_feintheart|feint|feintheart|feintheart721,feint721,615,无通用中文名
hanpenmaru,1,hanpen_marumaru,hanpenmaru,615,无通用中文名
nanase_miori,1,,ナナセミオリ,615,无通用中文名
uenoryoma,1,,uenoryoma,615,无通用中文名
watanabe_yoshihiro,1,nabechi|渡边义弘|渡辺義弘|渡邊義弘,渡辺義弘,615,原名渡邊義弘
mitha,1,,mitha,614,无通用中文名
ysys,1,ysys98,ysys,614,无通用中文名
alex_ahad,1,,alex ahad,613,无通用中文名
bellhenge,1,,bellhenge,613,无通用中文名
caburi,1,cab|cabu7|cabu73|caburi_aki|caburiaki|caburiribbon,caburi,613,无通用中文名
doushimasho,1,doshimash0|doushima,doushimasho,613,无通用中文名
ebiblue,1,bluebi|bluebi_sea_wolker|ebi_blue|ebiburuu|青蝦,海老ブルー,613,原名青蝦
gemu555,1,gemu_(mori_no_adabana)|gemu_sango,gemu,613,无通用中文名
jourd4n,1,jourd4n_,jourd4n,613,无通用中文名
suito,1,,すいと,614,无通用中文名
amane_hasuhito,1,amane_hasuto|hasu|hasu666|hasu666amane|hasu_amane|天上蓮華|天音莲人|天音莲人🐶🐍|天音蓮人,天音蓮人,612,原名天音蓮人；原zh天上莲华是社团
ask_(askzy),1,-ask--|ask|askzy9464,ask,612,无通用中文名
echo_saber,1,echo_saber1|echobuster2|echosaber|echosaber1|echox2nd,echo saber,612,无通用中文名
naruse_mai,1,narumahi|narurururu|naruse_mahi|narusemahi|narusemaikai|停止中|宇宙尘|成瀬まひ,成瀬まひ,612,原名成瀬まひ；停止中是旧号
neit_ni_sei,1,neito_2-sei|neito_2sei|neito_ii-sei,neit ni sei,612,无通用中文名
takayama_toshinori,1,takayama_yama,takayama toshinori,612,无通用中文名
toujou_sakana,1,,toujou sakana,612,无通用中文名
choco_chip,1,choco_box|chocochip|chocofactorybox,choco chip,611,无通用中文名
emurin,1,emurin_(frees),emurin,611,无通用中文名
mame1645,1,,mame1645,611,无通用中文名
mvv,1,女仆薇薇,女仆薇薇,611,中文画师，社区通用女仆薇薇
nikki_kyousuke,1,nikki_kyoosuke|nikkiya|nishiki_kyousuke|二式屋|二式恭介|白田_金|西木恭介,二式恭介,611,原名二式恭介；原zh带下划线
toritora,1,酉寅,酉寅,611,原名酉寅
tsukasawa_takamatsu,1,matsuri_gensou|tsukasawafb|tukasawa02|冢沢_|冢沢_令和版|冢沢尭松|塚沢|塚沢尭松,塚沢尭松,611,原名塚沢尭松；原zh冢沢缺字
amagai_tarou,1,,おるだん,610,无通用中文名
hima,1,himapo|himapo2|天才卓球少女,hima,610,原名hima；天才卓球少女是旧号
kyo_(kuroichigo),1,kuroichigo|kyo,kyo,610,无通用中文名
lee_(colt),1,colt|lee|lee_(2480shiro),lee,610,无通用中文名
hero_neisan,1,neisan,hero neisan,609,无通用中文名
hirayama_kanna,1,平山寛菜,平山寛菜,609,原名平山寛菜
kurot,1,ku|kurokanin|kuroto|黒兎,黑兔,609,原名黒兎
mafuyu_(chibi21),1,chibi21|mafuyu|mafuyu_le|mmafu|幻月丶魅影,真冬,609,中文画师，社区通用幻月魅影
otoi_rekomaru,1,otoreko_ch|toirekomoru|音井録丸,音井録丸,609,原名音井録丸
shingyou_(alexander-13),1,alexander-13|singyored5,shingyou,609,无通用中文名
chipa_(arutana),1,arutana|chipa|薙派,薙派,608,原名薙派
efukei,1,,efukei,608,无通用中文名
ganesagi,1,gane|shirogane_usagi|usagi-goya,ganesagi,608,无通用中文名
greatodoggo,1,,greatodoggo,608,无通用中文名
h_kasei,1,fc2kasei|hkasei,h kasei,608,无通用中文名
kiikii_(kitsukedokoro),1,,kiikii,608,无通用中文名
kouda_suzu,1,koudasuzu,kouda suzu,608,无通用中文名
kugimiya_atsuki,1,天六歌剧団@新刊委托中|天六歌劇団|釘宮あつき|韩国祭,釘宮あつき,608,原名釘宮あつき；原zh天六歌剧団是社团
nigo_(aozoragarou),1,nigo0145|nigo_games|nigou0709|nigou_(aozoragarou)|弐号|青空画廊伝说,にご,608,原名弐号
sakura_hiyori,1,hiyo3r|hiyori_skr,桜ひより,608,无通用中文名
twistedscarlett60,1,twistedscarlett|twistedstudio,twistedscarlett60,611,无通用中文名
xter,1,xter444707|xtermination,xter,608,无通用中文名
akatsuki_hijiri,1,okatsukisei|霞狂葉,霞狂葉,607,原名霞狂葉
danmakuman,1,danmakuman1|danmakuman18|danmakuman_retro_gaming|danmakumang,danmakuman,607,无通用中文名
lillly,1,lillly_|lillly__97|lillly____|lillly_____,lillly,607,无通用中文名
miwabe_sakura,1,sakura_m|sakurapion,みわべさくら,607,无通用中文名
roki_(hirokix),1,roki360,roki,607,无通用中文名
ryuki_(ryukisukune),1,ryuki|ryuki1980|ryuki_(ryukz)|ryukisukune|ryukz,リュウキ,607,无通用中文名
speedl00ver,1,b00yspeedy,speedl00ver,607,无通用中文名
yan_(nicknikg),1,nicknikg|雁氷,ヤン,607,中文画师，社区通用雁冰
cloba,1,cloba377|clobatw|幸運屋,cloba,606,无广泛中文名；幸运屋是社团
gachou,1,蛾蝶,蛾蝶,606,原名蛾蝶
hisen_kaede,1,,緋仙カエデ,606,无通用中文名
koi_(koisan),1,,koi,606,无通用中文名
kotobuki_(momoko_factory),1,kotobuki|kotobuki1223|kotobuki_314|momoko_factory,kotobuki,606,无通用中文名
matilda_fiship,1,fiship|matilda_vin,matilda fiship,606,无通用中文名
namiorii,1,m_namialus|namii_(namialus_m)|namimoreii,namiorii,606,无通用中文名
ro_g_(oowack),1,,ro g,606,无通用中文名
kakizaki_(chou_neji),1,chou_neji|kakizaki|kakizaki_(chouneji)|kakizaki_(ka-ki)|木市山奇|柿崎,柿崎,605,原名柿崎；原zh木市山奇是拆字写法
muku_(muku-coffee),1,muku|むく|椋鳥|椋鸟|海苔眉毛,むく,605,原名むく；原zh教授是别号
ssalbulre,1,ssalbug|ssalrobyul,ssalbulre,605,无通用中文名
terrajin,1,terajin,terrajin,605,无通用中文名
djheycha,1,dj_heycha|djheycha2,DJ喜茶,604,原zh魔剑士达纳托斯的苦痛是签名梗，非通用名
takunomi,1,takunomi_at_home|takunomi_athome,たくのみ,604,无通用中文名
torino_aqua,1,torino|torino_akua,torino aqua,604,无通用中文名
yano_mitsuki_(nanairo),1,mitsuki|mitsuki_(animal_herb)|mitsuki_(lucky_netwok)|mitsuki_(nanairo_box)|nanairo|yano_(nanairo_box)|yano_mitsuki|yano_mitsuki_(artist),夜之美月,604,无通用中文名
yapo_(croquis_side),1,croquis_side|yapo|yapo-man|yapo_(yaponishi)|yapoman|yaponishi,yapo,604,无通用中文名
fuuma_nagi,1,kazemanagi|nagifuma|箱舟放送局|風魔凪|风魔凪,風魔凪,603,原名風魔凪；箱舟放送局是社团
saitou_naoki,1,_naokisaito|naoki|saito_naoki|さいとうなおき|齋藤直葵,齋藤直葵,603,原名齋藤直葵，中文社区通用斋藤直葵
tenmaso,1,masoonacoil|tenmazombie,てんまそ,603,无通用中文名
tomari_(veryberry00),1,tomari|ttomarii|tttomariii|veryberry00,トマリ,603,无通用中文名
zaxwu,1,zax|zax_(zaxwu)|萨克斯|萨绅士情报屋|薩克斯,zaxwu,603,原名zaxwu；萨克斯是旧号
fumitsuki_(minaduki_6),1,fumitsuki|fumituki310|minaduki_6|踏月,踏月,602,原名踏月
ginko_(silver_fox),1,ginko_(silverfox)|silver_fox|銀狐|魔神铠,銀狐,602,原名銀狐
han_(jackpot),1,han|han64|hang64jp|jackpot,han,602,无通用中文名
redlhzz,1,,redlhzz,602,无通用中文名
yajirushi_(chanoma),1,,yajirushi,602,无通用中文名
koyomania,1,bububu432117785|koyomania1840|koyomi,koyomania,601,无通用中文名
oda_ken'ichi,1,oda_kenichi,おだけんいち,601,无通用中文名
okitakung,1,oatkung|okitakung65,okitakung,601,无通用中文名
simoyuki,1,shimoyuki|simo|simoyuki__,simoyuki,601,无通用中文名
tajima_ryuushi,1,r-tajima|tajima_particle|tajima_ryouhei|tajima_ryoushi|tajimakkusu|tajimaparticle|tajimax|但馬亮平,タジマ粒子,601,原名但馬亮平
tomohiro_kai,1,kai-tomohiro|kai_tomohiro|kaitomohiro|智弘|智弘カイ,智弘カイ,601,原名智弘カイ；原zh智弘缺字
walzrj,1,,walzrj,601,无通用中文名
chyko,1,chyko7080,chyko,600,无通用中文名
hinagi_(fox_priest),1,hinachii|nagi|nagidonburi|nagisn't|nagiwww|nagiwww7|u_nagidon|unagidon,hinagi,600,无通用中文名
momose_(oqo),1,momocellotape|momose_(hanada)|momose_(hanada.)|momosemt|oqo,ももせ,600,无通用中文名
r-binon,1,albinonntcgamer,r-binon,600,无通用中文名
skeptycally,1,skepty,skeptycally,600,无通用中文名
60mai,1,60枚,60枚,599,原名60枚
fagi_(kakikaki),1,fagi_kakikaki|fagikakikaki,fagi,599,无通用中文名
geshumaro,1,mashumaro_00|げしゅまろ,げしゅまろ,599,原名げしゅまろ
kanden_sky,1,hmt_(kandensuki)|kanden|kanden-fusionz|kanden_suki|kandensky|kandensuki|七篠|感电数寄,感电数寄,599,原名七篠；原zh感电数寄是旧号
marota,1,imyme_maro|imymemaro|marota_popo|marotach|麻吕太帝国|麻呂太,麻吕太,599,原名麻呂太
miyako_hito,1,miyako_dokei|miyakohito,ミヤコヒト,599,无通用中文名
ponpu_(pumpkinsinclair),1,ponpu|pumpkinsinclair|sin,ponpu,599,无通用中文名
shiki_(psychedelic_g2),1,psychedelic_g2|shiki,色,599,无通用中文名
asiri_senpai,1,asirisenpai,asiri senpai,598,无通用中文名
chameleon_(ryokucha_combo),1,chame|chame-leon|chamele|chameleon|chamere|chamere0n,かめれおん,598,无通用中文名
papajay_(jennygin2),1,jennygin2,papajay,598,无通用中文名
quick_waipa,1,waipa,quick waipa,597,无通用中文名
souryu,1,souryu_std|souryu_std2|souryumanga|souryustd|souryuu|souryuu_(ebicola)|souryux|双龍|双龙画廊,双龍,597,原名双龍
nilitsu,1,nilitsu_haihan|niritsu|niritsu_(nilitsu),ニリツ,596,无通用中文名
somechime_(sometime1209),1,,somechime,596,无通用中文名
super_masara,1,spmasara|super_masara_,super masara,596,无通用中文名
chihiro_(kemonomichi),1,kemonomichi|千尋,千尋,595,原名千尋
ica,1,ic|ica_(shishi_sijimi)|ica_shishi,ica,595,无通用中文名
kadose_ara,1,kadoseara|かどせあら|門瀬粗,門瀬粗,595,原名門瀬粗
kutsuki_kai,1,kozuki_kai|kutsuki|kutsuki_(debole)|kutsuki_(solo)|くつきかい|クツキカイ|紅月|紅月カイ,紅月カイ,595,wiki: Japanese name 紅月カイ（クツキカイ）；zh用全名简体红月カイ，不再截短为红月
nia_(nia4294),1,nia4294,にあ,595,无通用中文名
ougi_hina,1,扇城ひな|扇城緋那,扇城ひな,595,原名扇城緋那；原zh扇城绯那简化
scott_malin,1,bryceandscott|scott-bryce|scott__malin|scott_malin2|scottmalin,scott malin,596,西方画师
a.x.,1,,a.x.,594,无通用中文名
amano_don,1,don|don_(don_0608)|don_0608|don_nichijou,amano don,594,无通用中文名
azuki_osamitsu,1,azuki_osamitu|azukigayu|小豆粥|小豆長光|小豆长光,小豆長光,594,原名小豆長光；原zh小豆粥是误读
munakata_(sekimizu_kazuki),1,,munakata,594,无通用中文名
okuri_banto,1,banto|banto-suzune|banto1046|banto1985|banto_suzune|bantosuzune|okuribanto|suzune_banto|凉音万都|涼音萬都|送り萬都,送り万都,594,原名送り萬都（涼音萬都）；原zh凉音_万都带下划线
orion_(orionproject),1,orion_project|織音|織音計画|织音计画,織音,597,原名織音；织音计画是社团
enjaku_izuku,1,enjaku_iduku,enjaku izuku,593,无通用中文名
rune_(dualhart),1,000rune000|dualhart|rune|rune_(pixiv_25170019)|runeofdoom00,るね,593,无通用中文名
chiharu_(9654784),1,,chiharu,592,无通用中文名
fujitaka_nasu,1,takanasu05|富士茄_鹰|富士茄鷹,富士茄鷹,592,原名富士茄鷹；原zh带下划线
kink_(tortoiseshell),1,kink|kink_tail,きんく,593,无通用中文名
mitsuba_minoru,1,,三叶稔,592,无通用中文名
sido_(slipknot),1,sidotama,sido,592,无通用中文名
utsusumi_kio,1,kio_(yumekuikio)|usumi_kio|utsusumi_onsen,空住キオ,592,无通用中文名
koumei_(twinameless),1,koumei|nameless,koumei,591,无通用中文名
mcgunngu,1,,mcgunngu,591,无通用中文名
mitsuba_choco,1,fu_choco2,三つ葉ちょこ,591,无通用中文名
niku_(ni23ku),1,1356400321niku|ni23ku|种田去了的肉|肉,肉,591,中文画师，社区通用种田去了的肉
nonono_mino,1,mino|mino-ya|minoya_(circle)|nonono|nonono_(mino)|ノノノみの|純葉,ノノノみの,591,原名ノノノみの；纯叶是旧号
ryosios,1,ryosioss,ryosios,591,无通用中文名
tata_(tataice),1,rkoorinotata|tata|tatahot,たた,591,无通用中文名
abara_heiki,1,abara|abarabara2008|abarahei28|abaraheiki|肋兵器,肋兵器,590,原名肋兵器
amano_kouki,1,amano_(amanote)|amano_(els573)|amano_note|amanote|amanote573,amano kouki,590,无通用中文名
ichinomiya_(blantte),1,,一ノ宮,590,无通用中文名
kuroi_suna,1,,kuroi suna,590,无通用中文名
nakabayashi_zun,1,zunbayasi,nakabayashi zun,590,无通用中文名
nekoume,1,,ねこうめ,590,无通用中文名
warashi,1,warawarawarasi|あをふじ|砲鐵,炮铁,591,原名砲鐵；原zh炮铁是简化
watanon_(gakushokutei),1,gakushokutei|watanohara|watanohara2|watanon|わたのん|学食亭,わたのん,590,原名わたのん；原zh学食亭是社团
yutakasan-love,1,,yutakasan-love,590,无通用中文名
isaki_(gomi),1,gomi|isaki|isaki_(isaki_ichiba)|isaki_ichiba|七五三|伊崎|伊崎市场,伊佐木,589,原名伊崎；原zh七五三是旧号
kurihara_sakura,1,,栗原さくら,589,无通用中文名
masakichi_(crossroad),1,crossroad|masakichi_(kurosudou)|まさきち|黒酢堂,まさきち,589,原名まさきち；黑酢堂是社团
nakkar,1,,nakkar,589,无通用中文名
nploser,1,,nploser,589,无通用中文名
ai_takurou,1,安威拓郎,安威拓郎,588,原名安威拓郎
deras,1,deras_18,deras,588,无通用中文名
maccha_(mochancc),1,maccha_(409547123)|mocha|mochan|mochancc|抹茶|莫婵,抹茶,588,中文画师，社区通用抹茶
ran'ou_(tamago_no_kimi),1,ran'ou|ran'ou_(egg_breaker)|らんおう|発酵戦隊,卵の黄身,588,原名らんおう；発酵戦队是社团
shitacemayo,1,shitace|shitace1|shitase,shitacemayo,588,无通用中文名
silly_(marinkomoe),1,marinkomoe|silly|silly_(blank_check)|silly_(blank_cheque)|silly_6,しりー,588,无通用中文名
skai_kun,1,skai|skaisubbu,skai,588,无通用中文名
tebi_(tbd11),1,tbd|tbd11,tebi,588,无通用中文名
yukie_(peach_candy),1,pc_yukie|peach_yukie,ゆき恵,588,无通用中文名
ebinku,1,ebinkuu|ebinkuu18,ebinku,587,无通用中文名
revolverwing,1,revolverwingstudios,revolverwing,587,无通用中文名
shellvi,1,,shellvi,587,无通用中文名
subachi,1,subachi_n|平人|平人（仮）,すばち,587,原名平人
tonarikeru,1,keru720|tonari_no_kai_keruberosu,tonarikeru,587,无通用中文名
0lightsource,1,0lightsourced|lightsource,0lightsource,586,无通用中文名
idkuroi,1,kuroi_moyamoya|kuroibaseband|moyamoya_kuroi,idkuroi,586,无通用中文名
inuinui,1,inui|inuinui_rgz|inuinuirgz|乾ぬい|蓮華座,乾ぬい,586,原名乾ぬい；蓮华座是社团
nishihara_isao,1,nisihara|nisiharaissa|宇治山_喜撰|西原いさお,西原いさお,586,原名西原いさお；原zh宇治山_喜撰是别号
sora_72-iro,1,sora72iro|sora72iro_kaba9|空72色|空72色@仕事募集中,空72色,586,原名空72色
taishi_(picchiridou),1,_taishi|picchiridou|taishi|taishi_(artist)|taishi__nw|taishinw|taishiww|太子|＿太子,たいし,586,原名太子
tenten_(chan4545),1,tenten|tentenchan1818|tentenchan2525|tentenchan4545,tenten,587,无通用中文名
ayakashi_(monkeypanch),1,ayakashi_(ayashii_ayakashi)|ayakasi24|ayashii_ayakashi|ayasiiayakasi|綾樫,アヤカシ,585,原名綾樫；原zh绫㭴是罕用字
kosmos_beta,1,kosmosbeta,kosmos beta,585,无通用中文名
kyuu_(plastic_night_q),1,plastic_night_q,kyuu,585,无通用中文名
akino_sora,1,akinosora0726,あきのそら,584,无通用中文名
coubalty,1,coubalt,coubalty,584,无通用中文名
nanashino,1,nanashino_(caryo)|nanashino_(mihashiren)|nanashinobi|nanasinobi,nanashino,584,无通用中文名
papino,1,,papino,584,无通用中文名
r3dfive,1,redfive_artist,r3dfive,584,无通用中文名
ryuuzaki_ichi,1,dukeryuzaki|ryuuzaki_itsu|ryuzakiichi|竜崎いち|龍崎一|龙崎一,龍崎一,584,原名竜崎いち
yamada_rei_(rou),1,yamada_rei|yamada_rou|yamada_row|山田怜|山田琅|山田瑯,山田怜,584,原名山田怜（山田瑯）；0324制作所是社团
yamamomo_(plank),1,plank|y|yamamomo|yamamomo2001|yamamomoplank|山桃,山桃,584,原名山桃
z.taiga,1,admiral_taiga|kusoteitokutaiga,z.taiga,584,无通用中文名
box_wonderland,1,,box wonderland,584,无通用中文名
na_tarapisu153,1,na_tarapisu18|rapisu|rapisu3312|rapisurapi03534,na tarapisu,583,无通用中文名
zenshin,1,,zenshin,584,无通用中文名
kochiya_(gothope),1,kochiya|kochiya_chan,kochiya,582,无通用中文名
yuugen,1,,ゆーげん,582,无通用中文名
goe_(g-o-e),1,5agoe|g-o-e|goe,goe,581,无通用中文名
izumi_sai,1,大陸間弾道少女|泉彩,泉彩,581,原名泉彩；大陆间弾道少女是社团
masanaga_(tsukasa),1,ma|masanaga|masanaga_naga|naga-masanaga|naga_masanaga|tsukasa|政長,政长,581,原名政長
mochizuki_shiina,1,harumochi|motiduki-siina|motiduki_siina|siina_motiduki|望月椎那|椎那,望月椎那,581,原名望月椎那
kokone_(coconeeeco),1,,kokone,580,无通用中文名
meth_(emethmeth),1,emethmeth|meth|meth2480,meth,580,无通用中文名
minashirazu,1,minanorazu,minashirazu,580,无通用中文名
shin'yashiki,1,家屋場|新屋敷|新筑,新屋敷,580,原名新屋敷；原zh家屋场是误写
toshishikisai,1,歳四季,歳四季,580,原名歳四季
akayama_yukihe,1,akayamaya|y_akayama|yukihe,akayama yukihe,579,无通用中文名
cirenk,1,cirenk2|cirenkoyenk|renkciii,cirenk,579,无通用中文名
gokuu_(acoloredpencil),1,acoloredpencil|goku_(acoloredpencil)|gokuu|gokuu0528|gokuu_(gokuu0528)|ごくう|御供|竹林茶屋,御供,579,原名御供
janong,1,janong054|janong49|janong_saetiew,janong,579,无通用中文名
yoon_cook,1,yoon|yoon_cook_|yoonyorry,yoon cook,579,无通用中文名
matsuda_yuusuke,1,matsuda_(sutakoraidaa)|matsuda_(sutakorider)|matsuda_(yuusuke)|yuusuke3468|yuusuke_(matsuda)|yuusuke_(sutakoraidaa)|yuusuke_(sutakorider),マツダユウスケ,578,无通用中文名
shintarou,1,shintaro|shintarozamurai,しんたろー,578,无通用中文名
shouji_nigou,1,shouji_2|shouji_2-gou|shouji_2gou|shouji_ni-gou|syouji2|庄司二号|２号,庄司二号,578,原名庄司二号
taka_(takahirokun),1,katakin_(taka)|taka|taka_(so-bo-kin)|takahirokun|肩筋,タカ,578,原名肩筋
tro_(trombe),1,tro|tro(ttt)|tro_(mutter_erde)|trombe_|trotrotrombe,tro,577,无通用中文名
gearous,1,cgearous|gearous_|official_gearous,gearous,576,无通用中文名
imaichi,1,imai_(imaichi)|imaichi-kan|imaichi-p|imaichi_(not_quite_satisfactory)|imaichi_(nqs)|imaity|maimai_(imaichi),居妹治,576,无通用中文名
pop_(electromagneticwave),1,electromagneticwave|pop|popemw|popemw02|popemw256,pop,576,无通用中文名
kamiya_tomoe,1,,神谷ともえ,575,无通用中文名
mimikaki_(men_bow),1,men_bow|mimikaki,みみかき,575,无通用中文名
sazanami_konami,1,konamipeppler|sazanami573|sazanamikonami|shinkaijin_sazanami|さざ波小波|涟小波,さい波小波,575,原名さざ波小波；原zh深海人3373是旧号
zunkome,1,,zunkome,575,无通用中文名
atahuta,1,ahahuta_(roubaitei)|atahuta_|atahuta_(adpt)|atahutax|狼狽亭,狼狽亭,574,原名狼狽亭
mappaninatta,1,mappa_ninatta|mappani_natta|papparirappa,マッパニナッタ,574,无通用中文名
monobe_yuri,1,monobe|monobe-moriya,monobe yuri,574,无通用中文名
moral_cacoethes,1,cacoethes|noble_cacoethes|seiso_cacoethes,moral cacoethes,574,无通用中文名
po-ju,1,,po-ju,574,无通用中文名
takatisakana,1,takasu_an|高洲杏,高洲杏,574,原名高洲杏
tonomiya68,1,tonomiya|殿宮,殿宮,574,原名殿宮
tonpuu,1,,tonpuu,574,无通用中文名
helloimtea,1,,helloimtea,574,无通用中文名
iwao178,1,,iwao178,573,无通用中文名
kimura_takahiro,1,木村貴宏,木村貴宏,573,原名木村貴宏
kkopoli,1,,kkopoli,573,无通用中文名
morii_shizuki,1,morii_shiduki,森井しづき,573,无通用中文名
nasuno_(nasuno42),1,nasuno|nasuno42|nasuno_4499,nasuno,573,无通用中文名
shi_chimi,1,mochimochi_tamaroll_(circle)|shichimi,shi chimi,573,无通用中文名
tsurusaki_yuu,1,津留崎優|羽鳥二羽鳥|羽鸟二羽鸟,津留崎優,573,原名津留崎優
yudepii,1,yude-pii|yude_pea|yude_pii|yuderupii,yude-pii,573,无通用中文名
kita_senri,1,北千里,北千里,572,原名北千里
komakoma_(magicaltale),1,koma_koma_(lilywhite_lilyblack)|koma_koma_(magicaltale)|komakoma_(lilywhite_lilyblack)|komatan|magicaltale,komakoma,572,无通用中文名
lockheart,1,lock|lock_heart|rock_heart,ロックハート,572,无通用中文名
sankakusui,1,,sankakusui,572,无通用中文名
yakihebi,1,dokune_hebi|hebi-san_(hebi_dokune)|hebi_dokune|yaki-hebi|yaki_hebi|yakihebi_tare|yakisnake|ygg44sx_ykhebi|ykhebi,yakihebi,572,无通用中文名
yamari_(ya_mari_6363),1,ya_mari_6363|yama_mari|yamari|yamari_shibu_6363,yamari,572,无通用中文名
aria_(koiiroharemoyou),1,aria.|aria0213f|aria_(agony124)|koiiroharemoyou|ありあ。,ありあ。,571,原名ありあ。
fengling_(furin-jp),1,furin-jp|風鈴,風鈴,571,中文画师，社区通用风铃
haruyuki_(gffewuoutgblubh),1,gffewuoutgblubh|haruyuki,はるゆき,571,无通用中文名
medu_(rubish),1,rubish,medu,571,无通用中文名
miazi,1,,miazi,571,无通用中文名；慰问用户名是签名
shinozuka_jouji,1,jouji_mujoh|shinojoh|shinozuka_george|常时无常|篠塚醸二,篠塚醸二,571,原名篠塚醸二
chahan_(fried_rice0614),1,fried_rice0614|炒飯,炒飯,570,原名炒飯
fujikawa,1,藤川,藤川,570,原名藤川
noya_makoto,1,noya|ura_macoto|乃屋,乃屋,570,原名乃屋
okiraku_nikku,1,okiraku_nick,okiraku nikku,570,无通用中文名
missile228,1,apple228|missile228apl,missile228,569,无通用中文名
niina_ryou,1,nina_ryo|ryousai_material|ryousai_material!_(circle)|新和涼,新和涼,569,原名新和涼
ryota_(ry_o_ta),1,pp_(ryota)|ry_o_ta|ryota,ryota,569,无通用中文名
squchan,1,,squchan,569,无通用中文名
tamago_(yotsumi_works),1,tamago|tamago_(k-trick-koudai)|tamago_423|tamago_yotsumiworks|yotsumi_works,煌月忍,569,无通用中文名
todding,1,toddingart|toddingu,todding,569,无通用中文名
c_(theta),1,c6tadayoo2|ctacta12321|ctadesu12321,c,568,无通用中文名
haneru,1,haneru253|哈_奈_鲁|哈奈鲁|歪酱,哈奈鲁,568,中文画师，社区通用哈奈鲁；原zh带下划线
kurata_rine,1,clarinet|clarinet723|kuratarine|倉田理音|根岸千秋,倉田理音,568,原名倉田理音
tenako_(mugu77),1,mugu77,tenako,568,无通用中文名
tsukui_kachou,1,tsukunyan|tsukunyanko_(nigooki)|tsukunyann0867|つくい課長|津久井課長,津久井課長,568,原名津久井課長
nakayama_miyuki,1,中山みゆき,中山みゆき,567,原名中山みゆき
rourou_(been),1,been|rourou,rourou,567,无通用中文名
tateha_(marvelous_grace),1,marvelous_grace|立羽,立羽,567,原名立羽
tsukudani_norio,1,norioikeru!,佃煮のりお,567,无通用中文名
abandon_ranka,1,abandonrnk|ranka224|アバンドン蘭花|蘭花,蘭花,566,原名蘭花
fuuen_(akagaminanoka),1,fuuen,fuuen,566,无通用中文名
laserflip,1,laser|laser07832786,laserflip,566,无通用中文名
mitsumomo_mamu,1,,mitsumomo mamu,566,无通用中文名
sapphire_(nine),1,nine|sapphire|sapphire_4825|sapphirep_game,サファイア,566,无通用中文名
shiguma_(signalmass),1,jiguma_(signalmass)|shiguma_(signal_mass)|signalmass,しぐま,566,无通用中文名
xiaoxi0619,1,littlewest0619|小西|小西0619,小西,566,中文画师，社区通用小西
hanomido,1,hanomi-dou|hanomido_(hanomidori)|hanomidon|hanomidori|hanomidou,hanomido,565,无通用中文名
jill_07km,1,jill|jill-jill|jill_07km_18,jill,565,无通用中文名
metata,1,choudendou_metata|metata_ex|metatarou|metatarou_ex|metatarouex|zenjidou_metata|メタ太|豆腐太郎,メタ太,565,原名メタ太；豆腐太郎是旧号
matrix16,1,,matrix16,564,无通用中文名
mr.romance,1,misuroma,mr.romance,564,无通用中文名
oosaka_kanagawa,1,o_sakanagawa|osakanagawa|sora_kara_no_boyaki|大阪神奈川,大阪神奈川,564,原名大阪神奈川
san-pon,1,,san-pon,564,无通用中文名
btmr_game,1,btmr|btmr_aiko,btmr,563,无通用中文名
fluffydango,1,,fluffydango,563,无通用中文名
ratatatat74,1,,ratatatat74,563,无通用中文名
ree_(re-19),1,re-19|recap100ml|ree|ree_kkr|ree_re_n|reeee,ree,563,无通用中文名
ryo_(botugo),1,ryo_(botsugo)|ryo_bbb|没後,りょう,563,原名没後
tokkyu,1,tokkyusan,tokkyu,564,无通用中文名
difman,1,difmanm,difman,562,无通用中文名
kaos_art,1,kaos-art-gx|kaos_artgx|kaosgx|kaoster1,kaos art,562,无通用中文名
kayabakoro,1,,kayabakoro,562,无通用中文名
mleth,1,harxmleth|mathias_leth,mleth,562,无通用中文名
nakamura_takeshi,1,fmu|nakamura_takesh|nakamuratakeshi|中村毅|中村豪志|伪住所不定,なかむらたけし,562,原名中村毅
yajuu,1,yaju_orange|鸦居|鸦居丶|鸦鸦鸦,野獣,562,中文画师，社区通用鸦居
ajishio,1,アジシオ|烏賊輪,アジシオ,561,原名アジシオ；乌贼轮是社团
kasugai_(de-tteiu),1,de-tteiu,春日井,561,无通用中文名
katagiri_hachigou,1,nilgiri|片桐|片桐八号|片桐八號,片桐八號,561,原名片桐八號
kuroi_susumu,1,kuroi-susumu|lv-01kuroi|lv_01kuroi|黒井ススム|黒井進,黒井ススム,561,原名黒井ススム
madcocoon,1,jianzi_(madcocoon)|madjian|mayuko_(madcocoon)|茧子|茧子半死不活,繭子,561,中文画师，社区通用茧子
mirai_hikari,1,miraidraw|miraihikariart,mirai hikari,561,无通用中文名
ouno_(nounai_disintegration),1,nounai_disintegration|ouno|ouno_(oyon)|ouno_(rarariruru)|ounolog|ounomast|ounotw|ounotw2|奥之,奥之,561,原名奥之
shamakho,1,shamakho_works,沙マコ,561,无通用中文名
batta_(ijigen_debris),1,batta|batta_(emmanuelle_sunflower)|batta_(rickenbatta330)|ijigen_debris|rickenbatta330|細谷優太,細谷優太,560,原名細谷優太；原zh是简化
rento_(rukeai),1,rent1275|rent_(rento)|rent_(rukeai)|rento|rento_(fortissima)|rento_(rent)|rentou_(rukeai)|rukeai|炼兔|煉兎|終焉愛唯歌+|终焉爱唯歌＋,煉兎,560,原名煉兎；终焉爱唯歌+是别号
sadamoto_yoshiyuki,1,貞本義行,貞本義行,560,EVA人设，原名貞本義行，中文社区通用贞本义行
sakura_yuki_(clochette),1,clochette|ichinose_yukino|sakula_puni|sakula_yuki|sakura_yuki|咲良ゆき|紗倉雪,咲良ゆき,560,原名紗倉雪
sawao,1,,さわお,560,无通用中文名
suruga_(xsurugax),1,,suruga,560,无通用中文名
eisu_(eith),1,eisu|eisu_(nijieith)|eith,eisu,559,无通用中文名
oda_non,1,,织田non,559,无通用中文名
coa_(chroo_x),1,chroo_x|coa|pjrmhm_coa,coa,558,无通用中文名
dora_ita,1,doraita,dora ita,558,无通用中文名
ham_(points),1,ham_points|ham_points_|points,ham,558,无通用中文名
taikyoku_tsurugi,1,taikyokuturugi|太极剑|太极剣|太極剣|梦钓剣,太極劍,558,原名太極剣
yuizaki_kazuya,1,k_yuizaki|yuizaki_ch,ユイザキカズヤ,558,无通用中文名
baku-p,1,baku_p|baku_ph|bakup|bakupa|pasbaku|pasbaku2|夢見里,夢見里,557,原名夢見里
hagure_kedama,1,hagure_g|hagurekedama|kedama_(pon)|kedama_(tyanpon)|kedamag,はぐれけだま,557,无通用中文名
hanabusaoekaki,1,花房,花房,557,原名花房
kukumomo,1,kumokumo,kukumomo,558,无通用中文名
nyama,1,にやま|昭和新山,昭和新山,557,原名昭和新山
otosama,1,otosamaleong|otosamaspage,otosama,557,无通用中文名
ryeon_(naturesan),1,ryeon|ryeon_(bluetom1)|ryeonsan,ryeon,557,无通用中文名
shigatake,1,,シガタケ,557,无通用中文名
yana_(nekoarashi),1,nekoarashi,也な,557,无通用中文名
yumiya,1,,ゆみや,557,无通用中文名
mujinbensin,1,mujin,無人,556,无通用中文名
randomboobguy,1,jack-aka-randomboobguy|randomboobguy-da|teh_randomness,randomboobguy,556,无通用中文名
saraki,1,saraki1119|saraki147|saraki_(kaiki148),saraki,556,无通用中文名
suke_(singekijyosei),1,nitta_yuusuke|suke|新田祐助,新田祐助,556,原名新田祐助
tukino_neru,1,月野ネル|池田勇輝,月野ネル,556,原名月野ネル；池田勇辉是汉字名
yae_(mono110),1,mono110|mono110yae|yae|yae_(artist)|yae_(ookami_to_ikiru)|yae_to|yae_to2,八重,556,无通用中文名
akaneya,1,akanya|茜屋,茜屋,555,原名茜屋
henshako,1,,ヘンシャコ,555,无通用中文名
kyuuba_melo,1,9bamelo|kyuuba_mero|melo-9ba,kyuuba melo,555,无通用中文名
mobu,1,mobu312,mobu,555,无通用中文名
mogu_(au1127),1,au1127|mogu-san|mogu_(genmai_cha)|mogu_(genmaicha)|mogu_(tokuni_nanimo_nai)|mogu_1i27|mogu_zaemon|moguzaemon|モグ|玄米茶,モグ,555,原名モグ；原zh玄米茶是社团（玄米茶）
negresco,1,negrescore0,negresco,555,无通用中文名
tomokichi,1,token_(tomokichi)|tomokichi_(yuudoku-ya)|tomokichi_(yuudokuya)|tomokity|友吉|友毒屋|幻想屋|黑乃友吉丸,友吉,555,原名友吉
hosizora_mikoto,1,,星空美琴,554,无通用中文名
lumo_1121,1,homo1121|lumo1121|lumo_7777,lumo,554,无通用中文名
sameha_ikuya,1,same|same.|same_(fancy_free)|sameiku|来迎昇天|照介|鮫葉いくや,鮫葉いくや,554,原名鮫葉いくや；来迎升天是旧号
takahero,1,,takahero,554,无通用中文名
alakoala,1,a_la_koala|alakoala_(futofuto_marumaru)|kenzen_koala,alakoala,553,无通用中文名
sunna_(nilsunna),1,lipe-san|nil_sunna|nilsunna|sunna,sunna,553,无通用中文名
task_(s_task80),1,s_task80,task,553,无通用中文名
yoshizawa_tsubaki,1,tybayoshizawa1|tybayosizawa|yoshizawa_kazuya|yoshizawa_megane|吉沢|稗基|稗鳍,吉沢,553,原名吉沢
dismaiden,1,dismaiden_art|dismaidenart,dismaiden,552,无通用中文名
daive,1,daive-kou,daive,551,无通用中文名
gar32,1,gar32drawshit|gar32yeah,gar32,551,无通用中文名
hioyami,1,,hioyami,551,无通用中文名
kerorira,1,kero|kerorira1|keroriranron,kerorira,551,无通用中文名
kurashima_tomoyasu,1,kurashima_takeyasu|倉島丈康,仓岛丈康,551,原名倉島丈康
myama,1,,myama,551,无通用中文名
nekomata_naomi,1,naomi_nekomata|nekomata|nekomata-ya|nekomata_(nekomata-ya)|nekomatanaomi|nekomataya|nekomofu_naomi,ねこまたなおみ,551,无通用中文名
tarakanovich,1,tara_kanovich|tarakanovichart|tarakatrash,tarakanovich,551,无通用中文名
chups,1,チャプス|消像軒,チャプス,550,原名チャプス；消像轩是别号
hamaken._(novelize),1,hama_ken|hamaken|hamaken.|hamaken_(novelize)|novelize|twdshamano|はまけん。|謙吾朗左衛門ⅱ世,はまけん。,550,原名はまけん。；原zh谦吾朗左卫门ⅱ世是别号
ogipote,1,ogi-pote|ogi_pote,荻pote,550,无通用中文名
puchiman,1,puchiaho,puchiman,550,无通用中文名
re:shimashima,1,shima08123|shimashima|shimashima08|shimashima08123,re:shimashima,550,无通用中文名
segami_daisuke,1,瀬上大輔,瀬上大輔,550,原名瀬上大輔
solokitsune,1,sorokitsune,solokitsune,551,无通用中文名
tokita_(jyabarachan),1,0丁目|時田,時田,550,原名時田
ugatsu_matsuki,1,asatsuki-dou|asatsuki_dou|ugatsu,うがつ末期,550,无通用中文名
yoban,1,yobababan|yoban-left|yoban_(cabinster)|yoban_(yoban_left)|yoban_00|yoban_left|yobanleft,よばん,550,无通用中文名
feguimel,1,fegu|feguruguru,feguimel,549,无通用中文名
jiji_(aardvark),1,aardvark|jiji|jiji_aardvark,じじ,549,无通用中文名
koume_keito,1,koumei_keito|koumekeit|koumekeito,小梅京人,549,无通用中文名
kurotama,1,kuro_ginjou,くろたま,549,无通用中文名
meiji_ken,1,meiji-ken|meiji_(maico_mix)|meiji_pkmn|meiji_ut,meiji ken,549,无通用中文名
norza,1,norzaxxx|norzaxxxxx,norza,549,无通用中文名
tokiani,1,a|brothertoki|toki23,tokiani,549,无通用中文名
tsubasa_tsubasa,1,tsubasachyan|翼酱|翼酱_响爷痴汉专家,翼酱,549,中文画师，社区通用翼酱
demizu_posuka,1,demizuposuka,demizu posuka,548,无通用中文名
poyo_(hellmayuge),1,hellmayuge|poyo_(inu-boyo),poyo,548,无通用中文名
shiokonbu,1,siokonbu_,しおこんぶ,548,无通用中文名
yamasan,1,,yamasan,548,无通用中文名
akisora,1,秋空,秋穹,547,原名秋空
hayashi_kewi,1,haya_kewi|hayakewi|hayashi-kewi|hayashi_kei|hayashikewi,林けゐ,547,无通用中文名
ittla,1,ittler|itttla,ittla,547,无通用中文名
miwano_rag,1,miwano_ragu|rag_ragko|ragmiwano|三色納豆飯,美和野らぐ,547,原名三色納豆飯
shennai_misha,1,guifu_shennai|shennai_(lu_yan_suo)|神奈弥莎|神奈彌莎|鬼父神奈,神奈弥莎,547,中文画师，社区通用神奈弥莎；原zh炉研所是社团
tyako_089,1,,tyako,547,无通用中文名
blazpu,1,,blazpu,546,无通用中文名
kakao_(chocolate_land),1,chocolate_land|kakao|kakao_3percent,kakao,546,无通用中文名
konshin,1,konkonshin|魂神,魂神,546,原名魂神
masoq,1,masoq095|masoq_dark,masoq,546,无通用中文名
nikichen,1,nikita_varb|xxnikichenxx|xxnikichenxxsfw,nikichen,546,无通用中文名
yachima_tana,1,,yachima tana,546,无通用中文名
zd_(pixiv6210083),1,zd|zdoor_616|zdoor_623|顏利多,顏利多,546,中文画师，社区通用颜利多
hijiri_(resetter),1,resetter,聖,545,无通用中文名
kujou_ichiso,1,kisaichi_jin|kujouitiso|玖条|玖条イチソ|私市阵,玖条イチソ,545,原名玖条イチソ；原zh玖条缺字
takitarou,1,takitarou_(omuraisu)|takitarou_(omurice),滝太郎,545,无通用中文名
yan_kodiac,1,kanyodiac|yankodiac,yan kodiac,545,无通用中文名
chinomaron,1,chinokuri|chinomaroncos|mochachino|mokachino,chinomaron,544,无通用中文名
enma_(enmanuelart),1,enmanuelart|enmanuelart20,艶摩,544,无通用中文名
kibihimi,1,,kibihimi,544,无通用中文名
nekobaka,1,neko-baka|nekonaka,nekobaka,544,无通用中文名
risui_(suzu_rks),1,risui|suzu_rks|tachibana_hisui,risui,544,无通用中文名
siirakannu,1,coelacannu|coelacannu_bw|kannnu|sirakannnu,siirakannu,544,无通用中文名
yuumei,1,yuumei-art|yuumei_art|yuumeiart|幽冥|幽明,幽冥,544,原名幽冥
akou_roushi,1,chuushin_kuranosuke|忠臣蔵之介|赤穂老师|赤穂老師,忠臣蔵之介,543,原名忠臣蔵之介
nichika_(nitikapo),1,funi_(nichika)|funichika|nichika|nitikapo,nichika,543,无通用中文名
yujup,1,yujuponju,yujup,543,无通用中文名
donmin_h,1,,donmin h,542,无通用中文名
panqlao,1,,panqlao,542,无通用中文名
rucchiifu,1,,rucchiifu,542,无通用中文名
sempon_(doppio_note),1,doppio_note,sempon,542,无通用中文名
shikei,1,shikee|shikee_(shikei)|shikei_ang|shikei_n|しけー|行脚堂,しけー,542,原名しけー；行脚堂是社团
tsuzuri_(tuzuri),1,tuzuri,綴り,542,无通用中文名
naso4,1,NaSO4|naso|nasoshi|nasoyon,NaSO4,541,原名NaSO4；原zh一员是旧称
pettan_p,1,pettan-p|pettanp|pettanpstuff,pettan-p,541,无通用中文名
shougun_(chuckni1),1,chuckni1|将軍|繪師將軍|绘师将军,将軍,541,原名将軍
blacksaikou,1,black_saikou,blacksaikou,540,无通用中文名
dakku_(ogitsune),1,dakkusu|dakkux|汚狐|脱狗,汚狐,540,原名汚狐；原zh污狐简化
fuchi_(nightmare),1,fuchi|fuchi_(nightmare10-31)|fuchi_(omote_e_dero)|fuchi_(pixiv2465595)|fuchifuchifuchi|nightmare|変態紳士,変態紳士,540,原名変態紳士
greenopi,1,greenopi1|grenopi|iponeerg,greenopi,540,无通用中文名
inuno_rakugaki,1,rakugakiinuno|五党屋,五党屋,540,原名五党屋
ji_no,1,,ji no,540,无通用中文名
ormille,1,ormillef,ormille,540,无通用中文名
pizza_(pizzania_company),1,pizza|pizza_(artist)|pizzaniacompany,ぴっつぁ,540,无通用中文名
sei_shoujo,1,seishoujo|聖少女,聖少女,540,原名聖少女
selcky,1,,selcky,542,无通用中文名
tenjin_hidetaka,1,天神英貴,天神英貴,540,原名天神英貴
tsukumiya_amane,1,ichinomiya_yuu|tsukiko8482|一宮夕羽,一宮夕羽,540,原名一宮夕羽；原zh是别号
7saki,1,nanasaki,7saki,539,无通用中文名
asa_no_ha_(awayuki),1,asa_no_ha,asa no ha,539,无通用中文名
haruakira,1,8ruakira,haruakira,539,无通用中文名
maze_(gochama_ze_gohan),1,gochama_ze_gohan|maze_(bitter69)|maze_(gkg)|maze_(gmg)|maze_mix|maze_mix2|mazemeshi|mazexxxxx,maze,539,无通用中文名
suwa_yasai,1,swyasai|swyasai023|yasai023|yasai_023,suwa yasai,540,无通用中文名
akashieru,1,akashieru_base,akashieru,538,无通用中文名
easonx,1,,easonx,538,无通用中文名
fenyon,1,fenyo_n,fenyon,538,无通用中文名
nakamura_hinato,1,hinatopia|仲村雛人,仲村雛人,538,原名仲村雛人
tsubasa_(abchipika),1,abchipika|chipika|tsubasa|tsubasa_(ab_chipika)|tsubasa_(art_book_chipika)|tsubasa_(chipika),ツバサ,538,无通用中文名
yuuki_tatsuya,1,uki|yuki_tatsuya|結城辰也,結城辰也,538,原名結城辰也
azuuru,1,,azuuru,537,无通用中文名
hoshimiya_aki,1,omukame_(hoshimiya_aki's_oc),hoshimiya aki,537,无通用中文名
iroyopon,1,panipani_(iroyopon),iroyopon,537,无通用中文名
ken_(koala),1,ken_(parabola)|ken_(sawakita),けん,537,无通用中文名
klaius,1,,klaius,537,无通用中文名
menyoujan,1,men'youjan,めんようじゃん,537,无通用中文名
ramanda,1,ramanda-tei|ramanda_fresh|ramanda_oekaki|ramanda_ver2,ラマンダ,537,无通用中文名
sakayama_shinta,1,"chakayama_tokoroten|sakayama|竹本制作委员会,梅本制作委员会|茶化山心太|茶菓山|茶菓山しん太",茶菓山しん太,537,原名茶菓山しん太
sasamori_tomoe,1,sasamori_tomoe_(tth)|笹森|笹森トモエ,笹森トモエ,537,原名笹森トモエ；原zh笹森缺字
sesield,1,,sesield,537,无通用中文名
beifeng_han,1,北風寒|嘞嘞北風寒|嘞嘞北风寒,北風寒,536,中文画师，社区通用北风寒
kyaku_tasu,1,kyaku_tatsu,kyaku tasu,536,无通用中文名
offbeat,1,p5beat|s2offbeat,offbeat,536,无通用中文名
trefle_r,1,,trefle r,536,无通用中文名
yukiwo,1,yukiwo_(fukunoren)|yukiwossan,ユキヲ,536,无通用中文名
barbarian_tk,1,barbarian_takamoto|barimoto,barbarian tk,535,无通用中文名
butter-t,1,:underage:_butter-t|butter|butter-|butter_t|buttert,butter-t,535,无通用中文名
makihitsuji,1,maki_hitsuji|makihituji|巻羊|巻羊🐑,巻羊,535,原名巻羊；原zh全败是误读
sage_joh,1,koakuma_sageha|sagejoh,sage joh,535,无通用中文名
yamanokami_eaka,1,yamabali16|yamanokami|yamanokaminoe,yamanokami eaka,535,无通用中文名
arim0k0,1,,arim0k0,534,无通用中文名
kaminagi_(kaminagi-tei),1,kaminagi|kaminagi-tei|kaminagitei|nagipp|神凪|神凪邸|神凪香奈,神凪,534,原名神凪香奈
koretsuki_azuma,1,koretsuki_aduma,koretsuki azuma,534,无通用中文名
kuroi_(liar-player),1,kuroi0|kuroi02|liar-player,kuroi,534,无通用中文名
miyama-zero,1,miyama0|miyama_rei|miyama_zero|みやま零,美山零,534,原名みやま零；原zh零ｇ大陆是旧号
nakamura_yukitoshi,1,仲村ユキトシ|蟲娘愛好会,仲村ユキトシ,534,原名仲村ユキトシ；虫娘爱好会是社团
teruki_kuma,1,shirokumabukuro|teruki_akira|terukikuma,てるき熊,534,无通用中文名
tsurusaki_takahiro,1,takadai|takadai955|takahiro_tsurusaki|w_takahiro|貴大|鶴崎貴大|鹤崎贵大,鹤崎贵大,534,原名鶴崎貴大
wahiko_(black_bastard),1,black_bastard|wahiko_(blackbastard)|wahiko_(wahikoi)|wahikoi|わひこ|和彦,わひこ,534,原名わひこ
biyon,1,biyo0n,びよん,533,无通用中文名
genek,1,genek9804|genek_kun,genek,533,无通用中文名
hazuki_(nyorosuke),1,hazuki_(seaweed)|nyorosuke,はづき,533,无通用中文名
kotoribako,1,nigiri_usagi,kotoribako,533,无通用中文名
makigai,1,makigai_pn|巻貝,巻貝,533,原名巻貝
nannung,1,nannungdesu,nannung,533,无通用中文名
the_only_shoe,1,the_shoe,the only shoe,533,无通用中文名
chima_q,1,chima777,chima,532,无通用中文名
chomikuplus,1,chomiku|cplus,chomikuplus,532,无通用中文名
jndfh,1,jndfh1,jndfh,532,无通用中文名
kutone_shirika,1,kutune_shirka,kutone shirika,532,无通用中文名
mitsu_(mitsu_art),1,mitsu|mitsu.art.official|mitsu_art|mitsuart|mitsuart.works|mitsuart_|mitsukai-inki|tomymitsu,mitsu,532,无通用中文名
tusia,1,,tusia,532,无通用中文名
e_volution,1,e_volution_|evolution,e_volution,531,无通用中文名
gorgeous_mushroom,1,gmmushroom|gorgeousmushroom|绚烂的蘑菇|蘑蘑菇菇新版,绚烂的蘑菇,531,中文画师，社区通用绚烂的蘑菇
hashira_14,1,hashira144|十四,十四,531,原名十四
ookuma_nekosuke,1,ookuma|panda_ookuma|大熊猫介|白黑模様,大熊猫介,531,原名大熊猫介
popopoka,1,popopoka_,popopoka,531,无通用中文名
shin'ya_(shin'yanchi),1,shin'ya|shin'yanchi|shinya04,しんや,531,无通用中文名
ukokkei,1,,ukokkei,531,无通用中文名
yuano,1,,yuano,531,无通用中文名
boshi_(a-ieba),1,a-ieba|boshi|boshi3|boshinote,ぼし,530,无通用中文名
cessa,1,cessa_2nd|cessa_sama|uka_(cessa-san),cessa,530,无通用中文名
daichi_(tokoya),1,tokoya|床屋,矢座だいち,530,原zh床屋是社团名
goki_buri,1,goki-buri|gokiburi-chan|gokiburiart|gokiburidol|gokiburiichan,goki buri,530,无通用中文名
huyandere,1,huyanderes,huyandere,530,无通用中文名
kirigakure_(kirigakure_tantei_jimusho),1,det_kirigakure|kirigaku|kirigakure|kirigakure_detective_agency|kirigakure_ll|kirigakure_lll|kirigakure_roppen|kirigakure_tantei_jimusho|kirigakure_tanteijimusho|kirigakuredetective|雾隠@龙骧合同第５弾|雾隠探侦事务所|雾隠探侦事务所录|霧隠,雾隐,530,原名霧隠
koh_(minagi_kou),1,koh-minagi|koh_(terabyte)|koh_minagi|koh_minagi_artworks|minagi_koh|minagi_kou|minagi_kou_(koh)|海凪コウ,海凪コウ,530,原名海凪コウ
koharu2.5,1,koharuno2,koharu2.5,530,无通用中文名
langbazi,1,lang_bazi|lang_bazi_mk_ii|lang_bazi_mkii|langbazi_(anubis108)|langbazi_mk_ii|langbazi_mkii|狼巴子|狼巴子原型机,狼巴子,530,原名狼巴子
lk149,1,,lk149,530,无通用中文名
nyoro_(nyoronyoro000),1,nyoro|nyoronyoro|nyoronyoro000,nyoro,530,无通用中文名
sakuraba_hikaru_(loveindog),1,loveindog|桜庭光,樱庭光（画师）,530,原名桜庭光
sunaba_suzume,1,snba_szme|snba_szme2|sunaba|suzumesunabach.7344,砂場すずめ,530,无通用中文名
hamada_yoshikazu,1,hamada_yoshikadu|yoshikadu,hamada yoshikazu,529,无通用中文名
hibana_(hibana_ztlv),1,hibana-ztlv|hibana_ztlv|shimatani_azu|zzll_banaco|島谷|火花,島谷,529,原名島谷
himadera,1,himajinsan0401|暇人,暇人,529,原名暇人
koya_(koya_x_00),1,koya|koya_x_00,koya,529,无通用中文名
kurasuke,1,,kurasuke,529,无通用中文名
osananajimi_neko,1,走肖人|赵人|趙人,走肖人,529,原名走肖人
ruton-niki,1,nachuraruton|ruton|rutonniki,ruton-niki,529,无通用中文名
tomozero,1,tomo0yuki,トモゼロ,529,无通用中文名
chigasaki_yukari,1,chigasaki_y,chigasaki yukari,528,无通用中文名
core_(mayomayo),1,core_(artist)|trinity_(core),core,528,无通用中文名
jigatei_(omijin),1,jigatei|jigatei_(limitexperient)|jigatesan|omijin|自我帝,自我帝,528,原名自我帝
kanzaki_hiro,1,hsp_(kanzaki_hiro)|kanzakihiro|oda_hiroyuki|織田広之,かんざきひろ,528,原名織田広之；原zh是汉字
loliconder,1,condaya|lolicondaa|ロリコンダー|今田屋|竹石,ロリコンダー,528,原名ロリコンダー；今田屋是社团
mabing,1,mabin351692|mabingame|麻兵,麻兵,528,原名麻兵
jema,1,jema000|jemarucied,jema,527,无通用中文名
jony_(avion_mura),1,jony|jony_avion|jonyavion|jonylaser|jonylaser_r|jonyr|jonyraiden,jony,527,无通用中文名
mito_(go!go!king!),1,go!go!king!|mito_(kuma0330)|mitoko_(kuma)|mitokuma|ミト|奉行,ミト,527,原名ミト；奉行是旧号
parari_(parari000),1,michannyanparari|parari|parari000,parari,527,无通用中文名
ponponmaru,1,ponpon_maru|ponpoppo,ぽんぽんまる,527,无通用中文名
yoshioka_yoshiko,1,,yoshioka yoshiko,527,无通用中文名
zirba,1,_zirba|zirbascd,zirba,527,无通用中文名
kokuzou,1,,kokuzou,526,无通用中文名
kuboken,1,kuboken_(kukukubobota)|kukukubobota,kuboken,526,无通用中文名
rasukaru,1,,らすかる,526,无通用中文名
tsuno_no_hito,1,tunonohito|角の人|角吉,角の人,527,wiki: Japanese name 角の人；角吉是别写
yoruny,1,yorunys,yoruny,526,无通用中文名
cyancapsule,1,cyan_capsule,cyancapsule,525,无通用中文名
hanpetos,1,,hanpetos,525,无通用中文名
imazon,1,imazon_no_ana,今ゾン,525,无通用中文名
k0ng,1,k0ng_|k0ng_mk2,k0ng,525,无通用中文名
letdie1414,1,letdie,letdie,525,无通用中文名
mac_star,1,,mac star,525,无通用中文名
mdf_an,1,mdf_annormal,mdf an,525,无通用中文名
nai_ga,1,,nai ga,525,无通用中文名
neropaso,1,neropaso1,neropaso,525,无通用中文名
suzutsuki_kurara,1,pinvise_kurara,涼月くらら,525,无通用中文名
wsman,1,owsmano|wsmanooo,wsman,525,无通用中文名
arthur_ko,1,,arthur ko,524,无通用中文名
colo_(nagrolaz),1,colo|coloass|colodraws|lewdycolo|nagrolaz|notsafecolo,colo,524,无通用中文名
gouta_(nagishiro6624),1,n_gouta|nagishiro6624,ゴウタ,524,无通用中文名
itsuka_neru,1,突然確変,itsuka neru,524,原名itsuka neru；突然确変是旧号
kurone_rinka,1,kuronerinka,kurone rinka,524,无通用中文名
magister,1,magical__cat|magical_cat|magicalnekolenlen|magister_en|magister_jp|magisterofficial|mw-magister,magister,524,无通用中文名
matemi,1,matemi-chan|matemi_art|matemi_cos|matemi_matemi,matemi,524,无通用中文名
megateru,1,m_teru116|teru11061|teru_(teru11061)|terusa1,megateru,524,无通用中文名
metaljelly,1,metaljelly0811|pinkandpinkjelly,metaljelly,524,无通用中文名
piyodesu,1,piyoattomark,piyodesu,524,无通用中文名
suiren_yurei,1,suireen_10,suiren yurei,524,无通用中文名
tsuki_tokage,1,月蜥蜴,月蜥蜴,524,原名月蜥蜴
alexmaster,1,,alexmaster,523,无通用中文名
erkaz,1,_erkaz|erkazooya|errorkazoo,erkaz,523,无通用中文名
kimishima_ao,1,kimishima_junsei|きみしま青|君嶋純青,君岛青,523,wiki: 现名きみしま青；原zh君岛纯青是旧名
ninoko,1,_ninoko|ninokoya,にの子,523,无通用中文名
norizou_type-r,1,norizou-r|norizou_(vtec),norizou,523,无通用中文名
pokachu,1,pokachurorichu,ぽかちゅ,523,无通用中文名
sh_(shinh),1,sh|sh_(562835932)|shinh|乌龙茶速递|唐宁街速递,乌龙茶速递,523,中文画师，社区通用乌龙茶速递
yumaru_(marumarumaru),1,湯丸,湯丸,523,原名湯丸
f.s.,1,f.s,f.s.,522,无通用中文名
hazakura_hinata,1,,hazakura hinata,522,无通用中文名
kippu,1,切符,切符,522,原名切符
naegi_(naegidokoro),1,naegi|naegidokoro|naegidokoro_(circle)|naegiqn|なえぎ|苗木処,なえぎ,522,原名なえぎ；苗木処是站点
ruru_(rurumagi),1,rurumagi,ruru,522,无通用中文名
sakizaki_saki-p,1,sakipee36|sakizaki_sakipii|七分咲|咲崎さきp,咲崎さきp,522,原名咲崎さきp；七分咲是社团
takemura_sessyu,1,sessyu|takemura_sesshu|takemura_sesshuu|竹村雪秀|西武新宿下井草液|雪秀|高円寺雪○,竹村雪秀,522,wiki: Japanese name 竹村雪秀
ume_(plumblossom),1,plumblossom|ume|ume_(saishoku)|ume_(saisyoku)|ume_spla4|umegara|umekopoint|うめ|采色,うめ,522,原名采色（うめ）
yoshida_hideyuki,1,,yoshida hideyuki,522,无通用中文名
ameto_yuki,1,ame_nochi_yuki|ameto_y,雨夹雪,521,无通用中文名
deego_(omochi_bazooka),1,deego|deego8|omochi_bazooka,ディーゴ,521,无通用中文名
maruto_(marutohonpo),1,kurousakun|marutohonpo|yqgkg,maruto,521,无通用中文名
naozuri,1,izuripai|naolzuri,naozuri,521,无通用中文名
negi_(ulog'be),1,negi|negishio|ulog'be|ungen|云元|云元书库,云元,521,原名云元（いげん）
hikage_eiji,1,hikage_mono|hikagemono|日陰影次,日阴影次,520,原名日陰影次
kawacy,1,kawano_chihaya|kawanocy|kawanocyan,kawacy,520,无通用中文名
kutabireta_neko,1,,kutabireta neko,520,无通用中文名
muu_(mumumer),1,mumumer|muu,muu,520,无通用中文名
nathaniel_pennel,1,nathanielpennel|pennel|penneru|ぺんねる|黒美根,nathaniel pennel,520,原名nathaniel pennel；黑美根是社团
okuda_yasuhiro,1,奥田泰弘,奥田泰弘,520,wiki: Name 奥田泰弘
ooyun,1,teacher_yun|yun_ooyun|然先生,然先生,520,社区通用然先生
pepper0,1,pepper0_|pepper0_p|pepper0_t|pepper0box,pepper0,520,无通用中文名
sakanaya_(sakanaya952),1,sakanaya|sakanaya123|sakanaya952,sakanaya,520,无通用中文名
sakuramochi_(sakura_frappe),1,sakura_frappe|志叶|桜もち,桜餅,520,原名桜もち；原zh志叶是别号
deku_suke,1,,deku suke,519,无通用中文名
ks_(xephyrks),1,xephyrks,ks,519,无通用中文名
minarai,1,minamoto_jin|minarai2013|minarai_(apologia)|minarai_honpo|minazin|tao_(minarai_honpo)|皆素_人|皆素人|美奈来,美奈來,519,原名皆素人；原zh带下划线
naoki_(2rzmcaizerails6),1,2rzmcaizerails6|ナオキ|肉直树,なおき,519,原名肉直树
silver_(chenwen),1,chenwen|silver|silver0125|silver_(chenwen2349)|silver銀,silver,519,台湾画师，社区通用silver
wata_(attaka_towel),1,attaka_towel|wata,wata,519,无通用中文名
kiira,1,kiirabot,kiira,518,无通用中文名
nashidrop,1,san_phidr0|sanphidro,nashidrop,518,无通用中文名
wakamatsu372,1,wakamatsu,wakamatsu,518,无通用中文名
3_small_spiders,1,,3 small spiders,517,无通用中文名
amonitto,1,,amonitto,517,无通用中文名
jun_(aousa0328),1,aousa0328|jun,jun,517,无通用中文名
ken_(coffee_michikusa),1,coffee_michikusa|ken|ken553,けん,517,无通用中文名
min_(myna8247),1,,ミン,517,无通用中文名
mura_karuki,1,murakaruki|村カルキ|確定,村カルキ,517,原名村カルキ；原zh确定是错误读写
pantsu-ripper,1,alt_pantsu|pantsu_r18|pantsu_ripper|pantsuripper,pantsu-ripper,517,无通用中文名
senmu_(0107),1,senmu|senmu0107|専務,专务,517,原名専務
akatsuki_akane,1,a.matsumoto|a_akatsuki|a_matsumoto|akatsuki|akatsuki_2013|akatsuki_matsumoto,あかつき茜,516,无通用中文名
baba_arumi,1,arumi-ke|arumike,马场あるみ,516,无通用中文名
marumoru,1,marumorimorumari|marumoru_ka|marurumoru,marumoru,516,无通用中文名
niiya,1,mill-niiya|millniiya,niiya,516,无通用中文名
pot-de,1,和尚,和尚,516,原名和尚
ringsel,1,artringsel|ringsel1,ringsel,516,无通用中文名
rohitsuka,1,rohitsuka0914|炉火|零点,炉火,516,原名炉火
flipper,1,flipper7|flipper_(motto_company)|flipper_(stellar_night)|flipper_sn,flipper,515,无通用中文名
k_mugura,1,k-mugura|mugura|mugura_yuya,k_mugura,515,无通用中文名
kitaku_(nakamachi_machi),1,kitaku18|kitaku_jikan_(ktk_jkn)|nakamachi_machi|きたく|帰宅時間,きたく（仲町まち）,515,原名きたく；帰宅时间是社团
limgae,1,limgae2726,limgae,515,无通用中文名
sakurai_makoto_(custom_size),1,s_makoto|sakurai_makoto,櫻井マコト,515,无通用中文名
sankuro_(agoitei),1,agoitei|sankuro|sankuro396|三九呂,三九呂,515,原名三九呂
sawada_yuusuke,1,sawada_yusuke|yuusuke,サワダユウスケ,515,无通用中文名
syunzou,1,shunzou|syunzone|syunzoune,syunzou,515,无通用中文名
takeda_hiromitsu,1,takehiro05|武田弘光,武田弘光,515,wiki: Maken-ki作者，原名武田弘光
atte_nanakusa,1,atte793|atte_793|moro-7kusa,あって七草,514,无通用中文名
inishie_kumo,1,furukumo|古云|古蜘蛛|古雲,古雲,514,wiki: Japanese name 古雲；原zh古蜘蛛是别写
kakone,1,kakone_(number120)|kakone_no_kichi,kakone,514,无通用中文名
mao_lian_(nekokao),1,mao_lian|nekokao|貓臉,貓臉,514,原名貓臉
midnight_(banyex),1,banye|banyex|midnight,midnight,514,无通用中文名
mitsugu,1,,mitsugu,514,无通用中文名
pikaole,1,fikaole|pikaolele,pikaole,514,无通用中文名
torichamaru,1,marutori_no_chazuke_(circle)|tori_ni_tea|toricha|toricha_(earthn)|toricha_maru|torini-tea|torini_tea|torinitea|烏丸茶一|鳥茶丸|鸟茶|鸟茶丸,鸟茶丸,514,原名烏丸茶一
yamiochi_umekichi,1,kadokura_umekichi|umekichi_(kikumoto3)|umekichi_(ouroboros)|yamiochi_umekichi_(ouroboros)|梅吉|闇堕ち梅吉|门仓梅吉,闇堕ち梅吉,514,wiki: Japanese name 闇堕ち梅吉；原zh梅吉是旧名
abo_(hechouchou),1,abo|abo_fb|abo_satoru|abou_satoru,abo,513,无通用中文名
houzuki_(hotondo),1,hotondo|houzuki,houzuki,513,无通用中文名
kokihanada,1,koki_hanada0331|kouki_hanada,kokihanada,513,无通用中文名
kuppipi_ramutarou,1,kuppipi_q|kuppipiramutarou|kuppupu|tarou,kuppipi ramutarou,513,无通用中文名
shiitake_taishi,1,siitaketaisi7,しいたけたいし,516,无通用中文名
diforland,1,differland,diforland,512,无通用中文名
hachiko_(hati12),1,hachikoko_,ハチコ,512,无通用中文名
kani_bonara,1,,kani bonara,512,无通用中文名
miyamoto_issa,1,宫元一佐|宮元|宮元一佐,宫元一佐,512,原名宮元一佐；原zh宫元缺字
shokuyou_mogura,1,syokuyou-mogura|syokuyou_mogura|syokuyoumogura|食用土竜,食用土竜,512,wiki: Name 食用土竜
softmode,1,,softmode,512,无通用中文名
tostantan,1,thanatostan,tostantan,512,无通用中文名
vanripper,1,vanripper17|vanripperart,vanripper,512,无通用中文名
gengorou,1,gengoro056|gengorou56|gengorou_(youmusha)|源五郎|遥梦社,源五郎,511,wiki: Japanese name 源五郎
guchico,1,guchico_(line_melon),guchico,511,无通用中文名
mashiro_aa,1,mashimamashima|mashimashima|mashimashima0710|mashiro.aa.|mashiro.ah.|oh_mashiro,mashiro aa,511,无通用中文名
reeh_(yukuri130),1,reeh|yukuri130|油库狸,reeh,511,原名reeh；原zh半退休鲞鱼摊贩是签名语
rekaerb_maerd,1,大爷别掐脸,大爷别掐脸,511,中文画师，社区通用大爷别掐脸
sarukaiwolf,1,,sarukaiwolf,511,无通用中文名
shigure_ryuunosuke,1,shigure-p|shigure0421|shigure_(gunjou_kakumei)|shigure_(shigure0421)|时雨生产工场本社|时雨龙之介|時雨|時雨龍之介|群青革命,時雨龍之介,511,wiki: Japanese name 時雨龍之介；原zh时雨是截断
apios,1,apios1|fy_fp7|大倉,大倉,510,原名大倉
aroma_sensei,1,aromasensei,aroma sensei,510,无通用中文名
damda,1,,damda,510,无通用中文名
iroiro_yaru_hito,1,,iroiro yaru hito,510,无通用中文名
lzh,1,lzh_(fairy_dust),lzh,510,无通用中文名
navy_(navy.blue),1,navy|navy.blue126|navy_126|navy_312,navy,510,无通用中文名
nephlite,1,neph|nephlitex,nephlite,510,无通用中文名
radish_p,1,,radish-p,510,无通用中文名
tanihara_natsuki,1,natsuki-densuke|natsukit,谷原夏希,510,无通用中文名
testa,1,testa_chuubou|testa_kitchen,てすた,510,无通用中文名
toudori,1,toudori_no_su,トウドリ,510,无通用中文名
yuu_(higashi_no_penguin),1,higashi_no_penguin|yuu|yuu._(higashi_no_penguin)|yuu_(capriccio)|yuu_(whiteenager)|裕|裕。|裕🐧,由宇,510,wiki: Japanese name 裕／裕。
makacoon,1,yamaguchi_(makacoon),makacoon,509,无通用中文名
sabamen,1,鯖麺,鲭面,509,原名鯖麺
tft_(tft7822),1,tft,tft,509,无通用中文名
wada_kazu,1,kazu|kazu_wadawa|wadakazu|wadawa_kazu|和田_和|和田和,和田和,509,原名和田和；原zh带下划线
caisena,1,caisena33|彩色雫,彩色雫,510,原名彩色雫
chihunhentai,1,chihunart,chihunhentai,508,无通用中文名
kokukyukeo,1,koku_mk2|kokukuku,kokukyukeo,508,无通用中文名
hibioes,1,希比歐,希比歐,507,中文画师，社区通用希比欧
saku_(kudrove),1,kudrove|saku|saku21|saku39sann,saku,507,无通用中文名
shimejinameko,1,hotatesimeji|simejinameko,しめじなめこ,507,无通用中文名
sparrowl,1,sparrowl19|sparrowl_,sparrowl,507,无通用中文名
amog,1,,amog,506,无通用中文名
aomushi_(mushamusha),1,aomushi|aomushi4|harapeko_aomushi|mushamusha|mushamusha_shite_kita|musyamushi|あおむし|搾精病棟_全年齢版,あおむし,506,wiki: Japanese name あおむし；绞精病栋全年齢版是作品名
asyura_kumo,1,ashura_kumo|asyurakumo|atmmokumoku|kumo|kumo_(atm)|kumo___atm|mokumoku763|阿修羅クモ|阿修羅堂,阿修羅クモ,506,原名阿修羅クモ；阿修罗堂是别号
cross_(crossryou),1,crossryou|kurosu_(crossryou),クロス,506,无通用中文名
emyo,1,emyo27,えみょ,506,无通用中文名
gia,1,gia_(1025pi)|gia_(noxious),ギア,506,无通用中文名
hata4564,1,hata|lhata4564|八多,八多,506,原名八多
miyako_(naotsugu),1,miyako|miyako_(naotugu9119)|miyakon22|naotsugu|みやこ|二十二都直嘘|宫今|宫今直亜|宫家|宫近布直亜|直亜|舂春,みやこ,506,wiki: Japanese name みやこ；原zh二十二都直嘘是别写
mm_(mm_chair),1,mm|mm80431730|mm95344300|mm_chair|mmchair,えむえむ,506,无通用中文名
momendoufu,1,gikkuri_toufuten|kinugoshidoufu|ponponpain65536|rakuun_san_mu_tenka_momendoufu|木綿豆腐,木綿豆腐,506,原名木綿豆腐
nenobi_(nenorium),1,neno|neno_(nenorium)|neno_vi|neno_vivi|nenobi|nenorium|子野日,子野日,506,原名子野日
rea_loixacra,1,loixacra|rea|realoixacra,rea,506,无通用中文名
saburou_(hgmg),1,hgmg|saburoo|saburou,サブロー,506,无通用中文名
some1else45,1,someone_else|someone_else_(artist)|someoneelse_1,some1else45,506,无通用中文名
tokunou_shoutarou,1,shoutarou|tokutaro|tokutaro28,得能正太郎,506,无通用中文名
usoneko,1,,うそねこ,506,无通用中文名
valtor,1,val,valtor,506,无通用中文名
cheer_(cheerpuppy14),1,cheer_(cheerkitty14)|cheerkitty14|cheerpuppy14,cheer,505,无通用中文名
clear_glass_(mildmild1311),1,mildmild1311,clear glass,505,无通用中文名
flasso,1,eflasso|eroflasso|flasso77|flasso777|jpflasso|krflasso,flasso,505,无通用中文名
hsin,1,hsinhsincookie,hsin,505,无通用中文名
massala,1,,massala,505,无通用中文名
nagu,1,nagupurin|naguri,nagu,505,无通用中文名
nuezou,1,iezou,ヌエゾウ,505,无通用中文名
satou_atsuki,1,佐藤敦紀,佐藤敦紀,505,原名佐藤敦紀
urutsu_sahari,1,,urutsu sahari,505,无通用中文名
ataru_(ataru-littlebird),1,ataru-littlebird,あたる,504,无通用中文名
baretto_(karasi07),1,baret_(karasi07)|baretto|baretto_(ochazuke)|karasi07,baretto,504,无通用中文名
calin,1,calintou214,calin,504,无通用中文名
chikado,1,chikadon'ya,ちかど,504,无通用中文名
himitsu_(hi_mi_tsu_2),1,hi_mi_tsu_|hi_mi_tsu_2|himitsu|himitsu2|himitsu_(hi_mi_tsu)|himitsu_(tokinohimitsu)|tokino_himitsu|tokinohimitsu|秘密|蜜酱,蜜酱（ひみつ）,504,原名秘密；蜜酱是别号
huanxiang_huifeng,1,huanxi_ang_hui_feng|hui_feng|huifeng|huifeng_(nodata)|両島原線|幻想绘风|汇丰|汇丰_両岛原线|绘风,绘风,504,wiki: 中文名绘风/汇丰；原zh両岛原线是旧号
kinta_(distortion),1,kinta2469,金太,504,无通用中文名
mizuga,1,mizuga_(rtd)|shiromaki_mizuga|みずが|金画輪|金画轮画,みずが,504,原名みずが；金画轮是社团
nakano_maru,1,nakano-0829|nakano0829,nakano maru,504,无通用中文名
pinta_(ayashii_bochi),1,pinta|pintasan,pinta,504,无通用中文名
sam_yang,1,sam_yang_(samdoesarts),sam yang,504,无通用中文名
sugue_tettou,1,sugue_304|tettou|窗外投掷倶楽部|鉄塔,铁塔,504,原名鉄塔
beeeeen,1,beeeeen_213,beeeeen,503,无通用中文名
egami,1,egami_mal|egamimalina,えがみ,503,无通用中文名
kawachi_koorogi,1,kawauchi_kirigirisu|t_kawachi_1986|カワチコオロギ|作者三連星（親衛隊所属）|山本飞蝗|河内蟋蟀|虫笼支店,カワチコオロギ,503,原名カワチコオロギ；原zh作者三连星是自我调侃
kiryu_manzoku,1,ism_(manzoku)|manzoku_(bmanzoku)|manzoku_(kiryu)|manzoku_(manzokudou)|満足|満足堂,満足,503,wiki: Japanese name 満足
mofu_namako,1,,mofu namako,503,无通用中文名
rat_huang,1,rat_huang_nsfw|rat_huang_sfw,rat huang,503,无通用中文名
shirokitsune,1,shirokitsune46|shirorokitsune|白炉狐,しろきつね,503,原名白炉狐
tantanmen72,1,,tantanmen72,503,无通用中文名
try_(lsc),1,Try|try|try_(kinokino)|黑糯米飯糰|黑糯米饭团_~胸奴帝国~,Try,503,台湾画师，社区通用Try；黑糯米饭团是社团
ui_frara,1,羽依,羽依,503,原名羽依
beudelb,1,,beudelb,502,无通用中文名
daimaou_ruaeru,1,ruaeru|ruaeru1002|るあえる|大魔王|大魔王るあえる|月爱|魔王城,大魔王るあえる,503,原名大魔王るあえる；大魔王是截断
danimaru,1,danidanihatikyu|danidaniohuton,だにまる,502,无通用中文名
goyain,1,,goyain,502,无通用中文名
izumi_mahiru,1,mahirutei,泉まひる,502,无通用中文名
koahri,1,koahri1,koahri,502,无通用中文名
magion02,1,,magion02,502,无通用中文名
mark_gavatino,1,,mark gavatino,502,无通用中文名
serizawa_(serizawaroom),1,3月19日|serizawa|serizawa-room|serizawaroom|serizawashitsu|芹沢|芹沢室,芹泽,502,原名芹沢；原zh3月19日是旧号
tenchisouha,1,shishiou_souha|shishiousouha|天地争覇,天地争霸,502,原名天地争覇
huanxiang_heitu,1,幻想黑兔|幻象黑兔,幻想黑兔,501,中文画师，社区通用幻想黑兔
kei_(soundcross),1,Kei|Keiろり|kei|kei-lori|kei_(lori)|kei_lori|soundcross,刑。,501,中文画师，社区通用Kei；囲炉里屋是社团
kougi_hiroshi,1,frlztete|kougi|kougiw,kougi hiroshi,501,无通用中文名
leonmandala,1,leon_mandala|lewdmandala,leonmandala,501,无通用中文名
namonashi,1,namonashi_(rss)|山田馬也|无望菜志|無望菜志,无望菜志,501,wiki: Pen-name 無望菜志；山田马也是全年龄笔名
regular_mow,1,,regular mow,501,无通用中文名
shan,1,shan0x0shan|shan_p|shanchinose|shanlikesshan,shan,501,无通用中文名
tachimi_(basue),1,,tachimi,501,无通用中文名
tokyo_(great_akuta),1,great_akuta|許影,許影,501,原名許影；great_akuta是社团
aoi_riko,1,,aoi riko,500,无通用中文名
artsy-rc,1,,artsy-rc,500,无通用中文名
capura_lin,1,capura|capura.l|capuralin,capura lin,500,无通用中文名
edobox,1,い～どぅ～|井戸鴨,い～どぅ～,500,wiki: Japanese name い～どぅ～；井户鸭是汉字写法
hirunagi,1,,hirunagi,500,无通用中文名
masuishi_kinoto,1,masuishi-kinoto|masuishi-kinoto-b|yonmasuya|志真|桝石きのと,桝石きのと,500,原名桝石きのと；原zh志真是别号
neco,1,hahgs-neco-|neco_person|necopaint09,neco,500,无通用中文名
ryogo,1,ryogo_pl|ryougo_(ryogo),ryogo,500,无通用中文名
sw_(taco),1,sw|sw-taco|sw_(t-a-c-o)|sw_taco|taco,sw,500,无通用中文名
chiyo_(pk19981234),1,chiyo|chiyo0131|chiyo01311|知予,千代,499,中文画师，社区通用知予
haruki_(colorful_macaron),1,colorful_macaron|haruki5050|haruki_5050|春树|春树（绘师）,春辉,499,中文画师，社区通用春树
hirune_(konekonelkk),1,hirune_(hana-melt)|hirune_(neru)|neru_(hirune),昼寝,499,无通用中文名
mana_(remana),1,mana|remana|remana2|remana22,mana,499,无通用中文名
thomasz,1,thomas|藤ます|藤屋本店,藤ます,499,原名藤ます；藤屋本店是社团
buran_buta,1,ぶらんぶた|舞乱豚,舞乱豚,498,原名舞乱豚
kitajima_yuuki,1,,北嶋ゆうき,498,无通用中文名
leonat,1,,レオナト,498,无通用中文名
fumutarou,1,,fumutarou,497,无通用中文名
kinbakuman,1,緊縛魔,緊縛魔,497,原名緊縛魔
nagasioo,1,nagashio_(banri_no_shoujo)|nagashio_(nagasio)|長塩,長塩,497,原名長塩
nanohana_(november.),1,nanohana|nanohana8248|november.,nanohana,497,无通用中文名
sadahiro_(chicken_nugget_gyuuniku_aji),1,chicken_nugget_gyuuniku_aji|sadahiro0|sadahiro_(totemoonakaippai)|定宏,定宏,497,原名定宏
shuga_(soranote),1,,しゅがぁ,497,无通用中文名
suzuho_hotaru,1,hotahora_(suzuhotahota)|suzuhohotaru|suzuhotahota,鈴穗ほたる,497,无通用中文名
birii,1,,birii,496,无通用中文名
dema_hmw,1,dema|demahmw|hmw|代碼|代碼hmw|零号代码,代碼,496,中文画师，社区通用代码
jilu,1,記錄,記錄,496,原名記錄
judo_fuu,1,jyudo_fu|树土风|樹土風,樹土風,496,原名樹土風；原zh带下划线
kamonari_ahiru,1,kamo_nari|kamonari_(hachimitsu-zakura)|鴨鳴|鴨鳴アヒル,鴨鳴アヒル,496,wiki: Japanese name 鴨鳴アヒル
kohsaka_jun,1,kohsakajun|kousaka_jun|香坂純,香坂純,496,原名香坂純
mocchi_(mocchichani),1,mocchichani,mocchi,496,无通用中文名
noumen,1,kyumen4|uranonoumen|ノウメン|大洗能楽堂|球面|能面|能面㌠|里面㌠,ノウメン,496,原名能面（ノウメン）；原zh球面是别字
retsumaru,1,re|retumaru|retumaru1210,retsumaru,496,无通用中文名
yuran,1,yurang|ゆらん|奥寺千秋,ゆらん,496,原名ゆらん；奥寺千秋是R18笔名
gogalking,1,,gogalking,495,无通用中文名
j@ck,1,,j@ck,495,无通用中文名
myusha,1,,myusha,495,无通用中文名
nonaka_ritsu,1,nonaka619x|nonaka_3|nonaka_3a|nonaka_chikin,nonaka ritsu,495,无通用中文名
rella,1,ima_(rella)|rella_kinoko|rellakinoko|不安定|呼吸太麻烦了|蘑菇,蘑菇,495,中文画师，社区通用蘑菇；原zh不安定是旧号
rkrk,1,orzrkrk,rkrk,495,无通用中文名
shift_(waage),1,shift|shift-r18|shift0808|shiftotoge|shiftr18|waage,shift,495,无通用中文名
ao_usagi,1,蒼兎,苍兔,494,原名蒼兎
dduck_kong,1,,dduck kong,494,无通用中文名
eiwa,1,eiwa6,eiwa,494,无通用中文名
hayama_eishi,1,hayamae|葉山,葉山,494,原名葉山
kabuyama_kaigi,1,kabuyamakaigi|kabuyamasouken,kabuyama kaigi,494,无通用中文名
kaoling,1,kaoling10,kaoling,494,无通用中文名
kyou_(fr39),1,kyou|kyou_(user_gpks5753)|kyou_fr39,kyou,494,无通用中文名
shizuma_yoshinori,1,yosinori,shizuma yoshinori,494,无通用中文名
umikochannart,1,mi,umikochannart,494,无通用中文名
unime_seaflower,1,unime,unime,494,无通用中文名
wanaata,1,,わなあた,494,无通用中文名
ahenn,1,ahentyan,ahenn,493,无通用中文名
kaname_aomame,1,kaname-aomame|kaname-aomame_(5677755)|kaname_aomame_(blue_bean)|要青豆,要青豆,493,原名要青豆
nero_augustus,1,nero_augustus26|尼禄奥古斯都,尼禄奥古斯都,493,中文画师，社区通用尼禄奥古斯都
raika9,1,raika9_(chillinparty),raika9,493,无通用中文名
swav,1,___swav___|_swav_|swav-coco|swav-taro|swav-works,swav,493,无通用中文名
wasabi_(legemd),1,legemd|wasabi_(legemd7749),わさび,493,无通用中文名
atoki,1,a_toki,あとき,492,无通用中文名
hato_haru,1,_hatoharu|_hatopo|hato-spring|hatogoya|hatohariinyo|hatoharu|鳩春|鸠小屋,鳩春,492,原名鳩春
shakemi_(sake_mgmgmg),1,sake_mgmgmg|shakemi,shakemi,492,无通用中文名
amashiro_natsuki,1,amamachiro|amashironatsuki00|amsrt_tnatsuki,甘城なつき,491,无通用中文名
bonkara_(sokuseki_maou),1,bonkara|bonkara_(sokusekimaou)|sokuseki_maou|即席魔王|梵辛,即席魔王,491,原名即席魔王（sokuseki maou）
ereka,1,,ereka,491,无通用中文名
hane_yuki,1,haneyuki,hane yuki,491,无通用中文名
nemo_(leafnight),1,nemo|nemo07335044,ネモ,491,无通用中文名
rasusurasu,1,,rasusurasu,491,无通用中文名
buriki,1,,ブリキ,490,无通用中文名
hoshino_ouka,1,hoshino|hoshinoouka|衣屋,衣屋,490,原名衣屋
redjuice,1,redjuice999|redjuicegraphics,redjuice,490,无通用中文名
suzushiro_kurumi,1,_suzushiro_,suzushiro kurumi,490,无通用中文名
toshimichi_yukari,1,_yukari_toshi|toshimichiyukari,toshimichi yukari,490,无通用中文名
weno,1,,weno,490,无通用中文名
ayato,1,ayato_(nomugicha)|nogi_ayato|乃木綺人|绮人|绮人＠停滞中|野麦茶|野麦茶电舗|野麦茶电舗（仮）,綺人,489,原名乃木綺人；野麦茶是站点
gin'you_haru,1,,银曜ハル,489,无通用中文名
gustav_(telomere_na),1,gustav|telomere_na,ぐすたふ,489,无通用中文名
kienbiu,1,,kienbiu,489,无通用中文名
mikagami_sou,1,sou-mikagami|sou_mikagami|水鏡想|水镜想|水镜想🔞,水鏡想,489,原名水鏡想
oda_takayuki,1,喬文|織田喬文|织田乔文,織田喬文,489,原名織田喬文；原zh乔文缺姓
tappa_(esperanza),1,esperanza|tappa|tappa_(kodanuki-dou)|tappa_(kodanukidou)|tappa_esp|たっぱ|小狸堂|成。管理人雑记,たっぱ,489,原名たっぱ；小狸堂是社团
tiv,1,atelier-tiv|atelier_tiv_artworks|ateliertiv|tiv_|tiv_0225|tiv_atelier|tivatelier,tiv,489,无通用中文名
yamasaki_wataru,1,wata_ruh|山崎渉,山崎渉,489,原名山崎渉
ai-wa,1,,ai-wa,488,无通用中文名
glitchedpuppet,1,glitched_puppet,glitchedpuppet,488,无通用中文名
haganef,1,hagane.f|hagane_f,haganef,488,无通用中文名
hyakumangoku_masurao,1,masuraoko|masuraouzi|百万石_益荒男|益荒男,百万石益荒男,488,原名百万石益荒男
island_(kossori),1,island|island_kossori,あいらんど,488,无通用中文名
kame_(3t),1,kame_3|kame_3t,かめ,488,无通用中文名
nishizuki_shino,1,nijizuki_shino,nishizuki shino,488,无通用中文名
sawayaka_samehada,1,,さわやか鮫肌,488,无通用中文名
sixten,1,house_of_sixten|houseofsixten,sixten,488,无通用中文名
aduti_momoyama,1,安土桃山,安土桃山,488,原名安土桃山
aramori_susumu,1,aramori_rakko|荒森ラッコ|荒森進|限界锅,荒森進,487,原名荒森進；原zh是简化
arizuka_(catacombe),1,01arizuka|02arizuka|arizuka|arizuka00|蚁沢|蟻束,蟻束,487,原名蟻束；原zh蚁泽是别写
azuma_yuki,1,yuki_azuma|あづまゆき|三菱命,东由希,487,原名あづまゆき；原zh三菱命是别号
faustsketcher,1,faustsktxr91|sketcher2007,faustsketcher,487,无通用中文名
feral_lemma,1,不死千代,不死千代,487,原名不死千代
fouriasensei,1,4ria_sensei|4riasensei|tubuyaku4riasan|フォリア先生|苗苗,フォリア先生,487,原名フォリア先生
gatchan,1,gacchan,gatchan,487,无通用中文名
hinata_yuu,1,hinatabokko|matsukura_yuu|日向ゆう|松倉祐,ひなた悠,487,wiki: Japanese name 日向ゆう；原zh松仓祐是旧名
kodachi_(kuroyuri_shoukougun),1,kodachi|kodachi_(ozorakodachi)|kodachi_oekaki|kuroyuri_shoukougun|oozora_kodachi|ozorakodachi|re_kodachi,kodachi,487,无通用中文名
remsrar,1,,remsrar,487,无通用中文名
sasayuki,1,SASAYUKi|sasayuki-note|sasayuki_|sasayuki_note|ささゆき,SASAYUKi,487,原名SASAYUKi
shounen_(hogehoge),1,ansonii_(shounen)|hogehoge_(shounen)|shounen_(artist)|shounen_(hamodaruhunndaru)|shounen_f|shounen_hogehoge|少年,少年,487,原名少年
takamine_nadare,1,nadare-san|nadare-san_(nadare3nwm)|nadare3n|nadare3nwm|nadare3nwmm|nadare_(nadare3nwm),takamine nadare,487,无通用中文名
throtem,1,throtem_,トロテム,487,无通用中文名
yuihico,1,yuihco|yuihico3,yuihico,487,无通用中文名
dyson_(edaokunnsaikouya),1,cyclone_dyson|dyson_dust_chute|dyson_giga_drain|dyson_kasshoku_shiyou|dyson_vs_roomba|dyson_z|edaokunnsaikouya|tera_dyson|wagon-iki_dyson_30_percent-biki,dyson,486,无通用中文名
ichiyou_moka,1,i_moka|ichimoka|ichou_moka,ichiyou moka,486,无通用中文名
shamo_(koumakantv),1,koumakantv|shamo_(torigoya)|軍鶏|鶏小屋,軍鶏,486,原名軍鶏
zol,1,captain_kizer,zol,486,无通用中文名
aoi_ogata,1,aoi_ogata01|aoiogata|aoiogata01|aoiogataart|aoiogataartist|aoiogataartwork|aoiogataartworks,aoi ogata,485,无通用中文名
hitomaru,1,hitmaru|人丸,人丸,485,原名人丸
kairakuen_umenoka,1,umenokayuri|快楽園梅香|梅香,快乐园梅香,485,原名快楽園梅香
kinoshita_ichi,1,ichi-kinoshita|ichi_kinoshita|kinoshita|木下壱,木下壹,485,原名木下壱
lam_(ramdayo),1,lam|lamlab|ram|ramdayo,lam,485,无通用中文名
luminyu,1,lumi|luminyu_art|luminyuart,luminyu,485,无通用中文名
nekoguruma,1,宵暗蓄音机|猫車,猫車,485,原名猫車
akitokage,1,akitokage01,akitokage,484,无通用中文名
dra_(area-s),1,area-s|dora_(dra)|dra|dra_(udw),dra,484,无通用中文名
hashi,1,,hashi,484,无通用中文名
hi_(ibisf5umauma),1,hitoki_(kokusei1977)|ibisf5|ibisf5umauma|火鸨,火鴇,484,原名火鸨
marugoshi_teppei,1,丸腰鉄平|神谷隆光|音乃夏|音乃夏◆単行本発売中,丸腰铁平,484,原名丸腰鉄平；音乃夏是成人笔名
shichigatsu,1,,shichigatsu,484,无通用中文名
shuvi_(shuvi1125),1,shuvui,shuvi,484,无通用中文名
takehana_note,1,note_(aoiro_clip)|note_(diesirae0617)|note_(harapeko)|noteatharapeko|takehana-note,竹花ノート,484,无通用中文名
love_cacao,1,,love cacao,483,无通用中文名
monrooru,1,monro_ru,monrooru,483,无通用中文名
tamayan,1,hrotamayan2|tamayan22|tamayanhro,tamayan,483,无通用中文名
akita_hika,1,akitahika44|hika|hikahika44|hikaira|hikashop,晃田ヒカ,482,无通用中文名
e10,1,e|e100jyu|e10jyu|e10unkochan|十字路,十字路,482,原名十字路（juujiro）
fantongjun,1,飯桶|飯桶君|饭桶君,飯桶君,482,中文画师，社区通用饭桶君
ikeda_jun_(mizutamari),1,ikeda_jun|mizutamari|いけだじゅん|水鏡,池田淳,482,原名いけだじゅん；原zh水镜是别号
john_kafka,1,john_kafka02|johnkafka_02,john kafka,482,无通用中文名
kagami_uekusa,1,uekusa|鏡植草|镜植草,鏡植草,482,原名鏡植草；原zh植草是简化
muromaki,1,makishiroku|muromaki_(doberman)|yumaki,ムロマキ,482,无通用中文名
niko_(tama),1,niko|tama,ニコ,482,无通用中文名
sakai_kyuuta,1,sakai_kumiko|坂井久太|坂井久美子,坂井久太,482,原名坂井久太；坂井久美子是汉字写法
sasaki_mutsumi,1,msasaki9102|ささきむつみ|猫屋敷|藤宫博也,ささきむつみ,482,原名ささきむつみ；猫屋敷是站名
tsukemon,1,tsukemon-dou|tsukemondou|tsukeshiru|tukemondou|つけもん|（仮）,つけもん,482,wiki: Japanese name つけもん；原zh（仮）是装饰
amane_ruri,1,,天音るり,481,无通用中文名
disco_brando,1,discobrando|discobrandow,disco brando,481,无通用中文名
ina_(gokihoihoi),1,gokihoihoi|ina|主任|否|否（主任）,否,481,原名否（主任）；原zh带下划线
kannari,1,kannari_(yomoyama)|四方山|金成,金成,481,wiki: Japanese name 金成；四方山是社团
kuresento,1,entogeegen|kuresento-d|kuresento_d,kuresento,481,无通用中文名
l_hakase,1,,l hakase,481,无通用中文名
mountain_han,1,eddiehantaiwan|mountainhan|山含,山含,481,原名山含
nagayori,1,nagayori000|長頼,长赖,481,wiki: Japanese name 長頼
sanshoku_amido,1,sansyokuamido|三色網戸。|乙女気分,三色网戸。,481,原名三色網戸。
sukage,1,sukage1|sukage1220|sukage_(atuuy)|sukage_(pleasantly_create)|sukage_yuu|須影優|须影优,須影,481,原名須影優；原zh须影缺名
errant,1,_errant|eranto|errant_(penguin)|pen-errant|penguin_(errant),errant,480,无通用中文名
gunp,1,gunp_m|佐仓朱美|佐倉乎美|佐倉朱美|杜讲一郎,佐倉朱美,480,原名佐倉朱美；佐仓乎美是别写
nabeshima_tetsuhiro,1,n_shima|nabeshima|鍋島|鍋島テツヒロ|ｎ岛,鍋島テツヒロ,480,原名鍋島テツヒロ
nat_the_lich,1,evangelich|nat_evangelich|natthelich,nat the lich,480,无通用中文名
nyan_(reinyan_007),1,nyan|nyan_mcq|reinyan007|reinyan_007|rnyan007,nyan,481,无通用中文名
raiou,1,raiou-tonitrus|raiou_|raiou_(na-v7),raiou,480,无通用中文名
tea_(nakenashi),1,nakenashi|tea,tea,480,无通用中文名
tobi_(one),1,,tobi,480,无通用中文名
yu_yu,1,,yu yu,480,无通用中文名
bakkanki,1,,bakkanki,479,原zh（＾ω＾）ﾍﾟﾛﾍﾟﾛ_少纳言是签名语，用原名
baram,1,baramu|xbaramx,baram,479,无通用中文名
ebifly,1,ebifly857,えびふらい,479,无通用中文名
hanada_yanochi,1,hanada_yanochi_|yaminochi|yanochia,花田やのち,479,无通用中文名
isegawa_yasutaka,1,isekawa_yasutaka|yasutaka_isekawa|イセ川ヤスタカ|抹茶七品目,いせぽん,479,原名イセ川ヤスタカ；抹茶七品目是旧号
kanzaki_muyu,1,_kan_zaki_|kanzakimuyu|muyu_(yufu),神崎むゆ,479,无通用中文名
oza_osuwari,1,oza|suwario|お坐|呉坐,呉坐,480,原名呉坐
pomelomelon,1,pomelomelon1|vibratix,pomelomelon,479,无通用中文名
qosic,1,qosicart,qosic,479,无通用中文名
sekira_ame,1,sekiraame|sokuseki-san_no_shumi-beya|sokuseki_raamen|sokuseki_ramen|sokusekira-men|せきらあめ|紅谷いそめ,せきらあめ,479,wiki: Japanese name せきらあめ
sen_(sansui),1,sansui|sen|sen1000|sen13647909|sensweet,sen,479,无通用中文名
tachitsu_teto,1,tatituteto|tatituteto225|teto_t3,舘津テト,479,无通用中文名
devilukez,1,devilukez10,devilukez,478,无通用中文名
ehrrr,1,ehrrr.vevo|ehrrr_|ehrrrbutlewd|ehrrrunderscore|lewdehrrr,ehrrr,478,无通用中文名
gyouza_(mhea5724),1,gyouza_anime|thgyouza,gyouza,478,无通用中文名
haraya_manawari,1,haraya|haraya-manawari|harayamanawari,haraya manawari,478,无通用中文名
lm7_(op-center),1,__lm7__|lm7|op-center|the-lm7,lm7,478,无通用中文名
mirei,1,hagemirei|みれい|山手線,みれい,478,原名みれい；山手线是社团
miri_(cherryjelly),1,実梨,ミリ,478,原名実梨
solar_(happymonk),1,happymonk|solar|solar_bim|solar_bim1|solarbim77|solarbimmmm,solar,479,无通用中文名
wataame27,1,ame27|watame20|watapome|わたあめ,わたあめ,478,原名わたあめ
yamada_(gotyui),1,gotyui|yamada|yamada_no_seikatsu_ga_daiichi|yamada_no_seiseikatsu|yamada_seikatu|yamada_seikatu2|yamadanoseikatu|山田◯◯,ヤマダ,478,原名山田◯◯
yuzuki_gao,1,yunoki_gao|yuzugao,yuzuki gao,478,无通用中文名
amedamacon,1,amedama_con|amedama_kon,飴玉コン,477,无通用中文名
ebihara_beniko,1,beniko_(ymdbnk)|ebihara.beniko|ebiharabeniko|べにこ|海老原べにこ,海老原べにこ,477,原名海老原べにこ
kedamono_kangoku-tou,1,tetete_(kedamono)|tetete_(kedamono_kangoku-tou)|けだもの監獄島|螺旋気流,野兽监狱岛,477,社团けだもの監獄島（螺旋气流”；原zh尸崎是主催笔名
komori_kei,1,kemokomoya|こもりけい,こもりけい,477,原名こもりけい
mil_(xration),1,mil|miltea|milteanet|xration,mil,477,无通用中文名
nikaidou_kou,1,nikaidooooooooo|二階堂幸,二階堂幸,477,原名二階堂幸
nvl,1,nvl__11|nvlsample,nvl,477,无通用中文名
osisio,1,renesisio|おししお|哦是是哦,おししお,477,原名おししお
ponytail_korosuke,1,korosueke|korosuke|ponikoro|ponite_korosuke|ponitesuke,ponytail korosuke,477,无通用中文名
shugao,1,shuga_o|syugao,しゅがお,477,无通用中文名
tadano_magu,1,magu|tada_no_mug|まぐ|只野まぐ,只野まぐ,477,原名只野まぐ
torii_sumi,1,sumi_airdrop|toriisumi|鳥居すみ,鳥居すみ,477,wiki: Japanese Name 鳥居すみ
utsurogi_angu,1,空木あんぐ|金具,空木あんぐ,477,wiki: Japanese name 空木あんぐ；原zh金具是旧号
fellatrix,1,fellatrixart,fellatrix,476,无通用中文名
kisaragi_kaya,1,eroragi_kaya,kisaragi kaya,476,无通用中文名
lewdamone,1,bocodamond0|bocodamondo|lawdy_lewd|lewdamondo,lewdamone,476,无通用中文名
nucomas,1,,ぬこマス,476,无通用中文名
piukute062,1,piukute_062_m|piukute_maple,piukute,476,无通用中文名
pizzasi,1,,pizzasi,476,无通用中文名
sekai_saisoku_no_panda,1,sekaisaisoku,世界最速のパンダ,476,无通用中文名
tsurukame,1,鶴亀|鹤亀@激务低浮上,鶴亀,476,原名鶴亀
achiki,1,a-chiki|atikiotaku,achiki,475,无通用中文名
chicago-x,1,chicago_(ringo_no_miru_yume)|chicagox_x|chicapuxxxxxxxx|yoncago_works,chicago-x,475,无通用中文名
es_(eisis),1,eisis_(es)|es_(neta-ya)|es_(netaya),es,475,无通用中文名
romi_(346_ura),1,346_ura|romi,ろみ,475,无通用中文名
samidare_(hoshi),1,samidare|samidare_backyard|samidarebackyard|samidareura,samidare,475,无通用中文名
suien,1,翠燕,翠燕,475,原名翠燕
super_zombie,1,,超级僵尸,475,无通用中文名
uni_souchou,1,jirai_souchou|うに曹長|地雷曹長,うに曹長,475,原名うに曹長；原zh地雷曹长是别号
wacchi,1,wacchii,wacchi,475,无通用中文名
yomogi_(black-elf),1,black-elf|pika_yomogi_|pikayomogi,よもぎ,476,无通用中文名
youta,1,,夜歌,475,无通用中文名
yzr_(yzr99),1,yzr|yzr_xxxxx,yzr,476,无通用中文名
zuizi,1,pokemonzuizui|pokezuizui|zuizui|嘴最最最最|小最奶糖|小最软糖|最子|最最|最最@低浮上,最最,475,中文画师，社区通用最最
alexander_dinh,1,,alexander dinh,475,无通用中文名
andava,1,andavaart,andava,474,无通用中文名
arikawa_satoru,1,有河サトル|有河聖,有河悟,474,原名有河サトル
chocolat_(momoiro_piano),1,chocolat_(hina_hina)|ichigo_chocolat|momoiro_piano|いちごショコラ|ショコラ,ショコラ,474,原名ショコラ（いちごショコラ）
hatori_mia,1,mia_(gute-nacht-07),羽鳥みあ,474,无通用中文名
hitec,1,,hitec,474,无通用中文名
kilesha,1,kileshajp,きれゐしゃ,474,无通用中文名
naruko_hanaharu,1,888hanaharu888,鸣子花春,474,无通用中文名
kalmahul,1,,kalmahul,473,无通用中文名
mizuta_kenji,1,m_mizuta|mizuta_moon,mizuta kenji,473,无通用中文名
okama,1,okamarble,okama,473,无通用中文名
q_(ed69),1,____________q__|ed69|q|q_(ed6969),q,473,无通用中文名
shingyouji_tatsuya,1,富本起矢|真行寺たつや,富本たつや,473,原名真行寺たつや；原zh富本起矢是另一笔名
ziro_(zirorong),1,ziro,ziro,473,无通用中文名
ama-tou,1,甘党,甘党,472,原名甘党
cccpo,1,cccpo_snnk3,cccpo,473,无通用中文名
chimunge,1,chimu_(aoba)|ちむんげ|青葉千霧,ちむんげ,472,原名ちむんげ；青叶千雾是汉字写法
chuunioniika,1,oniika,chuunioniika,472,无通用中文名
ebizome,1,abzome,ebizome,472,无通用中文名
erica_(naze1940),1,erica|erica1940|naze1940|naze1940_erica|nut_(erica),erica,472,无通用中文名
sato_ame,1,ame_sugarless|satou_ame,sato ame,472,无通用中文名
shironeko_yuuki,1,shirayuki_epe|sironeko-yuki|白山ゆーき|白山白雪|白猫悠姫,白山ゆーき,472,原名白山ゆーき；原zh白山白雪是别号
sorai_shin'ya,1,sorai_s|sorai_shinya|soraishin'ya|soraishinya|空維深夜,空维深夜,472,原名空維深夜
tinker_bell_(pixiv_10956015),1,bell|tinker_bell|tinkerbell|tinkle|てぃんくる,てぃんくる,472,团体てぃんくる（Tinker Bell）；原zh惟月是成员别名
woofycakes,1,woof,woofycakes,472,无通用中文名
hakika,1,,はきか,471,无通用中文名
inuyama_nanami,1,,inuyama nanami,471,无通用中文名
kamo_kamen,1,kamokamenn,kamo kamen,471,无通用中文名
kazenoko,1,kazenoko0322|nokonoko,kazenoko,471,无通用中文名
makoto_daikichi,1,fgcdaikichi|makotoskip,まこと大吉,471,无通用中文名
maruto!,1,maruto|marutoid|marutopic|marutopic360|marutotumb|まると|泥酔桜国,まると,471,原名まると；泥酔樱国是社团
mike_inel,1,mikeinel,mike inel,471,无通用中文名
neko_neko_koneko,1,,neko neko koneko,471,无通用中文名
niwatori_kokezou,1,k-niwatori|kniwatori,niwatori kokezou,471,无通用中文名
sana_(37pisana),1,37pisana,さな,471,无通用中文名
suna_(s73d),1,s73d|suna_(satei)|砂|砂亭|砂场,すな,471,wiki: Japanese name 砂；原zh砂亭是别号
amania_orz,1,,amania orz,470,无通用中文名
hitoto,1,_hitoto_,hitoto,470,无通用中文名
marushin_(denwa0214),1,denwa0214|marushin|marushin0214|marushinweb|marusin0214|丸新|関西渔业协同组合,丸新,470,原名丸新
min-naraken,1,min_naraken,min-naraken,470,无通用中文名
natsu_no_koucha,1,natsu_koucha|夏の紅茶|夢⑨,夏の紅茶,470,原名夏の紅茶；原zh梦⑨是旧号
tadano_kagekichi,1,hikage_no_komichi|kage|kageji|kagekichi|kagekichi_(kagero)|kagekichirou|kagekiti|tadanoakuta|かげきち|唯野影吉|影吉郎,唯野影吉,470,原名唯野影吉
yuuyu_(777),1,yuuyu,yuuyu,471,无通用中文名
kaede_(mmkeyy),1,12kaede03|kaede|mmkeyy|nakajima_kaede|中島楓,枫（ゆか）,469,原名中島楓；原zh是简化
kotatu_(akaki01aoki00),1,akaki01aoki00|kotatubiyori|炬燵,炬燵,469,原名炬燵
kuronuko_neero,1,kuroneko_ne-ro|kuroneko_nero|kuronekonero,kuronuko neero,469,无通用中文名
piyopoyo,1,,piyopoyo,469,无通用中文名
sheita,1,,sheita,469,无通用中文名
shiren_(ourboy83),1,ourboy83|shiren|shiren_|shiren_cho|shirenjo,shiren,469,无通用中文名
branch_(blackrabbits),1,blackrabbits|branch|branch02|konishi_hiroshi|こにしひろし|コニシヒロシ|單気筒,こにしひろし,468,原名こにしひろし；原zh单気筒是别号
enpe,1,enpe_(akaburo),enpe,468,无通用中文名
gin00,1,gin0000|gin00_poi,gin00,468,无通用中文名
kamioka_shun'ya,1,kami_shun0505|kamioka_chiroru|神岡俊也,神岡俊也,468,原名神岡俊也
landacdeus,1,amadeus_gian024|landaccr18|yabelandacc,landacdeus,469,无通用中文名
luke_(b10a3123m),1,b10a3123m|luke|lukebooks|lukeskytera,luke,468,无通用中文名
nejikyuu,1,neji-pan|neji-pannnnn|nejipan|nejipan15|pan_neji|panda-neji,nejikyuu,468,无通用中文名
suisogenshi,1,suiso_genshi,すいそげんし,468,无通用中文名
tina_fate,1,tinafate1|tuna_fat,tina fate,468,无通用中文名
trente,1,trente30m,trente,468,无通用中文名
urabi_(tomatohouse),1,momitsu_urabi|urabiyori|うらび|裏火|里火,紅吊うらび,468,wiki: Japanese name 裏火（うらび）；原zh红吊逆火是旧号
yokota_mamoru,1,yokotamamoru|丹下拳闘倶楽部|横田守,横田守,468,原名横田守；丹下拳闘倶楽部是社团
amasawa_natsuhisa,1,amanatsuya|amasawa|天夏屋|天沢夏久,天沢夏久,467,原名天沢夏久
harunatsu_akito,1,akito4096|akito_hal|hal_akito,harunatsu akito,467,无通用中文名
kawagishi_keitarou,1,wagi|かわぎしけいたろう|考案中,カワギシケイタロウ,467,原名かわぎしけいたろう；原zh考案中是旧号
maeshima_shigeki,1,前島重機|前嶋重機,前嶋重機,467,原名前嶋重機
mizuki_kotora,1,akatsuki_mao|co_tora|cotora|cotora_|cotora_omiduki|kotonyan|みづきことら|猫桜,みづきことら,467,原名みづきことら；猫樱是昵称
momozu_komamochi,1,koma_momozu|mochipeach|omamechichi,桃豆こまもち,467,无通用中文名
naoto_(tulip),1,naoto|naoto5555|ナオト|金魚,ナオト,467,原名ナオト；金鱼是别号
niy_(nenenoa),1,nenenoa|niy|niy003|niy_002|niy_003|niy_005|niy_006|niy_koubou,niy,467,无通用中文名
sakuragi_ren,1,桜木蓮|樱木莲,桜木蓮,467,原名桜木蓮；原zh带下划线
sumisu_(mondo),1,mondo|sumisu_(palette_parade)|墨洲,墨洲,467,原名墨洲
weisuoxin,1,xin,weisuoxin,467,无通用中文名
yuuji_overall,1,yuji_overall|yuuji,yuuji overall,467,无通用中文名
47agdragon,1,47AgDragon|47agd|agdragon|原子番号47|城所委佐武,47AgDragon,466,原名47AgDragon；城所委佐武是汉字写法
betock,1,betockiwm,betock,466,无通用中文名
kakeru_(dbskakeru),1,d.b.s.kakeru|dbskakeru|dbskakeru1,kakeru,466,无通用中文名
kanaria_hisagi,1,kana_taka11|kanari_as|kanari_gn|kanaria_(kanari_as),kanaria hisagi,466,无通用中文名
merrytail,1,merry_tail,merrytail,466,无通用中文名
muramasa_mikado,1,mur|muramasamikado|murmika|ura_muramasa_mikado|村正みかど|村正帝|武礼堂|秋叶原地下格闘场,村正みかど,466,原名村正みかど；原zh村正帝是别写
nyororiso_(muyaa),1,muyaa|noro_riso|norori|norori_(norori_house)|norori_house|nororiyon|nororiyon_(ft64koe2pps)|nyororiso|nyororiso_classic|yororiso|にょろりそ|元祖園田屋|园田屋,にょろりそ,466,原名にょろりそ；元祖园田屋是别号
ranf,1,ranfptn,ranf,466,无通用中文名
ruri_rarako,1,rara_toybox|rurirarako,瑠璃ららこ,466,无通用中文名
sbs,1,えびす|恵比寿,恵比寿,466,原名恵比寿
shizuna_kaede,1,kaede_shena|kaedes,shizuna kaede,466,无通用中文名
sho-n-d,1,sho,sho-n-d,466,无通用中文名
yunekoko,1,汤猫子@依赖受付中|湯猫子,湯猫子,466,原名湯猫子
beleven,1,,beleven,465,无通用中文名
fakepucco,1,,fakepucco,465,无通用中文名
ferret-san,1,ferretsan|ferretsan7,ferret-san,465,无通用中文名
kamidan,1,kamidan18|kamidan29,kamidan,465,无通用中文名
kl_(dgzonbi),1,kl,kl,465,无通用中文名
koyashaka,1,koyashaka59,koyashaka,465,无通用中文名
kuuchuu_yousai,1,空中幼彩,空中幼彩,465,原名空中幼彩
murata_yuusuke,1,村田雄介,村田雄介,465,一拳超人漫画版作者，原名村田雄介
rerrere,1,rerrere310|rerrere514|rerrere_(waterdog),rerrere,465,无通用中文名
shiratsuki_shiori,1,erotsuki_h|shiratsuki_shio,白月しおり,465,无通用中文名
akisome_hatsuka,1,hatsuka_(exsilver),akisome hatsuka,464,无通用中文名
ayasugi_tsubaki,1,ayasugi_tubaki|綾杉つばき|綾杉椿,綾杉つばき,464,原名綾杉つばき；原zh绫杉椿是旧名
ebonyxh,1,crowmaskebony|ebonyxh1|xiaohua_(ebonyxh1)|消化,ebonyxh,464,原zh消化是旧号，用原名
hachi_(chihagura),1,,はち,464,无通用中文名
kobaji,1,,こばじ,464,无通用中文名
pudding_(skymint_028),1,skymint_028,pudding,464,无通用中文名
snm_(sunimi),1,snm|snm_sunimi|snm_sunimi3|sunimi,snm,464,无通用中文名
tenneko_yuuri,1,amaminekoko,tenneko yuuri,464,无通用中文名
tetsurou_(fe+),1,fe+|tesrurou_(ttr)|tetsu__ttr|tetsu_ttr|tetsuro|tetsuroo|tetsuroo_(fe+)|tetsuroo_(sakihuratto)|tetsurou|tetsurou_(sakihuratto)|真島てつろー|鉄労,真島てつろー,465,wiki: 真島てつろー；鉄劳是旧名
zurikishi,1,,ずり騎士,464,无通用中文名
aleriia_v,1,,aleriia v,463,无通用中文名
ast,1,as_(ast),ast,463,无通用中文名
kisairo_kaede,1,b3_kaede|kaedenya|草色楓,草色楓,463,原名草色楓
maruro,1,,maruro,463,无通用中文名
nauribon,1,nauri_(cat_bomber)|nauri_bon,nauribon,463,无通用中文名
nekomamire,1,nekomamire_(anbyou)|ネコマミレ|暗猫,ネコマミレ,463,wiki: Japanese name ネコマミレ；原zh暗猫是pixiv昵称
nishizawa,1,nishizawa_5miri|nishizawa_5mm|西沢5㍉,西沢5㍉,463,原名西沢5㍉
shimadoriru,1,shima_drill|simadoriru,shimadoriru,463,无通用中文名
shin'ya_(nanp),1,nanp|shin|shin'ya|shin'ya_(nanp-p),しんや,463,无通用中文名
shishi_juuroku,1,shishi_(321_0819)|shishi_(loveiskudo)|志々じゅうろく|志士,志々じゅうろく,463,原名志々じゅうろく；原zh志士是别号
takano_yuki_(allegro_mistic),1,akane_(allegro_mistic)|akane_ruka|allegro_mistic|takano_yuki|朱音|朱音流架|鷹乃ゆき,鹰乃由崎,463,原名鷹乃ゆき；原zh朱音是旧名
tatahai,1,多牌苑,多牌苑,463,原名多牌苑
hoshi_(snacherubi),1,hoshi|hoshi_u3|snacherubi,ほし,462,无通用中文名
poco_(asahi_age),1,asahi_age|murohani_poco|poco,ポコ,462,无通用中文名
sasai_saji,1,saji-wata|saji_s|sajilo|sasaisaji,笹井さじ,462,无通用中文名
silverxp,1,silver,silver,462,无通用中文名
the_atko,1,atko|atkoart|theatko,the atko,462,无通用中文名
yetworldview_kaze,1,kaze|kaze233|kaze_(yetworldview),yetworldview kaze,462,无通用中文名
hakonnbo,1,歯昆布,歯昆布,461,原名歯昆布（齿に挟まった昆布）
hanada_hyou,1,,はなだひょう,461,无通用中文名
moekibara_fumitake,1,moekibara|moetake,萌木原文武,461,无通用中文名
nekoshoko,1,mizugishoko2|nekoshoko2,猫しょこ,462,无通用中文名
tokonone,1,床音|床音（故）,床音,461,原名床音
yukineko1018,1,yuki_neko|yukineko|yukineko170|一米七雪貓|雪猫,一米七雪貓,461,中文画师，社区通用一米七雪猫
caidychen,1,cai_dy_chen|kai_di_chen|kaidi_chen|kd_chen|忘却的东方,忘却的东方,460,中文画师，社区通用忘却的东方
comah,1,coma,comah,460,无通用中文名
ikazu401,1,,ikazu401,460,无通用中文名
ikegami_akane,1,akane_i|akane_makes_revolution|akaneikegami_re|池上茜,池上茜,460,原名池上茜
mitomumitomu,1,,mitomumitomu,460,无通用中文名
n:go,1,,n:go,460,无通用中文名
pako_(pousse-cafe),1,pakkopako|pako_(pakkopako)|pako_(pakopakopako)|pakopakopako|pousse-cafe,pako,460,无通用中文名
rob_ishi,1,robishi,rob ishi,460,无通用中文名
shirogane_hina,1,,シロガネヒナ,460,无通用中文名
abazu-red,1,abazured|abazured_r18|awatsu-retsudo|awatsu-retsudou|粟津烈堂,粟津烈堂,459,原名粟津烈堂
cyicheng,1,cyi|cyicheng_p18|cyichengart,cyicheng,459,无通用中文名
lynus,1,lynus1717|lynus_t|苏志源,苏志源,459,中文画师，社区通用苏志源
minosu,1,seminosuke|みのす|水龍会,みのす,459,原名みのす；水龙会是社团
raigou,1,raigou0316|raigou12991|来迎,来迎,459,原名来迎
shiroshisu,1,,shiroshisu,459,无通用中文名
t_k_g,1,t_k_g_(tamakolo),t_k_g,459,无通用中文名
xo_(xo17800108),1,xo,xo,459,无通用中文名
zono_(inokura_syuzo029),1,inokura_syuzo029|zono|zono-04|zono-05|zono_05|zono_404,ぞの,459,无通用中文名
akabane_(zebrasmise),1,akabane22|akabanetaitographics|zebrasmise,アカバネ,458,无通用中文名
gggg,1,gggg656|gggg8495|gggg_(fang-joker0905)|gggg_(gggg8495)|ggggrga,gggg,459,无通用中文名
ichirugi,1,,ichirugi,458,无通用中文名
inugami_kira,1,狗神煌,狗神煌,458,原名狗神煌
kyou_039,1,kyouharu|侠睡|侠虾睡睡,侠睡,458,原名侠睡
pumpkinpan,1,,pumpkinpan,458,无通用中文名
zawameki,1,zawameki_jumbo,ざわめき,458,无通用中文名
258n,1,,258n,457,无通用中文名
ayuma_sayu,1,ayuma_sayori|ayumasayun,あゆま紗由,457,无通用中文名
jouzaburou_(joe3),1,joe3|jouzaburou,jouzaburou,457,无通用中文名
kinocopro,1,kinocoprotocol,kinocopro,457,无通用中文名
kito_(sorahate),1,kito|kitosid|kitoside|sorahate|樹人|虚空临界点,樹人,457,原名樹人
ld_(luna_dial398),1,luna_dial398,ld,457,无通用中文名
leviathan_(hikinito0902),1,hikinito0902|leviathan,leviathan,457,无通用中文名
masa_masa,1,masa_ma|masa_ma_(zcb)|masa_masakayo,masa masa,457,无通用中文名
nav_(itsnav),1,itsnav|nav|thatnav,nav,457,无通用中文名
oyatsu_(mk2),1,,oyatsu,457,无通用中文名
purin_jiisan,1,banuda_purin|purin,purin jiisan,457,无通用中文名
sukemyon,1,.suke|sukemyon_443,sukemyon,457,无通用中文名
tabigarasu,1,tabykarasu,旅乌,457,无通用中文名
tomajiyama,1,,tomajiyama,457,无通用中文名
ya-man,1,,ya-man,457,无通用中文名
zozozoshion,1,,zozozoshion,457,无通用中文名
bekotarou,1,,ベコ太郎,456,无通用中文名
eckert&eich,1,eckerteich|subeckerteich,eckert & eich,456,无通用中文名
in_(ain),1,in_30000|inya_30000,in,457,无通用中文名
kyokucho,1,きょくちょ|局长,きょくちょ,456,原名きょくちょ；原zh局长是略写
saku_anna,1,朔_杏奈,朔杏奈,456,原名朔杏奈；原zh带下划线
gulp5959,1,district5959,gulp5959,455,无通用中文名
h2so4,1,h2so4_jp|h2so4_kr|h2so4_pa,h2so4,455,无通用中文名
kaguyuzu,1,kaguky|かぐゆづ|茶渋,カグユヅ,455,原名茶渋
kita_(kitairoha),1,__kita|kita|kitairoha,kita,455,无通用中文名
mabanna,1,eroimaba333|mabanna7787|mabanna_(hannama_seikatsu),マバンナ,455,无通用中文名
arsenixc,1,arseniy_chebynkin,arsenixc,454,无通用中文名
c-button,1,buttoooon|c_button|c_buttonsanchi,c-button,454,无通用中文名
chamchami,1,cham22|cham2210,chamchami,454,无通用中文名
gin_moku,1,ginmoku|銀木,銀木,454,原名銀木
kannatsuki_noboru,1,神奈月昇,神奈月昇,454,原名神奈月昇
mel/a,1,MEL/A,MEL/A,454,原名MEL/A；自堕落吃茶是社团
nakano_sora,1,中乃空,中乃空,454,原名中乃空
otokamu,1,otokam1117|otokamfuryo|otokamotes|otokamsosaku,otokamu,454,无通用中文名
ruhika,1,,ルヒカ,454,无通用中文名
shundou_heishirou,1,,shundou heishirou,454,无通用中文名
ubanis,1,ubanis3,うばにす,454,无通用中文名
coldcat.,1,猫又猫|猫又猫又猫又猫,猫又猫,453,原名猫又猫
gijang,1,,ギザン,453,无通用中文名
itolife,1,itou_life,itolife,453,无通用中文名
mataichi_mataro,1,mataichi_mataroo,mataichi mataro,453,无通用中文名
ringo_sui,1,ringojuru,苹果水,453,无通用中文名
anzu_ame,1,anzuame_222|杏飴,杏飴,452,原名杏飴
chata_maru_(irori_sabou),1,chata_maru|chatamaru_(irori_sabou)|irori_sabou|tyata-maru|tyata_maru|囲炉里茶房|茶太丸,茶太丸,452,原名茶太丸
furau,1,furau-ru|furau_ru,ふらう,452,无通用中文名
hagiya_masakage,1,hagiyamasakage|masakage|sakage|月餅|逆毛,はぎやまさかげ,452,原名逆毛（はぎや逆毛）；月饼是另一笔名
kabaji,1,,kabaji,452,无通用中文名
ko_yu,1,ko_yu0312|ko_yu1212,ko yu,452,无通用中文名
onedoo,1,_onedoo|onedoo_sub_r18,onedoo,452,无通用中文名
pupps,1,pppppupps|pupps_(pppppupps),pupps,452,无通用中文名
saku_(osake_love),1,,saku,452,无通用中文名
tokumi_yuiko,1,1093yuiko|篤見唯子,笃见唯子,452,Slow Start作者，原名篤見唯子
yourfreakyneighbourh,1,neighbourh|yrfreakyneighbrh,yourfreakyneighbourh,452,无通用中文名
aumann,1,aumann11,aumann,451,无通用中文名
ayase_hazuki,1,,綾瀬はづき,451,无通用中文名
fuusuke_(fusuke208),1,fusuke|fusuke208|fusuke_neko|fuusuke|ふうすけ|桃風庵,ふうすけ,451,原名ふうすけ；桃风庵是站点
kanna_(plum),1,kanna|kannaplum|kisaragi_kanna|plum|かん奈|如月かん奈|岩本幸子,かん奈,451,原名かん奈（如月かん奈）；岩本幸子是汉字名
megahiyo,1,hiyoko|hiyoko_(nikuyakidaijinn)|hiyoko_no_space|hiyokonojikann|hiyokospace|mega_hiyo|めがひよ|雛鳥,めがひよ,451,原名めがひよ；雏鸟是称号
sa-ya2,1,sa-ya,sa-ya,451,无通用中文名
ame_(amechan17391739),1,ame|amechan17391739,雨,450,无通用中文名
itohana,1,,イトハナ,450,无通用中文名
kouda_tomohiro,1,koudansha|koudatomohiro|tomohiro-kouda|幸田朋弘|幸田部屋,幸田朋弘,450,原名幸田朋弘
lamb_(hitsujiniku),1,hitsujiniku|lamb_(hitsuji_niku),lamb,450,无通用中文名
okitsugu,1,okitsugu_(okinoshima)|okitsugu_(tanuma-okitugu)|tanuma-okitugu,okitsugu,450,无通用中文名
pepe_(jonasan),1,jonasan|pepe_(jonasan2)|pepe_(jonasan3rd)|pepe_(pixiv1095515),ぺぺ,450,无通用中文名
saeki_sora,1,sora_saeki,佐伯空,450,无通用中文名
satoupote,1,potesara|さとうぽて|森彦,さとうぽて,450,原名さとうぽて；森彦是别号
sebu_illust,1,sebu|sebuillust,sebu,451,无通用中文名
sp0i0ppp,1,dangeroussbd,sp0i0ppp,450,无通用中文名
tamagogayu1998,1,tama0104,tamagogayu,450,无通用中文名
yewang19,1,yewang20,yewang,450,无通用中文名
cyclone_(reizei),1,cyclone|izumi_(cyclone)|reizei|レイゼイ|冷泉|和泉葵|绯泉,冷泉,449,原名冷泉
fujishima_shinnosuke,1,shinnosuke_(heart_attack)|sinnosuke|sinnosuke-f,fujishima shinnosuke,449,无通用中文名
inoshira,1,inosira,inoshira,449,无通用中文名
karasusou_nano,1,nanooxx,karasusou nano,449,无通用中文名
mikeran_(mikelan),1,mikelan|mikelan125r|mikelan750r|mikeran|みけらん|三毛兰_晴人|三毛蘭晴人,三毛蘭晴人,449,原名三毛蘭晴人
mizuki_(flowerlanguage),1,kingmizu3|mizuking3|ミズキ|瑞希,みずき,449,原名瑞希
mukka,1,mukka88|mukka8802,mukka,449,无通用中文名
nishida_asako,1,asakonishida|西田亜沙子,西田亜沙子,452,原名西田亜沙子
shun_(rokudena-shi),1,noro_shunsuke|shun_(rokudenashi_no_toki)|shun_(rokudenashi_no_uta)|俊|野呂俊介,俊,449,原名俊（しゅん）
takemori_shintarou,1,abeshi_shoushou,竹森真太郎,449,无通用中文名
yagami_(mukage),1,yagami|yagami-ya|yagami_(yagami-ya),yagami,449,无通用中文名
yamamoto_arifred,1,yamamoto_arihred|yamamoto_man|yamamotoari|yamamotoman,yamamoto arifred,449,无通用中文名
kafu_(logaemon),1,kaf|kafu|kafuuin|simplekafu,kafu,448,无通用中文名
koyama_hirokazu,1,,koyama hirokazu,448,无通用中文名
leogust,1,leogust_2,leogust,448,无通用中文名
owasaki,1,kakure_saki|oooowasaki,owasaki,448,无通用中文名
saeki_tatsuya,1,byousatsu-tanukidan|byousatsu_tanuki-dan|マドロス冨田|佐伯達也|秒杀狸団,佐伯达也,448,原名佐伯達也；マドロス冨田是旧号
tachibana_roku,1,rokushoku_mikan|tachibana_midori|tachiroku|タチバナロク|タチロク,タチバナロク,448,原名タチバナロク；原zh文化☆侵略是旧号
takaya_n,1,高谷ノリ子|高谷・ｎ,高谷・Ｎ,448,原名高谷・ｎ/高谷ノリ子
tama_(soon32281),1,shiratamako|siratamako|siratamako763|siratamako76318|soon32281|tama|白義,白義,448,原名白義
tsukino_(nakajimaseiki),1,nakajimaseiki|tsuki_nonono|tsukino_res|tsukinono|月野,月野,448,原名月野
besmiled,1,besmiled111|蜀人,蜀人,447,中文画师，社区通用蜀人
go-1,1,,go-1,447,无通用中文名
himonoata,1,himoata,himonoata,448,无通用中文名
kuroonehalf,1,kuro,kuroonehalf,447,无通用中文名
laser-lance,1,,laser-lance,447,无通用中文名
noukatu,1,noukatsu|noukatu6212,noukatu,447,无通用中文名
shinomu_(cinomoon),1,cinomoon|shinomu|shinomu1997|tatsu_shinomu|tatusinomu|tatusinomu0201|しのむ|志乃梦|无双涩市|竜志乃夢|竜志乃梦,しのむ,447,原名しのむ（竜志乃夢）
valefal_coneri,1,valefal|valefor|valeforzero,valefal coneri,447,无通用中文名
wasabi60,1,waaasabi610,wasabi60,447,无通用中文名
igayan,1,,igayan,446,无通用中文名
irohara,1,irohara47|irohasu,irohara,446,无通用中文名
jiru_(jirufun),1,jiru_(jiru_land)|jiru_land|jirufun,jiru,446,无通用中文名
kotobuki_(stealth_sendan),1,kotobuki|kotobuki0r|kotobuki0t|kotobuki_(kotobuki0t)|kotobuki_(shrsntr)|kotobuki_(shrsntr3725)|stealth_sendan|琴吹|琴吹大王,琴吹,446,原名琴吹
micosiva,1,神輿葉,神輿葉,446,原名神輿葉
shinishi_chiho,1,chiho-ishi|chihoishi,shinishi chiho,446,无通用中文名
teranen,1,teranen15|teranenig|teranentwii,teranen,447,无通用中文名
vent_arbre,1,,vent arbre,446,无通用中文名
1ssakawaguchi,1,1ssakawaguchi0125|issakawaguchi,1ssakawaguchi,445,无通用中文名
bae.c,1,,bae.c,445,无通用中文名
chocomiru,1,chocomiru.02|chocomiru02,chocomiru,445,无通用中文名
envenomist_(gengoroumaru),1,envenomist|gengoroumaru|源五郎丸|ｇ夫,源五郎丸,445,原名源五郎丸
henriiku_(ahemaru),1,aemaru_(kenzenahemaru)|ahemaru|ahemaru_(henriiku)|henriiku,ahemaru,445,无通用中文名
karamoneeze,1,karamone-ze,karamoneeze,445,无通用中文名
ken_(shutenndouji1),1,ken,けん,445,无通用中文名
kobamiso_(kobalt),1,k_kobalt|kobalt|kobalt-blue|kobamiso|kobamiso_koubou,kobamiso,445,无通用中文名
kujira_naoto,1,kujira_n|kujirana|ふも|鯨尚人,鯨尚人,445,原名鯨尚人（ふも）
kyousaru,1,kyouen|kyouen2|kyouen_(kyouen2)|きょうさる|恐猿,きょうさる,445,原名きょうさる；恐猿是汉字写法
magowasabi,1,,magowasabi,445,无通用中文名
ment,1,ment50|ment50r,ment,445,无通用中文名
nago_purin,1,nagopurin,nago purin,445,无通用中文名
nyaa_(nnekoron),1,nnekoron|nyaa_(pudding)|nyaa_(xryrb000),nyaa,445,无通用中文名
ry_(yagoyago),1,RY|ry|ry_(ore_jichou)|俺自重,RY,445,原名RY；俺自重是站点
sonao,1,,そなお,445,无通用中文名
spykeee,1,d_kappah_pykee|pykee|pykee_lambaco|spyk3331945|spykeee.art|spykeee1945,spykeee,445,无通用中文名
taiki_(6240taiki),1,6240taiki|taiki|タイキ|大気,大気,445,原名タイキ（大気）
bitseon,1,bitseon_,bitseon,444,无通用中文名
durindana_7,1,,durindana,444,无通用中文名
huqu,1,huqu_9083327,huqu,444,无通用中文名
kaedeko_(kaedelic),1,kaede_ko|kaedeko|kaedeko111|kaedeko_neon|kaedelic|kaedelic111|楓子,楓子,444,原名楓子
kaidou_zx,1,海撞,海撞,444,原名海撞
kion-kun,1,kion_kun|kionkun1,kion,444,无通用中文名
mamimi_(mamamimi),1,,mamimi,444,无通用中文名
mochiyuki,1,motiyuki|motiyuki-work|motiyuki_,mochiyuki,444,无通用中文名
p19,1,p19_(practice),p19,444,无通用中文名
panties_(pantsu-pirate),1,panties|pantsu-pirate,panties,444,无通用中文名
shouji_ayumu,1,ayumu|syouji_ayumu,小路步,444,无通用中文名
siraha,1,,siraha,444,无通用中文名
dodai_shouji,1,six_shot|土代昭治|桐生苍八|桐生蒼八,土代昭治,443,原名土代昭治；桐生蒼八是笔名
goomrrat,1,,goomrrat,443,无通用中文名
leon_(mikiri_hassha),1,leon_7|leonaizumi|leonseven|れおん|腋巫女至上主義,れおん,443,原名れおん；腋巫女至上主义是旧社团
mapar,1,,mapar,443,无通用中文名
shu-mai,1,,shu-mai,443,无通用中文名
special_cat,1,,special cat,443,无通用中文名
suichuu_hanabi,1,hanabi086|hanabi9900|s_hanabi|水中花火|水崎弘明|豆蔵,水中花火,443,原名水中花火
youzaiyouzai112,1,youzai121|悠哉|悠哉121,悠哉,443,中文画师，社区通用悠哉
yutsu,1,,yutsu,443,无通用中文名
aoi_manabu,1,aoimanabu,あおいまなぶ,442,无通用中文名
carlo_montie,1,monte_hector,carlo montie,442,无通用中文名
hanamiya_natsuka,1,natsuka|natsuka03|natsuka_(unagi-unagi-unagi)|natsuka_03,花宮なつか,442,无通用中文名
keihh,1,,keihh,442,无通用中文名
marimo_danshaku,1,fresh_marimo_danshaku,marimo danshaku,442,无通用中文名
shinmai_(kyata),1,kyata|shinmai|sinmay|sinmay01|新米,新米,442,原名新米
simao_(x_x36131422),1,simao|simaowork|x_x36131422,simao,442,无通用中文名
udon_entertainment,1,,udon entertainment,442,无通用中文名
yuugo_(atmosphere),1,atmo|atmosphere|yuugo,ユーゴ,442,无通用中文名
119,1,119now|119things|mst119,119,441,无通用中文名
abbystea,1,abbystea.mxd|toristea,abbystea,441,无通用中文名
accio,1,acciomkg|acciomun|acciomun-1|acciomun524|ghi_acciomun,あっちょ,441,无通用中文名
beritabo,1,,beritabo,441,无通用中文名
chomoran,1,yume_no_chomoran_oukoku,チョモラン,441,无通用中文名
cocozasa,1,coco,cocozasa,441,无通用中文名
efreezerarts,1,,efreezerarts,441,无通用中文名
georugu13,1,,georugu13,441,无通用中文名
heebee,1,,heebee,441,无通用中文名
hiiragi_hazime,1,hiiragi_hajime,hiiragi hazime,441,无通用中文名
nez-box,1,nez-kun,nez-box,442,无通用中文名
noto_kurumi,1,not_kurumi|notokurumi|notou_kurumi|notoukurumi|甘泉少女|能都くるみ,能都くるみ,441,原名能都くるみ；甘泉少女是社团
tatami_to_hinoki,1,10jyou_tatami|honjou_tatami|juujou_tatami|okumura_hinoki|tatami10jyo|tatami_gehin,tatami to hinoki,441,无通用中文名
tsuutenkaaku,1,つうてんカーク|通天☆描,通天☆描,441,原名通天☆描
circussion,1,cube_(circussion)|久部咲樫音,樫音(circussion),440,原名久部咲樫音；原zh带㭴罕用字
hoppege,1,hoppege3103|hoppege_(tei-shibou_new)|hoppege_r|hoppegesan3103|ほっぺげ|鬼畜類人猿部,ほっぺげ,440,原名ほっぺげ；鬼畜类人猿部是旧号
kiman,1,kiiman|kiman_prpr|kiman_spsp,kiman,440,无通用中文名
maccha,1,,抹茶,440,无通用中文名
melaton,1,melaton_tw,melaton,440,无通用中文名
mizukoshi_(marumi),1,marumizu|mizukoshi|mizukoshi14|mizukoshi_(marumi910),mizukoshi,440,无通用中文名
ninimo_nimo,1,ninimo-nimo|ninimo_(ygkou),ninimo nimo,440,无通用中文名
shigure_ui,1,ui-shig|ui_shig|uishig|uishig.works|uishigure|しぐれうい|時雨憂,しぐれうい,440,原名時雨憂
shirosuzu,1,shiro-suzu,しろすず,440,无通用中文名
asatsuki_(fgfff),1,muedo_(seiga)|ムエド|浅月,浅月,439,原名浅月
hyanna-natsu,1,hyan|hyan-doodles|hyannanatsu,hyanna-natsu,439,无通用中文名
ichizen_(o_tori),1,ichizen_(fortune_cookie)|ichizen_(nayuta)|ichizen_works|o_tori,ichizen,439,无通用中文名
kisaragi_yuu_(fallen_sky),1,fallen_sky|kisaragi_yuu|kisaragiyuu|kisaragiyuu0211|kisaragiyuu_|kisayuu|kisayuu-yurutouch|kisayuu211|kisayuuphoto|如月憂,如月优,439,原名如月憂
moshimoshibe,1,,moshimoshibe,439,无通用中文名
nekozuki_yuki,1,yuki-nekozuki|yukinkzk|猫月ユキ|猫眼色,猫月ユキ,439,原名猫月ユキ；猫眼色是旧号
salmon88,1,ax18170710|salmon88v,salmon88,439,无通用中文名
sasahara_yuuki,1,s_hara|sa_yu6559|sasa_hara|sasa_hara2|yuukisasahara,佐佐原忧树,439,无通用中文名
shinozuka_atsuto,1,shinocchi|shinoduka_atsuto|しのづかあつと|魔空軍団,しのづかあつと,439,原名しのづかあつと；魔空军団是社团
yoshida_keiji,1,一人革命|吉田スイカ,吉田スイカ,439,原名吉田スイカ（吉田keiji）；一人革命是旧号
dandara_(karakure),1,dandara|karakure|からくれ|唐呉,からくれ,438,原名からくれ（唐呉）
interstellar,1,,interstellar,438,无通用中文名
mibry_(phrysm),1,mibryism|phrysm,mibry,438,无通用中文名
salt_(salty),1,salt|salt_00,salt,438,无通用中文名
shiraue_yuu,1,shiraueyuu|幸茶亭|白上游|白上遊,白上遊,438,原名白上遊
silvertsuki,1,silvertsuki1|silvertsuki_|silvertsukii|銀月,銀月,438,原名銀月
toho10min,1,toho_tamtam,toho10min,438,无通用中文名
yaruku,1,yaruku_normal|yarukumkrs|ヤルク|亞琉久|彼岸无战事|彼岸无战事。,ヤルク,438,原名亞琉久
yasojima_nejiro,1,,yasojima nejiro,438,无通用中文名
bukimi_isan,1,mibuki397|miki_bukimi|不気味遺産,不気味遺産,437,原名不気味遺産
d-m_(dii_emu),1,,d-m,437,无通用中文名
fbc,1,fbctwit|thefbc,fbc,437,无通用中文名
haruyuki_(yukichasoba),1,haru_yuki|haruyuki|haruyuki_nijyou|mauyuki|yuki_chasoba|yukicha_soba|yukichasoba|yukityasoba|はる雪|春雪,はるゆき,437,原名春雪
inudori,1,,inudori,437,无通用中文名
jaku_sono,1,sono_nono|sononono33|若園,若園,438,原名若園
km_yama,1,kemuyama|km|km_kuro,km yama,437,无通用中文名
kobayashi_yuuji,1,yuuji|小林悠路|悠路,小林悠路,437,原名小林悠路
takahashi_tetsuya,1,tetsuya_takahashi|高橋てつや|高橋哲哉,高桥哲哉,437,原名高橋てつや/高橋哲哉
teranekosu,1,planet_nekos|teranekos|teranekosu_(masara)|toranekosu|wakusei_nekos|wakusei_nekosu|てらねこす|テラネコス,てらねこす,437,原名てらねこす
tunamayo_(dsasd751),1,,tunamayo,437,无通用中文名
yana_mori,1,posiiyana,yana mori,437,无通用中文名
aposine,1,,aposine,436,无通用中文名
cherry-gig,1,cherry_gig|cherrygig|cherrygigart|gigcherry,cherry-gig,436,无通用中文名
kohinata_hoshimi,1,deepstarhoshimi|kohipotion,小日向ほしみ,436,无通用中文名
mizunashi_(second_run),1,mizunashi|second_run,みずなし,436,无通用中文名
mosako,1,,mosako,436,无通用中文名
reel_(riru),1,reel|reel37891,reel,436,无通用中文名
satomura_kyou,1,kyo_satomura|satomurakyo|里村響,里村響,436,原名里村響
tidsean,1,tid|tidsean0,tidsean,436,无通用中文名
ura_(hamburg_oniku),1,hamburg_oniku|ura.yaha221,ura,436,无通用中文名
ayul_(ayulneri_92),1,ayul,ayul,436,无通用中文名
fujikawa_daichi,1,fujikawa|fujikawadaichi|inudogfujikawa|藤川|藤川大智,藤川大智,435,原名藤川大智；原zh藤川缺字
kumiyabe,1,,くみやべ,435,无通用中文名
kusano_(torisukerabasu),1,gextukoukusa|kusano10|kusano_(moonwort)|torisukerabasu|草乃,草乃,435,原名草乃
marisasu_(marisa0904),1,00marisasu|maripipi|marisa0904|marisasu|marisasu9|まりさす|七瀬,七濑,435,原名七瀬
mayogii,1,mayogi__,mayogii,435,无通用中文名
mimofu_(fullhighkick),1,fullhighkick|mimofu|mimohu,みもふ,435,无通用中文名
mizutama,1,mizu7102,みずたま,435,无通用中文名
nabe_puyo,1,nabe_saori|nabesaoripuyo|名部ぷよ|名部早織|海老名聡良,名部早织,435,原名名部早織；原zh带下划线
namiki_(remiter00),1,remiter|並木,並木,435,原名並木
robinson_(day_l_full),1,day_l_full,robinson,435,无通用中文名
st.germain-sal,1,,さんぢぇるまん・猿,435,无通用中文名
suou-sensei,1,colorless_(shachiwhitebb)|suou|suousensei|xannybrush,suou-sensei,435,无通用中文名
tekehiro,1,てけひろ|六錬金,てけひろ,435,原名てけひろ；六錬金是旧名
tokoroten_(hmmuk),1,hmmuk|tokoro10|tokoroten_(shatou_sombrero)|ところてん|心太,心太,435,原名心太
automatic_giraffe,1,autogiraffe|autolewd,automatic giraffe,434,无通用中文名
giorgio_(yo_sumire_sola1),1,giorgio|yo_sumire_sola1,giorgio,434,原zh魔法烧酒是签名，用原名
hana_mori,1,hanamori|hanamori59ya,hana mori,434,无通用中文名
hominamia,1,,hominamia,434,无通用中文名
imigimuru,1,,いみぎむる,434,无通用中文名
kat_(bu-kunn),1,bu-kunn|katto(viking),kat,435,无通用中文名
keita_naruzawa,1,,keita naruzawa,434,无通用中文名
kuurunaitsu,1,,kuurunaitsu,434,无通用中文名
nanaken_nana,1,nana-nanaken|nana_sevensword|shichiken_nana|shitiken_nana|七剣なな|七剣騎士団,七剣なな,434,原名七剣なな；七剣骑士团是社团
ncontrail_(mgax7527),1,,ncontrail,434,无通用中文名
nnyara,1,n'nyara|nnyara_n|nyara_nico,nnyara,434,无通用中文名
onegingek,1,liletoule,onegingek,434,无通用中文名
sekihan,1,sekihan_(mayobaku)|sekihang,せきはん,434,无通用中文名
shiba_itsuki,1,shibaki|shibaki_(gensouchou)|siba_29|しばき|芝树|芝樹,芝樹,434,原名芝樹；幻想町是站点
soresaki,1,,soresaki,436,无通用中文名
suterii,1,,suterii,434,无通用中文名
suzaku_(zaku6584),1,,suzaku,434,无通用中文名
zellam,1,zellam031,zellam,434,无通用中文名
13_(spice!!),1,13_(ichimi)|13_(kannaduki_wotaku_wj)|ichimi-131|ichimi131|ichimi_131|mix-spice-13|sisi_10u|spice!!|いちみ|一味三昧|壹弥|灯琉,いちみ,433,原名いちみ（13）；原zh一味三昧是旧号
dyun,1,dyun0078|dyun0089,dyun,433,无通用中文名
hijikawa_arashi,1,arashi-hijikawa2009|arashi_hijikawa|hijikawa|瀧澤会購買部|肱川_岚|肱川岚|肱川嵐,肱川嵐,433,原名肱川嵐；泷泽会购买部是社团
kamata_yuuya,1,kamata_(hummer_head)|kamatan|カマタユウヤ|鹿又,鹿又,433,原名鹿又
liduke,1,li_duke|日子|麻痹的小日子,日子,433,中文画师，社区通用日子
orihi_chihiro,1,orihi_|orihi__|orihitihiro|左近川鉱脈|織日ちひろ,織日ちひろ,433,原名織日ちひろ；原zh左近川鉱脉是社团
paddy_field,1,歩井田,歩井田,433,原名歩井田
ryou-san,1,kedouin_ryouma|祁答院|祁答院諒真|祁答院谅真,祁答院諒真,433,原名祁答院諒真
shinmon_akika,1,神門明風,神門明風,433,原名神門明風
shino_(eefy),1,eefy|茨乃|茨乃月,シノ,433,原名茨乃
tirasi_(so),1,chirashi|chirashi_(so)|tirasi,tirasi,433,无通用中文名
yoko_juusuke,1,凶暴情緒帯|横十輔|横十辅,横十輔,433,原名横十輔；凶暴情绪帯是社团
yokoshima_(euphoria),1,yokoshima|yokoshima_|yokoshima_2,yokoshima,433,无通用中文名
denhijou_niki,1,denjihou_niki|電磁砲二期,电磁炮二期,432,原名電磁砲二期
enami_katsumi,1,enonami|namihei_namunamu,enami katsumi,432,无通用中文名
fujieda_uzuki,1,fujieda_uduki|uu-zuki|uzukikan|卯月|卯月_奏|藤枝卯月,卯月奏,432,原名卯月奏；原zh卯月缺字
hirowa_nagi,1,hirowa|n_hirowa|naginata_kikaku|nhirowa2|広輪凪|広轮_凪|広轮凪|陆戦用犬,广轮凪,432,原名広輪凪
kaptivate,1,kaptivatecsgo|kaptivatetv,kaptivate,432,无通用中文名
lilish,1,kuro-lili_no_heya|lili_(lilish)|lilish_(lili)|lilish_(riri)|riri_(lilish),lilish,432,无通用中文名
muoto,1,muoto911|muoto_(magu629629)|muoto_(muoto_labo)|muoto_labo|muotou|muotouuu,むおと,432,无通用中文名
natuna_natu,1,natunadonut|nazuna_natsu,natuna natu,432,无通用中文名
sekiya_asami,1,asamin|関谷|関谷あさみ,关谷麻美,432,原名関谷あさみ；原zh内藤是旧名
tnr_(horiko1525),1,tnr,tnr,432,无通用中文名
watsuki_ayamo,1,watsuki|watsuki_rumi|watsukiya,わつき彩雲,432,无通用中文名
yaman,1,yamanta,yaman,432,无通用中文名
dismassd,1,,dismassd,431,无通用中文名
doushi_tatsu_to_dekkai_no,1,,doushi tatsu to dekkai no,431,无通用中文名
kanekiyo_miwa,1,m-iwamiwa2014|miwa1102|miwa_ka|兼清みわ|鶏野郎,兼清みわ,431,原名兼清みわ；鸡野郎是旧号
kazetto,1,,kazetto,431,无通用中文名
kshimu,1,,kshimu,431,无通用中文名
loodncrood,1,croodnlood,loodncrood,431,无通用中文名
muroku_(aimichiyo0526),1,aimichiyo0526|muroku|muroku669|muroku699|muroku6_6_9|muroku996,ムロク,431,无通用中文名
neruzou,1,_neruzou,neruzou,431,无通用中文名
olchas,1,olcha.s|olchas.art|olchasart,olchas,431,无通用中文名
ootsuka_shin'ichirou,1,gashin|otsuka_shin|大塚真一郎,大塚真一郎,431,Re:Zero插画，原名大塚真一郎
shiming_liangjing,1,四明両京|四明两京|四明兩京,四明兩京,431,中文画师，社区通用四明两京
soramuko,1,空向|空向🎨,空向,431,原名空向
takara_akihito,1,,宝あきひと,431,无通用中文名
tsukinami_kousuke,1,nami.|naminami_shokudou|tsukii|tsukinami_(naminami_shokudou)|tuki_nami|tukinami|月並|月並甲介|月并|月并甲介|月并甲介🎨🔞,月並甲介,431,原名月並甲介；原zh并。是别号
asterisk_kome,1,asteriskkome|kome|kome-no-id|komenoe|※kome|要塞都市国家,※kome,430,原名※kome；要塞都市国家是旧站点
dakemakura-koubou,1,,dakemakura koubou,430,无通用中文名
ddangbi,1,,ddangbi,430,无通用中文名
kokka_han,1,kokkahan|国家飯,国家飯,430,原名国家飯
nagayama_yuunon,1,nagayama|yama913|yunon0210|yuunon,永山由乃,430,无通用中文名
sob_(submar1089),1,sob|sobmarine|submar1089,sob,430,无通用中文名
toriniku_senshi_chikinman,1,niwatori_kawaii,toriniku senshi chikinman,430,无通用中文名
ayanakitori,1,ayanakitori_2nd,アヤナキトリ,429,无通用中文名
gintarou_(kurousagi108),1,gintarou|kurousagi|kurousagi108,ぎん太郎,429,原zh通用汽车公司是错译，用原名
goldowl,1,goldowl_|goldrun,goldowl,429,无通用中文名
isuka,1,isuka15|isuka_syumi,isuka,429,无通用中文名
jiroo,1,jiroo_(jiroo-biyori),jiroo,429,无通用中文名
kataokasan,1,,kataokasan,429,原zh无断転载无断翻訳禁止是站名警示语，用原名
kon-kit,1,kon-soul|蒟吉|蒟吉人,蒟吉人,429,原名蒟吉（蒟吉人）
kurono_yuzuko,1,yu_zu_co_kuro|yuzuc0|yuzuco|黒乃柚子,黒乃柚子,429,原名黒乃柚子
monchan_rev3,1,monchanrev3,monchan,429,无通用中文名
nanashii_(soregasisan),1,nanashii|nanasyino|soregasisan,nanashii,429,无通用中文名
rei_kun,1,,rei,429,无通用中文名
saeki_hokuto,1,,さえき北都,429,无通用中文名
shuuko_(s_h_uuko),1,s_h_uukov2|sh_uuko|shuuko|shuuko's_fallback_den|shuuko_,shuuko,429,无通用中文名
wewe,1,,wewe,429,无通用中文名
akane_souichi,1,akane_(lucky_cat)|akane_sooichi|推定部員|明音そーいち,明音そーいち,428,原名明音そーいち；推定部员是旧号
akaoni_(zumt3548),1,akaoni2gou|akaoniura|裏赤鬼|赤鬼|赤鬼２号,赤鬼,428,原名赤鬼；原zh里赤鬼是别名
endou_hiroto,1,endoubanira|endouhiroto|遠藤弘土,远藤弘土,428,原名遠藤弘土
frfr,1,,frfr,428,无通用中文名
fud,1,bangjae_(fud)|fud159263|fud19826|fudfudddd|方才,fud,428,原zh方才是旧号，用原名
fuumi_(radial_engine),1,fuumi|fuumiis|fuumiisc|fuumisill|radial_engine|ふーみ|瑠汪|风深,ふーみ,428,原名瑠汪；风深是别号
fuwa_daisuke,1,不破大輔,不破大輔,428,原名不破大輔
gojarun,1,gozaru_gojarun,gojarun,428,无通用中文名
gurimjang,1,,gurimjang,428,无通用中文名
hamushima,1,florence_hamushima|ジャック・ハムスター|ハムシマ,ジャック・ハムスター,428,原名ジャック・ハムスター；飞行世纪是旧号
ikeshita_moyuko,1,ike_shita|ikeshita_maue|moyuko|池下モユコ|池下真上|池下真上＠初単行本6/29発売|池下真上🔞,池下モユコ,428,原名池下モユコ；池下真上是汉字写法
ireading,1,ireading62|俺正讀|俺正读（熊掌社）|阿鼻龜仙人|阿鼻龟仙人,俺正讀,428,原名俺正讀；阿鼻龟仙人是笔名
kakiko210,1,kakiko228|柿子,柿子,428,中文画师，社区通用柿子
kazu_(muchuukai),1,kazu|kazu166c|kazu_166|kazundamochi|muchuukai|カズ|夢中界,和,428,原名カズ；梦中界是社团
kippuru,1,kipples,kippuru,428,无通用中文名
maullarmaullar,1,maullar_(intrusive_noise)|maullar_maullar|maullie-chan,maullarmaullar,428,无通用中文名
shiki_(shikki46),1,shikishi,色,428,无通用中文名
take_shinobu,1,sinobutake|takeshinobu|takesinobu|takesinobu910,take shinobu,428,无通用中文名
thanabis,1,,thanabis,428,无通用中文名
watarase_piro,1,piro_(prwtrs)|watara-s|watarasera_piro,watarase piro,428,无通用中文名
zenrakishi,1,善騎士|善骑士领,善騎士,428,原名善騎士
ddal,1,ddal84|ddal_jp|ddal_kr,ddal,427,无通用中文名
deel_(rkeg),1,deel|deel_works|rkeg,deel,427,无通用中文名
fuooooo,1,,fuooooo,427,无通用中文名
katagiri_hinata,1,hinadamari|hinata_katagiri|hinatanya|片桐雛太,片桐雏太,427,原名片桐雛太
kawaruhi,1,,カワルヒ,427,无通用中文名
maou_alba,1,maou_aruba,maou alba,427,无通用中文名
obui,1,,おぶい,427,无通用中文名
om_(nk2007),1,nk2007|om|om-hikky|om_hikky|omhikky,om,427,无通用中文名
reinama,1,a_reinama96|reinama96,reinama,427,无通用中文名
sakura_no_tomoru_hi_e,1,sakura_no_tomoru|sakuranotomoru|sakuranotomoruhi|sakuranotomoruhie,sakura no tomoru hi e,427,无通用中文名
sasairebun,1,pinkish-sasa|pinkish_sasa|sasa,sasairebun,427,无通用中文名
shipii_(jigglypuff),1,しぴー|滋敬,しぴー,427,原名しぴー；滋敬是旧汉字名
akira_(coffee_curry),1,akira_(akira02)|akira_(mousou_suizokukan)|アキラ|妄想水族館,アキラ,426,原名アキラ；妄想水族馆是站点
chicke_iii,1,chickeiii|凡尔赛菇鸡川世|凡爾賽菇雞三世|坏菇社|壞菇社,凡爾賽菇雞三世,426,中文画师，社区通用凡尔赛菇鸡三世
knifedragon,1,telsondragon|telsonknife,knifedragon,426,无通用中文名
robaco,1,,robaco,426,无通用中文名
signalviolet,1,signal:violet|紫信号|紫信号様,紫信号,426,原名紫信号
tem10,1,,tem10,426,无通用中文名
umakuchi_shouyu,1,umakuchi|umakuchu,umakuchi shouyu,426,无通用中文名
zepher_(makegumi_club),1,makegumi_club|zepher_make,zepher,426,无通用中文名
asuzemu,1,asuzemusex,asuzemu,425,无通用中文名
cowfee,1,cowfee-gt|cowfee_desu|cowfeegt,cowfee,425,无通用中文名
himegi,1,himegi_(himegirudo)|himegirudo|ヒメギ|横乳砂漠,ヒメギ,425,原名ヒメギ；横乳砂漠是旧号
lix_(iroiro3843),1,lix,lix,425,无通用中文名
nekofish666,1,,nekofish666,426,无通用中文名
nodoameyatou,1,,nodoameyatou,425,无通用中文名
porqueloin,1,pork_loins,porqueloin,425,无通用中文名
potg_(piotegu),1,potg|potg333|potg_cookie,potg,425,无通用中文名
rikuguma,1,,rikuguma,425,无通用中文名
syatey,1,sy|syatey12|syatey_12|サテー|沙爹,沙爹,425,原名沙爹（サテー）
ushiki_yoshitaka,1,yosihiki|牛木義隆,牛木義隆,425,原名牛木義隆
vivo_(vivo_sun_0222),1,vivo|vivo_sun_0222,vivo,425,无通用中文名
yamano_rokamizu,1,,yamano rokamizu,425,无通用中文名
yasuda_suzuhito,1,gallery_suzuhito_4|suzuhito_yasuda|suzupin|ヤスダスズヒト|安田典生,安田铃人,425,原名ヤスダスズヒト（安田典生）
bbc-chan,1,bbcchan|bbcchanart,bbc-chan,424,无通用中文名
greenmarine,1,greenhelldraws,greenmarine,424,无通用中文名
gurami_(zangizarang),1,gurami,gurami,424,无通用中文名
huangdanlan,1,,huangdanlan,424,无通用中文名
kazepana,1,kazehana|kazehana000|kazehana_(spica)|pana_land,かぜぱな,424,无通用中文名
kazuharu_kina,1,kazuharukina|kazukineko|kina_football|pagekazuharukina,和遥树奈,424,无通用中文名
kuhotaka,1,kuhou|くほ鷹|九方,九方,424,原名九方（くほ鷹）
nekono_rin,1,neko_no_rin|rin_monpuchi,nekono rin,424,无通用中文名
nonoyama,1,nono,nonoyama,424,无通用中文名
picter,1,,picter,424,原zh工场长是旧号，用原名
sawaya_(mizukazu),1,mizukazu|sawaya|sawayan69,sawaya,424,无通用中文名
ao_oni_(onioni-aoi),1,,ao oni,423,无通用中文名
fizintine,1,fiz,fizintine,423,无通用中文名
gomipomi,1,gomigomipomi,gomipomi,423,无通用中文名
kugelschreiber,1,kugel|kugel_na|kugelna|kuugerushureibaa,くーげるしゅれいばー,423,无通用中文名
kuro_yuzu,1,96yuzu|kuroyuzu|kuroyuzu_(anima),kuro yuzu,423,无通用中文名
meion,1,meion01346934|meion39|銘音|铭音,铭音MeIoN,423,中文画师，社区通用铭音
meng_ziya,1,萌子芽,萌子芽,423,原名萌子芽
sakura_chiyo_(konachi000),1,chiyo_(chiyocolate)|chiyocolate|chiyoxxx|konachi000|sakuchiyo_xxx|sakuchiyoxxx|sakura_chiyo|千代|咲楽_千代|咲楽千代|咲楽千代🌸|柔毛,咲楽千代,423,原名咲楽千代；原zh千代缺字
sanpachishiki_(gyokusai-jima),1,38-shiki_(gyokusai-jima)|38-shiki_(gyokusai_jima)|38-shiki_(gyokusaijima)|38_shiki_(gyokusai-jima)|38_shiki_(gyokusai_jima)|38_shiki_(gyokusaijima)|38shiki_(gyokusai-jima)|38shiki_(gyokusai_jima)|38shiki_(gyokusaijima)|38式|gyokusai-jima|sanpachi-shiki_(gyokusai-jima)|sanpachi-shiki_(gyokusai_jima)|sanpachi-shiki_(gyokusaijima)|sanpachi-shiki_(sanpatisiki)|sanpachi_shiki_(gyokusai-jima)|sanpachi_shiki_(gyokusai_jima)|sanpachi_shiki_(gyokusaijima)|sanpachi_shiki_(sanpatisiki)|sanpachishiki.|sanpachishiki_(gyokusai_jima)|sanpachishiki_(gyokusaijima)|sanpachishiki_(sanpatisiki)|sanpatisiki|玉砕岛|３８式,38式,423,原名３８式（サンパチしき）
tyrone,1,believe_in_the_tyrone|believeinthetyrone|realtyronestash|realtyronestash2|tyronestash|tyronestash2|tyronestash3,tyrone,423,无通用中文名
yotsumi_shiro,1,yotsumis|yotsumishiro|yotsumishiro4|四海紫郎,四海紫郎,423,原名四海紫郎
akino_komichi,1,,秋乃こみち,422,无通用中文名
dangomushi,1,mitarashi_dango,dangomushi,422,无通用中文名
hazuki_natsu,1,,hazuki natsu,422,无通用中文名
hiyuu_(hiyualice),1,hiyu_(rankachou)|hiyualice|ひゆう|兰华蝶|灯奈|燈優,ひゆう,422,原名ひゆう；灯优是旧汉字名
koikawa_minoru,1,minoru,恋河ミノル,422,无通用中文名
matsushita_yuu,1,,matsushita yuu,422,无通用中文名
powerlesssong,1,,powerlesssong,422,无通用中文名
ryunnu,1,cha_pero|kirin023jp|ryunnusage,りゅんぬ,422,无通用中文名
tamu_(mad_works),1,mad_works|tamu|tamuv,たむ,422,无通用中文名
547th_sy,1,547_sy|shard547th_sy,547th sy,421,无通用中文名
inutose,1,,inutose,421,无通用中文名
maru_ccy,1,kuromaru_works|maru|maruccy,maru ccy,421,无通用中文名
matanukinuki,1,matanuki,matanukinuki,421,无通用中文名
nagi_ryou,1,nagi|凪良|名木良,凪良,421,原名凪良
nanahime,1,,ななひめ,421,无通用中文名
rimuu,1,omgrimuu|rimuurin,rimuu,421,无通用中文名
sama_samasa,1,samaa|samaa_(kaki_no_tane),sama samasa,421,无通用中文名
unsfrau,1,,unsfrau,421,无通用中文名
yamaguchi_yuu,1,yamaguchi_takashi|山口悠,山口悠,421,原名山口悠
yampa,1,yampa_|yampaham|yampahood|yampahood2,yampa,421,无通用中文名
aoki_ume,1,,蒼樹うめ,420,无通用中文名
bomber_grape,1,,ボンバーグレープ,420,无通用中文名
doradorakingyo,1,,doradorakingyo,420,无通用中文名
hatoyama_itsuru,1,hatoyamaizuru|広哉|鳩山井鶴|鸠山井鹤,鳩山井鶴,420,原名鳩山井鶴；広哉是别号
junpaku_karen,1,純白可憐,純白可憐,420,原名純白可憐
man_(man-room),1,man|man-room|man_(artist)|manroomkari|shitora_(man-room)|時計屋,時計屋,420,原名時計屋
mizuhara_yuu,1,mizuharayuu|水原優,水原优,420,原名水原優
momoji_(lobolobo2010),1,,momoji,420,无通用中文名
murakami_yuichi,1,murao|村上ゆいち|村上柚,村上ゆいち,420,现名村上ゆいち；原zh村上柚是旧名
namako_daibakuhatsu,1,namako|namako8982|namako_(takorin),namako daibakuhatsu,420,无通用中文名
nanana_(nanana_iz),1,nanana|nanana_iz,nanana,420,无通用中文名
rafaelaaa,1,rafa|rafa-ela|rafa_elaelaela,rafaelaaa,420,无通用中文名
ruteko_(ruko220),1,ruko220|rukorute220,ruteko,420,无通用中文名
tonbi,1,bi|tonbi903,tonbi,420,无通用中文名
vitaminechan,1,,vitaminechan,420,无通用中文名
yagi_(ningen),1,流星,流星,420,原名流星
yuasan,1,,yuasan,420,无通用中文名
arimura_yuu,1,ariminfo|kazanohara_yui|y_arim|有村_悠|有村悠|有村悠_新刊:戦舰编_中|策源地|风野原唯,有村悠,419,原名有村悠；原zh带下划线
gzei,1,gzeidraws,gzei,419,无通用中文名
hitowa,1,hitowa22,hitowa,419,无通用中文名
maruma_(maruma_gic),1,maruma|maruma_gic|maruma_tw|marumaa,まるま,419,无通用中文名
mile_(off8mile),1,mile|mile-off|off8|off8mile,mile,420,无通用中文名
nokoppa,1,nokoppa_(ennui),のこっぱ,419,无通用中文名
so-bin,1,,so-bin,419,Overlord插画师，社区通用so-bin
tokyogenso,1,tokyo_genso|东京幻想-415515975153083|东京幻想_作品集_绝赞発売中！|东京幻想_画集発売中|東京幻想,東京幻想,419,原名東京幻想
agetama,1,あげたま|来栖,あげたま,418,原名来栖（あげたま）
airisubaka,1,bakaairisu,airisubaka,418,无通用中文名
aliceyawnin,1,,aliceyawnin,418,无通用中文名
benitama,1,,benitama,418,无通用中文名
daisi_gi,1,,daisi gi,418,无通用中文名
incase,1,bincase|incaseart,incase,418,无通用中文名
kago_no_tori,1,kagono_tori|kagono_tori2|kagonotori|kagonotori00000,kago no tori,418,无通用中文名
kan'yu_(citron_82),1,citron_82|柑柚,柑柚,418,原名柑柚
morino_donguri,1,donguri_(kinomi_no_yama)|donguri_(matuken1027)|donguri_0010|donguri_mo|mori_no_ki_no_mi|moromori,morino donguri,418,无通用中文名
morizono_shiki,1,morisiki|morisiki_9|morizono_shiki_(shikisai_shoujo)|morizono_siki|shikisai_shoujo|四季彩少女|森園しき,森園しき,418,原名森園しき；原zh四季彩少女是社团
mutsu_(layergreen),1,layergreen|mutsu|mutsu_xxx|mutsu_xxxx|陸奥,ムツ,418,原名陸奥
nemu_(nebusokugimi),1,nebusokugimi|nemu_(weekend00)|nemuine_mainichi,ねむ,418,无通用中文名
qing_wu,1,gai_builiao_mingzi_de_qing_wu_sang|改不了名字的轻舞桑|轻舞wu,轻舞,418,中文画师，社区通用轻舞
terazip,1,tera_zip|圧縮工房,terazip,418,原zh圧缩工房是社团，用原名
yuki_(asayuki101),1,asayuki101|yuki,雪,418,无通用中文名
aikome_(haikome),1,aikome|aikometsu|haikome|あいこめ|灰米|蓝田都市,灰米,417,原名灰米
aohashi_ame,1,ame_(tonnerre_gakuen)|青橋雨,青橋雨,418,原名青橋雨
chorimokki,1,chori|choripod|mokki_(chori)|mokki_(choripod),chorimokki,417,无通用中文名
hirai_yuzuki,1,yuzuki|yuzuyu7cat,hirai yuzuki,417,无通用中文名
nekopuchi,1,,nekopuchi,417,无通用中文名
nohito,1,kireina_nohito|murasame_nohito|nohito3n|nohito_nohito|nohitos,nohito,417,无通用中文名
onineko-chan,1,onineko_666|鬼猫,鬼猫,417,原名鬼猫
ponsuke_(pon00000),1,pon00000|ponsuke|ponsuke00000|ponsuke23570503,ポンスケ,418,无通用中文名
putcher,1,putcherp,putcher,417,无通用中文名
rangu,1,,らんぐ,417,无通用中文名
shigetake_(buroira),1,buroira|shigeru_(buroira)|shigetake|shigetake_(sigetake)|sigetake|sigetake_(shigetake)|山田|茂武|茂田家,茂武,417,原名茂武（shigetake）；原zh山田是误读
ankkoyom,1,kkoyom|kkoyom_,ankkoyom,416,无通用中文名
chitosezaka_suzu,1,suzu|suzu_0131,千歳坂すず,416,无通用中文名
hakai_shin,1,hakaishinfromjapan|破壊神,破坏神,416,原名破壊神
hijiri_tsukasa,1,hijirit|hijituka|shin_hijiri-dou_honpo|shin_hijiridou_honpo|圣☆司|圣司|聖☆司|聖司,聖☆司,416,原名聖☆司；真·圣堂☆本舗是社团
horikou,1,horikooooou|horikou_(horinchi)|horikouhorikou|horinchi|ほりこう|絢正舎,ほりこう,416,原名ほりこう；绚正舎是别号
kirishima_riona,1,,桐島りおな,416,无通用中文名
kobinbin,1,kobinbin123,kobinbin,416,无通用中文名
sayakata_katsumi,1,anko_(ankonanase)|sayakata|sayakata_tea_mansion|さやかた|美空,茶館カツミ,416,原名さやかた；美空是旧号
unacchi_(nyusankin),1,unacchi,うなっち,416,无通用中文名
aetherion,1,aetherionart,aetherion,415,无通用中文名
aida_takanobu,1,会田孝信|相叶|ﾔﾘﾔﾘﾔﾘﾔｰ容疑者,会田孝信,415,原名会田孝信
bobobo1345,1,,bobobo1345,415,无通用中文名
hashimoto_takashi,1,,桥本隆,415,无通用中文名
ishida_umi,1,ishidaumi555|ishita_umi|u|石田うみ,石田うみ,415,原名石田うみ
kaoming,1,kaomin|kaoming775|s-kaoming,カオミン,415,无通用中文名
kazaana,1,kazaana_(ghost_soup)|kazaana_(saikoro),kazaana,415,无通用中文名
maiqo,1,_maiqo|maiqtells,maiqo,415,无通用中文名
mamiyama,1,,mamiyama,415,无通用中文名
motomiya_mitsuki,1,,もとみやみつき,415,无通用中文名
naitou_kouse,1,k.naito|naito___kose|naitou|naitou_rihatsuten|内藤,内藤,415,原名内藤
neve_(morris-minicooper),1,morris-minicooper|neve|neve_0218,neve,415,无通用中文名
rioka_(southern_blue_sky),1,moorioka|pha.moorioka|rioka|southern_blue_sky,rioka,415,无通用中文名
shigure_s,1,shigure|shiguru|shigushigu90|soumashigure|tran_thanh_toan,shigure,415,无通用中文名
yostxxx,1,心味觉|心味觉2|红茶味觉|红茶（_色）味觉,心味觉,415,原名心味觉（红茶味觉）
diisuke,1,diisukehan|jiisuke,ヂイスケ,414,无通用中文名
kurenaiz_(kuayrenaiz),1,kurenaiz|kurenaiz1,kurenaiz,414,无通用中文名
kurogarasu,1,kuro-garasu|kurokarasu|黒鴉,黒鴉,414,原名黒鴉
lulu-chan92,1,lulewd_chan92|lulu-chan1992|lulu_chan92,lulu-chan,414,无通用中文名
mikage_sekizai,1,sekizai|御影石材,御影石材,414,原名御影石材
minami_koyogi,1,minamike1991|minamikoyogi|nekura_koyogi,minami koyogi,414,无通用中文名
mizushina_minato,1,minato6686|mizushina5|mizushina565|mizushina_(toumei_kairo)|ooo_(mizushina)|tonaminashizumi|水科凑+|水科凑🔞|水科湊|透明回路,水科湊,414,原名水科湊
myuu_(arisumeria),1,arisumeria|myuu,ミュー,414,无通用中文名
nonoririn,1,,nonoririn,414,无通用中文名
teruui,1,teruuiowov,teruui,414,无通用中文名
comiching,1,comiching1|komichin,こみちん,413,无通用中文名
kim_eb,1,eb,kim eb,413,无通用中文名
kuroshinki,1,anthurishinkix|artofkuroshinki|kuroshinki.psn|kuroshinki5|kuroshinkix|shinkix,kuroshinki,413,无通用中文名
lufi_ays,1,,lufi ays,419,无通用中文名
moudoku_(decopon3rd),1,decopon3rd|ganko|moudoku|moudokupxv,moudoku,413,无通用中文名
pole_(ppp1409),1,po|pole|pole303|pole_(303)|pole_(artist)|pole_(kiki-teki_kikaku)|pole_(soda-wari)|ppp1409|危機的企画,ポール,413,原名pole；危机的企画是社团
ranma_(kamenrideroz),1,kamenrideroz|ranma|ranma-0928|ranma1530,ranma,413,无通用中文名
rum_raisin_(chihiromakita19),1,chihiromakita19|rum_raisin,ラムレーズン,413,无通用中文名
sakiyo_cake,1,cake104|cakesan|sakiyo_keeki|sakiyoshi_cake|sakiyoshi_tsukune|世良公路|吉平善哉|崎由けぇき,崎由けぇき,413,原名崎由けぇき；世良公路是别号
samegami,1,gingami|gingami_(keep_out)|samegami_(nagomi_no_ame)|samegamirain|銀神|雨神,雨神,413,原名雨神；银神是旧名
sorapoi,1,notsorapoi|thesorapoi,sorapoi,413,无通用中文名
zashima,1,zash1ma|ザシマ|祖母,ザシマ,413,原名ザシマ（祖母）
aki_(akikaze_asparagus),1,akikaze_asparagus|akiparagus|秋。,あき,412,原名秋。
bifidus,1,bifidus_(yogurt),ビフィダス,412,无通用中文名
goom_(goomyparty),1,goom|goomyparty,goom,412,无通用中文名
hama!_(3toshinhmkz),1,3toshinhmkz|hama!|hamatsu!,はま,412,无通用中文名
izuoku,1,izuoku_,izuoku,412,无通用中文名
kanola_u,1,kkanolau|u_(kanorayu),カノラユ,412,无通用中文名
monorus,1,monorus_,monorus,412,无通用中文名
nakaaki_masashi,1,nyakaaki|にゃかあき|中秋匡史|梦妙堂,中秋匡史,412,原名中秋匡史
nixeu,1,micav1|nixeu2.0|nixeu5855|nixeuart|nixeuu,nixeu,412,无通用中文名
racchi.,1,racchi0123|racchi123,racchi,412,无通用中文名
sakurame,1,,sakurame,412,无通用中文名
satsuki_neko,1,satsuki_cat|satsuki_katze|satsukikatze|さつきねこ|五月猫,五月猫,412,原名五月猫
unadon,1,unadondon,うな井,412,无通用中文名
z282g,1,,z282g,412,无通用中文名
bo_(774berry),1,,bo,411,无通用中文名
curse_(023),1,curse02|curse3|curse_(inu_doughnut),curse,411,无通用中文名
doran_(doran7280),1,ddd1doran|doran|doran7280|dorandoran|嘟啦读啦|投币式猫咖|算算就算了,doran,411,原zh别摸比目鱼是签名语，用原名
ichikawa_masahiro,1,itsukawa|市川|市川マサヒロ,市川マサヒロ,411,原名市川マサヒロ；原zh市川缺字
moribe_(rabumanyo),1,森部,森部,411,原名森部
murakami_hisashi,1,m-hisashi|m_hisashi|murakami-hisashi,murakami hisashi,411,无通用中文名
pukara,1,,pukara,411,无通用中文名
ray-k,1,ray-days-trash|ray-kbys,ray-k,411,无通用中文名
sakakiba_misogi,1,,sakakiba misogi,411,无通用中文名
tsukikage_oyama,1,oh-yama|oyama_(gacchahero)|oyama_yuri,tsukikage oyama,411,无通用中文名
tsumikitsuki_(katsuobushi),1,2miki_moon|katsuobushi|tsumiki_tsuki|tsumikitsuki|積木月|鰹節|鲣节,積木月,411,原名積木月；鲣节是别号
ueda_ryou,1,植田リョウ|植田亮,植田亮,411,原名植田亮
10mo,1,10mo_(tomo)|_10mo|tomo_(10mo)|田中智久|雑踏景色,田中智久,410,原名10mo（トモ）；田中智久是汉字名
azuma_shino,1,higashi_shino,azuma shino,410,无通用中文名
brikot,1,brikot_|brikotforsberg,brikot,410,无通用中文名
ekao,1,ekao-p|ekaojunk|ekaop|ekaosite,ekao,410,无通用中文名
elleciel.eud,1,elleciel-eud|elleciele|eud,elleciel.eud,410,无通用中文名
fei_(maidoll),1,fei_(ffei)|ffei|maidoll|飛燕,飞燕,410,原名飛燕
folks_(nabokof),1,atk|folks|nabokof,folks,410,无通用中文名
gin_(shioyude),1,gin_946|shioyude,ぎん,410,无通用中文名
hadashi_no_kenji,1,hadaken,hadashi no kenji,410,无通用中文名
inoue_takuya_(tactactak),1,inoue_takuya|tactactak,いのうえたくや,410,无通用中文名
jan_azure,1,azuren09|jan_azuren|janazuren09,jan azure,410,无通用中文名
lds_(dstwins97),1,dstwins97|lds,lds,410,无通用中文名
sgk,1,sgk1059|sgk1100|shin_sgk,sgk,410,无通用中文名
tokita_monta,1,monta.tokita|monta_tokita_web|montatokita|tokimon|tokita_monta_(disk)|tokitamonta|刻田文具店|刻田門大|刻田门丈|刻田门大,刻田門大,410,原名刻田門大；刻田文具店是站点
aoba_(smartbeat),1,aoba|aoba1793|aoba_shigure|smartbeat|青刃時雨,青叶,409,原名青刃時雨
cosmic_(crownclowncosmic),1,こずみっく|遊閑地,こずみっく,409,原名こずみっく；游闲地是社团
dakusuta,1,dakusutaa,dakusuta,409,无通用中文名
hater_(hatater),1,hater_(artist),hater,409,无通用中文名
hyudora,1,hyudora_(hyudorabo)|hyudra,ヒュドラ,409,无通用中文名
ikeda_ruriko,1,池田留理子,池田留理子,409,原名池田留理子
jadenkaiba,1,3000kaiba3000|jaden_kaiba|jadenkaibaart|jadenkaibaex|jaidenkaiba,jadenkaiba,409,无通用中文名
sakamata_(sakamata4),1,sakamata|sakamata4,sakamata,412,无通用中文名
tetsujin_momoko,1,te2momo|te2momo_e|tetsujin_momoko_(edkv)|壷魔人|鉄人桃子|铁人桃子,铁人桃子,409,原名鉄人桃子；壶魔人是旧号
toridamono,1,hakidameya|monotoriiii|塊画屋,トリダモノ,409,原名塊画屋
uousa-ou,1,uousa|uousa-the-king-of-uousa|uousa_oukoku|uousaoh,uousa-ou,409,无通用中文名
bowwow_(hamju94),1,bowwow|ham|hamju94,bowwow,408,无通用中文名
dragon@harry,1,dragonhary,dragon@harry,408,无通用中文名
gao_(gaolukchup),1,gao|gao-expression_x|gao-lukchup|gao-x|gaoexpressionx|gaolukchup|gaolukchupa|gaosan,gao,408,无通用中文名
mizuki_(koko_lost),1,koko_lost|mizuki|mizuki216|mizuki_(miz_01),みずき,408,无通用中文名
nababa,1,,nababa,408,无通用中文名
nemoto_yuuma,1,aqunemo|uma,nemoto yuuma,408,无通用中文名
nicky_w,1,,nicky w,408,无通用中文名
nidaime_(doronbo),1,doronbo|nidaime_thesecond|二代目|信虎会,二代目,409,原名二代目
nidy,1,2d_(nidy)|nidy-2d-|nidy_(2d),nidy,408,无通用中文名
nima_(niru54),1,n_n_nima|nima|nima_n_n|niru54|nnima|nnnima,nima,408,无通用中文名
nyamota,1,nyamota_|nyamota_(noraneko_koubou)|にゃもた|ノラ猫工房,にゃもた,408,原名にゃもた；ノラ猫工房是站点
polilla,1,planetapolilla,polilla,408,无通用中文名
sashizume_soutarou,1,petarou|sasizume_soutarou|ueno_petarou|ueno_petarow|上野甲助|差詰そうたろう,上野甲助,408,原名上野甲助（差詰そうたろう）
thor_(deep_rising),1,,thor,408,无通用中文名
tomoshibi_hidekazu,1,akachouchin_(tomoshibi_hidekazu)|akari_hidekazu|tomoshibiya_koubou|tomosibi|灯ひでかず|灯夜工房|赤提灯|黑提灯,赤提灯,408,原名灯ひでかず；赤提灯是别号
ttanuu.,1,,ttanuu,408,无通用中文名
turisasu,1,turi_sasu,turisasu,408,无通用中文名
yuuki_(yuyuki000),1,yuyuki000,悠宇树,408,无通用中文名
amino_(tn7135),1,amin0_3|amino|amino-3|amino872|tn7135,あみ野,407,无通用中文名
choco_(chocolate_shop),1,choco|麦谷興一,麦谷興一,407,原名choco（麦谷兴一）
gomu_(chewinggom),1,chewinggom|gomu_(go-m),ゴム,407,无通用中文名
hebitsukai-san,1,hebitsukai|hebitsukai-san_(xyzlvx)|hebitsukai_(xyzlvx)|hebitsukai_xyz|hebitsukee|xyz_(hebitsukai)|蛇遣い|蛇遣いさん,蛇遣い,407,原名蛇遣い
ni_(221),1,ni_221|ni_2_2_2,ni,407,无通用中文名
tobimura,1,鳶村,鳶村,407,原名鳶村
toi8,1,toi8rakugaki,toi8,407,无通用中文名
cream_cod,1,creamcod|奶油鱈魚,奶油鳕鱼,406,原名奶油鱈魚
eruu_(eruuman),1,eruuman,えるう,406,无通用中文名
himuro_shunsuke,1,himuro|himuro-shunsuke|himuron|氷室|氷室しゅんすけ,冰室しゅんすけ,406,原名氷室しゅんすけ
kawagoe_pochi,1,川越ぽち|黄八屋,川越ぽち,406,原名川越ぽち；黄八屋是社团
kuune_rin,1,kuunerin,くうねりん,406,无通用中文名
nebusoku,1,nebusoku2000|nebusoku_glacia,nebusoku,406,无通用中文名
ningen_(ningen96),1,ningen96|ningentteiina,にんげん,406,无通用中文名
sody,1,sleeve_sody|sody_sleeve|sodysleeve,sody,406,无通用中文名
arisaka_ako,1,有坂|有坂あこ,有坂あこ,405,原名有坂あこ
cirilla_lin,1,cirilla|cirillalin|林泓叡,林泓叡,405,中文画师，社区通用林泓叡
enokuma_uuta,1,enokuma_u-ta|uuta_(dtatb),enokuma uuta,405,无通用中文名
fadingz,1,fadingzz|fadingzzz|鬆軟起司,鬆軟起司,405,原名鬆軟起司
kotteri,1,,kotteri,405,无通用中文名
kurowa,1,okurowa|黒輪,黒輪,405,原名黒輪
mo23,1,mo23016,mo23,405,无通用中文名
nns_(sobchan),1,nns_momon|nns_onsoku_mo-mon|nns_onsoku_momon|nns_onsoku_moomon|nnschan,nns,405,无通用中文名
sakiryo_kanna,1,kanna0528,sakiryo kanna,405,无通用中文名
tenjou_ryuka,1,tenjo_ryuka|tenjoryuka|竜華,竜華,405,原名竜華
tsukimori_usako,1,usako_(tsuki_de_osanpo.)|usakotsukimori|usamori|usamorin,tsukimori usako,405,无通用中文名
tyone,1,tyone29,tyone,405,无通用中文名
assha_(schector),1,assha000253|schector,assha,404,无通用中文名
asura_(asurauser),1,-asura|__asura_|_asura|asurauser,asura,404,无通用中文名
ayanero_taicho,1,ayaanero_taichou|ayane_(nedaore)|あやね|アヤーネロ隊長,アヤーネロ隊長,404,原名アヤーネロ隊長
bigdead,1,bigdead93|bigdeadalive|bigdeadrevived,bigdead,404,无通用中文名
bomhat,1,b0mhat|bomhat15,bomhat,404,无通用中文名
daidai_ookami,1,chen_okami|daidaiookami|橙狼,橙狼,404,原名橙狼
eitopondo,1,eito|eito12,eitopondo,404,无通用中文名
gayarou,1,☆画野朗|画野朗,画野朗,404,原名画野朗
gorilla_(bun0615),1,bun0615|goril.l.la|gorilla|gorillla|rillagggo,gorilla,404,无通用中文名
gou_lianlian_dogface,1,dogface|狗脸在哪里啊|狗脸脸,狗脸脸,404,中文画师，社区通用狗脸脸
kinako_(shiratama_mochi),1,kinaco|kinako|kinako_mochi,木なこ,404,无通用中文名
kiriyama_taichi,1,,キリヤマ太一,404,无通用中文名
lakilolom,1,laki-lolom|lakilolom01|lakilolom02|lakilolomh,らきろろむ,404,无通用中文名
myabit,1,,myabit,404,无通用中文名
nikuatsu_magician_shinbo,1,coffeesinbo68|koohiitei_shinbo,nikuatsu magician shinbo,404,无通用中文名
rantana_(lalalalackluster),1,lalalalackluster|rantana|rantanatan|ランタナ|七色七変化,ランタナ,404,原名ランタナ；七色七変化是社团
4shi,1,4氏|enokakikata4shi|katagiri4shi|mitarai_4shi|y4shi,4氏,403,原名4氏
donutman,1,,donutman,403,无通用中文名
hagiwara_daisuke,1,,hagiwara daisuke,403,无通用中文名
hai_ookami,1,废狼|廃狼|林政勲,廢狼,403,原名废狼（廃狼）
harukaze_unipo,1,shunpuu_unipo|unipo,春風うにぽ,403,无通用中文名
inuzumi_masaki,1,inuzumi|inuzumi1548951|戌角柾,戌角柾,403,原名戌角柾；原zh带下划线
nagio_(kiona),1,nagio|凪雄,凪雄,403,原名凪雄
oosaki_shin'ya,1,,大崎真也,403,无通用中文名
ekakibito,1,ekaki1223|ekaki1223-bit|ekakibit,ekakibito,402,无通用中文名
ekita_kuro,1,ekita|ekita_gen|ekita_kurou|ekita_xuan,ekita kuro,402,无通用中文名
elizabeth_(tomas21),1,tomas21,elizabeth,402,无通用中文名
hekomii,1,hekomi,hekomii,402,无通用中文名
kaede_(sayappa),1,kaede_(dqxillust)|kaede_(moyashi)|kaede_(nanamoji)|kaede_yukael|sayappa,枫（ゆか）,402,无通用中文名
kino_(m6t2a),1,,kino,402,无通用中文名
oro_(sumakaita),1,orooro|sumakaita,oro,402,无通用中文名
sohin,1,sohin-3|sohin83967|sohin_3,sohin,402,无通用中文名
yakitomato,1,yaki_tomahawk_steak|yaki_tomato|yakito_mato|yakitomahawk|yakitomeito,八木户マト,402,无通用中文名
aikei_ake,1,ake_(ik29),aikei ake,401,无通用中文名
b1ack_illust,1,b1ack,b1ack,401,无通用中文名
cierra_(ra-bit),1,cierra|cierra_(lemona)|ra-bit,cierra,401,无通用中文名
ech,1,,エイチ,401,无通用中文名
gale_kawaii,1,gale_(umekurage)|湖狸|湖狸家,湖狸,401,原名湖狸
isedaichi_ken,1,,isedaichi ken,401,无通用中文名
kuronyan,1,kuro-nyan|kuro_nyan|kuro_nyan_(flicker10)|kuronyan9628|kuronyan_(flicker10)|nyan-pero|nyanpero,くろニャン,401,无通用中文名
majoccoid,1,,majoccoid,401,无通用中文名
maratang,1,mara_universe|maramat,maratang,401,无通用中文名
mayura_(lucadia),1,lucadia|mayura|mayura2002|mayura_r,mayura,401,无通用中文名
mono_(moiky),1,moiky|moiky_(mono)|mono|mono1192000|mono_(amadoiza)|もの,もの,401,原名もの（moiky）；雨樋座是社团
nada_namie,1,nada|nanada|nanana_namie,nada namie,401,无通用中文名
nekometaru,1,necometa|nekometal|nekonekometaru,ねこめたる,401,无通用中文名
omutatsu,1,tatsumi|tatsumi3|おむたつ|辰巳,辰巳,401,原名辰巳
rinndouk,1,亜樹凛,亜樹凛,401,原名亜樹凛
saikawa_yusa,1,4月|saikawa_uduki|saikawa_uzuki|yusaberry|犀川四月,さいかわゆさ,401,原名犀川四月；原zh4月是旧号
takoyaki_(roast),1,takoyaki_(kogemashita),章鱼烧,401,无通用中文名
tansuke,1,,tansuke,401,无通用中文名
volyz,1,volyz1224|volyzsan,volyz,401,无通用中文名
zhibuji_loom,1,loomhorikawa|zhibujiloom|zhibujiwsinging|十四般|堕天使烤冷面摊|堕天使烤冷面摊摊主|织布机loom|织布机咩号机|织布机急急急叽叽叽叽,织布机,401,中文画师，社区通用织布机
ai_dongdong,1,aidongdong0069|爱东东不爱吃生肉|爱东东不爱画生肉,爱东东,400,中文画师，社区通用爱东东
akinaie,1,一八聖|春夏冬工,アキナイエ,400,原名一八聖；春夏冬工是站点
allenes,1,allenes-s|allenes_s|cn_allenes,allenes,400,无通用中文名
kimura_shiki,1,shiki|志己|木村志己,木村志己,400,原名木村志己
kirisame_mia,1,kirimia|kirimia_(gensou_mikan)|kirisame_miamia|kirisamemia|kirisamenomahoutukai|touhou-kirisame|幻想美甘|雾雨美亜|霧雨朱亜|霧雨美亜,霧雨朱亜,400,原名霧雨朱亜
kizaki_yuuri,1,樹崎祐里,树崎祐里,400,原名樹崎祐里
midori_(misuriru8),1,midori14|midori_neko|midori_the_bloodedge|misuriru8,みどり,400,无通用中文名
mishima_hiroji,1,h_mishima|吉吉,みしまひろじ,400,原名吉吉
poipoi_purin,1,,poipoi purin,400,无通用中文名
r-king,1,rking|tatsunoko_(rking)|竜子,竜子,400,原名竜子
renetan,1,,レネタン,400,无通用中文名
shisei_(kyuushoku_banchou),1,kyuushoku_banchou|shisei_(9shock774)|sisei0316|しせい|給食番長,しせい,400,原名しせい；給食番长是社团
taesi,1,taesi3,taesi,400,无通用中文名
takeda_yukimura,1,yukimuratakeda|剛田幸村,剛田幸村,400,原名剛田幸村
ursica,1,,ursica,410,无通用中文名
fal_maro,1,fal|falmaro|halmaro,ファルまろ,399,无通用中文名
goku_suzume,1,,goku suzume,399,无通用中文名
gotou_hisashi,1,goto_hisashi|gotoo_hisashi,gotou hisashi,399,无通用中文名
henreader,1,henreader_|henreaderh,へんりいだ,399,无通用中文名
jelly_shrimp,1,jellyshrimp|shrimpjelly,jelly shrimp,399,无通用中文名
kakao_(noise-111),1,kakao|kakao_kakoujou|kakaofield|noise-111,kakao,399,无通用中文名
kuragari,1,kuragari_(hisato_12)|kuragari_(zubunure_labo),くらがり,399,无通用中文名
mana_(tsurubeji),1,mana_(jotewi)|mana_(tear)|mana_etc|tearmana_s|tearxxmana|tsurubeji|真菜|真菜_🔞,真菜,399,原名真菜
mikimoto_haruhiko,1,美樹本晴彦,美树本晴彦,399,原名美樹本晴彦
miyabi_akino,1,akinon_(tapot)|kaedena_akino,miyabi akino,399,无通用中文名
mizuno_kurage,1,,水乃くらげ,399,无通用中文名
myeolchi,1,,myeolchi,399,无通用中文名
nakatokung,1,mrnakato|nak|nak_nakatokung|nakatokung-246790448675513|nakatokung_nakharin,nakatokung,399,无通用中文名
rougetsu_(eclipse),1,eclipse|rougetu_(eclipse)|ろうげつ|朧月,朧月,399,原名朧月
uno_ryoku,1,unoryoku|unoryoku_r18,温野りょく,399,无通用中文名
yasashii_naizou,1,,優しい内臓,399,无通用中文名
ario,1,ario049|ario117|ario312,ario,398,无通用中文名
asakawa_(outeq),1,asakawa_(nukon)|asakawanwan|outeq|安佐川,浅川,398,原名安佐川
enami_hakase,1,enami0312|enamihakase|professor_enami,enami hakase,398,无通用中文名
gishu,1,,gishu,398,无通用中文名
hajike_akira,1,hazikeakira,hajike akira,398,无通用中文名
higa_(gominami),1,gominami|塵波,塵波,398,原名塵波
indesign,1,,indesign,398,无通用中文名
isamu-ki_(yuuki),1,isamu-ki|yuuki|勇騎|勇骑|税込100円,勇騎,398,原名勇騎；税100円是旧号
michihasu,1,michi-hasu|michi_hasu,michihasu,398,无通用中文名
puuakachan,1,puakachan|pupuakachan,プーアカちゃん,398,无通用中文名
sasaki_akira_(ugc),1,sasaki_akira|ugc|ugcsasaki,ささきあきら,398,无通用中文名
shimo_(depthbomb),1,_shimo|depthbomb|s,shimo,398,无通用中文名
tabata_hisayuki,1,tabita_hisayuki|旅田ヒサユキ|旅田尚幸|田畑寿之,旅田尚幸,398,原名旅田尚幸
tenobe,1,tenobe_(painaxtupurin)|tenobe_(yosi135)|tenobe_e|tenobeee|てのべ|墓不足,てのべ,398,原名てのべ；墓不足是旧号
ume_(noraneko),1,梅(野良猫)|梅毒|泥田坊|赁贷|酔死体,うめ,398,原名梅（野良猫）
wlop,1,wlopart|wlopwangling,wlop,398,原画师wlop，社区通用原名
yutohiroya,1,yutohiro7,yutohiroya,398,无通用中文名
aga_marino,1,,aga marino,397,无通用中文名
asaga_aoi,1,asagaaoi|浅賀葵,浅賀葵,397,原名浅賀葵
fujishima-sei_ichi-gou,1,fujishima-01|fujishima_sei_1-gou|fujishima_sei_1_gou|fujishima_sei_ichi-gou|fujishimasei_ichigou|藤島製１号,藤島製１号,397,原名藤島製１号
hayama_kazusa,1,oginbara|葉山上総,叶山上总,397,原名葉山上総
keyaki_chimaki,1,欅。。|欅ちまき,欅。。,397,原名欅。。
sabaku_chitai,1,sabaku|sabaku_(shakunetsu_blog)|sabakuchitai|砂漠|砂漠_🥐‍♀️|砂漠地帯,砂漠,397,原名砂漠
shefu,1,shefu0905|shefu1193|shefu_(ritoania19),shefu,397,无通用中文名
shiden_(sashimi_no_wife),1,chan_shiden|shiden-raiden|shiden_(moimji_manjuu)|shiden_(raiden)|shiden_(shidenchan)|shidenchan,しでん,397,无通用中文名
shirase_(shirose),1,matsu_shirose|shirona_775|shirona_yam|薙之丞,薙之丞,397,原名薙之丞
abe_yoshitoshi,1,ab|yoshitoshi.abe|yoshitoshi_abe|安倍吉俊|安倍𠮷俊,安倍吉俊,396,Lain画师，原名安倍吉俊
arcie_albano,1,arcie.a|arciea|arciealbano,arcie albano,396,无通用中文名
cai_geng,1,caigeng|菜★梗|菜梗,菜梗,396,中文画师，社区通用菜梗
haruichi_(komikal),1,haruichi|haruiti000|komikal,haruichi,396,无通用中文名
kodamari,1,kodapeta|rekodapeta,kodamari,396,无通用中文名
krokobyaka,1,,krokobyaka,396,无通用中文名
maiku,1,maiku_(moisture),maiku,396,无通用中文名
miyao_ryuu,1,miyaoryu|miyaoryuu|都尾琉,都尾琉,396,原名都尾琉
pupi_(rain_prophet),1,pupi|rain_prophet,pupi,396,无通用中文名
relaxjon,1,jontwrelax|relax,relaxjon,396,无通用中文名
rizento,1,,rizento,396,无通用中文名
rustle,1,craftman_rustle|rasuru_(rustle)|rustle's_atelier|rustle_(mieow)|rustle_(rasuru),らする,396,无通用中文名
sameyama_jiro,1,sameyama_jirou|smymjiro,sameyama jiro,396,无通用中文名
suenari_(peace),1,koga_nari|suenari|suenari_(peace007)|ura__nari|末成,末成,396,原名末成
tsukimoto_kizuki,1,月本築希,月本筑希,396,原名月本築希
wangxiii,1,100wang|pengin_shokushu_tsukai,wangxiii,396,无通用中文名
yu_65026,1,yu65026|yu_(ega),yu_65026,396,无通用中文名
aya_shachou,1,lowest_aya|彩社長|极彩色,彩社长,395,原名彩社長
bokuman,1,artbokus|bokuman_studio|bokumanda,bokuman,397,无通用中文名
chikaretsu,1,,chikaretsu,395,无通用中文名
hisha_(kan_moko),1,kan_moko|飛者,飛者,395,原名飛者
jan_(lightdragoon),1,jan|jan_(hussar)|jan_husaren|jan_hussar|lightdragoon,jan,395,无通用中文名
joshua_(shisanli934),1,joshua73982135|shisanli934|太空金毛受益者联盟,joshua,395,原zh叔姨的结合是签名语，用原名
naz_(garyuuya),1,garyuuya|naz,naz,395,无通用中文名
noeyebrow_(mauve),1,mauve|noeyebrow|noeyebrow-notre|noeyebrow313,noeyebrow,395,无通用中文名
nosuku,1,,nosuku,395,无通用中文名
popon_ta,1,p_oponta|popopontax,popon ta,395,无通用中文名
racer_(magnet),1,magnet|racer|racer_mono,れーさー,395,无通用中文名
refeia,1,,refeia,395,艺术名refeia；原zh巳岛是旧名
suou_(sdurorhr),1,sdurorhr|suou|スオウ|豆龙队长,スオウ,395,原名スオウ；豆龙队长是汉字写法
tan_(tangent),1,tan|tantan,tan,395,无通用中文名
tateishi_kureha,1,kureha_tateishi|nagauchi_kogetsu|立石くれは|立石紅葉|长内_湖月,立石くれは,395,原名立石紅葉
tokuno_yuika,1,tokuno|tokunocin,徳之ゆいか,395,无通用中文名
tonami_kanji,1,,tonami kanji,395,无通用中文名
yamamori_kinako,1,kinakoyamamori|oyasu_(kinakoyamamori)|白黑_毛玉|白黑毛玉,白黒毛玉,395,原名白黑毛玉
baran._(ba_ra_ran),1,ba_ra_ran|baba_(ba_ba_mb)|baran|baran_(ba_ran_ran)|ばらん。|叶蓝。|葉藍。,ばらん。,394,原名ばらん。/葉藍。
byulzzi,1,byul-zzi|byul_zzi|byuljjimon,byulzzi,394,无通用中文名
hayakawa_harui,1,harui|harui9000|hayakawa_halui,hayakawa harui,397,无通用中文名
hiyama_yuu_(wee259hiyama),1,hiyama_yuu|hiyamayu|hiyamayu_r|wee259hiyama,hiyama yuu,394,无通用中文名
kyuuso_inukami,1,inukami_(inuhasiru)|inukami_(screaming_dog),kyuuso inukami,394,无通用中文名
libre,1,libre.|libre_(blackbriar),libre,394,无通用中文名
rejean_dubois,1,lejeanx3,rejean dubois,394,无通用中文名
satou_aji,1,さとう鯵|砂糖鯵,砂糖鯵,395,原名砂糖鯵
tedain,1,tedain_(tedaingu)|tedaing|tedaingu,てだいん,394,无通用中文名
xfate,1,xfateartworks|xfatezh,xfate,394,无通用中文名
ina_(1813576),1,ina_(okobrass),ina,393,无通用中文名
jack_(wkm74959),1,jack|jack_(no_friends)|jack_(tomodachi_sukunai)|wkm74959,ジャック,393,无通用中文名
microa,1,a_micro|frozen_microa|microweeds|美黒屋,microa,393,原名microa；美黑屋是社团
purinpurin,1,purin|purinko,プリンプリン,393,无通用中文名
sarasadou_dan,1,dansarasado|sarasa-toudan|更紗灯弾,更紗灯弾,393,原名更紗灯弾
shoujo_donburi,1,qazokm840048|少女丼|少女丼_120%,少女丼,393,原名少女丼
studiozombie,1,studio_zombiess,studiozombie,393,无通用中文名
zuo_daoxing,1,左刀行,左刀行,393,原名左刀行
artpatient,1,artpatientr18|artpatientsub,artpatient,392,无通用中文名
colon_br,1,,colon br,392,无通用中文名
elliemaplefox,1,,elliemaplefox,392,无通用中文名
giuniu,1,giuniu-ya,ぎうにう,392,无通用中文名
ie_(raarami),1,araie7|ie|ie1|ie_|ie_(_raarami_)|ie_(araie7),ie,392,无通用中文名
nac000,1,nac02|nac0hibinikki0,nac000,392,无通用中文名
ochinsama,1,ochin_hentai|ochin_johansson,おちんさま,392,无通用中文名
ooji,1,,ooji,392,无通用中文名
oyu_udon,1,oh-you-udon|oh_you_udon,oyu udon,392,无通用中文名
winn,1,,winn,392,无通用中文名
zanamaoria,1,,zanamaoria,392,无通用中文名
bubuzuke,1,bubunosuke,ぶぶづけ,391,无通用中文名
burisuke_(koujiro),1,,ぶりすけ,391,无通用中文名
fyuo,1,2ndfyuo,fyuo,391,无通用中文名
ibaraki_natou,1,ibaraki_natoou|ibaraki_natouu|空終麗|茨城なとぅー,茨城なとぅー,391,原名茨城なとぅー；空终丽是旧名
ikkyuu,1,ikkyu019|ikkyuu_(hitoyasumi)|一休,一休,391,原名一休
irua,1,irua9210,irua,391,无通用中文名
kabocya_na,1,,kabocya na,391,无通用中文名
kaorihero,1,kaori_hero|yurikaorihero,kaorihero,392,无通用中文名
mizushima_(p201112),1,mizushima|p201112,mizushima,391,无通用中文名
ohlia,1,有魚,有魚,391,原名有魚
orobou,1,orobou_artwork|orobouart|orobout|oroboutt,orobou,391,无通用中文名
sakamoto_mineji,1,mineg-sakamoto|s_mineg|sakamoto_minedi,sakamoto mineji,391,无通用中文名
saya_(mychristian2),1,mychristian2|saya,saya,391,无通用中文名
ushiyama_ame,1,ushi-mt|ushi_mt|ushimt|丑山_雨,丑山雨,391,原名丑山雨；原zh带下划线
brll,1,brll_brll,brll,390,无通用中文名
edoya_inuhachi,1,edoya_inu8|江戸屋|江戸屋犬八,江戸屋犬八,390,原名江戸屋犬八
gucchiann,1,gucchi-an|gucchi-ann,gucchiann,390,无通用中文名
hiranko,1,hiranko_(1225b)|hirannko|hirannko-art|hirannkowork|hiraunnko|konohana_ranko|ひらんこ|木野花蘭子,木野花蘭子,390,原名木野花蘭子
kiriya_(552260),1,kiriya|kiriya228,霧也,390,无通用中文名
maromi_(am97),1,,maromi,390,无通用中文名
miata_(miata8674),1,miata86|miata8674,miata,390,无通用中文名
nhaliz,1,naz_nhaliz|nhaliz.fb,nhaliz,390,无通用中文名
qtian,1,qtian826|七天,七天,390,原名七天
ringozaka_mariko,1,mariko_0913|okumura_mariko|ringozaka_0913|ringozakamariko|ringozakamarikopict|rinkozamariko,ringozaka mariko,390,无通用中文名
senji_(tegone_spike),1,oyu_senji|tegone_spike|煎路,煎路,390,原名煎路
shukinuko,1,朱衣子,朱衣子,390,原名朱衣子
suerte,1,sue|suerte3490|suertee34,suerte,390,无通用中文名
sunday_aki,1,sandee_aki,sunday aki,390,无通用中文名
u35,1,U35|うみこ,U35,390,原名U35（うみこ）
urec,1,r-18_urec|urec_6350,urec,390,无通用中文名
yaza,1,,yaza,390,无通用中文名
akakura,1,akakura1341|赤倉,赤倉,389,原名赤倉
ame_(uten_cancel),1,ame|ame__yame|ameyame|ameyane,雨,389,无通用中文名
choyeon,1,,choyeon,389,无通用中文名
dos_(james30226),1,dos|dos_(james),どす,389,原zh理想常识外境界是签名语，用原名
funi_mu9,1,ふに・無9|無9,無9,389,原名無9(ふに・無9)
green322,1,green322green,green322,389,无通用中文名
hainchu,1,hain's|hainchu2|hainchu21|hainchu_(trc)|hainchu_oekaki|hainchuhainchu|廃人21号|廃墟探索记,廃人,389,原名廃人
hideko_(l33l3b),1,hideko|l33l3b,hideko,389,无通用中文名
hz_(666v),1,hz|hz_(murder_license_)|hz_666v|hzr_bbb|hzv666999,hz,389,无通用中文名
irohara_mitabi,1,いろはらみたび|色原交差点,色原みたび,389,原名字色原みたび；交差点是站点名
kaneko_ryou,1,kaneko122|kaneko_ryo|兼子|兼子良|落武者,兼子良,389,原名兼子良；兼子是半名
kentaurosu,1,kentauloss|kentauloss1,kentaurosu,389,无通用中文名
kesoshirou,1,kesokeso_keso|kesokesokeso|kesokesokesofa,けそシロウ,389,无通用中文名
maze_yuri,1,maze|maze_immortal,maze,389,无通用中文名
minatsuki_randoseru,1,randoseru_(tsuchi_no_aji)|randoseru_rx|水無月らん|水無月らんどせる,水無月藍,389,other_names 含水無月藍，保留
narutaki_shin,1,,鳴滝しん,389,无通用中文名
nejime,1,dei_(nejime),nejime,389,无通用中文名
nerukichikatafukuma,1,nerutahu522|nerutahu522_sub,nerukichikatafukuma,389,无通用中文名
nokuhashi,1,nokuhashi_(echoplus)|nokuhashi_k|nokuhashi_kp,nokuhashi,389,无通用中文名
satori_(aosky9077),1,aosky9077|satori|satori_(blueinc324),satori,389,无通用中文名
toto_nemigi,1,,ととねみぎ,389,无通用中文名
wataboku,1,,wataboku,389,画师 wataboku，社区通用原名
yoruhachi,1,夜八🎨,夜八,389,原名夜八
5danny1206,1,,5danny1206,388,无通用中文名
choborau_nyopomi,1,chobo|choboraunyopomi,choborau nyopomi,388,无通用中文名
duoyuanjun,1,,多元菌,388,中文画师，原名多元菌
easy_(aqk7bdqt),1,,easy,388,无通用中文名
fifiruu,1,,fifiruu,388,无通用中文名
keita_(tundereyuina),1,keita.|tundereyuina|けいた|キリト,蛍汰,388,other_names 含桐人/キリト，保留
shirako_miso,1,sirako_miso|sirakomiso,shirako miso,388,无通用中文名
sune_(mugendai),1,mugendai|sune|sune_(suneo)|sune_(suneo83)|sune_01|suneo|suneo83|无限大,sune,388,笔名sune；无限大(mugendai)是圈名
tanaka_shoutarou,1,,田中松太郎,388,无通用中文名
tomas_(kaosu22),1,kaosu22|tomasupso2,tomas,388,无通用中文名
erakin,1,エラキン,露敏尊,387,other_names 含露敏尊，保留
lasto,1,lasto_h|skhorosho,lasto,387,无通用中文名
lunch_(shin_new),1,lunch_(lunch3)|lunch_dattamono|shin_new|らんち,らんち,387,other_names 含新入部員，保留
maniacpaint,1,maniacpaintz|maniacx666,maniacpaint,387,无通用中文名
mendou_kusai,1,,mendou kusai,387,无通用中文名
mishiro_(ixtlolton),1,ixtlolton|mishiro|mishiro0229|mishirosub,mishiro,387,无通用中文名
nanashin_naomi,1,,nanashin naomi,387,无通用中文名
onineko,1,,鬼猫,387,无通用中文名
oopartz_yang,1,oopartz|oopartz's_art|oopartzy,oopartz yang,387,无通用中文名
raichiyo33,1,raichiyo,raichiyo33,387,无通用中文名
rezodwel,1,,rezodwel,387,无通用中文名
setu_kurokawa,1,omommisa|黒川緤,黒川緤,387,原名黒川緤；旧zh字𫄬有误
uumaru,1,,uumaru,388,无通用中文名
vickie_(cryingrobot),1,cryingrobot|vickie21579|vickiedayo,vickie,387,无通用中文名
watao,1,wata_ao,わたお,387,无通用中文名
yoye_(pastel_white),1,mashiroke_yoye|pastel_white|yoye|yoye_(pandemic),yoye,387,无通用中文名
agnamore,1,agnam_ore|agnamore0831,agnamore,386,无通用中文名
honchu,1,honchu76,honchu,386,无通用中文名
kazukoto,1,kazu-koto|kazukotoart,kazukoto,386,无通用中文名
masha,1,masha_aq|mashamegane,masha,386,无通用中文名
spicy_moo,1,moo,spicy moo,386,无通用中文名
aki_poi,1,aki_taka,aki poi,385,无通用中文名
brat_(brabrabrat00),1,brat,brat,385,无通用中文名
formicid,1,notmicid,formicid,385,无通用中文名
harukigenia,1,haruki17410382|harukig|はるきげにあ|雷神会,はるきゲにあ,385,原名はるきゲにあ；雷神会(raijinkai)是圈名
ishida_akira,1,,ishida akira,385,无通用中文名
kuro_(be_ok),1,kuro_(minites)|kuroblackstar,kuro,385,无通用中文名
tomatto_(@ma!),1,tomatto,とまっと,385,无通用中文名
unagiman,1,una_giman,unagiman,385,无通用中文名
zetsumame,1,akkimametu|hide_(zetsumame)|zetsumame_(zetubou-zetubou),絶豆,385,原名絶豆
abenattou,1,abe_nattou|kuronattou111|natto_meshi|ナットン|纳豆,あべなっつ,384,原名あべ納豆；纳豆是半名
bakugadou,1,,麦芽堂,384,原名麦芽堂
boyano,1,,boyano,384,无通用中文名
horokusa_(korai),1,horokusa|horokusa0519|korai,horokusa,384,无通用中文名
miyai_sen,1,miyai_max|miyaimax|宫居|宫居千,宮居千,384,原名宮居千；宫居是半名
rikudou_inuhiko,1,rikudo6|六堂|六堂_犬彦|六堂犬彦,六堂犬彦,385,原名六堂犬彦；六堂是半名
speh,1,,speh,384,无通用中文名
asahina_hikage,1,asahinahikage,アサヒナヒカゲ,383,无通用中文名
eredhen,1,eredhen1,eredhen,383,无通用中文名
hacco_mayu,1,hacco,hacco,383,无通用中文名
hamedoragon,1,hame_dragon,hamedoragon,383,无通用中文名
kagachi_saku,1,kagachisaku|saku|もふまる|佐久,かがちさく,383,原名かがちさく；旧zh佐久是别名
kujou_danbo,1,danbooru_danbo|ダンボールだんぼ|阿慈谷,九条だんぼ,384,原名九条だんぼ；阿慈谷是别名
mizusoba,1,,mizusoba,384,无通用中文名
ngetyan,1,ngetyan0101|ngetyan_r18|ngetyan_saga,ngetyan,383,无通用中文名
pu-en,1,,pu-en,383,无通用中文名
razalor,1,razalor-art|razalorart,razalor,383,无通用中文名
shirokuma_(nankyoku),1,shirokuma|shirukuma|sirokuma_desu|sirokurma,shirokuma,383,无通用中文名
tsukigi,1,tsukigi_(tsukigi_no_toko)|tsukigi_kousuke|tsukigi_no_toko|tukigi246,tsukigi,383,无通用中文名
yuuki_mix,1,,yuuki mix,383,无通用中文名
asuka_(junerabitts),1,asuka|junerabitts,アスカ,382,无通用中文名
chii_(tsumami_tsumamare),1,tsumami_tsumamare,地井,382,无通用中文名
fushitasu,1,fushitas,fushitasu,382,无通用中文名
hinami047,1,hinami_47,雛見,382,other_names 含雛見，保留
karakari,1,karakaritouge,からかり,382,无通用中文名
kikoka_(mizuumi),1,kakikukekikoka|kikoka|kikoka_mizuumi|mizuumi_(kikoka)|みずうみ,きこか,382,原名きこか；水产(水産)是玩笑译名
lucknight,1,,lucknight,382,无通用中文名
melopun,1,,melopun,382,无通用中文名
puge,1,puge_(pugeman)|puge_(taru)|pugeman|taru_(puge)|taru_(pugeman),puge,382,无通用中文名
sasa_onigiri,1,sasa_birdlove|sasa_onigiri105,笹おにぎり,382,原名笹おにぎり；旧zh带emoji
tinnies,1,evietinnies|evietinnies0_0|tinnies.evie|tinnies00|tinnies0_0,tinnies,382,无通用中文名
tooo,1,,大野敏道,382,other_names 含大野敏道，保留
yugen99,1,n99|yugenvisuals,yugen99,382,无通用中文名
yui_(tamagohan),1,tamagohan|yui,yui,382,无通用中文名
ao_(flowerclasse),1,ao|aoi_2077|aoi_illust_2077|flowerclasse|yonakaao2077,蒼,381,无通用中文名
asa_(coco),1,asariririririr|kutasari,あさ,381,无通用中文名
david_liu,1,,david liu,381,无通用中文名
ebido,1,ebidoo|ebidou|ebidou_koura|海老堂红罗,海老堂,381,原名海老堂
eus_ing,1,,eus ing,381,无通用中文名
haori_io,1,haori-io|haori_crescendo|haori_croquis|haori_iori|haoriio|io|iori_(cpeilad)|minanashi_iori|イオ|夏蝉星|皆无要织|羽織要織|羽织要织|要织|要织夕。,羽織イオ,381,原名羽織イオ；夏蝉星是旧圈名
hinoshita_akame,1,akame|akamegane|akameura|akamiru|akamiru_,日之下あかめ,381,无通用中文名
key_(gaigaigai123),1,gaigaigai123|key,きい,381,无通用中文名
lotosu,1,minamono_lotos|minamono_lotosu|minamono_rotosu|rotosu|ろとす|水面乃亭,水面乃ろとす,381,原名水面乃ろとす；水面乃亭是别名
maewix_(artist),1,maewix1|maewix_sfw,maewix,381,无通用中文名
mameshiba_(pixiv_59310),1,mameshiba,豆柴,381,原名豆柴
mayo_(becky2006),1,mayo_moyo|mayodayo,mayo,381,无通用中文名
ohland,1,ohland25|ohland2733|ohland_ourou|オランド欧朗|歐郎小工廠,欧朗,382,原名オランド欧朗；欧郎小工厂是圈名
tengu_(tetuo_kun),1,tengu-chan|tengu-chan_(tetuo_kun)|tetuo_kun,tengu,381,无通用中文名
usagihime,1,kuroxusagihime|usagihime777,兔姬,381,原名兎姫
ashiroku_(miracle_hinacle),1,ashiroku|ashiroku612|ashiroku89|miracle_hinacle,ashiroku,380,无通用中文名
fluegel_(gumi710),1,fluegel_(kaleido_scope-710)|gumi710,fluegel,380,无通用中文名
kanoe_soushi,1,knkhnp,kanoe soushi,380,无通用中文名
kisaragi_tsurugi,1,kisarag21352423|kisaragitsurugi,kisaragi tsurugi,380,无通用中文名
kitayama_miuki,1,miuki87|momiuki,kitayama miuki,380,无通用中文名
kuma-bound,1,,kuma bound,380,无通用中文名
mikagami_mamizu,1,mikagami6144,水鏡まみず,380,原名水鏡
nanahara_fuyuki,1,fuyuki|fuyuki-nanahara|fuyuki007|fuyuki_nanahara,七原冬雪,380,原名七原冬雪
nekominase,1,,猫水濑,380,原名猫水瀬
suimya,1,suimya1222|suimya_p|すいみゃ,すいみゃ,380,原名土宮水夏
tokiwa_midori_(kyokutou_funamushi),1,kyokutou_funamushi|tokiwa__midori|tokiwa_midori|tokiwa_mmm|甘夏,常磐绿,380,原名常磐緑；甘夏是旧名
tomo_(sjim),1,sjim|tomo_(buchi)|tomo_(marble),ともー,380,无通用中文名
tsuji_kazuho,1,master_(tsuji_kazuho)|tsuji_kazuo,辻一穂,380,原名辻一穂
bang-you,1,bang_you|流弾屋,卍勇,379,笔名BANG-YOU；卍勇是SFW用名，保留
doppel_(bonnypir),1,bonnypir|doppe1|doppel,doppel,379,无通用中文名
fuji_fujino,1,fujifujino|fujino|fujino114|fujino_(unajisaiko)|フジノ|朔良|树海|鯨井ひかり|鲸井,富士フジノ,379,笔名富士フジノ；朔良是fanart名，鯨井ひかり是原创名
ikura_nagisa,1,ikuranagisa|nagisa_ikura|nagisaikura|not_art_ikura,伊仓渚,379,无通用中文名
ino_(tellu0120),1,ino|ino_kemo|inoino0120|tellu0120,ino,379,无通用中文名
k10k,1,,k10k,379,无通用中文名
kansou_samehada,1,kakakakansousamehada|kansame|kansousamehada,乾燥鮫肌,379,原名乾燥鮫肌
katwo,1,,katwo,379,无通用中文名
kibanda_gohan,1,kibami_1215|kibamigohann|kibandagohan|kibanndagohann,kibanda gohan,379,无通用中文名
luizhtx,1,luiz_htx|luizhtx.art|luizhtx18|luizhtx2,luizhtx,379,无通用中文名
maggea22,1,,maggea22,379,无通用中文名
meziosaur,1,mezio,meziosaur,379,无通用中文名
naik,1,naikhara|ナクルアキハラ|秋原奈久留,NAiK,379,当前笔名NAiK；秋原奈久留是旧名
nejikirio,1,neji,nejikirio,380,无通用中文名
ruschuto,1,,るしゅーと,379,无通用中文名
snowball22,1,snowball|snowball020,snowball22,379,无通用中文名
sorimura_youji,1,yoji_sorimura|反村幼児,そりむらようじ,379,当前名そりむらようじ；反村幼児是旧筆名
sou_(soutennkouchi),1,sou|sou_diary|soutennkouchi,そう,379,无通用中文名
valitran,1,val,valitran,379,无通用中文名
yabai_gorilla,1,goriro9999,yabai gorilla,379,无通用中文名
yamabuki_(yusuraume),1,yamabuki_(suu-mi),yamabuki,379,无通用中文名
akaga_hirotaka,1,飞行邮便社,赤賀博隆,378,原名赤賀博隆
aoi_tete,1,tete__a|tete_a,aoi tete,378,无通用中文名
dancho_(dancyo),1,03番地。|dancho|dancyo|dancyo_(dancho)|アサギユメ,だんちょ,378,当前笔名だんちょ；03番地。是旧圈名
nou_(nounknown),1,nounoknown|nounoknown0428.i|nounoknown_ika,nou,378,无通用中文名
observerz,1,-observerz-|lo_(observerz)|observer,observerz,378,旧zh萝莉国…是wiki玩笑译名，弃用
sendo_(sendrawz),1,sendo|sendrawz,sendo,378,无通用中文名
takatora,1,takatora_(necrophilia104)|takatora_(yayuyo),タカトラ,378,原名高虎
torigoe_takumi,1,torigoe|toritaku,torigoe takumi,378,无通用中文名
bibi02,1,bibi,bibi,377,无通用中文名
flaw_eight,1,,flaw eight,377,无通用中文名
gamuo,1,_gamuo_|gamuo_(imoyoukan),gamuo,377,无通用中文名
jirou_(chekoro),1,chekoro,ジロウ,377,无通用中文名
kakumayu,1,かくまゆ,カクマユ,377,other_names 含画眉，保留
kkix25,1,kk,kkix25,377,无通用中文名
konoe_ototsugu,1,,近衛乙嗣,377,原名近衛乙嗣
kuria_(clear_trip_second),1,clear|clear_trip_second,kuria,377,无通用中文名
maett,1,maett_a,maett,377,无通用中文名
makaroll,1,allen_(makaroll)|makaroll410,makaroll,377,无通用中文名
nama_udon,1,nama,nama udon,377,无通用中文名
neneneji,1,,neneneji,377,无通用中文名
otakummm,1,mmm,otakummm,377,无通用中文名
reoen,1,leoenn|reoenl,reoen,377,无通用中文名
sasaki_tomomi,1,sasotomo|佐々木知美|刑法第60条|藤本秀明,主犯,377,笔名主犯(shuhan)，保留；本名佐々木知美
taneda_yuuta,1,,種田優太,377,原名種田優太
yuuzii,1,,yuuzii,377,无通用中文名
ayakumo,1,ayakumo_(straight)|ayakumo_illust|ayakumo_information,ayakumo,376,无通用中文名
chorefuji,1,,chorefuji,376,无通用中文名
cygnus_(cygnus7),1,cygnus_(artist)|kygnus,cygnus,376,无通用中文名
hiroki_ree,1,,hiroki ree,376,无通用中文名
ichimura_kanata,1,ichimuraya,ichimura kanata,376,无通用中文名
jikatarou,1,jika_tarou|zikataro,自家太郎,376,named 自家太郎，保留
kugui_kiyunemu,1,kiyunemu|きゆねむ|鵠海亭,鵠きゆねむ,376,原名鵠きゆねむ；鹄海亭是站点名
logan_cure,1,logan.cure|logan_cure_art|logancure,logan cure,376,无通用中文名
mogumo,1,,mogumo,376,无通用中文名
okame_nin,1,okame_mo|okametp,okame nin,376,无通用中文名
sasahara_wakaba,1,crusade14wakaba|ささはら若葉,華若葉,376,other_names 含華若葉，保留
sen1986,1,7_(sen1986),sen1986,376,无通用中文名
shirasu_uni,1,mashiro|mashiro_(rikuya)|shirasuunii1230,shirasu uni,376,无通用中文名
weidashming,1,100m-dash|dashming|ming_leong,weidashming,376,无通用中文名
yoshimoto_(dear_life),1,eshimoto|yoshimoto,yoshimoto,376,无通用中文名
andou_you,1,andou_yuu|andouyu|art_and_you,andou you,375,无通用中文名
ebimomo,1,ebimomomo,ebimomo,375,无通用中文名
fujishiro_emyu,1,emyu,fujishiro emyu,375,无通用中文名
igarashi_kyouhei,1,garasi888|五十岚恭平|五十嵐_恭平,五十嵐恭平,375,原名五十嵐恭平；旧zh带下划线
igusaharu,1,,igusaharu,375,无通用中文名
ikeda_kazumi,1,,池田和美,375,原名池田和美
kurose_kousuke,1,kurose-p|kurose_kousuke-p|kurosep,黑濑浩介,375,原名黒瀬浩介
nonamejd,1,nonamejd_(user44086716),nonamejd,375,无通用中文名
poa_mellhen,1,poa_mell|poamellhen,poa mellhen,375,无通用中文名
quasarcake,1,,quasarcake,375,无通用中文名
sahara386,1,sahara,佐原玄清,375,other_names 含佐原玄清，保留
watanuki_(enu),1,watameki_(pixiv_33969409),watanuki,375,无通用中文名
yeni1871,1,yeni,yeni,375,无通用中文名
catnnn,1,,catnnn,374,无通用中文名
hanya_(hanya_yashiki),1,hanya|hanya000|hanya_(hanyapunifu)|hanya_yashiki|hanyanoburogu|hanyapunifu,はにゃ,374,无通用中文名
ikurauni,1,ikurauni67|ikurauniz,ikurauni,374,无通用中文名
kaidou_j1,1,kaido|kaido_(kaido_ggg)|kaido_ggg|kaidou_j-ichi|kaidou_jeiichi|kaidou_kana|sexy_kaido,蚕堂j1,374,无通用中文名
kim_hyung_tae,1,hyung-tae_kim|kim_hyeong_tae,金亨泰,374,韩国画师，原名金亨泰
mannack,1,mannack_016,まんなく,374,无通用中文名
mashima_shima,1,mashima_shima_(alco)|shima920|shima_(alco)|shima_(mitsuba920),mashima shima,374,无通用中文名
ogre_(illustogre),1,illustogre|ogre|ogre_craft,ogre,374,无通用中文名
pija_(pianiishimo),1,pianiishimo|pija|pija-p|pija_(gamer_wars),ピジャ,374,无通用中文名
shouu-kun,1,shonen-kun2|shouu_kyun,shouu-kun,374,无通用中文名
sowel_(sk3),1,seki-san_(sowel)|sekisan_(sowel)|sk3|sk3_(sowel)|sowel|sowel0630|sowel_(seki-san)|sowel_(sekisan)|sowel_sk3|soweldao,sowel,374,无通用中文名
tai_(nazutai),1,shokuryou_tai_none|tai_none|tai_none_sauce_yakisoba|tai_none_takikomi_gohan,泰,374,无通用中文名
bucchake_(asami),1,asami|bucchake,bucchake,373,无通用中文名
dean_(momodean),1,dean|帝恩歐派集會所,ディーン,373,原名ディーン；帝恩欧派集会所是站点名
fly_(marguerite),1,fly|flyco|flyco_|marguerite,fly,373,无通用中文名
garnet,1,garnet-3a|garnet-illust-page|garnet-rakugaki-illust|garnet3a|garnet_,garnet,373,无通用中文名
gotou_keiji,1,佐原亜湖|后藤圭二|後藤圭二,後藤圭二,373,本名後藤圭二；佐原亜湖是别名/里名
gyozanuko,1,gyouza_nuko|gyouzanuko|gyoza0622|gyozaimpact|mgyoza_p|シアリス|扇猫喜舞|餃子,餃子ぬこ,373,原名ぎょうざ；扇猫喜舞是社团
h2o_(ddks2923),1,鬼鳴らす,祥阿,373,other_names 含祥阿，保留
hiroya_juuren,1,hirojuu_renshuujou|hiroya|ヒロヤジュウレン|広十练习帖|広弥,広弥十蓮,373,原名広弥十蓮
iumi_urura,1,ikai_urura|虚,虚偽,373,其他名含虚偽，保留
li_sakura,1,涼森,璃桜,373,tag直译璃桜；涼森是另一笔名
nibiiro_shizuka,1,nabiiro|nibiiro|nibiiro_kuro|nibiirokuro|にびいろくろ,鈍色玄,373,原名鈍色玄(にびいろくろ)
nishiide_kengorou,1,kengorou_nishide,nishiide kengorou,373,无通用中文名
ryochapu,1,chappurin|rinji_ryochapu,ryochapu,373,无通用中文名
takenoko_no_you,1,takeno_konoyou.|takenokonoyoo|takenokonoyou,takenoko no you,373,无通用中文名
terupancake,1,syruppancake|teru|teru_(renkyu)|teruuuuuu|teruwaffle,terupancake,373,无通用中文名
thin_(suzuneya),1,thin_drawing,thin,373,无通用中文名
airseal,1,feizhou_da_xian_bao|weddell_seal|weddellseal|weddellsealllll,非洲大咸豹,372,画师自用中文名，保留
aochoku,1,a0choku|ao_choku|chokuao,aochoku,372,无通用中文名
chagen_kokimu,1,chagen_konami|chagenk|chagenkokimu|茶原|茶原コナミ,茶原コキム,372,原名茶原コキム；茶原是半名
drew_(drew213g),1,drew|drew213g,drew,372,无通用中文名
ex_idol,1,,ex idol,372,无通用中文名
fu_ga_(vivi912912),1,vivi912912|ふうが|封慕_,封慕,372,other_names 含封慕，保留
gigamessy,1,,gigamessy,372,无通用中文名
hisame_genta,1,86genta|tange_genta,氷雨げんた,372,无通用中文名
kotatsu_kaya,1,cabbagekaya|kaya_kaya430|秩序菜喵|被爐萱,棪萱,372,other_names 含棪萱，保留
meme50,1,meme|memememe|memeya|nisememe50,meme50,372,无通用中文名
noe_(ppppriver),1,ppppriver|多言语対応可,之江,372,other_names 含之江，保留
paopao,1,ぱお先輩,包々,372,other_names 含包々；髪平行大切断是wiki梗名弃用
pumpkinspicelatte,1,masshirolatte|pumpkinnsfw|pumpkinspice,pumpkinspicelatte,372,无通用中文名
shin_(highest1192),1,highest1192,真,372,无通用中文名
soba_(saz),1,saz|soba,soba,372,无通用中文名
ssambatea,1,ssamba,ssambatea,372,无通用中文名
tanasuke,1,,たなすけ,372,原名たなすけ；欠席裁判是社团
togekk0,1,toge|togekk0_art|togekko|togekkoart|togenestkk,togekk0,372,无通用中文名
uona_telepin,1,telepin|telepin's_in_the_water.|uona_terepin|uonatelepin|uonaterepin|uonathereminvox,うおなてれぴん,372,无通用中文名
yuuta_(monochrome),1,monochrome|yuuta0610|yuuta_sono2|yuutanohon,湯唄,372,other_names 含勇太，保留
blueorca,1,,blueorca,371,无通用中文名
gin_(ginshari),1,gin|gin'iro_cracotte|gin_(ishizuchi_kagami)|ginko_(ginshari)|ginshari|ginshari.|ginsharinaoko|ishizuchi_ginko|karakuchi_ginko|yamamoto_ginko,ぎん,371,无通用中文名
kaoruru_(sakuno2911),1,axun|kaoru291|kaorunopic|kaoruru|sakuno291|sakuno2911,阿薰薰,371,画师中文名阿薰薰，保留
kasuya_baian,1,kasukabian,粕家梅庵,371,原名粕家梅庵
kyouno,1,kyouno-p|柴田絵|柴田绘,廾之,371,原名廾之；柴田絵是笔名
mimyo,1,mimyo24|mimyoo,mimyo,371,无通用中文名
monaka_curl,1,curl_q_|curl_sub,最中かーる,371,无通用中文名
nishimura_eri,1,eri_(erimo),西村咏里,371,原名西村咏里
notora,1,notora0103|odorutora3|tora0103|彪|野虎（无能）,野虎,371,原名野虎
ogata_tei,1,itete_(ogata_tei)|ogatatei|teitei_(ogata_tei),ogata tei,371,无通用中文名
plum_(arch),1,arch,ぷらむ,371,无通用中文名
pomu_(joynet),1,joynet|pomu|pomu_no_heya|pomujoynet1,pomu,371,无通用中文名
ez6,1,ez6_(ezuroku)|ez6_ezrock|ezuroku_(ez6)|宇宙船六○○号|熊尾六匹,えずろく,370,当前名Ez6(えずろく)；熊尾六匹是旧笔名
frikulu,1,krill_/_frikulu|kulukulukukulu,frikulu,370,无通用中文名
gainoob,1,,gainoob,371,无通用中文名
ishimiso_(ishimura),1,ishimiso|ishimura|ishimura-ya|ishimura_(ishimura-ya)|ishimuraya|isimiso|misosiruoisi|seki_(misosiruoisi)|いしむら|石倉庫|石村屋,いしみそ,370,笔名いしみそ；石仓库是站点名
kuga_tsukasa,1,tsukasa_kuga,kuga tsukasa,370,无通用中文名
kuguri_oimo,1,oimo|oimoimo12,九栗おいも,370,无通用中文名
mitsuyo_(mituyo324),1,user_jejj4843,mitsuyo,370,无通用中文名
mochigome_(ununquadium),1,,餅米,370,原名餅米
moebell,1,,moebell,370,无通用中文名
poaro,1,poaro_coffee,poaro,370,无通用中文名
rib:y(uhki),1,,リブユウキ,370,无通用中文名
sou_(tuhut),1,mizasou|mizuasou|sou|sou_004|tuhut,そう,370,无通用中文名
toshizou_(0714),1,,としぞう,370,无通用中文名
zun_(artist),1,zun|太田顺也|神主,ZUN,370,东方作者ZUN，社区通用ZUN；神主是昵称
anti_(0324),1,anti|anti0324|anti3024|anti324,anti,369,无通用中文名
arind_yudha,1,arindyudha,arind yudha,369,无通用中文名
harumachi_nagaaki,1,"akinagamaruhach|haruzamurai|haruzamurai-aki|haruzamuraiaki|n-harumachi|n_harumachi|nagaaki|春侍|春待长秋|田舎工房,电脳无能",春待長秋,369,原名春待長秋；春侍是昵称
hide_(hideout),1,hide|hide88207613|hideout_hide,hide,370,无通用中文名
hiyori_(rindou66),1,hiyori|rindou66,hiyori,369,无通用中文名
ling_s,1,lings6419|lings6676419|lingspq|烏蛇丼|饿饿小改,灵s,369,中文画师，tag直译灵s
matoyama,1,,matoyama,369,无通用中文名
minakata_sunao,1,南方_純|南方純|南方纯,南方純,369,原名南方純；旧zh带下划线
shirushiki,1,,shirushiki,369,无通用中文名
sookmo,1,,sookmo,369,无通用中文名
stupa13a,1,coverpa13a|てっきん,徹甲河馬拳,369,other_names 含徹甲河馬拳，保留；多笔名
tan_(inka),1,tan3charge|単,たん,369,原名たん；引火是社团名
tomato_rice,1,,tomato rice,369,无通用中文名
usagi_nui,1,,usagi nui,369,无通用中文名
baocaizi,1,包菜|包菜@仕事募集中|包菜子,包菜子,368,中文画师，官方汉字名包菜子
fujiyama,1,fujiyama_tozanbu|fujiyamatozan,富士やま,368,无通用中文名
hakusyokuto,1,,白色灯,368,other_names 含白色灯，保留
imaikuy0,1,,imaikuy0,368,无通用中文名
kazeno,1,kaze_no_kakera|kazeno_(kaze_no_kakera)|風の欠片,風乃,368,原名風乃(かぜの)
kz_oji,1,kazu_oji|kz_ojiggg,kz oji,368,无通用中文名
mado_(mukade_tou),1,mado|mado-guchimoto|mado_guchimoto|madoguchi_moto|madoguchimoto|mukade_tou|窓_口_基|窓口基|窗口基,まど,368,原名窓；窗口基是谐音旧zh
matsurika_youko,1,matsurica_yoko|matsurikay|maturica_youko|まつりかようこ|蓉介,祀花よう子,368,原名祀花よう子；蓉介是别名
moyori,1,moyoristation,moyori,368,无通用中文名
nisetanaka,1,nise|nisetanaka_tkyo|nisetanaqa,nisetanaka,371,无通用中文名
ri_(qrcode),1,qrcode|ri,ri,368,无通用中文名
rindou_(p41neko),1,p41neko|rindou_tabinikki|rindoudaikon,竜胆/三峯みね,368,无通用中文名
scavia10,1,,scavia10,368,无通用中文名
udukikosuke,1,u_kosuke_wm|uk|uzuki_kosuke,udukikosuke,368,无通用中文名
vinhnyu,1,,vinhnyu,368,无通用中文名
zefrableu,1,zefra|zefrablue,zefrableu,368,无通用中文名
achan_(blue_semi),1,a_chan|a_chan_(blue_semi)|a_chan_chan|achan_(vv10031)|achanchan|blue_semi|vv10031|棉被怪阿蝉蝉|棉被怪阿蟬蟬|阿蝉|阿蝉蝉|阿蟬蟬,阿蟬,367,台湾画师，中文昵称阿蟬；屎蟬是wiki梗名弃用
daran9,1,,daran9,367,无通用中文名
dk.senie,1,dk.sen!e|senie,dk.senie,367,无通用中文名
hori_shin,1,hori_shin_(horishin1986)|hori_shin_(taputya)|horishin|horishin1986|horishin_(taputya)|horishin_ichiga_nyuukon|horishin_ikkaku_nyuukon,hori shin,367,无通用中文名
ikuyoan,1,ura_ikuyoan,ikuyoan,367,无通用中文名
nakadori_(movgnsk),1,movgnsk|nakadori|nakadori_(artist),nakadori,367,无通用中文名
onnaski,1,onnasukii,onnaski,367,无通用中文名
ricochet-gou,1,ricochet_gou,ricochet gou,367,无通用中文名
risumi_(taka-fallcherryblossom),1,illustrisumi|risumi|risumi_illustration|risumi_sub|risumilk|taka-fallcherryblossom,risumi,368,无通用中文名
shinonome_asu,1,asu|しき|幸樹,東雲あす,367,原名東雲あす；旧zh幸树是别名
suyohara,1,suyo-kun|suyobara,suyohara,367,无通用中文名
urotsuki_(ku9625),1,ku9625|urotsuki_(2013.04),うろつき,367,无通用中文名
apt,1,aptxx,apt,366,无通用中文名
booota,1,,booota,366,无通用中文名
dise_(psychoro),1,dise,dise,366,无通用中文名
fujiwara_akina,1,aki|fujiwara_aki|兎小屋,藤原あき,366,原名藤原あき；兎小屋是站点/社团名
fukuda_shuushi,1,fukuda_shushi|日本萌工大学|福田シュウシ|福田修士,福田修士,366,原名福田修士；日本萌工大学是社团
hatsuzuki_527,1,hatsuzuki527|hatsuzuki_neko|はつづき|防空駆逐舰初月酱|防空駆逐艦初月,初月,366,画师名初月(はつづき)；旧zh防空驱逐舰初月是舰名
ichi-go,1,ichigo_moetic|いちごー,いちご,366,other_names 含鹿角伸，保留
itatatata,1,itatatata6,itatatata,366,无通用中文名
iwamoto_zerogo,1,iwamoto|iwamoto05|iwamoto_james|zeroco|回天路地|岩本|岩本ジェイムズ|岩本（05）,岩本ゼロゴ,367,原名岩本ゼロゴ；回天路地是站点名
kanjy00u,1,かんぜう|勘定,分霊箱,366,other_names 含分霊箱，保留
kinfuji,1,kenkinfuji|kinnfuji,kinfuji,366,无通用中文名
kowai_(iamkowai),1,iamkowai|iamkowai_(artist),kowai,366,无通用中文名
molyb,1,,molyb,366,无通用中文名
mushi_gyouza,1,musigyouza,mushi gyouza,366,无通用中文名
onomeshin,1,,onomeshin,366,无通用中文名
phamoz,1,zoma_phamoz,phamoz,366,无通用中文名
rasahan,1,rasahann,ラサハン,366,无通用中文名
tomotsuka_haruomi,1,,ともつか治臣,366,无通用中文名
toriyama_akira,1,,鳥山明,366,漫画家鸟山明，原名鸟山明
waterkuma,1,yang_waterkuma|我是水熊吗|水熊|水熊-,水熊,366,画师中文名水熊；旧zh是自嘲句
xia_(ryugo),1,ryugo|xia_sasane|xia_shia,xia,366,无通用中文名
akaza,1,akaza2sox|akaza_2sox,あかざ,365,无通用中文名
daito,1,daito2|daito3_69|daito4|daito4545|daito5|daito69,daito,365,无通用中文名
fed_(giba),1,,fed,365,无通用中文名
geppewi,1,geppei|げっペゐ,月兵,365,other_names 含月兵，保留
hagure_keg,1,keg,hagure keg,365,无通用中文名
hanny_(uirusu_chan),1,hanny_(nhim)|hannyhoo|uirusu_chan,hanny,366,无通用中文名
kageshio_(276006),1,kage-shio|kageshio,カゲシオ,365,无通用中文名
kankitsunabe_(citrus),1,kankitsu238|kankitsu306|kankitsu_nabe|kankitsu_nabe_(citrus),kankitsunabe,365,无通用中文名
milka_(milk4ppl),1,milk4ppl|milka|milkayart,milka,365,无通用中文名
miyoshi_yoshimi,1,mi_yoshi_kun|yoshi_mi_yoshi,miyoshi yoshimi,365,无通用中文名
negahami,1,,negahami,365,无通用中文名
suoiresnu,1,suoiresnu_art|suoiresnuart,suoiresnu,365,无通用中文名
xe_(execut3r),1,Exe|exe|exe_(artist)|exe_(coolier)|exe_(mofuren-tei)|exe_(mofurentei)|exe_(xe)|xe|xe_(exe)|xe_(mofuren-tei)|xe_(mofurentei)|朧月夜,いくしー,365,原名Xe(いくしー)；旧zh胧月夜是别名
yamato_(muchuu_paradigm),1,muchuu_paradigm|yama-rabbit|yamato|yamato.|yamato0204|yamato_mp|yamatomp|やまと,岾兔。,365,other_names 含岾兎。，保留
yonekura_hisaki,1,yonehisa|yonehisa_tcg|yonekurahisaki|米仓久记|米倉_久記|米倉久記,米倉久記,365,原名米倉久記；旧zh带下划线
zan_(harukahime),1,harukahime,zan,365,无通用中文名
blue_gk,1,blue_gaki|blue_gk0321|blue_gk0321_,blue gk,364,无通用中文名
hikashima_(shiofune),1,hikashima|kusakashima|shiofune|ひかしま|日下嶋|第玖仓库,日下嶋,364,原名日下嶋；保留
jadf,1,jadf_,jadf,364,无通用中文名
konayama_kata,1,kona|konaka|konayama|konayamakata|戸崎_映|戸崎_映（旧：粉山）|粉山|粉山カタ,粉山カタ,364,现用名戸崎映(旧：粉山カタ)；旧zh带日期信息弃用
minami_saki,1,minamisaki|saki_rin_ss|sakiikaring|sakisaki128|みなみさき,沙紀,364,other_names 含沙紀，保留
nanateru,1,莲根庵,天城七輝,364,原名天城七輝
naruse_hirofumi,1,hirofumi_naruse|nakise_hirofumi|久我城,鸣濑ひろふみ,364,本名鳴瀬ひろふみ；久我城是别名
ono_misao,1,misao|misao330|misao555|misao_(kami_no_misoshiru),小野ミサオ,364,无通用中文名
pokimari,1,pokizm,pokimari,364,无通用中文名
rama_(yu-light8),1,rama|yu-light8,らま,364,无通用中文名
re_(re_09),1,re|re:|re:design|re_09|redd__009|reko0900me|reko_(re)|rekoll_re,re,364,无通用中文名
steed_(steed_enterprise),1,steed|steed1|steed_enterprise,steed,364,无通用中文名
tarmo,1,,tarmo,364,无通用中文名
yoekosukii,1,倉橋書院|前山三都里|持田笃|持田篤,ヨエコスキー,364,原名ヨエコスキー；仓桥书院是站点名
yugaa,1,,yugaa,364,无通用中文名
amano_chiharu,1,amanochiharu,天乃ちはる,363,无通用中文名
amatsuji,1,amatuji_0512,あまつじ,363,原名天辻燎
dearonnus,1,dearonnus2nd,dearonnus,363,无通用中文名
forest_(4423),1,,森林,363,无通用中文名
fukurou_(owl222),1,0807fukurou_ya|fukurou|fukurou-ya|fukurou0807|fukurou_3rd|fukurounagi,フクロウ,363,无通用中文名
gegesan,1,gegeron|gegeron11110,gegesan,363,无通用中文名
hhh_(wave),1,h|h_(hhhhhh4649)|hhh|hhhhhh|hhhhhh4649,hhh,363,无通用中文名
lobelia_(saclia),1,lobe_saclia|lobelia|lobesaclia|saclia|ロベリア|眠川利,六倍利,363,other_names 含六倍利，保留
migihidari_(puwako),1,_migihidari_|migihidari|migihidaru|puwako,migihidari,363,无通用中文名
minazuki_juuzou,1,minazuki13|水无月十三＠22ｷﾘﾝﾎﾞｸｶﾜ,水无月十三,363,原名水無月十三
nanao_(naoekaki25),1,nanaoekaki|naoekaki25,ななお,363,无通用中文名
shirahane_nao,1,,白羽奈尾,363,原名白羽奈尾(しらはねなお)
silver_bullet_(ecc12_8),1,ecc12_8|silverbullet,silver bullet,363,无通用中文名
sinzan,1,shinzan|タダシ|野口_正|野口正,野口正,363,本名野口正；旧zh带下划线
songchuan_li,1,songchuanli|松川_离|松川离|松川离🎨🔞👣,松川离,363,中文画师，原名松川离，去掉下划线
starheart,1,star-heart|star-snowheart|yukihos|スターハート|星茶|雪星,星こころ,364,原名星こころ(StarHeart)；旧zh星茶是别名
u-non_(annon'an),1,annon'an|u-non|安穏云|安穏庵|安穏雲,U-Non,363,笔名U-Non；安穏庵是站点名
yan-yam,1,,yan-yam,363,无通用中文名
yuzuruka_(bougainvillea),1,bougainvillea|morsyuzuruka|yuzuruka|yuzuruka_(cobhc667)|桜鳳花|樱凤花,弓弦花,363,other_names 含弓弦花，保留
appleq,1,,appleq,362,无通用中文名
dosugon,1,,dosugon,362,无通用中文名
gofelem,1,,gofelem,362,无通用中文名
hazuki_(sutasuta),1,,はづき,362,原名葉月
hiramedousa,1,hiramedousas|hiramedusa,hiramedousa,362,无通用中文名
hyouuma,1,,hyouuma,362,无通用中文名
kionant,1,kionbee,kionant,362,无通用中文名
matsuda_hikari,1,matsudahikari,matsuda hikari,362,无通用中文名
natori_youkai,1,natoriyoukai|youkai_natori|youkainatori|妖怪名取@仕事募集中|妖怪名取_（_･´ｰ･｀）|妖怪名取（_･´ｰ･｀）|英国酒狐,妖怪名取,362,原名妖怪名取
ryuuneart,1,itadakimasu_art|ryuune|ryuune_art,ryuuneart,362,无通用中文名
splashbrush,1,,splashbrush,362,无通用中文名
sumisaki_yuzuna,1,,sumisaki yuzuna,362,无通用中文名
tokio_(okt0w0),1,okt0w0|tokio,ときお,362,原名時緒
toyoman,1,,toyoman,362,无通用中文名
enough_333,1,,enough 333,361,无通用中文名
f7(eiki),1,eiki|eiki_(f7)|f7|f7_(eiki),f7,361,无通用中文名
icehotmilktea,1,oden_(icehotmilktea)|星夕|桜風味|樱风味,抹茶風味,361,中文画师，原名抹茶風味
ikari_(aor3507),1,,いかり,361,无通用中文名
kelvin-trainerk,1,trainerkelvin,kelvin trainerk,361,无通用中文名
leria_v,1,leriav|菜批阿米狗,莱瑞拉画不完,361,中文画师，社区通用莱瑞拉画不完
nonbire,1,nonbi_re|nonbyree,nonbire,361,无通用中文名
rotix,1,rotix102,rotix,361,无通用中文名
sakura_ani,1,hama_(sakura)|hama_(sakura_ani)|sakura_hama,桜あに,361,无通用中文名
sinensian,1,safensinen|sinenworks|sinesian,sinensian,361,无通用中文名
yuki_(popopo),1,popopo|yuki|yukicha|yukipopopo,雪,361,无通用中文名
71_(nanaichi_drafting),1,71drafting|nanaichi_drafting,71,360,无通用中文名
daitai_konna_kanji,1,dai_kon|daitai_konna_kanji.|daitaikonnakanzi|だいこん。|機巧堂,だいたいこんなかんじ。,360,原名だいたいこんなかんじ。；機巧堂是社团
fractalmagnolia,1,code_tesseract|codetesseract,fractalmagnolia,360,无通用中文名
hita_(hitapita),1,hita_(daitai_nemutai)|hitandsoon|hitapita|hitattenda|i,hita,360,无通用中文名
horikoshi_kouhei,1,horikoshideru|horikoshiko|horikoshiko_|堀越|堀越耕平,堀越耕平,360,全名堀越耕平，不可截成堀越
jikihatiman,1,,jikihatiman,360,无通用中文名
juexing_(moemoe3345),1,juexing95512|moemoe3345|觉醒|觉醒-充满决心,宵闇夢覺,360,other_names 含宵闇夢覺，保留
kiyomin,1,,kiyomin,360,无通用中文名
koma_neko,1,komaneko|nekosuta|狛猫神社,狛猫,360,原名狛猫；狛猫神社是社团
nagineko,1,,nagineko,360,无通用中文名
sagami_jon,1,jon|jon_(st05254)|sagaminnn_022,sagami jon,360,无通用中文名
shio_(futatsumami),1,futatsumami|shioshio1600|shiozaki16,しお,360,无通用中文名
sogabe_toshinori,1,gabetoshi|haneda_toshinori|羽田としのり,宗我部としのり,360,原名宗我部としのり；羽田としのり是别笔名
stmast,1,stmaster|企鹅队长,企鹅军阀,360,画师中文名企鹅军阀，保留
tottoto_tomekichi,1,tomekitigai|tottoto|tottototomekiti,tottoto tomekichi,360,无通用中文名
tousen,1,tousen_soudou|冬扇草堂,冬扇,360,原名冬扇；冬扇草堂是社团
yukiu_con,1,yukiuu|yukiuu!,雪雨こん,360,无通用中文名
anzu_(o6v6o),1,an|an_(anzu_o6v6o),庵ズ,359,无通用中文名
banishment,1,yokaibanish,banishment,359,无通用中文名
batsu,1,batsu-jirushi|batsu-ki|ばつ印,ばつ,359,原名ばつ
eip_(pepai),1,eip|pepai,eip,359,无通用中文名
fue_(rhomphair),1,,fue,359,无通用中文名
huwari_(dnwls3010),1,dnwls3010|fuwari_(dnwls3010)|huwali,huwari,359,无通用中文名
mitake_eil,1,eil_mitake|えいる|迷夜堂,三丈えいる,359,原名三丈えいる；迷夜堂是站点名
nekobell,1,,nekobell,359,无通用中文名
pun2,1,,pun2,359,无通用中文名
ribiadan,1,libiadan,ribiadan,359,无通用中文名
shikino_yuki,1,sikinoyuki|sikinoyuki0523|sikinoyukinnko,shikino yuki,359,无通用中文名
taurine_8000mg,1,名雲_稔,名云稔,359,原名名雲稔；旧zh带下划线
tomoo_(tomo),1,tomo|tomo.|tomo111|tomo_(tomoice111)|tomoice111|tomoo|tomoo_(tomorrow_0)|tomorrow_0,tomoo,359,无通用中文名
yamauchi_noriyasu,1,,山内則康,359,原名山内則康
yepnean,1,yevnean,yepnean,359,无通用中文名
yuujin_(yuzinn333),1,yuujin|yuujin333|yuzinn|yuzinn333,yuujin,359,无通用中文名
aka_tawashi,1,,赤束子,358,原名赤束子
amibazh,1,,amibazh,358,无通用中文名
aruman,1,arumad|aruman-p,aruman,358,无通用中文名
bokoboko_(pandagapanda1),1,,bokoboko,358,无通用中文名
chaki_(teasets),1,chaki|chaki-dx|chaki.|chaki_(chaki-dx)|chaki_(teaset's)|chakichakichaki|teasets|岡山千晶|茶★器|茶器。|茶器。＠新刊委托中|🗼茶器。🍹|🗼茶器。🗼,茶器。,358,原名茶器。；岡山千晶是别名
flx,1,,flx,358,无通用中文名
fumiko_(mesushi),1,fumiko1029|fumiko_(ydnac),fumiko,358,无通用中文名
goumonsha,1,,goumonsha,358,无通用中文名
hitsuki_rei,1,hitsukirei|日津树伶◆例大祭,日津樹伶,358,原名日津樹伶
kane-neko,1,kane_neko|kaneneko|kaneneko.works|カネネコ,金猫,358,原名カネネコ/金猫
kitsuneno_denpachi,1,denpachi|kitsune_no_denpachi|kitsune_no_otake|kitsune_no_wotake|kitsuneno_denpachi_to_crazy_fox|kitsuneno_otake|kitsuneno_wotake|kitsunenodenpachi,kitsuneno denpachi,358,无通用中文名
kurokuro,1,,くろくろ,358,无通用中文名
kuwashima_rein,1,,桑島黎音,358,原名桑島黎音
mogskg,1,mogstand,mogskg,358,无通用中文名
morimoto_kiyona,1,,森本清名,358,原名森本清名
shibenc16e4,1,shiben_(ugvu5784)|shiben_c16e4|黑暗小仓库,史本,358,other_names 含史本，保留
shinekalta,1,shineka|shineka_(sugar_cream),shinekalta,358,无通用中文名
sirokohi,1,,sirokohi,358,无通用中文名
yamaori,1,yamaori3|yamaori33|yamaori_(sakuri_uchuu_model)|山折,山☆折,358,other_names 含山☆折，保留
azu-taro,1,azutarou,azu-taro,357,无通用中文名
carte,1,t_m_carte,carte,357,无通用中文名
chawan_(yultutari),1,chawan|tyawan|tyawandesu|yultutari,chawan,357,无通用中文名
chiba_toshirou,1,chiba1046|chibatoshirou,チバトシロウ,357,无通用中文名
eiji_(eiji),1,eiji|eiji_(eroji)|eijierj,eiji,357,无通用中文名
fuji_shinobu,1,fujishinobu|藤忍🔞,藤忍,357,原名藤忍
handsome_wataru,1,handsomen|handsomep,handsome wataru,357,无通用中文名
hiiringu,1,hiiringu-p|hiiringu_p|酒酔星,ひーりんぐ,357,原名ひーりんぐ；酒酔星是社团
kamu_(geeenius),1,geeenius|kamu|kamu-ko_(geeenius),kamu,357,无通用中文名
komb,1,komb2nd|こんぶ,紺乃舞,357,other_names 含紺乃舞，保留
ogros,1,,ogros,357,无通用中文名
ouri_(aya_pine),1,aya_pine|ouri,王里,357,other_names 含王里，保留
ram_hachimin,1,hachimin|ram,ram hachimin,357,无通用中文名
tapioka_(oekakitapioka),1,oekakitapioka|tapioka|tapioka-izumi,tapioka,357,无通用中文名
torinari_(dtvisu),1,torinari,鳥成,357,原名鳥成
u_yuz_xx,1,,u yuz xx,357,无通用中文名
akano_murasaki,1,6urasakey|aka6urasakey|akamurasakey94|akamurasakii|akanomurasaki|asamurasaki,アカノムラサキ,356,无通用中文名
akizora_momiji,1,akisora_momidi|akisora_momiji|akizora_momidi|momidiakizora|黒糖,秋空もみぢ,356,现用名秋空もみぢ；黒糖是旧名
ariverkao,1,ariver_kao,ariverkao,356,无通用中文名
chiaki_rakutarou,1,chaki_(chakirakutaro)|chaki_rakutarou|chakirakutaro|ibasabi_ary,chiaki rakutarou,356,无通用中文名
chikuwa_savy,1,chikuwa_sabi,chikuwa savy,356,无通用中文名
folait,1,,folait,356,无通用中文名
hara_kenshi,1,hara-kenshi|harakenshi|pkenshiq,hara kenshi,356,无通用中文名
ishida_aya,1,,石田彩,356,原名石田彩
kito_koruta,1,kitokoruta,kito koruta,356,无通用中文名
lolicom,1,loc_n_loli|locnloli|lolicom21,lolicom,356,无通用中文名
madotsukumo,1,madoka_tsukumo|madotsuku|円つくも,⑨円,357,other_names 含⑨円，保留
morita_kazuaki,1,mori_man|moriman,森田和明,356,原名森田和明
nextoad,1,safetoad|toadnex,nextoad,356,无通用中文名
niku-name,1,biniku-name|biniku_name|hei-name|hyou-name|hyouname|niku_name|nikuname|uchi-name|uchi_name|uchiname,肉ネーム,356,无通用中文名
ooranokohaku,1,邑楽野_粉達摩,邑楽野粉达摩,356,原名邑楽野粉達摩；旧zh带下划线
ryu_(ryu's_form_site),1,ryu_(artist)|ryu_(ryu's_former_site),ryu,356,无通用中文名
takorice,1,tacorice|tako_rice|takoraisu|takorice_r,たこらいす,356,无通用中文名
tsurugi_hagane,1,,蔓木钢音,356,原名蔓木鋼音
ah-lyong_lee,1,,ah-lyong lee,355,无通用中文名
aikir_(jml5160),1,aikir|ikir13|ikir_13|ikir_14|jml5160,aikir,356,无通用中文名
akira_shiun,1,akira0506teacher|紫云阳|紫雲_陽,紫雲陽,355,原名紫雲陽；旧zh带下划线
atoshi,1,a-toshi|a_toshi,atoshi,355,无通用中文名
buzz_(moi),1,buzz|buzzzz,buzz,355,无通用中文名
hinomoto_madoka,1,消费税100%|生円,日本円,355,原名日本円(ひのもとまどか)
ipuu_(el-ane_koubou),1,el-ane_koubou|ipuu|ipuu_(elane_koubou)|ipuu_(eruane_koubou)|ipuu_(ipuusan)|ipuu_(pestxsan)|ipuusan|ipuusan_(pestxsan)|イプー,伊菩,355,other_names 含伊菩，保留
jakko,1,,じゃっこ,355,无通用中文名
jeze,1,artsjeze|jezeichi,jeze,356,无通用中文名
kagemusha,1,kagemusya|kagemusyaz,kagemusha,355,无通用中文名
norizc,1,伪睿山紫菜|紫菜汤|资本家的猫,NoriZC,355,现用名NoriZC；伪睿山紫菜是旧名
poharo,1,,poharo,355,无通用中文名
saihate_(d3),1,saihate|saihate_(saihate_d3)|saihate_d3,saihate,355,无通用中文名
sanemichi_hajime,1,hajimesanemichi|実道_元|流星拳炮岩|流星拳砲岩,実道元,355,原名実道元
tokiomi_tsubasa,1,,tokiomi tsubasa,355,无通用中文名
yun_(dust-i1),1,yun|yun02011|yun_i1_,yun,355,无通用中文名
anisdrawn,1,anis|anisu,anisdrawn,354,无通用中文名
badcompzero,1,badcompz|badcompzero_artist|badcompznsfw|badcompztrap,badcompzero,354,无通用中文名
bimmy,1,lickmybimmies,bimmy,354,无通用中文名
iroha_(iroha_matsurika),1,,いろは,354,无通用中文名
mitsudoue,1,mitsudoue_,みつどうえ,354,无通用中文名
poriuretan,1,poriuretan_dayo|poriuretandayo,ぽりうれたん,354,无通用中文名
randou,1,らんどう,乱道,354,原名乱道
sazamiso_rx,1,sazamiso_(se-un),sazamiso rx,354,无通用中文名
takeda_aranobu,1,aranobu|aranobu333,武田あらのぶ,354,无通用中文名
tama_(songe),1,songe|tama_(caprice),tama,354,无通用中文名
eluthel,1,艾路塞尔,艾路塞尔,353,other_names 含艾路，保留
faubynet,1,,faubynet,353,无通用中文名
hou_(hachiyou),1,hachiyou|hou|hou_(beesama),ほう,353,other_names 含蜂様，保留
kagerou_(kers),1,kagerou|kagerou0607|kagerou_(kers0607)|kers,kagerou,353,无通用中文名
mamyouda,1,mamy6o6|mijinko_(mamyouda),間明田,353,原名間明田
nunucco,1,nunu_cco|nunukko,nunucco,353,无通用中文名
nyanya,1,nyanyaling,nyanya,353,无通用中文名
setmen,1,,setmen,353,无通用中文名
shake-o,1,shakekoujou|shakeo|shakeo_(shake-o)|鲑工场,鮭夫,353,原名鮭夫
tokiame,1,,tokiame,353,无通用中文名
umemaro_(siona0908),1,,umemaro,353,无通用中文名
wakataku,1,waka_taku|wakatak|若卓🔞,若卓,353,原名若卓
yunimaru,1,yu2maru|yunisan,yunimaru,353,无通用中文名
amogan,1,,amogan,352,无通用中文名
aragon_honnin,1,49s-aragon|aragon_49s,aragon honnin,352,无通用中文名
arisu_kazumi,1,a-kazumi|arisu_kazumi_|arisukazumi_pic|arisukazumi_r18|kazumi-ya|kazumi_camera|kazumi_r3|kazumi_temp,有栖かずみ,352,无通用中文名
cafin,1,,cafin,352,无通用中文名
fushirun_rung,1,,fushirun rung,352,无通用中文名
hao_(patinnko),1,hao|hao_(twenty_two)|patinnko|vihao|ハオ|八才八卜|八才提督|绯想之天,はお,352,other_names 含八才，保留
kvlen,1,,kvlen,352,无通用中文名
mashayuki,1,masha_(aporin)|masha_(blackframe)|mshayuki|ましゃ|黒枠,ましゃゆき,352,原名ましゃゆき；黒枠是站点名
metsu_end,1,mendou_etsu|metsuji,乙僧,352,other_names 含乙僧，保留
nakamura_rohane,1,nakamurarohane|招来赫星的龙神玉|朝花社同人,中村六翅,352,原名中村六翅
rin-sin,1,,rin-sin,352,无通用中文名
ripu_(lipi),1,0ripu|lipi,ripu,352,无通用中文名
sacraneco,1,,樱猫,352,无通用中文名
vanilla_(miotanntann),1,miotanntann|vanilla|vanilla30|vanillahimawari|vanitamix,vanilla,352,无通用中文名
vyragami,1,,vyragami,352,无通用中文名
yoichi_(umagoya),1,umagoya|yoichi|yoichi_(honey1416)|よいち|马小屋,よいち,352,other_names 含与一，保留
yukian,1,,椛杏,352,other_names 含椛杏，保留
3_(sanyako1),1,,3,351,无通用中文名
hagioshi,1,hagi35ka|hagi35pk,hagioshi,351,无通用中文名
hinakisara,1,hina|hinahino|hinausi,冰菜,351,原名氷菜
kawai_makoto,1,,kawai makoto,351,无通用中文名
miz_(mizillustration),1,miz,miz,351,无通用中文名
ndtwofives,1,nd_twofives|狗仔哥✅,狗仔哥,351,中文画师，社区通用狗仔哥
rururiaru,1,,rururiaru,351,无通用中文名
twumi,1,,twumi,351,无通用中文名
utopia_(utopiavl),1,utopia|utopia_(vore),utopia,351,无通用中文名
anarogumaaa,1,ichigo_gyuunyuu_(anarogumaaa)|水月苺|苺牛乳,水月苺,350,原名水月苺；旧zh是装饰签名
cosaten,1,,cosaten,350,无通用中文名
haga_yui,1,hagapon|hagayui,叶贺唯,350,无通用中文名
hamsterfragment,1,detonatehamster|smetana_(hamsterfragment),hamsterfragment,350,无通用中文名
jiang_ye_kiri,1,,jiang ye kiri,350,无通用中文名
katsuwo_(cr66g),1,,katsuwo,351,无通用中文名
ko~cha,1,,ko~cha,350,无通用中文名
okura-chan_(at_nya5),1,at_nya5,おくらちゃん,350,无通用中文名
queasy_s,1,queasys,queasy s,350,无通用中文名
sbel02,1,,sbel02,350,无通用中文名
sutora_binsuke,1,sukebevinsky,sutora binsuke,350,无通用中文名
tonchinkan,1,,tonchinkan,350,无通用中文名
vivivoovoo,1,southern-panda,vivivoovoo,350,无通用中文名
zeco,1,,皇宇,350,台湾画师，社区通用皇宇
chen_bin,1,陈镔|鬼针草,鬼針草,349,社区通用鬼针草；陈镔是本名
courreges_ace,1,courreges,Ｋ子,349,other_names 含Ｋ子，保留
hagino_kouta,1,,萩野小唄,349,原名萩野小唄
haseru_(ginku_mh),1,ginku_mh|春兎,はせる,349,原名はせる；春兔是别名
hyakuhachi_(over3),1,hyaku_hachi_(basashihage)|hyaku_hachi_(over3)|hyaku_hachi_(shihage)|hyakuhachi_(basashihage)|hyakuhachi_(shihage)|over3,ひゃくはち,349,other_names 含壱〇八，保留
karochii,1,karochii_(mochiya)|karoti|mochi-ya|カロ藤|餅屋,かろちー,349,原名かろちー；饼屋是社团
kem_kem,1,kemu_kemu,kem kem,349,无通用中文名
koissa,1,枣糕恋,戀戀,349,中文画师，社区通用恋恋
munashi_mujou,1,munashi-mujou,munashi mujou,349,无通用中文名
omelet_tomato,1,omelettomato|omuletomato|omurettomato|omutoma,omelet tomato,349,无通用中文名
origami_aya,1,origami_sayah,origami aya,349,无通用中文名
riku_(rikkuru),1,rikku|rikkuru|riku|rikuumu,riku,349,无通用中文名
shihou_(g-o-s),1,g-o-s|shihou|shihou_1,志方,349,无通用中文名
t@ke-g,1,,t@ke-g,349,无通用中文名
taa_(acid),1,acid|acid-taa|taa|taa_(cuq),taa,349,无通用中文名
dev_(dev0614),1,dev|dev0614|devi_ange|deviange,dev,348,无通用中文名
emanon123,1,emanon123_77l|emanon123_78|emanon123_78m|emanon777|emanonnon123,真野円,348,other_names 含真野円，保留
hanokage,1,hano,hanokage,348,无通用中文名
hokuto_(scichil),1,hokuto529|hokuto_(saichiru)|hokuto_saitiru|scichil,北斗,348,原名北斗
jtleeklm,1,jt|jt_theklm|jtleeklm1,jtleeklm,348,无通用中文名
kuroemon,1,,kuroemon,348,无通用中文名
kurororo_rororo,1,kuro|kuro_(kuromodoki)|kuromodoki|kurorororororo,くろろろろろろ,348,无通用中文名
luse_maonang,1,结城照美|绿色毛囊,孟達,348,other_names 含孟達，保留
masaru.jp,1,masaru.com|masaru_dot_com|masaru_dotto_jp|masarudottocom|masarudottojp,masaru.jp,348,无通用中文名
meunhongcha,1,,meunhongcha,348,无通用中文名
oharu-chan,1,,oharu-chan,348,无通用中文名
shuuzo3,1,shuuzo4|shuuzo_(shuuzo3)|shuuzodesu,shuuzo3,348,无通用中文名
tantaka,1,,鍛鷹,348,原名鍛鷹
tkgsize,1,,tkgsize,348,无通用中文名
tsu_(lovesick1964),1,,tsu,348,无通用中文名
u_u_ki_u_u,1,,u u ki u u,348,无通用中文名
yoshiwa_tomo,1,t4_yoshiwa|yoshiwa|yoshiwa_765|ちーかな|吉輪|吉轮_智|吉轮智|桃萌_百|隙間風暴風域|隙间风暴风域,吉輪智,348,全名吉輪智，不可截成吉轮
yude,1,,yude,348,无通用中文名
zabudog777,1,zabu|zabuneko,座布猫,348,other_names 含座布猫，保留
463_jun,1,46_jun|46君|我不是色狼|高松灯一生推_迷子463,463君,347,中文画师，社区通用463君
amo_(shibu3),1,aaaaamo|shibu3,最中,347,other_names 含最中，保留
fishine,1,fishine02|turtle.fish.paint|比目魚先生|比目鱼先生|熊掌社|魚生|鱼生|龟鱼派,比目魚,347,社区通用比目鱼；熊掌社是社团
furuyama_itaru,1,tsukurufuruyama|古山|古山_造|古山造|古山造（新）,古山造,347,全名古山造，不可截成古山
iwasaki_takashi,1,saki_takashi|妄想时计|宗司|沙葵たかし,いわさきたかし,347,原名いわさきたかし；宗司是别名，妄想时计是社团
kiritzugu,1,kiritzugu96|kiritzugu_kiri|kiritzuguart,kiritzugu,347,无通用中文名
kitada_mo,1,mo_(428clv),北田藻,347,原名北田藻
kitiroku,1,kichiroku,kitiroku,347,无通用中文名
loooyd,1,looooooyd|loooyd.art|loooyd_art,loooyd,347,无通用中文名
nipi27,1,nipi|nipipini|nnnnnipi27,nipi27,347,金瞳少女是社团，无通用中文个人名
pinakes,1,pinax|pinaxpinakes,ピナケス,347,无通用中文名
raikoart,1,raiko|raiko-art|raikoseantay,raikoart,347,无通用中文名
tanabe_kyou,1,tanabe|tanave7|yuunabe_shinkouchuu|夕鍋進行中|夕锅进行中（田辺京）|田辺_京|田辺京,田边京,347,本名田辺京；夕锅进行中是站点名
umiroku,1,umiroku_|yukiroku,umiroku,347,无通用中文名
wan'yan_aguda,1,aguda|aguda_(joshinzoku)|aguda_(wanaguda)|wanaguda|あぐだ|女真族,完顔阿骨打,347,原名完顔阿骨打
10eki_(tenchou),1,10eki|10eki_(exstation)|10eki_(jueki)|jueki_(10eki)|tenchou_(10eki)|tenchou_10eki|てん長|１０駅,10駅,346,原名10駅
ataruman,1,ataruman02,ataruman,346,无通用中文名
blueberry_(5959),1,blueberry|blueberry5959|blueberrytoho,blueberry,346,无通用中文名
byte_(allbyte),1,allbyte|byte|byte0713|byte_(deatennsi)|死天使,一輪花,346,other_names 含一輪花，保留
chibirisu,1,tebirisu,chibirisu,346,无通用中文名
fajyobore,1,fajobore|fajyobore323|pajyobore,着香料,346,other_names 含着香料，保留
hidebou,1,hidebo79|hidebou-house|hidebou_(fugashi)|hidebou_(hidebou-house)|hidebou_(hidebou_house)|hidebou_house,ひでぼう,346,无通用中文名
kamikita_futago,1,,上北ふたご,346,上北双子，社区通用上北ふたご
kazo_(kazozakazo),1,kazo,kazo,346,无通用中文名
lillithlauda,1,dauraslilly|lilithlauda_|lillith.lauda|lillith_lauda|lillithlauda_kenkyuujo|lithla|lithla2|lithla3|lithla_|llauda|ririslauda|rlauda,lillithlauda,346,无通用中文名
makimura_shunsuke,1,,makimura shunsuke,346,无通用中文名
mamemochi,1,mamemochi1226|shiroi-mochiya,まめもち,346,原名まめもち；旧zh投稿不是人名
nakasone_haiji,1,haiji2008|haiji_nakasone|nakasone_battalion|nakasone_etti|nakasonehaiji|木村太熊,中曽根ハイジ,346,原名中曽根ハイジ；木村太熊是别名
narumame,1,mameeekueya,narumame,346,无通用中文名
nicoby,1,nicoby0609|nicoby69,にこびぃ,346,无通用中文名
nochita_shin,1,sakura_shin|shin_(hetaling)|tadano_shin|只野しん|玩物丧志|玩物喪志*,のちたしん,346,原名のちたしん；玩物丧志*是站点名
pote_(pote_39),1,pote|pote____39,ぽて,346,无通用中文名
sakura_ran,1,,sakura ran,346,无通用中文名
sakuyu,1,sakuyu_(chat-noir86)|sakuyu_(shannon),朔柚,346,other_names 含朔柚，保留
shimhaq,1,,shimhaq,346,无通用中文名
takecha,1,take-cha|takecha_pokeai,takecha,346,无通用中文名
terakoya,1,,terakoya,346,无通用中文名
tono_(rt0no),1,rt0no|tono,空想庫,346,other_names 含空想庫，保留
vashperado,1,vashito,vashperado,346,无通用中文名
yuzuriha_(active_homing),1,active_homing|yuzuri8|yuzuriha|yuzuriha-ya|yuzuriha_(ion_rocket)|yuzuriha_(yuzuha)|yuzuriha_(yuzuri8)|yuzuriha_(yuzuriha-ya)|yuzuriha_(yuzurihaya)|yuzuriha_(zangyura)|yuzurihaya|譲叶屋,让叶,346,原名譲葉
applekun,1,applekun2|redapple999,applekun,345,无通用中文名
bowalia,1,bowa,bowalia,345,无通用中文名
bukkuri,1,bukkuri-p|bukkuri_(sesuna1114)|bukkuri_p|bukkurip,bukkuri,345,无通用中文名
chihiro_(khorosho),1,chihiro|chihiro48288408|chihiro__15|khorosho,千尋,345,无通用中文名
clipe,1,keullipeu,clipe,345,无通用中文名
doko_tetora,1,doko_tetra|dokotetora|etce-tora|koko_shiguma|koko_sigma|koko_siguma|tetora3248|tetora_(tetora3248),何処テトラ,345,无通用中文名
egawa_satsuki,1,egawa|satsuki,egawa satsuki,345,无通用中文名
fengmo,1,fengmo_bojue|风魔爱画画,风魔伯爵,345,中文画师，社区通用风魔伯爵
ichi_(ichikai),1,ichikai|son_to_ichi|touhou_ichi-shiki|东方壱式|壱,イチ,345,other_names 含壱界，保留
kazami_karasu,1,狐色|風見鴉|风见鸦,風見狐,345,原名風見狐
onimaru_(onimal7802),1,onimal7802|onimal7802p2|onimaru,鬼丸,345,原名鬼丸
ppshex,1,潜水芝士|芝士糖,芝士糖,345,香港画师，官方名芝士糖
sakaki_(noi-gren),1,,sakaki,345,无通用中文名
watanore,1,w|watanore0307,わたのれ,345,无通用中文名
yoracrab,1,yoralewd,yoracrab,345,无通用中文名
binggong_asylum,1,bgasylum|芷雪,冰宫,344,中文画师，社区通用冰宫
cheshirrr,1,cheshirrrrrko,cheshirrr,344,无通用中文名
dolri,1,dolri_,dolri,344,无通用中文名
efuri_(riarea00),1,ria|riarea00,えふり,344,无通用中文名
enosan,1,eno|eno_(enosan)|enosan_(qrant)|enosan_q,榎屋,344,other_names 含榎屋，保留
hou_(ppo),1,akira_hou|hou|hou__po|ppo,ほう,344,无通用中文名
matsui_yasutsugu,1,yasutsugumatsui|村夫子|村夫子展示室|松井康治,松井康治（郁那和なにろ）,344,原名松井やすつぐ；村夫子展示室是社团
neku_(neku_draw),1,neku|neku-draw|neku_draw,neku,344,无通用中文名
nishiuri,1,,nishiuri,344,无通用中文名
sabamori,1,sabamori11|sabamori55|sabamori88,sabamori,344,无通用中文名
seren_(staphy),1,,seren,344,无通用中文名
ukyo_rst,1,,ukyo rst,344,无通用中文名
witoi_(roa),1,itoi_(108mogumogu)|itoi_(roa)|m_yitoi|roa|witoi|witoi_(108mogumogu)|witoi_(yitoi)|yitoi,糸魚,344,other_names 含糸魚，保留
yuta_agc,1,m10shangrila|y_agc|yutaagc|yuuta_agc,yuta agc,344,无通用中文名
zooanime,1,,zooanime,345,无通用中文名
ame-san,1,,ame-san,343,无通用中文名
aoi_suzu,1,aoi-suzu|aoi_suzu_|r_aoi_suzu,aoi suzu,343,无通用中文名
chowbie,1,chowbie_|chowbieart,chowbie,343,无通用中文名
citemer,1,cite-mer_liu|citemer_liu,citemer,343,无通用中文名
hinoue_itaru,1,itaru00,樋上いたる,343,原名樋上いたる
housou-kun,1,housou-chan|housou_chan|housou_kun|housouchan,housou-kun,343,无通用中文名
ia_(ias1010),1,deepinsiade|ia|ia1010|ias1010,ia,343,无通用中文名
jj_(ssspulse),1,artworksjj|jj|jj_art_works|ssspulse|ssssluse-jj,jj,343,无通用中文名
kani_club,1,crab_club|kani_miso|kanicra,蟹俱乐部,343,原名蟹倶楽部
kiguchiko,1,kiguchi_(mental_apricot)|omomomizu,木口,343,other_names 含木口，保留
kurano_kisuke,1,kuranokiske114,kurano kisuke,343,无通用中文名
lemon_pan,1,lemon_pan2|lemonpan666,lemon pan,343,无通用中文名
maho_moco,1,maho|maho252|maho5moco,maho moco,343,无通用中文名
murota_yuuhei,1,muromuromurota,室田雄平,351,原名室田雄平
namidame,1,namidame_tengoku|nm_(namida.)|涙目|涙目天国|涙穴庵,泪目,343,other_names 含涙。，保留
nozomi_tsubame,1,n-tsubame|t_nozomi|tubamenozomi,希望つばめ,346,无通用中文名
qkat_(arikawa-dou),1,arikawa|qkat,qkat,343,无通用中文名
rakurakutei_ramen,1,raku_pix|楽２,楽々亭拉麺,343,原名楽々亭拉麺；楽２是简称
shanyao_jiang_tororo,1,shanyao|tororoshanyao|药锅锅,山药锅锅,343,中文画师，社区通用山药锅锅
soyoong_jun,1,soyoong|sushi_yoong|y,soyoong jun,343,无通用中文名
spirytus_tarou,1,beer0tarou|spiritus_tarou|supiritastarou|supiritasu_tarou|supiritasutarou|杏露酒|角砂糖,スピリタス太郎,343,原名スピリタス太郎；杏露酒是别名
stormcow,1,stormcow1,stormcow,343,无通用中文名
usamata,1,matakitix,usamata,343,无通用中文名
borgbutler,1,,borgbutler,342,无通用中文名
charin,1,,チャリン,342,无通用中文名
joman,1,,joman,342,无通用中文名
kagiyama_shachou,1,kagiyama_pandra|kagiyama_seipan|kagiyama_seipan_kabushiki-gaisha|kagiyama_shacho,鍵山社長,342,原名鍵山社長
kyougoku_touya,1,hazuki_touya|kyo_touya|一生一面|京极灯弥|叶月灯弥|葉月燈弥,京极灯弥,342,原名京極燈弥；一生一面是别名
orushibu,1,,orushibu,342,无通用中文名
pikacchi,1,pikatchi|pikath619,pikacchi,342,无通用中文名
pyon-kichi,1,pyon-kti|pyon_kti,pyon-kichi,342,无通用中文名
qin_(7833198),1,洗衣粉煮海星|相泽壳太|请你不要到处修修,壳尔芒戈,342,other_names 含壳尔芒戈，保留
rou_(rou22),1,rou|rou22|rou271|rouromario|routan271,rou,342,无通用中文名
take_(trude1945oneetyan),1,take|trude1945oneetyan,タケ,342,other_names 含竹（自生），保留
toriga_naku,1,tori_ga_naku|とりがなく|千苇|千葦|墓场千苇,千善,342,原名千善
wangchuan_de_quanyan,1,少吃辣条吖,忘川的泉眼,342,中文画师，社区通用忘川的泉眼
wass_nonnam,1,wassnonnam,wass nonnam,342,无通用中文名
yaguo,1,亚果|亚果__,亜果,342,原名亜果
yu-ri_(arium047),1,yu-ri|yu-ri_(arium_47),yu-ri,342,无通用中文名
akira_(kadokawa),1,,アキラ,341,无通用中文名
ddari,1,ddari22,ddari,341,无通用中文名
idaten93,1,,idaten93,341,无通用中文名
jampen,1,jam,jampen,341,无通用中文名
kabocha_(monkey4),1,kabocha|kabocha_(kabotya4)|kabocha_(monkey_4)|kabotya4|monkey4,南瓜,341,无通用中文名
mamedenkyuu_(berun),1,mame_denkyuu,まめでんきゅう,341,无通用中文名
miy@,1,,miy@,341,无通用中文名
momo_(higanbana_and_girl),1,higanbana_and_girl|momo|momo_inu|momoinu|momoinusandayo,もも,341,无通用中文名
morishita_naochika,1,,森下直親,341,原名森下直親
nonohachi,1,nohachi666,ノノはち,341,无通用中文名
oshiki_hitoshi,1,,御敷仁,341,原名御敷仁
saizu_nitou_gunsou,1,勿来重工,才津二等軍曹,341,原名才津二等軍曹
suprii,1,,suprii,341,无通用中文名
umino_mokuzu_(shizumisou),1,mokuzu-umino|shizumisou|umino_mkz|umino_mokuzu,ウミノモクズ,341,无通用中文名
usatarou,1,,usatarou,341,无通用中文名
vento,1,bento|bento_(yz)|bento_yxz|bentobentou|bentosandbox|ventoplus,vento,341,无通用中文名
akamaru,1,akamaruxu,赤丸,340,原名赤丸
akaya_shiki,1,,朱耶式,349,原名朱耶式
anizi,1,anizi000|anizi9621|anizi_(anizi9621),anizi,340,无通用中文名
berabou,1,,berabou,340,无通用中文名
driftkingtw,1,五连装酸素茶叶罐,毛醬㍿,340,other_names 含毛醬㍿，保留
eddybird55555,1,eddybird|eddybird00000,eddybird55555,340,无通用中文名
hiroyuki,1,,ヒロユキ,340,原名ヒロユキ；自称清纯派是站点/社团
hisae_(hisae_collect),1,hisae_collect,久江,340,原名久江
j.c.14,1,,古续,340,other_names 含古続，保留
muffin_(sirumeria),1,,muffin,340,无通用中文名
nyori,1,niyori|niyori_(nyori)|niyoriroom|nyori_(niyori)|nyorinyori,nyori,340,无通用中文名
okayado,1,okayado1215|okayado_(balzehn)|乾武丸,オカヤド,340,主笔名オカヤド；乾武丸是副名
qixia,1,aiaixiana|qixia66,棲夏,340,中文画师，原名棲夏
raya_(uk_0128),1,uk_0128,raya,341,无通用中文名
shiwa_(siwaa0419),1,shiwa|siwaa0419,shiwa,340,无通用中文名
vardan,1,vardan_(s645062222)|vardan_s645062222|vardanyee,vardan,340,无通用中文名
fangdan_runiu,1,nightmaremk2|三足奶牛,防弹乳牛,339,中文画师，原名防弹乳牛
ganari_ryuu,1,ganari_ryu|ganariryu|ganariryu1,ganari ryuu,339,无通用中文名
h-new,1,hanyu_(h-new),h-new,339,无通用中文名
hal_(goshujinomocha),1,goshujinomocha|hal|hal_goshuomo,hal,339,无通用中文名
haruhata_mutsuki,1,haruhata4814|haruhina0104|haruhinappp,春畑睦月,339,原名春畑睦月
kamimiya,1,kamimiya_k|神宮,神宮,339,原名かみみや；神宫是别名
masaki_nanaya,1,masaki1850,masaki nanaya,339,无通用中文名
ogawa_shou,1,ogawa-syou|小川_小|小川小,小川小,339,原名小川小；旧zh带下划线
oshiruko_(uminekotei),1,oshiruko|uminekotei,oshiruko,339,无通用中文名
ramie_(ramie541),1,ramie|ramie541|ramie967|ramie_kirby|ramie_sosaku|ramie_touhou|ramii_(ramie541),ramie,339,无通用中文名
ryouta_(ryouta335),1,ryouta|ryouta335,りょうた,339,原名渡辺涼太
takeyuu,1,,タケユウ,339,无通用中文名
yuno_(suke_yuno),1,suke_yuno,yuno,339,无通用中文名
zenkou,1,zenk|zenkou013,zenkou,339,无通用中文名
akino_hamo,1,hamo|hamo1192,akino hamo,338,无通用中文名
coin_rand,1,xxxxrandxxxx,coin rand,338,无通用中文名
hey_taisyou,1,heytaisyou|hey大将|taishou!!,大将！！,338,other_names 含大将！！，保留
kawasaki_(kwsk_8765),1,kwsk_8765,かわさき,338,other_names 含川崎，保留
kosshii_(masa2243),1,,kosshii,338,无通用中文名
kurebayashi_noe,1,kurebayahsinoe|noe_(mabue)|noe_k|noe_kurebayashi|noe_yuzuki|okonogi_noe|万子|万子屋|小此木のえ|瑠威,紅林のえ,338,原名紅林のえ；瑠威是别名
lemontea,1,lemon|lemontea-star|lemontea_loft|lemontea_star|lemonteast|lemonteastar|teacuplemontea|胭脂色,れもち,338,other_names 含檸檬，保留
miruto_netsuki,1,netsu_(netsuki)|netsuli_(netsuki),miruto netsuki,338,无通用中文名
sakura_ryuuken,1,s_ryuken|sakura_ryuken,桜りゅうけん,338,无通用中文名
salamander_(hop-step),1,hop-step|sala_mander|salamanda|salamander|麦秋,サラマンダ,338,other_names 含小崎，保留
shin_no_tenpii,1,shin_no_ten-p|shin_no_tenp|shin_no_tenpi|shinnotenp,shin no tenpii,338,无通用中文名
supershiruco,1,takashiru|takashiru_(sil)|takashiru_(takasiru),supershiruco,338,无通用中文名
suzuki_kyoutarou,1,kyoutarou|kyoutaroucrf250|s_kyoutarou,铃木狂太郎,338,无通用中文名
tommy_(kingdukeee),1,baldtommie|kingdukeee|thetommietomm|tommiebyakkoya|tommiefkntomm|tommietomm18|tommietommart,tommy,338,无通用中文名
z.i,1,,z.i,338,无通用中文名
amai_nekuta,1,hatsumi_nectar|nectaramai,amai nekuta,337,无通用中文名
aramaru,1,ara_maru_kemo|aramarufox|shikoomaru,aramaru,337,无通用中文名
bell_(oppore_coppore),1,bell|bell-emon|bell-nyan|bell_(artist)|bell_(oppore)|bell_(satappe)|oppore_coppore,ベル,337,无通用中文名
cuteg,1,cuteg_rakugaki,cuteg,337,无通用中文名
dokuro_deluxe,1,dokubrodx|dokuro_deluxetv|dokurodx|kuromaru_works,dokuro deluxe,337,无通用中文名
ero_kaeru,1,eiro_kaeru|erokaeru,ero kaeru,337,无通用中文名
evomanaphy,1,evomanaphyart,evomanaphy,337,无通用中文名
gin_(oyoyo),1,,ぎん,337,无通用中文名
haiba_09,1,haiba_18|haiba_818,灰葉,337,原名灰葉
hakui_ami,1,,羽咋あみ,337,无通用中文名
hama_chon,1,hamatyonn,hama chon,337,无通用中文名
ichio,1,1223ichio|ichio1223|ichio_x|イチオ,イチオ,337,原名市緒
kawano_takuji,1,,kawano takuji,337,无通用中文名
keigi,1,keigi_32,keigi,337,无通用中文名
kumasyan1998,1,yarennoka1998|yosudaaaaa,伊豆介,337,other_names 含伊豆介，保留
meeko,1,,meeko,337,无通用中文名
shiontaso,1,,shiontaso,337,无通用中文名
tarachine,1,,tarachine,337,无通用中文名
ttomm,1,新宿野郎,クルーズ,337,pixiv名クルーズ；新宿野郎是别名
wasabi_(sekai),1,芥子,わさび,337,原名和錆
xiangzi_box,1,,xiangzi box,337,无通用中文名
0-den,1,,0-den,337,无通用中文名
akizuki_shigure,1,akizuki_shigure_(kondou)|akizuki_shigure_(kondou_kyouhei),秋月時雨,336,原名秋月時雨
amahara_subaru,1,amahara|amahara4|amahara_haisin|amaharasubaru|amaharasubaru777,amahara subaru,336,无通用中文名
brassica,1,brassica_18,brassica,336,无通用中文名
cloritin,1,黒裏亭珍某,くろりちん,336,原名くろりちん；黒裏亭珍某是别名
cris_art,1,cris__art,cris art,336,无通用中文名
cromwellb,1,cromwell_berlin,cromwellb,336,无通用中文名
dan_(orange_train),1,,ダン,336,无通用中文名
genkung,1,genkung2|genkungart,genkung,336,无通用中文名
hakuleg,1,hakuregu,hakuleg,336,无通用中文名
hiroe_rei,1,,広江礼威,336,原名広江礼威
ikeda_shouko,1,terawaki_shouko,池田晶子,340,原名池田晶子
itowo_(itowc),1,itowff14,itowo,336,无通用中文名
kamia_(not_found),1,kamia,kamia,336,无通用中文名
kihou_no_gotoku_dmc,1,k_dmc8109,kihou no gotoku dmc,337,无通用中文名
koruse,1,ko-ruse|korusee,こるせ,336,无通用中文名
mizin_kosutin,1,mijin_kosuchin|mizinnkosutinn,mizin kosutin,336,无通用中文名
osumoto1,1,osumoto,osumoto1,336,无通用中文名
rusky,1,rusky-boz,rusky,336,无通用中文名
sirachi,1,,sirachi,336,无通用中文名
yamato_koara,1,koaraymt|yamatokoara,yamato koara,336,无通用中文名
yuyaiyaui,1,,yuyaiyaui,336,无通用中文名
5rwpvc,1,,5rwpvc,335,无通用中文名
chocoan,1,choco_an|chocoan09|ちょこ庵,ちょこ庵,335,other_names 含鳥孤庵，保留
chocojax,1,chocojaxgogo,chocojax,335,无通用中文名
eta,1,etaun|南澄酱_水母水母水|南澄酱_沉迷水母无法自拔,南澄酱,335,中文画师，社区通用南澄酱
fujii_eishun,1,fujii_a-shun,藤井英俊,335,原名藤井英俊
gaou_(babel),1,gaou,がおう,335,无通用中文名
hamayumiba_sou,1,赤橙,浜弓場双,335,原名浜弓場双；赤橙是社团
himukai_yuuji,1,himukai_yuji|nishimukai|nishimukai_azutaka|地下裏|地下鱼!|地下鱼！|日向悠二|西向アズタカ,日向悠二,335,原名日向悠二；地下里/地下鱼是站点
imai_kazunari,1,fai_(imai_kazunari)|phai_(imai_kazunari)|phi_(imai_kazunari)|ふぁい,今井一成,335,旧名今井一成即tag；ふぁい是现昵称
kyo-hei_(kyouhei),1,kyo-hei|kyouhei|シバタ杏丙,杏丙,335,other_names 含杏丙，保留
narumiya_(narumiya),1,narumiya|narumiya0614|narumiya_(kinshi_kuiki)|narumiya_shippo|成宫|成宮,鳴海也,335,原名鳴海也
nimura_yuuji,1,nimura_yuushi|ushi_(nimura_yuuji)|糸丑,仁村有志,335,原名仁村有志
nzeneee,1,,善人,335,other_names 含善人，保留
omuretsu,1,omuretu,omuretsu,335,无通用中文名
oukawa_yuu,1,,oukawa yuu,335,无通用中文名
oyaji-sou,1,oyaji-gusa|oyaji-kusa|oyaji93|oyaji_kusa|oyajisou,oyaji-sou,335,无通用中文名
saboten_mushi,1,,saboten mushi,335,无通用中文名
sogaya,1,,sogaya,335,无通用中文名
sub-res,1,sub|sub-lewd,sub-res,335,无通用中文名
tanaka_rikimaru,1,rikimaru-s48|夕十力|田中力丸,田中力丸,335,本名田中力丸；夕十力是别名
tripdancer,1,trip-dancer|trip_dancer|trip_dancer_n,tripdancer,335,无通用中文名
ugume,1,ugume3732,ugume,335,无通用中文名
yukiunag1,1,,yukiunag1,335,无通用中文名
zuharu,1,zu-haru|zuharu_|zuharu_2,zuharu,335,无通用中文名
casul,1,casulcasulcasul|casuru,casul,334,无通用中文名
higaragi,1,hiiragi|hiiragi0209|hiiragi_(jhug8877)|hiiragi_mao,higaragi,334,无通用中文名
johan_(johan13),1,,johan,334,无通用中文名
kureha_(ironika),1,,クレハ,334,无通用中文名
machigami_yoh,1,machi40h|machiyoh|yohmachi0720,machigami yoh,334,无通用中文名
miyako_(rgrayt),1,0727aomiyako|aomiyako07|miyako-rgrayt|miyako_(00727aomiyako)|miyakomiya_r|rgrayt,miyako,334,无通用中文名
nishida_megane,1,megach|megane_man|nishidamegane,仁志田メガネ,334,无通用中文名
sakurai_energy,1,sakurai_dai_energy,櫻井エネルギー,334,无通用中文名
satomi_(black_scarecrow),1,black_scarecrow|satomi,里美,334,无通用中文名
serino_itsuki,1,jirachi_(serino_itsuki),芹野いつき,334,无通用中文名
shisoneri,1,shiso_(shisoneri),shisoneri,334,无通用中文名
sila_(carpen),1,sila|sila_(interitio),sila,334,无通用中文名
yadapot,1,8yada8|yada_pot|yada_potato|yadapoteto|yadapott8yvy7a|yadayada888,yadapot,334,无通用中文名
yoon_(dmsco1803),1,dmsco1803,yoon,334,无通用中文名
banchiku,1,,banchiku,333,无通用中文名
choujiroo,1,c02268jiro|d_jirooo|jirooo,choujiroo,333,无通用中文名
haryuu_(poetto),1,haryudesu|haryuu|poetto,haryuu,333,无通用中文名
hijiki_(hijikini),1,hiji_(hijiki-ni)|hiji_(hijikini)|hijiki-ni|hijiki_(stepyou)|hijikini,ひじき,333,无通用中文名
kaifei_(kaifei_29),1,kaifei|kaifei_29|鲜肉门,侅扉,334,other_names 含侅扉，保留
konka,1,konkashi|紺菓|绀菓|绀菓子,绀菓,333,原名紺色果実
mimoto_(aszxdfcv),1,mimoto.rot5225|mimotohumei225,mimoto,333,无通用中文名
musshu_(omu001),1,musshu|omu001,musshu,333,无通用中文名
oohira_sunset,1,ohira_sunset|oohira_sansetto|太平さんせっと,太平さんせっと,333,other_names 含太平，保留
sabana,1,sabasabaflash|sabasabanikomi,sabana,333,无通用中文名
shikido_(khf),1,khf|nori_(shikido)|norihiro_(shikido)|shikido|shikido_chahora|海苔,敷戸,333,原名敷戸
soukou_makura,1,soukoumakura,装甲枕,333,原名装甲枕
usatsuka_eiji,1,usazuka_eiji,兔冢英志,334,无通用中文名
watarai_keiji,1,,watarai keiji,333,无通用中文名
xephonia,1,xeph,xephonia,333,无通用中文名
akakage_red,1,red_(red-sight),akakage red,332,无通用中文名
curss,1,curss0529,curss,332,无通用中文名
hajime_(hajime-ill-1st),1,hajime-ill-1st|hajime_ill_1st,創,332,无通用中文名
keiki8296,1,keiki08161801,keiki8296,332,无通用中文名
mocacoffee_1001,1,moca1001,mocacoffee 1001,332,无通用中文名
nemuri_nemu,1,nemurinemu|nemuriris|ねむりねむ,眠夢,332,原名眠夢
shingo_(missing_link),1,missing_link|shingo1104,シンゴ,332,无通用中文名
x-t3al,1,,x-t3al,332,无通用中文名
coyucom,1,,coyucom,331,无通用中文名
ichiren_namiro,1,ichiren736|ichiren_736|rokumaru_inami|山田,一蓮なみろ,331,原名一蓮なみろ；山田是别名
jiino,1,,jiino,331,无通用中文名
kaneni,1,kane2____|w.kaneni,kaneni,331,无通用中文名
kusanagi_kaoru,1,,草薙芳,331,other_names 含草薙芳，保留
kuse_(0201),1,kuse|kuse010201|kuse0201,くせ,331,无通用中文名
miyahara_takuya,1,kueru_(miyazakikueru)|miyazakikueru|勇気不躊躇|宫原拓也|宮原拓也,くえる,331,现用名くえる；勇気不躊躇是社团
moe_(hamhamham),1,hamhamham|moe|moe_hiiragi,moe,331,无通用中文名
tako_(plastic_protein),1,plastic_protein|tako|takonet,たこ,331,无通用中文名
tsukushi_akihito,1,tukushi|tukushia,土笔章人,331,无通用中文名
uchuuneko,1,uchuuneko-planetaria|uchuuneko_|uchuuneko_x,uchuuneko,331,无通用中文名
yuuyuu_(yuuki1771),1,y|yuuki|yuuki1771|yuuyuu|yuuyuur18,yuuyuu,331,无通用中文名
amane_sora,1,amane_soraaa,amane sora,330,无通用中文名
anza_tomo,1,anza|凹吉,あんざ友,330,原名あんざ友；旧zh是签名装饰
dolechan,1,dole,dolechan,330,无通用中文名
feipin_zhanshi,1,废品2300|废品同调士|废品战士|废品战士@二代目|钻头吉他|钻头王|钻头钻头王,废品战士,330,中文画师，社区通用废品战士
fukuroumori,1,erofukuroumori|枭森🌸|紙路子|纸路子|纸路寝子,枭森,330,原名梟森
kokutou_nikke,1,kokutounikke,黒糖ニッケ,330,无通用中文名
kurosususu,1,kurokurosususu,黒須,330,原名黒須
less_end,1,lessend,less end,330,无通用中文名
mhk_(mechamania),1,mhkchen,mhk,330,无通用中文名
mustee,1,mustee5584,mustee,330,无通用中文名
puyo_(puyotopia),1,puyo|puyo_(topia)|topia,puyo,330,无通用中文名
sills,1,shiruzu_(sills_ud)|sills_ud|sillskk,sills,330,无通用中文名
take_(shokumu-taiman),1,shokumu-taiman|take,タケ,330,无通用中文名
thirty_8ght,1,thirty8ght,thirty 8ght,330,无通用中文名
tridisart,1,tridis,tridisart,330,无通用中文名
wakamepiza,1,w.piza|wpiza,wakamepiza,330,无通用中文名
zinno,1,aqua_zinno|spzinno,zinno,330,无通用中文名
zonda_(solid_air),1,solid-zonda|solid_air|solid_zonda|zonda,ぞんだ,330,无通用中文名
ar_(rikuesuto),1,aramaki|aramaki_(ar_(rikuesuto)),ar,329,无通用中文名
athenawyrm,1,,athenawyrm,329,无通用中文名
bob_(biyonbiyon),1,biyonbiyon|bob|bob_(pixiv91521),bob,329,无通用中文名
c.r.,1,c.r,しーあーる,329,无通用中文名
duoj_ji,1,duoj,来瓶花椒油,329,中文画师，社区通用来瓶花椒油
hiruno,1,,hiruno,329,无通用中文名
indosou,1,indo-sou|indo_no_kyuuden!|indozou,indosou,329,无通用中文名
ishihara_masumi,1,,ishihara masumi,329,无通用中文名
jaho,1,jaho-12,jaho,329,无通用中文名
jellcaps,1,jellcaps18,jellcaps,329,无通用中文名
kangetsu_(fhalei),1,_観月_🎨|fhalei|kangetsu|kangetsu_yukimi|rancyou|听风|左舷弹幕不足|観月,観月,329,原名観月；旧zh带下划线
kazabuki_poni,1,poni|poniko|w_poni,风吹ぽに,329,无通用中文名
kuroda_bb,1,,kuroda bb,329,无通用中文名
maeshimashi,1,,maeshimashi,329,无通用中文名
mizunashi_kenichi,1,mizunashi_(ken'ichi)|mizunashi_(kenichi)|mizunashiken1|水無けにち,水無,329,原名水無
sakuremi,1,sakurecchi|sakuremi27|sakuureh|sakuuremi,sakuremi,329,无通用中文名
suzume_inui,1,白容裔|铃眼|雀依縫|雀依缝,鈴眼依縫,329,原名鈴眼依縫
umekko,1,umekkodo,うめっこ,329,无通用中文名
walluka,1,walluku,南潮鸣,329,other_names 含南潮鸣，保留
yue_(show-ei),1,show-ei|yue|yue_niconico,yue,329,无通用中文名
yuura,1,,yuura,329,无通用中文名
yuza,1,,yuza,329,无通用中文名
aiuti,1,aiuti01,aiuti,328,无通用中文名
chiri_(atlanta),1,atlanta_(chiri)|chiri_(arantanto)|chiri_(aratant)|chiri_(atoranta),ちり,328,无通用中文名
funa_(sakana),1,,funa,328,无通用中文名
huan_li,1,,幻漓,328,中文画师，原名幻漓
kaiza_(rider000),1,,kaiza,328,无通用中文名
kiba_satoshi,1,kibasatoshi|kibasuke|きばすけ,木場智士,328,原名木場智士
kuroba_rapid,1,968_(rapid_clover)|clover_rapid|inaba_rapid|inaba_rapiddo|rapid_clover|rapid_house|rapid_inaba,kuroba rapid,328,无通用中文名
lloule,1,,lloule,328,无通用中文名
nanin,1,aoinaning|naning,nanin,328,无通用中文名
nekojira,1,ネコジラ|猫鲸,貓鯨,328,社区通用猫鲸；毛巾帽猫鲸是装饰签名
nksk,1,nakoshiki_(nksk)|nksk45|nksk_kabann,nksk,328,无通用中文名
nueco,1,,nueco,328,无通用中文名
quasimodox,1,quasimodoxart,quasimodox,328,无通用中文名
shima-shuu,1,shima-syuu|shima_shuu|shima_syu|shima_syuu|shimashuu|shimasyuu,shima-shuu,328,无通用中文名
sylvia_(huajiuhuajiu),1,raicy|sylvia,花久花酒,328,中文画师，社区通用花久花酒
yufukiri,1,yufu|yufuissei0702|yufukirima,由訃,328,原名由訃
013_(hamsasuke),1,倫9|鸟笼事务所,013,327,现用名013；伦9是旧名
2equal8,1,,2equal8,327,腕白少女是社团，无通用中文个人名
aotake_iro,1,,青竹色,327,原名青竹色
carbon12th,1,carbon12x,carbon12th,327,无通用中文名
creek_(moon-sky),1,creek|creek_(stream_of_creek)|creek_bot|creek_neo|moon-sky|stream_of_creek,creek,327,无通用中文名
dearmybrothers,1,dear,dearmybrothers,327,无通用中文名
fffukuzawa,1,fukuzawaaaaa,福澤,327,other_names 含福澤，保留
fish.boy,1,小鱼|鱼总|鱼泳振,小小鱼,327,中文画师，社区通用小小鱼
gomashi_(goma),1,goma|goma1005|gomashi|gomashi1005|gomashi_2gouki|gomashi_3gouki|gomashi_nigouki,ごまし,327,原名ごまし；地下研究所是社团
jp06,1,jp,jp06,327,无通用中文名
kolshica,1,kolshicako|！湖子,！湖,327,原名！湖
kyuuri_(miyako),1,きゅうり,唯川,327,other_names 含唯川，保留
mokke_(mokke99),1,mokke|mokke99,もっけ,327,无通用中文名
nightcat,1,meow_nightcat|meownightcat|夜猫+喵依|夜貓+喵依,双猫屋,327,other_names 含双猫屋，保留
ohitashi_netsurou,1,ckomockxxxnetsurou|ohitashi_netsuo,ohitashi netsurou,327,无通用中文名
oimoto_jirou,1,oimoto,oimoto jirou,327,无通用中文名
purin_a_la_mode_(popup),1,popup|purin_a_la_domo|purin_a_la_mode,purin a la mode,327,无通用中文名
sanari_(quarter_iceshop),1,iceshop|quarter_iceshop|sanari|sanarium|tsukushi_sanari|朝翠,さなり,327,现用名さなり；朝翠是旧名
shiodome_oji,1,,汐王寺,327,原名汐王寺
tatekawa_mako,1,mako_tatekawa,館川まこ,327,无通用中文名
tof,1,tof_(mattjef),tof,327,无通用中文名
amami_amayu,1,amayu|amayu_(i'e_poison)|amayu_(iehoys2000yahoo),amami amayu,326,无通用中文名
bloom2425,1,shion_(bloom2425),詩穏,326,other_names 含詩穏，保留
irori,1,iroricon|koiko_irori,irori,326,无通用中文名
kounosu_satori,1,kounosu|kounosu000,鴻巣覚,326,原名鴻巣覚
maki_ikazuya,1,,maki ikazuya,326,无通用中文名
matataku,1,,matataku,326,无通用中文名
mazume,1,mazu-meh|wazume,mazume,326,无通用中文名
nikku_(ra),1,nikku100daime,nikku,326,无通用中文名
noba,1,noba_(transloader)|nobayashi_shinjirou|s-_noba|s.nobayashi|s_noba|s_nobayashi|shinjiro_nobayashi,の歯,326,无通用中文名
potato_pot,1,,芋鍋,326,原名芋鍋
rikumaru,1,riku_maru,りくまる,326,无通用中文名
rikume,1,,rikume,326,无通用中文名
ryoutan,1,ryoutan0520|ryoutanf,ryoutan,326,无通用中文名
uro_(urotanc),1,uro|urotanc,ウロ,326,无通用中文名
aona_(anagasaki),1,aona_(kuuga19yuu),aona,325,无通用中文名
ayuayu_(shouyu_no_sato),1,ayuayu|ayuayu1192|ayuayu_(artist)|shouyu_no_sato|雾岛鲇🔞|霧島鮎,アユアユ,325,原名アユアユ；雾岛鲇是别名
harihisa,1,,張久,325,other_names 含張久，保留
izure_(pixiv16392012),1,,いづれ,325,无通用中文名
katatsuka_kouji,1,k_katatuka|k_katatuka18|katatuka,片塚工司,325,原名片塚工司
katsushika_pachi,1,,葛飾ぱち,325,无通用中文名
kereno,1,am-kereno|am_kereno|amber_kereno|kereno_6|kereno_amber|kereno_teikoku,けれの,325,无通用中文名
kidmo,1,kidmo_art,kidmo,325,无通用中文名
kureha_mitsushige,1,自由本舗“宇”,自遊本舗「宇」,325,原名紅葉満重
mochi_(k620803n),1,k620803n|mochiya20200622,モチ,325,无通用中文名
narynn,1,han_narynn|narynn_h,narynn,325,无通用中文名
packge,1,pack_er_5,packge,325,无通用中文名
reddizen,1,,reddizen,325,无通用中文名
rudoni,1,,ルドーニ,325,无通用中文名
saitou_(lynx-shrike),1,a_saito_3110|acerola-saito|lynx-shrike|saitou,斎藤,325,无通用中文名
shimure_(460),1,shimure|simure460|simurien,shimure,325,无通用中文名
shinjitsu,1,苍穹工房,真实,325,原名真実
shunsuke,1,syunsuke1009|俊介|空翔俊介|空翔俊介✨単行本発売中✨,俊輔,325,原名俊輔
tare_(tonikaku_magaru),1,tare|tare_nu|tare_orz|tonikaku_magaru,たれ,325,无通用中文名
zippo_(3756c),1,3756c|zippo|zippofuyuki,zippo,325,无通用中文名
anshinmama,1,maximummama,あんしんママ,326,无通用中文名
asameshi,1,,asameshi,324,无通用中文名
ataru_(cha2batake),1,ataruarata|cha2batake,あたる,324,无通用中文名
bebebe_(pepegakii),1,bebenosyumiyou|manabebebe,べべべ,324,无通用中文名
doxy,1,doxyonta,doxy,324,无通用中文名
k2isu,1,,ケィス,324,无通用中文名
karei,1,hirame_karei|shouga_(hiramememe),かれい,324,无通用中文名
kono_(xerondan321),1,kono|kono001|kono82s|kono_konokon|konodesu|konokon|konokon41207725|xerondan|xerondan321,河野,324,无通用中文名
len_(hand_linke),1,hand_linke|len,len,324,无通用中文名
li_(lithium0522),1,0522_lithium|li|lithium|lithium0522|lithium_no_kojin_circle,吉田新月,324,other_names 含吉田新月，保留
makai_no_juumin,1,makai-no-jyumin|makai_no_jyumin|makaij,makai no juumin,324,无通用中文名
meitoro,1,meitoro77|saitoro_(meitoro)|toro_(meitoro),meitoro,324,无通用中文名
muteppona_hito,1,mute_poppo|mutemuti_pai,muteppona hito,324,无通用中文名
nada_haruka,1,nada_kanitabeta|nadaharuka|nadaharuka1119,灘遥歌,324,原名灘遥歌
ress,1,,ress,324,无通用中文名
tatsunami_youtoku,1,yo_tatsunami|youtoku_tatsunami|辰波|辰波要徳|辰波要徳🔞,辰波要徳,324,全名辰波要徳，不可截成辰波
totoharu_(kujirai_minato),1,kujirai_minato|totoharu|totoharu_(kuroshiroduet),totoharu,324,无通用中文名
totoki86,1,totokitika|十时,十時,324,other_names 含十時，保留
z-ton,1,,z-ton,324,无通用中文名
aki663,1,圈酱被四天十狼握紧心脏|羽川,圈酱,323,中文画师，社区通用圈酱
binato_lulu,1,binato|binato.ae,binato lulu,323,无通用中文名
hakkai,1,hakkai8|白海山,白海山,323,原名白海山；旧zh带颜文字
kaenuco,1,kaenuco1128|kaenuko|kaenuko_(kaenuco),かえぬこ,323,无通用中文名
kanachirou,1,kana|kanachiro,kanachirou,323,无通用中文名
kozakura_(dictionary),1,erngkozakura|koza|koza-0109|koza_0109|koza_mom0|koza_momo|koza_ssk|kozakura|kozakura13|kozakura_(koza),kozakura,323,无通用中文名
kujiran,1,kuji|kujira_logic,くぢらん,323,无通用中文名
miyuki_ruria,1,ruria,miyuki ruria,323,无通用中文名
nakatama_kyou,1,kyou|kyou_(kurifuto)|tamari_kyouhei|you|裏路地38番街,タマリキョウヘイ,323,笔名タマリキョウヘイ；里路地38番街是站点
shimogamo_(shimomo_12),1,shimomo_12,下鴨,323,原名下鴨
tsuezu,1,tsuedu,tsuezu,323,无通用中文名
unapoppo,1,,unapoppo,323,无通用中文名
valentine_(02140314c),1,,ばれんたいん,323,无通用中文名
yanyan_(shinken_gomi),1,shinken|shinken_gomi|yanyan,yanyan,323,无通用中文名
yuri_(fl0werspace),1,yuri_(pixiv_76483886),yuri,323,无通用中文名
aka_ringo,1,aka_ringo_(az)|aka_ringo_(az+play)|akaringo|筑紫真斗,赤りんご,322,原名赤りんご；筑紫真斗是别名
araki495,1,,理紅,322,other_names 含理紅，保留
asgykk,1,,asgykk,322,无通用中文名
gesugesu_ahoaho,1,,gesugesu ahoaho,322,无通用中文名
hanazawa_suou,1,hanazawasuou,花澤すおう,322,无通用中文名
houkisei,1,houk1se1|houkiboshi_(mmjw7432),ほうき星,322,无通用中文名
isse,1,issee|issei,isse,322,无通用中文名
kawakami_masaki,1,kawakakmi|kawakamimasaki|kawakamimasaki_|masaki_kawakami_manga,川上真树,322,原名川上真樹
mousou_(mousou_temporary),1,moso_(mousou_temporary),妄想,322,原名妄想
murayama_ryota,1,murayama_ryouta,村山竜大,322,原名村山竜大
nuka_(nvkka),1,nuka_nukka|nvkka,nuka,322,无通用中文名
pink_ocean,1,,pink ocean,322,无通用中文名
ruuto_(sorufu),1,ruuto|ruuto_(chitone)|るーと|廃弃弁当,雪墨,322,现用名雪墨
sasakura,1,,sasakura,322,无通用中文名
sino_(sionori),1,芭蕉,篠,322,原名篠；芭蕉是别名
sora_to_umi,1,soratoumi000,sora to umi,322,无通用中文名
st_(youx1119),1,st,st,322,无通用中文名
tnolize,1,,tnolize,322,无通用中文名
yoshito,1,𝐔𝟏𝟎_/_绘仕事_募集中,由人,322,other_names 含由人，保留
zeatto,1,,zeatto,322,无通用中文名
grandia_lee,1,grandia42783429|grandia_gen|grandialee,grandia lee,321,无通用中文名
idoraad,1,idooraaa_lol_lol|idoraado,idoraad,321,无通用中文名
kentan_(kingtaiki),1,,kentan,321,无通用中文名
kirisaki_byakko,1,byakko-k|byakko_k|byakkoseafox|白狐|雾咲_白狐|雾咲白狐,雾咲白狐,321,全名霧咲白狐，不可截成白狐
matsunaga_(haku),1,matsunaga,松永,321,原名松永
mephisto_(angraecum),1,angraecum|mephist|mephist-pheles|mephist0216|mephisto_shizukihitomi|mephistpheles|めふぃすと,雫綺一生,321,other_names 含雫綺一生，保留
munlu_(wolupus),1,lu|munlu|wolupus,munlu,321,无通用中文名
neko_(yanshoujie),1,neko|neko_4cfantasy|yans|yanshoujie|猫,四色綺想,321,中文画师，社区通用四色绮想
sameda_koban,1,sameda|samedak,さめだ小判,321,无通用中文名
tsukamoto_anabone,1,anabone|donut_bone,塚本穴骨,321,原名塚本穴骨
yoneyama_mai,1,maiyoneyama|yone|yoneyamai,米山舞,321,原名米山舞
yuyu_(00365676),1,,ゆゆ,321,原名悠遊
chinikuniku,1,,chinikuniku,320,无通用中文名
chis_(js60216),1,chis|js60216,chis,320,无通用中文名
gacha-m,1,gacha_m|gachamukku,gacha-m,320,无通用中文名
helvetica_std,1,,helvetica std,320,无通用中文名
hokori_sakuni,1,,埃策尔,320,other_names 含埃策尔，保留
kinomiki_nobori,1,kinomiki_(tales22),樹乃幹,320,原名樹乃幹
kitsune-neko,1,kitsune_neko|kitsune_neko1|kitsuneneko2,狐猫,320,原名狐猫
nirap,1,nira-p|nira0129|niranira0129|nirapii|加美良,にらぴー,320,原名にらぴー；加美良是别名
noi_mine,1,,noi mine,320,无通用中文名
non_(nuebako),1,imoni_non|non_(3alfonce)|non_(toyamanon)|nuebako|toyamagatanon|toyamanon|鵺箱,のん,320,原名のん；鵺箱是社团
odd_(hin_yari),1,hin_yari|odd|odd_sky475,odd,320,无通用中文名
osame,1,osamesamesame,osame,320,无通用中文名
poco_(backboa),1,backboa|mini-poco|poco_(mini-poco)|poppoco_ya,ポコ,320,无通用中文名
saruanu,1,saru_ass|saruanu_(yodare)|saruasu_(saru_ass)|yodare_(225193)|yodare_(saruanu),saruanu,320,无通用中文名
sky_cappuccino,1,,sky cappuccino,320,无通用中文名
tetto_(onnoveltet),1,tetto,tetto,321,无通用中文名
yonaga_san,1,yonaga,yonaga,320,无通用中文名
4qw5,1,4qw51,4qw5,319,无通用中文名
asou_(asabu202),1,asabu202|asou|asou_asabu,麻生,319,other_names 含麻生，保留
atsushi_(aaa-bbb),1,aaa-bbb,atsushi,319,无通用中文名
bunji,1,bunjikun,bunji,319,无通用中文名
hitofutarai,1,,hitofutarai,319,无通用中文名
iroha_(shiki),1,iroha|shiki,いろは,319,无通用中文名
lingshalan,1,,绫纱岚,319,中文画师，原名绫纱岚
mutou_mato,1,mutou,武藤まと,319,无通用中文名
nagomi_(mokatitk),1,mokatitk|nagomi,なごみ,319,原名なごみ；乱痴気乙女是社团
natsumi_akira,1,akiranatsumi|natsu_no_umi|natsunoumiblog|夏海彰|秋桜|秋樱,夏海あきら,319,现用名夏海あきら；夏海彰是旧名
s10021,1,,s10021,319,无通用中文名
satomi_yoshitaka,1,,里見義孝,319,原名里見義孝
sushio,1,石崎寿夫,すしお,319,艺术名すしお；石崎寿夫是本名
ter_(otokoter),1,ter|夏阿特|斗苦|超斩开,夏春秋,319,other_names 含夏春秋，保留
usume_shirou,1,,うすめ 四郎,319,无通用中文名
aa211108,1,,aa211108,318,无通用中文名
araido_kagiri,1,araidokagiri,新挑限,318,原名新挑限
boyaking,1,boyaking(sbf),boyaking,318,无通用中文名
hondaranya,1,,hondaranya,318,无通用中文名
ibuo_(ibukht1015),1,ibukht1015|ibuo|伊尾|伝染,亥緒,318,other_names 含亥緒，保留
kiui_(dagk8254),1,kiui,kiui,318,无通用中文名
kotobuki_tsukasa,1,sakatsuki_butoko|坂月武常,ことぶきつかさ,318,原名ことぶきつかさ；坂月武常是别名
kuma_(crimsonvanilla),1,crimsonvanilla|kuma,くま,318,无通用中文名
lr_hijikata,1,lr,lr hijikata,320,无通用中文名
magui3,1,_magui3|magui,magui3,320,无通用中文名
marimo_(yousei_ranbu),1,330marimo|marimo330|marimo_(330marimo)|marimo_(lilium)|marimolilium|yousei_ranbu,マリモ,318,原名マリモ；妖性乱舞是社团
oshioshio,1,oshio|oshio_(chimo)|oshio_(dayo)|oshio_dayo|oshiodayo,oshioshio,318,无通用中文名
q_azieru,1,q.azieru|q.azieru_room|qazieru|qazieru2,q azieru,318,无通用中文名
solopipb,1,hihumiyoimu|sakekan_solopip|soropippu-b|soropippu_b|soropippub,solopipb,318,无通用中文名
yoshiku_(oden-usagi),1,oden-usagi|piroshiki315|yoshiku|yoshiku449|yoshiku_(oden_usagi)|yoshikuni4492|yoshikuni_(collect449),四々九,318,无通用中文名
fujii_masahiro,1,藤井昌弘,藤井昌宏,317,原名藤井昌宏
gatau,1,gatau_1982,gatau,317,无通用中文名
hjl,1,hjl2010|hjlgarlic,hjl,317,无通用中文名
kuro_mushi,1,kuromusi3983,kuro mushi,317,无通用中文名
kuzuvine,1,kuzu,kuzuvine,317,无通用中文名
kyogoku-uru,1,kyougoku-uluu|京極_閏,京极闰,317,原名京極閏；旧zh带下划线
mitsunara,1,,mitsunara,317,无通用中文名
morinaga_miki,1,harumori|molly_(morinaga)|molly_miki|morii_(morinaga)|morinagamiki|森永,森永ミキ,317,全名森永ミキ，不可截成森永
odachu,1,,織田中二,317,原名織田中二
ouhara_lolong,1,,ouhara lolong,317,无通用中文名
sasa_kichi,1,eno6_sub|sasakichi_(th_nitrkwe)|sasami_(th_nitrkwe),sasa kichi,317,无通用中文名
sen'yuu_yuuji,1,sen'yuu_(tatakai_no_kiseki)|sennyuuyuuji|戦友,戦友ゆうじ,317,全名戦友ゆうじ，不可截成戦友
seno_(senohime),1,seno_(piacere)|seno_(sayomido014)|senohime,seno,317,无通用中文名
tsukimirin,1,,tsukimirin,317,无通用中文名
uzaki_(jiro),1,jiro|uzaki_(duckbeans)|uzaki_(eostre)|uzaki_(zuro)|uzaki_koya|uzakin|じろ,宇崎,317,原名宇崎
yug_(ekaki),1,ekaki|ekakiyug|yug|yugmix_dj_circle,yug,317,无通用中文名
yuntaro_(ramen_star),1,ramen_star|yun_(kbdenz9),yuntaro,317,无通用中文名
akisa_yositake,1,akisa_(12023648)|akisayositake,akisa yositake,316,无通用中文名
catsmoon,1,catonmoon|catsingram|咸鱼喵CAT,幽雪冥蝶,316,中文画师，社区通用幽雪冥蝶
chinchongcha,1,,chinchongcha,316,无通用中文名
chixiao,1,赤霄,熾霄,316,中文画师，社区通用炽霄
chounorin,1,chonorin|chou_no_rin|鳩豆舎,蝶ノ凛,316,原名蝶ノ凛；鸠豆舎是社团
coreytaiyo,1,coreytaiyo01|coreytaiyo2,coreytaiyo,316,无通用中文名
endou_(zettai_bluenoid),1,endou_(endouvocalotyu)|endouvocalotyu|endouvocalotyu2010|zettai_bluenoid,えんどう,316,无通用中文名
higa_yukari,1,higayukari|higayukari2nd|higayukari_insta|yukarihigafp,緋賀ゆかり,316,无通用中文名
ichi-jirushi,1,ichijirushi|制缶工场（仮|製缶工場,いちじるし,316,现用名いちじるし；制缶工场是旧名
jam_(nandade),1,jam|jam-1|jamjamjam1620|nandade,jam,316,无通用中文名
kanmoku-san,1,,kanmoku-san,316,无通用中文名
kazane-wind,1,,風音,316,原名風音
kiya_machi,1,kiyamachi|木屋_町|木屋町,木屋町,316,原名木屋町；旧zh带下划线
kurono_mitsuki,1,kuro_0807|kurono-mitsuki|kurotuki_nn,时之美月,316,无通用中文名
las91214,1,,las91214,316,无通用中文名
masaki_itsuki,1,masakiituki|masakituki10,masaki itsuki,316,无通用中文名
minase_(takaoka_nanase),1,mi_nanase|michimichi_(nanase)|nanase_(hi_no_umi)|nanase_takaoka|takaoka-nanase|takaoka_nanase|高丘七濑|高丘七瀬,御奈瀬,316,现用名三七瀬
nanahamu,1,,ななはむ,316,无通用中文名
siino,1,siino13|siino_13,siino,316,无通用中文名
tada_no_nasu,1,tada_nasu,tada no nasu,316,无通用中文名
takase_asagiri,1,,鷹瀬あさぎり,316,无通用中文名
toriniku29,1,toriniku,鶏肉,316,原名鶏肉
tsunashima_shirou,1,sirou.tunasima,綱島志朗,316,原名綱島志朗
zombie_mogura,1,mogura,zombie mogura,316,无通用中文名
ashita_(2010),1,ashita|日月日,アシタ,315,原名葦田
bsapricot,1,bittersweetapricot,bsapricot,315,无通用中文名
dadijiji,1,大地寂寂,大地寂寂,315,中文画师，社区通用大地寂寂
gunjou_row,1,群青狼様,群青狼,315,原名群青狼
ima_(lm_ew),1,,ima,315,无通用中文名
micon,1,micon40124147,micon,315,无通用中文名
mochiya_marosuke,1,jajamaro|mochi_nomi_|餅屋,餅屋まろ助,315,全名餅屋まろ助，不可截成饼屋
nami_(nyaa),1,nami|nami-nya|nami.nya|nami_nyaa|namiichii|naminya|xnamii,nami,315,无通用中文名
ne-on,1,,ne-on,315,无通用中文名
nightmare77zx,1,,nightmare77zx,315,无通用中文名
obj_shep,1,justshep|negashep|obj.shep|objshep|shep_r,obj shep,315,无通用中文名
owa_(ishtail),1,ishtail,尾和,315,无通用中文名
prime_(prime_tw),1,prime|prime_st|prime_tw|primeblog|primeneko|猫（♂）,ぷらいむ,315,原名ぷらいむ；猫（♂）是签名语
reimei_(r758120518),1,aka_syouga|r75812|r758120518|reimei|reimei75812z|reimei_(r75812)|红生姜|黎明|黎明___🔞,黎明,315,other_names 含黎明，保留
rukitsura,1,rukitsura.|yuu-san_(rukitsura),rukitsura,315,无通用中文名
sanshita,1,,sanshita,315,无通用中文名
tarbo_(exxxpiation),1,ex_tarbo|extarbo|exxxpiation|taabo_(tarbo)|tarbo|tarbo8421|tarbo_(haru8421)|tarbo_(taabo),tarbo,315,无通用中文名
tsunoji,1,,白鈴,315,other_names 含白鈴，保留
uni_(plastic_girl),1,kokouni|plastic_girl|yuuni,うに,315,原名夕仁
wu_ganlan_cai,1,,乌橄榄菜,315,中文画师，原名乌橄榄菜
yamakawa,1,yama_kawa,yamakawa,315,无通用中文名
yoshiki,1,akiyoshiki,遠藤良危,315,other_names 含由杞，保留
aiuabo,1,あいうあぼ,愛生安保,314,other_names 含愛生安保，保留
bilibili_xiaolu,1,bilibili小氯,氯酸钾的分解,314,中文画师，社区通用氯酸钾的分解
chiroshiron,1,shiron|shiron_(e1na1e2lu2ne3ru3)|sironn16,chiroshiron,314,无通用中文名
chiyingzai,1,zhiying|诱拐禁止,帜瑛,314,中文画师，原名帜瑛
hayakawa_akari,1,akari_hayakawa|akarisub_,早川あかり,314,无通用中文名
kaede_(shijie_heping),1,amitabha_(kaede)|kaede_(kaejyan)|kaede_idoit|世界和平|槭属枫科植物|灭茶苦茶马鹿野郎|金桂乌龙枫|闭关修行慧因|闭关慧因,枫（ゆか）,314,原名かえで；世界和平是站点名
kamee_(kamee_f),1,仮名,仮銘,314,原名仮銘
keiko_(mitakarawa),1,mitakarawa,K子,314,other_names 含計子，保留
kirome_(kamipaper),1,kamipaper|kirome|kirome65535,きろめ,314,无通用中文名
kitano_(kitanosnowwhite),1,kitano|kitanohoukara|kitanokanata,kitano,314,无通用中文名
kofunami_nana,1,,kofunami nana,314,无通用中文名
matsumotoke,1,松本家_御爱用|松本家御爱用,松本家御愛用,314,other_names 含松本家，保留
miaogujun,1,miaoguujuun_qvq,喵咕君,314,中文画师，社区通用喵咕君
morumoru_x,1,moruworks,鎌倉結希,314,other_names 含鎌倉結希，保留
nam_(valckiry),1,nam_(fallinchoas)|nam南姆|valckiry,緋色大地,314,台湾画师，社区通用绯色大地
ryokucha_michi,1,ryokuchamichi,ryokucha michi,314,无通用中文名
safi,1,safi_(windtone),さふぃ,314,无通用中文名
sasakura_(calicchio),1,sasakura_(calicchio23)|sasakura_(calicchio_cej15330),sasakura,314,无通用中文名
shoori_(migiha),1,migiha,shoori,314,无通用中文名
taya_oco,1,taya|taya_5323203,taya,314,无通用中文名
teffish,1,teffishily,teffish,314,无通用中文名
yo_na,1,yo__na__|yo__na____|yo_na_(yo_na_),yo na,314,无通用中文名
aoi_kujira,1,aioi_aoi|aokuji|あおいくじら,相生青唯,313,other_names 含相生青唯，保留
ayya_sap,1,ayya_saparniyazova|ayyasap,ayya sap,313,无通用中文名
budgiepon,1,budgie,budgiepon,313,无通用中文名
delsaber,1,_saber7|saber7,delsaber,313,无通用中文名
fuuna,1,,風那,314,原名風那
go_robots,1,,go robots,313,无通用中文名
gomashio_ponz,1,gomashio-ponz|gomashioponzu|oponzponpon,gomashio ponz,313,无通用中文名
hagiwara_rin,1,hagiwararin|萩原|萩原凛,萩原凛,313,全名萩原凛，不可截成萩原
hazuki_haru,1,haduharu_modoki|hadukiharu|hadukiharu0606|hadzuki_haru|hazuharu_modoki|hazukiharu0606|udukiharu0606,hazuki haru,313,无通用中文名
kaede_(yumesaki_kaede),1,meng_xiao_kaede|yumesaki_kaede,枫（ゆか）,313,中文画师，社区通用梦咲枫
kuren,1,kuren_(orange_star),kuren,313,无通用中文名
kusakabe_(kusakabeworks),1,kusakabe|kusakabe.uno|kusakabe_(duskfalls)|kusakabeworks|uno_kusakabe|宇野草壁|宵月画房|草壁,草壁,313,原名草壁；夜営画室/宵月画房是站点
maanu,1,,maanu,313,无通用中文名
nagatsukiin,1,,長月院,313,原名長月院
narushima_kanna,1,godo_narushima|kanna|kanna-narushima|kanna_peche,narushima kanna,313,无通用中文名
rity,1,k_rity|t|t_rity,rity,313,无通用中文名
ryo_(liver_sashi_daisuki!),1,liver_sashi_daisuki!|ryo_w,りょう,313,无通用中文名
santa_matsuri,1,santa_maria,さんた茉莉,313,无通用中文名
sougetsu_(yosinoya35),1,sougetsu999|yosinoya35,sougetsu,313,无通用中文名
suetake_(kinrui),1,,末武（菌类）,313,原名末武（菌類）
temari_rin,1,手鞠铃_🎨,手鞠鈴,313,原名手鞠鈴
tkhs,1,e-tkhs|takahashi_(tkhs)|tkhs_(takahashi),tkhs,313,无通用中文名
u-suke_(supertie),1,supertie|u-suke|u_jie|u_suke,u-suke,313,无通用中文名
akanagi_youto,1,紅薙|紅薙遥兎|红薙遥兔,紅薙遥兎,312,全名紅薙ようと，不可截成紅薙
aruka_(alka_p1),1,alka_p1|aruka,aruka,312,无通用中文名
ctrlz77,1,,ctrlz77,312,无通用中文名
dickfish_(fishismdick),1,dickfish.|fishism,dickfish,312,无通用中文名
house_tag_denim,1,,house tag denim,312,无通用中文名
j.k.,1,,j.k.,312,无通用中文名
jaco,1,age_jaco|jaco-lantern|jaco_(lantern)|jaco_(tangerinedrop_tea)|jaco_l,jaco,312,无通用中文名
jin_akhr,1,,jin akhr,312,无通用中文名
k_jie,1,k_machi|onst_k|st._k,k jie,312,无通用中文名
kagoya1219,1,osarunokagoya,kagoya1219,312,无通用中文名
kimtoxic,1,,kimtoxic,312,无通用中文名
kingin,1,,金銀,312,原名金銀
maekawa_suu,1,,maekawa suu,312,无通用中文名
mutou_kurihito,1,kurihito|kurimoko|kuripoko,武藤此史,312,原名武藤此史
nyifu,1,,nyifu,312,无通用中文名
shamonabe,1,shamo_nabe|syamonabe|syamonabe002|syamonabe006|軍鶏鍋,シャモナベ,312,原名シャモナベ；軍鶏鍋是别名
toriatto_gununu,1,tori_at_gununu|toriattogununu,toriatto gununu,312,无通用中文名
touyarokii,1,,touyarokii,312,无通用中文名
yutamaro,1,yutamaro43,yutamaro,312,无通用中文名
alkemanubis,1,alke|alkestomb|lucas_(alkemanubis),alkemanubis,311,无通用中文名
amai-pai,1,amai_pai,amai-pai,311,无通用中文名
arai_togami,1,,荒居栂美,311,原名荒居栂美
mieharu,1,mieharu120,mieharu,311,无通用中文名
mojarin_(kihara_mojarin),1,kihara-mojarin|kihara_moja|kihara_mojarin|kmojarin|mojarin_(team_kihara),もじゃりん,311,无通用中文名
nikuku_(kazedesune),1,kazedesune|nikuku|小尻|尼哭哭,尼哭哭,311,台湾画师，现用名尼哭哭；小尻是旧名
rinto_(rint_rnt),1,rint62|rint626|rint_rnt|rinto,凛堵,311,other_names 含凛堵，保留
sakurato_ototo_shizuku,1,,sakurato ototo shizuku,311,无通用中文名
sha2mo,1,,sha2mo,311,无通用中文名
sogawa,1,sogawa66,姐川,311,other_names 含姐川，保留
suzushiro_(suzushiro333),1,suzushiro|suzushiro333,すずしろ,311,无通用中文名
ttk_(kirinottk),1,kirino|kirinottk|ttk|桐野野野,桐野,311,other_names 含桐野，保留
wamu_(chartreuse),1,chartreuse|terawamu|wamu_(00336699)|wamu_(terawamu),wamu,311,无通用中文名
zero-theme,1,zero|zero_0w0,zero-theme,311,无通用中文名
40010prototype,1,40010_1-go|seema40010,40010prototype,310,无通用中文名
azuki_yui,1,,阿月唯,310,原名阿月唯
baniran_dorosu,1,banira|banira716,baniran dorosu,310,无通用中文名
banpai_akira,1,ban_akira|神秘的大頭,晩杯あきら,310,原名晩杯あきら；神秘的大头是别名
hakaba_(dairiseki),1,hakaba,墓场,310,原名墓場
haneramu,1,haneramumk2,haneramu,310,无通用中文名
hisakabe_oto,1,hisakabe_oune|久壁桜音,久壁おと,310,原名久壁おと
hito_komoru,1,hikihito|hitoimim|hitoimoimo,hito komoru,310,无通用中文名
kezune_(i-_-i),1,i-_-i_(kezune)|kezune,kezune,310,无通用中文名
kimizuka_aoi,1,aoi_project,きみづか葵,310,无通用中文名
lvi,1,lvi_(lvixxx)|lvith|lvixxx,lvi,310,无通用中文名
miso_(misomiso_154),1,,miso,310,无通用中文名
nekomugiharu,1,nekomugi|伊月|猫麦|猫麦春,猫麦春,310,全名猫麦春；伊月是别名
nuriko-kun,1,nuri,烏鴨,310,other_names 含烏鴨，保留
rinyamame,1,,南向绘蜘蛛,310,other_names 含南向絵蜘蛛，保留
siera_(sieracitrus),1,siera|sieracitrus|sieraorange,siera,310,无通用中文名
tussy,1,supertussy4545|tussy1970|tussy324|tussy_futatin,tussy,310,无通用中文名
zipsunz,1,,zipsunz,310,无通用中文名
akata_itsuki,1,agata_itsuki|agata_izuki|akataizki,亜方逸樹,309,原名亜方逸樹
ana_(rznuscrf),1,ana_ame|ana_ame0|rznuscrf,穴,309,无通用中文名
cenangam,1,cen,cenangam,309,无通用中文名
cremanata,1,cremanata_art,cremanata,309,无通用中文名
endou_okito,1,70年式悠久机関|okito_endoh,袁藤冲人,309,原名袁藤沖人
hazuki_ruu,1,,hazuki ruu,309,无通用中文名
heirou,1,heiro_man|heiroo|heiroo_(kaz-r),heirou,309,无通用中文名
kanda_done,1,done_kanda|kanda_dan,kanda done,309,无通用中文名
kokuriu,1,kokuriu02|マゴロク|黒龍眼,こくりう,309,现用名こくりう；黒龍眼是旧同人名
kuro_(tbm9187),1,,kuro,309,无通用中文名
nora_wanko,1,nora_wanko_(dog_noodle)|norainu101|norainu_(101)|norawanko|norawanko102|norawankoubou|suwanko_nora|urawanko102|野良犬,のらわんこ,309,现用名のらわんこ；野良犬是别名
nyum,1,nyum-serori|nyum1995s|nyum_serori,にゅむ,309,无通用中文名
ocha_(popopogg),1,,お茶,309,无通用中文名
senzzang,1,,senzzang,309,无通用中文名
shiranagi,1,,shiranagi,309,无通用中文名
sugina_miki,1,miki_sugina,杉菜水姬,309,原名杉菜水姫
takami_masahiro,1,,高見真弘,309,原名高見真弘
toyosaki_shu,1,_shu9|shu_(hachibuzaki)|shu_(ookuma850)|toyosakishu|yutaka_saki_shu|八分咲|豊咲|豊咲🎨🔞,一咲,324,原名豊咲；八分咲是社团
uo_denim,1,sakana_denim|uo-denim|uodenim,魚デニム,309,无通用中文名
yanje,1,yanje_b,yanje,309,无通用中文名
77gl,1,nanaho_(77gl),77gl,309,七穂电子是社团，无通用中文个人名
asami_asami,1,,浅海朝美,308,原名浅海朝美
demorzel,1,丹某刺尔科夫斯基|杨大甘木|甘木,丹某刺尔,308,中文画师，社区通用丹某刺尔
hershuar,1,hershuargames,hershuar,308,无通用中文名
masaki_(msk064),1,msk064,後藤マサキの野望,308,other_names 含真咲，保留
memekko,1,,memekko,308,无通用中文名
nineo,1,nineeeeeeeeo|nineeeeeo|nineo_(scarborough_fair)|nineoin5024|nineonineo,阿九,308,中文画师，社区通用阿九
nojima_minami,1,minami_island|野島_南,野岛南,308,原名野島南；旧zh带下划线
none_(kameko227),1,kameko227,none,308,无通用中文名
polarityplus,1,polaritypus,polarityplus,308,无通用中文名
pon_yui,1,,pon yui,308,无通用中文名
sigm@,1,sigma99|sigma999|西格玛格西,西格瑪,308,other_names 含西格瑪，保留
suna_(sandworks),1,sandworks|suna|suna_saiku|砂細工,すな,308,原名砂；砂細工是社团
tantan_men_(dragon),1,dragon|kajuu_gummi_(tantan_men)|sora_tobu_tantan_men|soratobu_tantanmen|tantan-men|tantan_men|tantan_men_(super-dragonfly-horse)|tantanmen|tantanmen170,tantan men,308,无通用中文名
tuxedo_de_cat,1,,tuxedo de cat,308,无通用中文名
yukino_minato,1,,雪野凑,308,无通用中文名
zifu,1,zifuuuun,zifu,308,无通用中文名
ibara_azuki,1,18ra_azk13|azk-ibara|azuki_yuyuma|bara_azuki_poison|baranodoku0527|ibara_azu|ibara_azuki_(az_project)|ibara_azuki_poison|ibaraazk|ibaraazumsz,ibara azuki,307,无通用中文名
taka_t,1,taka.t_|tokiametaka|鹰ᴴᵀ,時雨鷹,307,other_names 含時雨鷹，保留
takishima_asaka,1,,滝島朝香,307,原名滝島朝香
ugwa,1,,ugwa,307,无通用中文名
wei_xiao,1,微笑,唯笑,307,中文画师，社区通用唯笑
yatsuhashi_kyouto,1,yatsuhashi_kyoto|yatsuhashikyoto,yatsuhashi kyouto,307,无通用中文名
yuuichi_(reductionblack),1,reductionblack|yuuichi,ゆういち,307,无通用中文名
yuuki_kira,1,kira_bara|kirabagani|kirabara29,yuuki kira,307,无通用中文名
achromaru,1,achro,achromaru,306,无通用中文名
alison_(alison_airlines),1,alison|alison_air_lines|alison_airlines|alison_aniki|alison_koukuu|alison_niconico|yutaalison,alison,306,无通用中文名
asava_(hutaitenn),1,asava|asava_hutaitenn,asava,306,无通用中文名
band-width,1,3idthband|bandwidth|widthband,band-width,307,无通用中文名
carina_(xiaowoo),1,carina|xiaowoo|小武@‘女主任·岸见栄子’5巻発売|小武総本家|小武＠‘女主任·岸见栄子’连载中|小武＠女主任·岸见栄子,小武,306,中文/日文画师，社区通用小武
fenrir_(fenriluuu),1,_fenriluuu,fenrir,306,无通用中文名
gel_(nukoleg),1,gelkun|nukoleg|yodare_(3yami8),gel,306,无通用中文名
gomano_rio,1,gomalio_y|gomano_lio,gomano rio,306,无通用中文名
inuarashi,1,inuarasi|犬岚🔞🚸,犬嵐,306,原名犬嵐
kazari_tayu,1,tayuya1130|tayuya_(clear),kazari tayu,306,无通用中文名
kieta,1,环形废墟|谜**肘|谜肘|迷肘,谜肘,306,中文画师，社区通用谜肘；环形废墟是站点
kinokomushi,1,kinokomusin|warajimushi,きのこむし,306,无通用中文名
mikurou_(nayuta),1,39郎|mikurou_(cydmcr)|nayuta|那由多,みく郎,306,原名みく郎；39郎是玩笑名
mutsutake,1,62take|怨床|無月|睦茸,睦茸,306,现用名睦茸；無月是旧名
nagatsukiariake,1,nagatuki_anst,長月有明,306,原名長月有明
noeru,1,noeru_227,noeru,307,无通用中文名
nyanmaru,1,naynmaru|nyanmaru1121,nyanmaru,307,无通用中文名
paint_musume,1,paintmusume|強熱残分,油漆娘,306,原名油漆娘；强热残分是社团
quan_(kurisu_tina),1,__quan_|quan_|quan___,泉酱,306,中文画师，社区通用泉酱
shirayuki_towa,1,shirayukitowa,shirayuki towa,306,无通用中文名
soraneko_hino,1,hinahino|hino|hino_(soraneko_yohou)|soranekoyohou,soraneko hino,306,无通用中文名
waka_(shark_waka),1,,わか,306,无通用中文名
whoru,1,whorusan,うぉる,306,原名うぉる；蛇苺是社团
yuunamida_uyu,1,,yuunamida uyu,306,无通用中文名
yuuzuki_(re'ef),1,re'ef|yuuzuki|yuuzuki_(nekomoto)|yuuzuki_(re_ef)|yuuzuki_(sakamoto-cat)|猫元|野良猫,徹平,306,other_names 含徹平/teppei，保留
akizone,1,akiz1|akiz1_mc|akizone-,秋一,305,other_names 含秋一，保留
albino_(a1b1n0623),1,a1b1n0623|albino|アルビノ,色素,305,other_names 含色素，保留
applepie_(12711019),1,applepie|applepie/ap|applepie00|applepie4607|applepie_(a.p),applepie,305,无通用中文名
calcio,1,,calcio,305,无通用中文名
chichibu_(watson),1,chichibu|chichibu-e|chichibu_(chichichibu)|chichichibu|watson,秩父,305,other_names 含秩父，保留
cloudxmoe,1,cloud_x_moe|cloudxmoecxm|cloudxmoex|hayatori_25|moexcloud,cloudxmoe,305,无通用中文名
colis,1,38_colis,colis,305,无通用中文名
cube85,1,cube15811034642|cube_85,cube85,305,无通用中文名
douya_(233),1,douya|douya233|乐色豆芽|芽芽子|豆筋包|豆芽|豆芽菜,豆芽,305,中文画师，社区通用豆芽
emon-yu,1,,emon-yu,305,无通用中文名
hemo_(hemoroda),1,hemoroda,hemo,305,无通用中文名
hirose_(mokiki),1,,hirose,305,无通用中文名
hormone_koijirou,1,hormone_koiko|直道館,ホルモン恋次郎,305,原名ホルモン恋次郎；直道馆是社团
inusaka,1,bowsakavov|inusaka0v0|inusaka_tvt,犬坂,305,原名犬坂
jiffic,1,,jiffic,305,无通用中文名
kannazuki_hato,1,kannaduki_hato,神无月羽兔,305,原名神無月羽兎
kapuru_0410,1,azitama_suki,kapuru 0410,305,无通用中文名
karunabaru,1,,karunabaru,306,无通用中文名
kiato,1,_kiato,kiato,305,无通用中文名
matangom,1,dango_mushi|dangomushi|dangomushidara|matangomchan_parody_bot|matangomu|mtngmchan_paro2,matangom,305,无通用中文名
mikomachi_(35machi),1,35まち|mikomachi,烏月烏,305,other_names 含烏月烏，保留
reus_(cetta),1,cetta|cetta_(cettadvd)|thereus5|thereuspic,reus,305,无通用中文名
seungju_lee,1,,seungju lee,305,无通用中文名
takano_natsuki,1,,takano natsuki,305,无通用中文名
toru_nagase,1,naganagase|naganagase0114|naganagase_0114|nagase_tooru|toru_r18_0114|長瀬_徹|长濑彻,长濑彻,305,原名長瀬徹；旧zh带下划线
acchii_(akina),1,acchii|acchii_(papyrus)|akina|綿花為,あっちー,304,原名あっちー；绵花为是别名
flanvia,1,furanvia,flanvia,304,自家発電処是站点，无通用中文个人名
harusame_(rueken),1,harusame|harusame_(mooncanopy)|rueken,春雨,304,无通用中文名
kamaboko_(ossann0125),1,_kamaboko__|kama-boko|kamahayu|kamaniki0125|kamataillust0125|ossann0125,釜ボコ,304,无通用中文名
kitazume_hiroyuki,1,,北爪宏幸,304,原名北爪宏幸
kousetsu,1,kousetsu_neni,红雪,304,原名紅雪
kusugi_tai,1,tai|tai_kusugi|一貫星|一贯星,楠木帯,304,原名楠木帯；一贯星是社团
kyuutou_(kyuutouryuu),1,kyuuto_(kyuutouryuu)|kyuutou|kyuutouryuu|negativezone649_(kyuutouryuu)|九頭龍|戸隠神社,きゅうとう,304,原名きゅうとう；九头龙是别名
malberrybush,1,,malberrybush,304,无通用中文名
musen-shiki_sanhankikan,1,musen_shiki_sanhan_kikan|musen_shiki_sanhankikan|musenshiki_sanhan_kikan|无线式三半规管|有田明华|有田明弘,無線式三半規管,304,原名無線式三半規管；有田明弘是别名
nekoi_mie,1,nekoi_mii|nekoi_yasuyuki|nekoko|nekomin7|nekoyas,猫井ミィ,304,无通用中文名
pyz_(cath_x_tech),1,cath_x_tech|pyz|pyz/marc|pyz90|pyz_sub|pyzmarc,pyz,304,无通用中文名
shigunyan,1,海星＆海月,寺于苗,304,原名しぐにゃん；海星＆海月是别名
shou937,1,shou3719,shou937,304,无通用中文名
souta_(karasu_no_ouchi),1,karasu_no_ouchi|souta|souta_(sou66745)|soutan0haka,宗太,304,原名宗太
spider_apple,1,applespider93|spiderapple|spiderapple93,蜘蛛愛破,304,other_names 含蜘蛛愛破，保留
tsukineko,1,tsukineko_(dual_i_fap),月猫,304,原名月猫
urushi,1,bandai_urushi|北斗漆星|北极天盘|番台|番台漆,ウルシ,304,原名漆；北斗漆星是别名
yue_(shemika98425261),1,-yue-|shemika98425261|yue62170|yueyue,yue,304,无通用中文名
yuku_(kiollion),1,kiollion,ゆく,304,无通用中文名
1jumangoku,1,加島|十万石,十万石,303,tag直译十万石；加岛是别名
buri_(retty9349),1,buri|buri12|retty9349,ブリ,303,无通用中文名
foxvulpine,1,fox_vulpine|克斯叔叔❤️‍🔥|蚵嘶,克斯叔叔,303,中文画师，社区通用克斯叔叔
gen_(black_factory),1,black_factory|gen|gen_(jinroh)|舷☭🇲🇿,源,303,原名舷；旧zh带符号
hinami_(hinatamizu),1,hinami|hinami_|hinata-mizu|hinata_mizu|hinatamizu|hinatamizu_,ひなみ,303,无通用中文名
kishibe,1,kishibe_(kishiben)|kishibe_(yaruotto)|kishiben|岸辺,岸边,303,现用名きしべ；岸辺是旧名
liu_liaoliao,1,,劉了了,303,中文画师，原名劉了了
merry-san,1,merry_san_xmas,merry-san,303,无通用中文名
monicanc,1,hamonica|monica-nc|monica1227|monica_nc|monika_(mo2ica)|monikaniko|nico_monica,monicanc,303,无通用中文名
nase,1,nanasenchi|nase_(nanasenchi)|nasenase,名濑,303,原名名瀬
pila-pela,1,,pila-pela,303,无通用中文名
raki_kr,1,raki|raki_desu|raki_kr_|rakii2803,raki kr,303,无通用中文名
rybiok,1,rybiokaoru,rybiok,303,无通用中文名
sbgu,1,,sbgu,303,无通用中文名
sezok,1,sezoku,セゾク,303,原名セゾク
sunanuko_(ramuneko),1,sunanuko,すなぬこ,303,原名すなぬこ
urara_(ckt),1,urara_(papan_no_kobeya),うらーら,303,原名うらら
alchemaniac,1,,alchemaniac,302,无通用中文名
alchera,1,,アルケラ,302,原名アルケラ
aoin,1,aoin_hatsu|aoinhatsu|苍印初|阿欧印,白穹陸,302,现用名白穹陸；苍印初是别名
ayasaka,1,,綾坂,302,原名綾坂
dokan_(dkn),1,dkn|dokan|dokan_(flying_biyori)|dokan_(takesumi2)|士官,土管,302,原名土管；大正ドカニズム是社团
dross,1,drossdrawings,dross,302,无通用中文名
fujiyama_ichiha,1,,fujiyama ichiha,302,无通用中文名
fukutarou_(enji127),1,fuku,ふくたろう,302,原名ふくたろう
honnryou_hanaru,1,honnryou|honnryou978|honnryouhanaru|honryou_hanaru|kanameryou|kanameryou9|ryou6631|ryouhonn978|senta_toiawase|youryou|要领,本領はなる,302,全名本領はなる，不可截成本领
ikezawa_shin,1,💩池泽真💩,池澤真,302,原名池澤真
itachou,1,_itacyou_|itachou_(itatyou),いたちょう,302,原名いたちょう
kantaka,1,shuu_kantaka_la_shima,かんたか,302,原名かんたか
karokuchitose,1,chitosemoon,カロクチトセ,302,原名カロクチトセ
kiramarukou,1,,綺羅丸公,302,原名綺羅丸公
kisaragi_yuri,1,h29kisaragi|kisaragi_h29|kisaragi_yuri_a,きさらぎゆり,302,原名如月愉理
masukudo_(hamamoto_hikaru),1,hamamoto_hikaru|masukudo|浜元ひかる,マスクド,302,通称マスクド；浜元ひかる是工作名
miyakure,1,kuremiya,はるときくれ,302,原名はるときくれ
noa_(nagareboshi),1,,ノア,302,原名ノア
puracotte,1,puracotte117|puracotte117nft,ぷらこ,302,原名ぷらこ
shigekikkusu,1,shigekix501,しげきっくす,302,原名しげきっくす
shoumaru_(gadget_box),1,kasumi_shou|我尽堂|河澄翔|翔丸,翔丸,302,原名翔丸；河澄翔是别名；我儘堂是社团
suzume_miku,1,miku.,すずめみく,302,原名すずめみく
tsukamoto_minori,1,minori_(minomori)|minori_(sisiza),ミノリ,302,原名ミノリ
tsukigami_runa,1,runa_runa|tsukigami_luna|tsukigami_lunar,月神るな,302,原名月神るな
ao_jun,1,,凹君,301,中文画师，社区通用凹君
cherico,1,,チェリ子,301,原名チェリ子
doraeshi,1,doranekodan|hazuki_(doranekodan),どらえし,301,原名どらえし
eliskalti,1,elisk|eliskalcium,eliskalti,301,无通用中文名
glastonbury1966,1,glastonbury_1966,glastonbury1966,301,无通用中文名
goriate,1,goliath_(gori0125ate)|gori0125ate|goriate_(gori0125ate),ゴリアテ,301,原名ゴリアテ
hiroshi_(hunter-of-kct),1,hunter-of-kct|sw_hiroshi501,ヒロシ,301,原名ヒロシ
ichiren_takushou,1,ichiren02,一炼托生,301,原名一煉托生；公儀あんみつ是社团
ippers,1,t-ippers,ippers,301,无通用中文名
jimmy_madomagi,1,jimmy,jimmy madomagi,301,无通用中文名
kinjo_kuromomo,1,kuromomo|近所黑萌萌|近所黒モモ|黑猫桃园,橘猫菜地,301,中文画师，社区通用橘猫菜地；原名近所黒モモ
kino_(kino_konomi),1,kino|kino_konomi|kinogin|kinokonomi,kino,301,笔名kino；きのこのみ是社团
magai_akashi,1,magaiakashi|magaidokoro,真外あかし,301,原名真外あかし；真外制作処是社团
mochizuki_mochi,1,,望月もち,301,全名望月もち，不可截成望月
moruchi_(rinaka_moruchi),1,moruchi,理中モルチ,301,原名理中モルチ；高岭是旧名截断
mukiki,1,taremuki,mukiki,301,无通用中文名
nadeara_bukichi,1,nadearabukichi|万8地球店,抚荒武吉,301,原名撫荒武吉
ne_an_ito,1,,ネ暗イト,301,原名ネ暗イト
roarke_(lavenderincubus),1,lavenderincubus,roarke,301,无通用中文名
salpin,1,salpin02,さるぴん,301,原名さるぴん
superpig,1,superpig1523|superpig2046,superpig,301,无通用中文名
tomoyuki_kotani,1,kotani_tomoyuki|kotatsu_tomodachi|小燵トモダチ,小谷智之,301,原名小谷智之
uguisu_mochi_(ykss35),1,uguisu_(ykss35)|uguisu_mochi|ykss35,うぐいす餅,301,原名うぐいす餅
yakota_(usuk-yako),1,sg_uk_yako|usuk-yako|usuk_yako,やこた,301,原名やこた
zukky,1,zukky3|zukky33,zukky,301,无通用中文名
amagasa_yun,1,amagasayun|yun,雨傘ゆん,300,原名雨傘ゆん
aono_(f_i_s),1,aono|f_i_s,あおの,300,无通用中文名
arakawa_tarou,1,,荒川太郎,300,原名荒川太郎
ekra,1,eclair_(ekra)|ekurea_(ekra),えくれあ,300,原名えくれあ
fujiko_(emnprmn),1,emnprmn|fujiko|fujikop,ふじ子,300,原名ふじこ
futaba_miwa,1,futaba1028|futabamiwa|futabamiwa2|futabamiwa3|miwa_futaba,ふたば実和,300,原名三輪フタバ
hiro_hiroki,1,hiro2ki|hirohiroki|hiroki5656,ひろひろき,300,原名ひろひろき；梦先案内回覧版是社团
hisin,1,,hisin,300,无通用中文名
kazawa_(tonzura-d),1,kazawa|kazawa_k|kazawa_kouta|kazawa_second|kazawak|tonzura-d,かざわ,300,原名かざわ
ki_(adotadot),1,貴,クソ虫,300,现用名クソ虫；貴是旧名
kieyza,1,kieyza_cmp|座日记|駄马一号,喜栄座,300,原名喜栄座
miya_(tsumazukanai),1,miya59|miya625|miyaaa|miyaaa59|miyahomo|miyaronpa|宫野,みや,300,原名みや；宫坂/宫野不作为全名
nocopyrightgirl,1,,nocopyrightgirl,300,无通用中文名
pinch_(nesume),1,nesume|pinch|pinch_kr|pinch_nes|pinchhiter|pinchi|pinchnes,pinch,300,无通用中文名
sagamiso,1,sagamisononbiri|sagamisora,さがみそ,300,原名さがみそ
sai-go,1,,sai-go,300,无通用中文名
shiina_kuro,1,kurottari,椎名くろ,300,原名椎名くろ
shiosoda,1,shio|shio_soda,shiosoda,300,无通用中文名
tamago_(eva1314056),1,,煌月忍,300,现用名玉子子玉桑
tsuyadashi_shuuji,1,,ツヤダシシュウジ,300,原名ツヤダシシュウジ
umibudou,1,,海葡萄,300,原名海葡萄
yamamoto_kazue,1,,山本和枝,300,原名山本和枝
yuihira_asu,1,asu.yuihira|yuihira_as,結平明日,300,原名結平明日
chakabo,1,kabo,茶カボ,299,原名茶カボ
chrisandita,1,chr,chrisandita,299,无通用中文名
doyora,1,doyo,doyora,299,无通用中文名
ether_core,1,core_ether|deliciousether|ether-core|ethercore,ether core,299,无通用中文名
ga320aaa,1,,小迪哥,299,中文画师，社区通用小迪哥
hati105,1,hachi105|hati_(rinnrinn)|hati_ichimarugo,hati105,299,无通用中文名
hatsushiro_mamimu,1,mamimu|mamimu_(ko_cha_22),初白まみむ,299,原名初白まみむ
hoshino_souichirou,1,hosinosouitirou|kuhou_souin|souin|souin_kuhou|九品僧院|星野_苍一朗|星野苍一朗,星野蒼一朗,299,原名星野蒼一朗；九品僧院是别名
kamitoge_supino,1,kamitogespino|theamazingspino,神棘スピノ,299,原名神棘スピノ；神秘巨兽棘背龙非通用中文名
kinosuke_(sositeimanoga),1,kinosuke|kinosuke_|kinosuke___|sositeimanoga|sukebenoki|sukebenoki_,樹之介,299,原名樹之介
kuragare,1,kuragare(rytas)|kuragare8917|miyama_kuragare,御山蔵枯,299,原名御山蔵枯
lingyi,1,狗塑手艺人|盐焗烤鹅,凌一,299,中文画师，社区通用凌一
miga_(migao),1,harumigao|miga|migao,美雅,299,原名みがお
miyasaka_miyu,1,miyu_miyasaka,宫坂みゆ,299,原名宮坂みゆ
mosta_(lo1777789),1,lo1777789|mosta|mosta_ask|mostaask,mosta,299,无通用中文名
okuma_mai,1,m_okuma0831|mai-okuma|okuma|ookuma_mai,大熊まい,299,原名大熊まい
putama,1,putama8427|putama_lv2|putama_p,ぷ玉,299,无通用中文名
same_anko,1,sameanko|雾雨光暗,さめあんこ,299,现用名さめあんこ；光暗是旧名
shiro_(reptil),1,帰宅部|篭城,しろ,299,原名しろ；玉城只是诸多昵称之一
sino42,1,,しの,299,原名しの
stone_(ksorede),1,ksorede|stone,stone,299,无通用中文名
amaichi_esora,1,amaichiesora|esora|幻游匣|水无月．|绘穹|雨壱绘穹,雨壱绘穹,298,现用名雨壱絵穹；水无月是旧名
ar_(lover_boy),1,ar_mess|lover_boy,ar,298,无通用中文名
fei_luo_mao,1,fei_lio_mao|菲洛猫-,菲洛猫,298,中文画师，社区通用菲洛猫
gram_9,1,gram_souko|gramstorage,グラム九番,298,原名グラム九番
haku_(sabosoda),1,haku_(artist),白,298,原名はく
kasashi_(kasasi008),1,kasasi008,かさし,298,原名かさし
kasuga_(kasuga39),1,kasuga39,春日,298,原名カスガ
kogatarou,1,kogane_28|kogataro_s,こがたろう,298,原名こがたろう
kouzuki_hajime,1,kouduki_fate|kouduki_ichika|kouzuki_ichika|香月☆一|香月一花|魔法新撰组,香月一花,298,原名香月一花
mad_(hazukiken),1,hazukiken|mad_(matsudo)|matsudo_(mad)|叶月轩,松户,298,原名松戸；葉月軒是社团
maeka_(kumaekake),1,kumaekake|maeka|maekakekamen,前掛仮面,298,原名前掛仮面
materclaws,1,,materclaws,298,无通用中文名
nokishita_kumoemon,1,kumoemon|kumohachiya|n_kumoemon,軒下雲衛門,298,原名軒下雲衛門；云八屋是社团
pisuke,1,pisu|pisuke_,ピスケ,298,原名ピスケ
puririn,1,puriiriin,ぷりりん,298,原名ぷりりん
shenbei_xiaoqiu,1,shenbeixiaoqiu|姜哥|报晓要塞|神北小毬|神北小球|神北小球_|神北小球_大资本家|降谷小球|麻将,姜哥,299,中文画师，社区通用姜哥；神北小毬是微博名
shian_(my_lonly_life.),1,,しあん,298,原名しあん
shiitake_nabe_tsukami,1,nabe_tukami|shiitake_nabe-tsukami,しいたけ鍋つかみ,298,原名しいたけ鍋つかみ
shiki_(catbox230123),1,catbox230123|shiki|四季注意,色,298,原名四季；四季注意是社团
takeashiro,1,ashiromance|takeasaki|takeya|takeya615|takeya_y0615,たけあしろ,298,原名たけあしろ
usaka_ray,1,usaka_rain|usakaray_sunnysnow,兎花玲,298,原名兎花玲
9610_(kuroto),1,kuroto|kuroto_(9610)|鋭児|黑兔,黒兎,297,原名黒兎；鋭児是别名
aisutabetao,1,aisutabeta|tabetaaisu,aisutabetao,297,无通用中文名
chiroru_(cheese-roll),1,cheese-roll|chiroru,ちろる,297,原名チーズロル
gya_(144),1,gya,gya,297,无通用中文名
inue_shinsuke,1,,犬江しんすけ,297,原名犬江しんすけ
ken'ichi_(ken1ro_u),1,kenichi,ケンイチ,297,原名有働
kosai_takayuki,1,torakozabu|toraya_takamasa|虎哉孝征,虎哉孝征,297,原名虎哉孝征
kyutai_x,1,kyutai_q|kyuutai_q|kyuutai_x|user_kyutaix,球体-x,297,原名球体X
megumiya,1,,めぐみや,297,现用名めぐみや；恵屋是旧拼写
mitsuki_yuuya,1,,御月ユウヤ,297,原名御月ユウヤ
nekokyun,1,,nekokyun,297,无通用中文名
sora_(men0105),1,,ソラ,297,无通用中文名
spidu,1,newspidu|spidulewds,spidu,297,无通用中文名
tj-type1,1,,TJ-type1,297,画师名TJ-type1；真・南海大决戦是社团
0725akaba,1,kenshouen_(amai_no_eat),腱鞘炎,296,原名腱鞘炎
barleyshake,1,,barleyshake,296,无通用中文名
galibo,1,galibooon|galileo_(galibooon)|galileo_galibo,がりぼー,296,原名がりぼー；（仮）不是名字
hibun_tsukasa,1,,碑文つかさ,296,原名碑文つかさ
hoshara,1,,ほしゃら,296,原名ほしゃら
jagabutter,1,jaga-butter|jagabataa,じゃがばたー,296,原名じゃがばたー
kou_futoshi,1,ausna870113,耕太,296,原名耕太
len_(a-7),1,elenaseraph|lena_(zoal)|lena_a-7,len,296,无通用中文名
meiya_neon,1,neonlabel,明夜ねおん,296,原名明夜ねおん
mizu_asato,1,sumi_(mizu_asato),水あさと,296,原名水あさと
naguru_(cyoroama),1,cyoroama|夏狩,殴る,296,原名殴る；夏狩是别名
neko_(ganecooo),1,ganecooo,ね子,296,原名ね子
nito_(nshtntr),1,nito|nito0013|nito_(inari_works)|nito_fox_|nitoinari|nshtntr,社畜稲荷,297,原名社畜稲荷
otsudou,1,,乙童,296,原名乙童
senano-yu,1,sena,セナノ,296,原名セナノ
shibainu_niki,1,aromaterrace-niki|niki_(aroma_terrace)|shibainuniki,しばいぬにき,296,原名しばいぬにき
takatsuki_akira,1,,高槻晓,296,原名高槻暁
wamudraws,1,mlkewatnot,wamudraws,296,无通用中文名
yoohi,1,,yoohi,296,无通用中文名
43_pon,1,43_pic,43 pon,295,无通用中文名
abekawa,1,安倍河,安倍川,295,原名安倍川
akinashi_yuu,1,akinashi_yu|akinashiyu|yu-akinashi,春夏冬ゆう,295,原名春夏冬ゆう；五合是社团
akiyoshi_(tama-pete),1,akiy0shi|akiyoshiki|tama-pete,秋吉,295,原名秋吉
bailingxiao_jiu,1,,白苓宵酒,295,中文画师，社区通用白苓宵酒
bechu,1,bebechu|bebechu_|bebechu___|bechu_030|bechu_nsfw|bechu_u|blue_bechu|chubae,bechu,295,无通用中文名
ginnkei,1,,ギンケイ,295,原名ギンケイ
jornyhail,1,jhail_art|jhail_art2,jornyhail,295,无通用中文名
kana_(maple926),1,maple926,カナ,295,原名かな
kapuchii,1,kaputii,南瓜かぷちー,297,原名南瓜かぷちー
katiko,1,,katiko,295,无通用中文名
kiraki,1,kira_(kiraki)|kiraki217|kiraki217_jpn|kiraki_(keimochi)|kiraki_(the_brilliant),煌輝,295,原名煌輝
kurisu-kun,1,kurisukn|kurisukyun,kurisu-kun,295,无通用中文名
mathew_(srmmk_mce),1,srmmk_mce,mathew,295,无通用中文名
minazuki_noumu,1,,水無月のーむ,295,原名水無月のーむ
morino_bambi,1,bambiii|bambri_morino,森乃ばんび,295,原名森乃ばんび
nanase_aoi,1,aoi__nanase|aoi_nanase007|aoinanase|苍威,七瀬葵,295,原名七瀬葵
poligon_(046),1,poligon.|poligon046,ぽりごん。,295,原名ぽりごん。
qi7pi,1,sayo_sy3,qi7pi,295,无通用中文名
seo_jaiil,1,seo_jae_il,seo jaiil,295,无通用中文名
tamada_heijun,1,tamadaheijun|tamadaheijunart,玉田平準,295,无通用中文名
usagi_nagomu,1,nagomusi|usagi-nagomu|usaginagomu,うさぎなごむ,295,原名うさぎなごむ
yahako,1,yahako_,やはこ,295,原名やはこ；変態不是名字
2zuz4hru,1,,2zuz4hru,294,无通用中文名
akishima_kei,1,aki,秋島ケイ,294,原名秋島ケイ
bonnie_(rsg),1,bonnie_(artist),bonnie,294,无通用中文名
chikotam,1,chikotamu,ちこたむ,294,原名ちこたむ
gilse,1,gilse1024,gilse,294,无通用中文名
kanya_pyi,1,kanyap|kanyapupu,かにゃぴぃ,294,原名かにゃぴぃ
kopam,1,kopam6378|kopam_ko,kopam,294,无通用中文名
kou_(haijindeath),1,,孝,294,原名皓
kutata,1,kutata0415|kutatasr,kutata,294,无通用中文名
mikan_(manmarumikan),1,manmarumikan_|manmarumikanchan,みかん,294,原名満丸みかん
mizoguchi_keiji,1,,沟口凯吉,294,原名溝口ケージ
mofuaki,1,,もふあき,294,原名もふあき
shikuta_maru,1,,シクタ丸,294,原名シクタ丸；凡悩堂是社团
shimizu_pem,1,pemshimiz,清水ペム,294,原名清水ペム；鯵裸是别名
shisantian,1,jiujiutiantang|十三天|土狗十三天|撇脚妇人十三天|真明,十三天,294,中文画师，社区通用十三天
taisho_(gumiyuki),1,dtaisho|gumiyuki|taisho|taisho._(taishoo)|taisho6969,たいしょー,294,原名たいしょー
taka-michi,1,,貴道（たかみち）,294,原名たかみち
uehiro,1,,うえひろ,294,原名うえひろ
uramakaron,1,maroniso|maroniso_(nanahoshi)|urauramakaron,uramakaron,294,无通用中文名
zero_(miraichizu),1,miraichizu|nunnu-zero|nunnu_(zero)|nunnu_zero|zero,ぬんぬ,294,笔名ぬんぬ；未来地図是旧站名
bouen,1,,ぼうえん,293,原名ぼうえん
exaxuxer,1,exaxuxerx,クマX,293,原名クマX
fungi542,1,fungi|fungi_542,fungi542,293,无通用中文名
gisyo,1,gisyo_(neko_ookami_musume)|gisyo_(nom),ぎしょー,293,原名ぎしょー；猫狼娘是社团
in-hyuk_lee,1,inhyuk_lee|inhyuklee|inhyuklee85|leeinhyuk,in-hyuk lee,293,无通用中文名
ji_dao_ji,1,,极道寂,293,中文画师，社区通用极道寂
kurono_yuu,1,,黒野ユウ,293,原名黒野ユウ
maburu_(lojyq1eur3e8bit),1,,まぶる,293,原名まぶる
morio_(poke_orio),1,poke_orio,morio,293,无通用中文名
muu_rian,1,murian|murian0289|murian18out|nameman_murian|博恵夏树|无有利安|无有利安@18禁,無有利安,293,原名無有利安；博恵夏树是别名
oruka_(kamituki0827),1,kamitsuki_(oruka)|kamituki0827|oruka0827|oruka_(96419643)|orukanium|orukaniumu,織夏,293,现用名おるかにうむ
profnote,1,profnoteart,profnote,293,无通用中文名
rimukoro,1,rimukoro-p,リムコロ,293,原名リムコロ
rinringyo,1,00鱼|凛凛鱼|旺旺布丁喵,凜凜魚,293,中文画师，社区通用凛凛鱼
sasakichi_(ssk_chi),1,sasakichi|若月叶,ささきち,293,原名ささきち；若月葉是别名
savi_(byakushimc),1,byakushimc|chunsiyuem|savichan|saviko|saviko_chi|savisavichan,savi,293,无通用中文名
echizen_(n_fns17),1,echizen|echizen_hinata|n_fns17,越前ひなた,292,全名越前ひなた，不可截成越前
galbany_(tsgororin),1,galbany_denryuu|galbany_e|tsgororin,galbany,292,无通用中文名
himuhino,1,himugatoki,himuhino,292,无通用中文名
honda_naoki,1,,本田直樹,292,原名本田直樹
hong_doo,1,hong_doo_jv,hong doo,292,无通用中文名
huei_nazuki,1,huei|huei_naduki|kazeakira_nazuki|kazeei_nazuki,風瑛なづき,292,原名風瑛なづき
ibara_riato,1,ibarano66,ibara riato,292,无通用中文名
koorimizu,1,koori_kurabu|koori_mizu_(kohri_ms),こおりみず,292,原名こおりみず
lutherniel,1,luth,lutherniel,292,无通用中文名
mizuyan,1,mizuyan_(water_valley)|mizuyan_(watervalley)|mizuyan_(watervalley_road)|mizuyan_(watervalleyroad)|suiso_(mizuyan)|yanmizu,みずやん,292,原名みずやん
mmhomm,1,,mmhomm,292,无通用中文名
omoomomo,1,omo_omomo|omoomomo-portfolio,おもおもも,292,原名おもおもも
perepere-kun,1,pereperekun|urapere9999,ペレペレ君,292,原名ペレペレ君
saemon_(tonpura),1,saemon|saemon00,サエモン,292,原名サエモン
sailen0,1,,sailen0,292,无通用中文名
sanbasou,1,,さんば挿,292,原名さんば挿
sozan,1,,ソザン,292,原名ソザン
suiroh_(shideoukami),1,suiroh92570893,垂狼,292,原名垂狼
tajima_yoshikazu,1,kitajima|tajitan,たぢまよしかづ,292,原名たぢまよしかづ；猫丸堂是社团
yuki_to_hana,1,,雪と花,292,原名雪と花
yuyu_(yuyuworks),1,yuyu|yuyu0904|yuyu_il|yuyutan0904|yuyuworks,ゆゆ,292,无通用中文名
ale_(ale_halexxx),1,ale|ale-halexxx|ale_halexxx|halexx|halexxx|sikel,ale,291,无通用中文名
bankoku_ayuya,1,ayuya,万国あゆや,291,原名万国あゆや
fumihiro,1,fumi_hiro|fumihito|yorufumihiro,ふみひろ,291,原名ふみひろ
gambe,1,,ガムベ,291,原名ガムベ
gaothun,1,,gaothun,291,无通用中文名
hachi_(8bit_canvas),1,8bit|8bit_canvas|hachi_(8bit)|mioda_hachi,はち,291,原名澪田はち；猟奇的妄想症候群不是现用名
handplug,1,,handplug,291,无通用中文名
jurrig,1,,jurrig,291,无通用中文名
k_pring,1,gimpring|k-pring|k_pring654|kimpring|pring654,k pring,291,无通用中文名
kuga_huna,1,hunasubi,久賀フーナ,291,原名久賀フーナ
makinaru,1,makikusu|makikusupix,まきなる,291,原名まきなる
mogiki_hayami,1,hiuna_hayami|juu_hayami|mogiki-chan_chi|早巳,十はやみ,291,other_names 含日宇那；早巳是别名
nanase_meruchi,1,nanamel|nanase_melty|nanasemeruchi,ななせめるち,291,原名ななせめるち
paintrfiend,1,,paintrfiend,291,无通用中文名
sakeharasu,1,akemi_sakeko|sake-harasu|sake_harasu|sakeharasu_(0m0_0w0),さけハラス,291,原名さけハラス
senmura,1,main_senmura|r18_senmura|senmu_t|senmura18|senmuts|senmuttttt,専村,291,原名専村
yuko_(uc_yuk),1,uc_yuk|yuko,夕子,291,原名夕子
arito_arayuru,1,,有都あらゆる,290,原名有都あらゆる；甘星是社团
bebe_(bebe_pp),1,bebe|bebe_fate|bebe_pp,べべ,290,原名べべ
captain_yue,1,yue|队长,隊長,290,中文画师，社区通用队长
cnm,1,白上留依,白上留依,290,中文画师，现用名白上留依
denki_showgun,1,denki_shougun|denkishowgun,电气将军,290,原名電気将軍
don_(29219),1,don,丼,290,原名丼
eunos,1,eunospress|eunospress_r18,eunos,290,无通用中文名
imagawa_akira,1,akira_imagawa|akiraimagawa|imagawa-tei|imagawa_akira_(masked_rider_amazon)|imagawatei,今川あきら,290,原名今川あきら；今川亭是社团
jiekuijiangshadaonijiamenkou,1,,站街的女鬼,290,中文画师，社区通用站街的女鬼
misaki_juri,1,misakichi0925|misakichin,みさき樹里,290,原名みさき樹里
miyako_(xxxbibit),1,miyako|unamiya|xxxbibit,みやこ,290,原名みやこ
opagi,1,gi_(opagi),おぱぎ,290,原名おぱぎ
primsla,1,prim,primsla,290,无通用中文名
riv_(rivleaf),1,riv|rivleaf,riv,290,无通用中文名
tcb,1,tcb0,tcb,290,无通用中文名
tsuaii,1,,tsuaii,290,无通用中文名
virus-g,1,virus.g,virus-g,290,无通用中文名
yoshino_norihito,1,norihito|norihito1|norihito_|吉野仁人,吉野仁人,290,全名吉野仁人，不可截成仁人
zakki,1,zakiko_(zakki),ザキコ,290,原名ザキコ
3four,1,3fourdraws|3fourpaca,3four,289,无通用中文名
azuse_neko,1,,あずせ猫,289,原名あずせ猫
benio_(dontsugel),1,benio|dontsugel,紅緒,289,原名紅緒
docozi,1,doco|doco3811|doco_(doco3811),docozi,289,无通用中文名
fugetsu_taku,1,fuge|fugetac,浮月たく,289,原名浮月たく
kayako_(tdxxxk),1,tdxxxk,かやこ,289,原名かやこ
kitayuki_kajika,1,kitayuki_(bluehead)|北雪鳅,北雪鰍,289,全名北雪鰍，不可截成北雪
kyoutsuugengo,1,,共通言語,289,原名共通言語
maruyaa_(malya1006),1,malya1006,まるや～,290,原名まるや～
nana_kagura,1,kagura_nana|nana_kagu_ra|nana_kaguraaa,神乐なな,289,原名神楽なな
neko_daruma,1,nekodaruma_new,ねこだるま,289,原名ねこだるま
sharumon,1,,しゃるもん,289,原名しゃるもん
skj,1,skj_omr,skj,289,无通用中文名
stoic_seraphim,1,stoic-seraphim|stoic_miiverse,stoic seraphim,289,无通用中文名
tam-u,1,tam-u_(high_tech_pen_case),たむ,289,无通用中文名
toshinoshin,1,asimatosinosin|toshi_noshin|toshinoshin00,としのしん,289,原名としのしん
yamacchi,1,やまっち|乾和音,乾和音,289,原名乾和音
yiduan_zhu,1,海岚之街,异端丶,289,中文画师，社区通用异端丶
yuya_(night_lily),1,night_lily|yuya,熊耶,289,原名由夜
00kashian00,1,kashia,カシア,288,原名カシア
7gao,1,,7gao,288,无通用中文名
abua,1,abua_,abua,288,无通用中文名
afukuro,1,af_kuro|afkuro|africa_no_kuroboshi,あふ黒,288,原名あふ黒；恋文気化器是社团
asahikawa_hiyori,1,asahikawa0303|asahikawa33|hiyori_03|朝日川日和,朝日川日和,288,全名朝日川日和，不可截成朝日川
cbmus,1,,茶本木十,288,other_names 含茶本木十，保留
chela77,1,,chela77,288,无通用中文名
cocq_taichou,1,captain_cocq|kokku_taichou,コック隊長,288,原名コック隊長
cutlass_(classic_chocolate),1,classic_chocolate|classicchocolate|cutlass|cutlass_(charcot)|cutlass_(umiinu-tei)|cutlass_web_site,カットラス,288,原名カットラス
gaiko_kujin,1,gai-ko_kujin|gaiko0103|gaiko4koma|gaiko_(gaiko_kulove)|gaiko_club|gaiko_kulove|gaikoku-love|gaikokujin|gaikokujin0103|gaikokulove|kujin_gai-ko|kujin_gaiko,がい子くじん,288,原名がい子くじん
gochou_(kedama),1,gochonnu|gochou|kedama|kedama_gochou|kedamagochou|毛玉伍长,伍长,288,全名毛玉伍長，不可截成伍长
kaatsu_katsurou,1,kaatsu_katsuroo|kaatsukun,かあつかつろー,288,原名かあつかつろー
kishi_nisen,1,,騎士二千,288,原名騎士二千
kukka,1,hamukukka|kukka09|kukka09lw|kukkakukka09|kukkaohana0519,くっか,288,原名くっか
kuroda_kazuya,1,,黒田和也,288,原名黒田和也
lefthand,1,lefthand12456|lefthand750,レフトハンド,288,无通用中文名
march-bunny,1,marchmiam|sangatsu_(march-bunny)|九月,三月,288,原名三月
meto31,1,,meto31,288,无通用中文名
nasii,1,nananasiiii|nasiiiii,nasii,288,无通用中文名
nev_(nevblindarts),1,,ネヴ,288,原名ネヴ
nyoripoke,1,,にょり,288,原名にょり
ohara_hiroki,1,hiroki_(plt)|hiroki_plt|绪原博绮,绪原博绮,288,原名緒原博綺
souma_(ordures),1,ordures|souma|souma-p|souma_delleter|soumapf|街角麻婆豆|酢饭,相马,288,原名相馬
tenrai,1,g_tenrai|gtenrai|gtenrai2012|白夜,天籟,288,原名天雷
topia,1,topia_(tosi425),とぴあ,288,原名とぴあ
turewindwalker,1,windwalker_ture,風の行者,288,原名風の行者
yu_(flowerbird3830),1,flowerbird3830,yu,288,无通用中文名
hariyaa,1,hariya|hariya-,ハリヤー,287,原名ハリヤー
horibe_hiderou,1,,堀部秀郎,287,原名堀部秀郎
jas_(littlecrime),1,jas|littlecrime,jas,287,无通用中文名
kagawa_ichigo,1,加川壱互🥨,加川壱互,287,原名加川壱互
kitazinger,1,kiitazinger|kitazzinger,キタズィンガー,287,原名キタズィンガー；柿ｐ是别名
lucie,1,lucie_pxv|lucie_twi,ルーシー,287,原名るちえ
m_(1n910),1,m|rain_(rain910),m,287,无通用中文名；漂泊社是社团
monolith_(suibou_souko),1,monolith|monolith_(zagadka)|monolithtw|suibou_souko,monolith,287,无通用中文名；水防仓库是社团
nakabayashi_reimei,1,lh_2c0,なかばやし黎明,287,原名なかばやし黎明；黎明纪行是站点
nano_(syoutamho),1,nano,なの,287,原名なの
nicorima,1,,nicorima,287,无通用中文名
ruri_(dailybloopy),1,dailybloopy|elegantomen|lizzu,ルリ,287,无通用中文名
ryuji_(ikeriu),1,ikeriu|ryuji_(shoken_narai),ryuji,287,无通用中文名
sakura_kotetsu,1,kote02|sakura_koubou,桜小鉄,287,原名桜小鉄
sasanoha_(sasanoha0712),1,sasanoha|sasanoha0712,笹の葉,287,原名笹の葉
sat-c,1,,sat-c,287,无通用中文名
siokazunoko,1,shiokazunoko,塩かずのこ,287,原名塩かずのこ
sofy,1,sofy_(hnzkrsna),sofy,287,无通用中文名
tokki,1,tokki5park|tokki_517,とっき,287,原名とっき
tsubaki_(tatajd),1,tatajd|tsubaki|tsubakinoniwa|tsubakinoniwawa,椿,287,原名椿
xinaelle,1,,xinaelle,287,无通用中文名
zephid,1,a01zephid|zephid-a01|zephid_phantasm,ゼフィド,287,原名ゼフィド
akuma_(st.takuma),1,akuma_0728|r18akuma|st|st-takuma|st.takuma,あくま,286,原名亜熊
bwell,1,b_well10|bwell_(climb),bwell,286,无通用中文名
chiune_(yachi),1,chiucorone|chiune|yachi,ちうね,287,原名ちうね
garimpeiro,1,,牙刀早川,286,other_names 含牙刀早川，保留
gomamiso_(gomamiso_sp),1,gomamiso_(hk6330)|gomamiso_sp|gomamiso_sti|gomamisogtb|gomamisospt|宗行昌大|昌大|直通ｂ特急|駅区域标,胡麻味噌,286,原名胡麻味噌
ikune_juugo,1,ikune15|nama_ne_juugo|namacon_jyuugo|namakon_juugo|pizza_sauce_(ikune_juugo)|梦騒梦音,生根十五,286,原名生根十五
ki_(kk-sk-ray),1,ki_shinki|kk-sk-ray,ki,286,无通用中文名
murase48,1,,murase48,286,无通用中文名
orz_(kagewaka),1,kagewaka|mynameisorz|waka,orz,286,无通用中文名
tipii,1,chipii|tipiidayo|tipiidesu,ちぴー,286,原名ちぴー
toriny,1,toriney02|toriney321|torinii_(toriny)|torino-subako|toriny321,トリニィ,286,原名トリニィ
umibouzu_(niito),1,bouzumi|bouzumi_|niito|umibouzu,うみぼうず,286,原名うみぼうず
utahane,1,utahane_w,うたはね,286,原名うたはね
yurume_atsushi,1,yurumebox,ゆるめあつし,286,原名ゆるめあつし
yuuki_akira,1,youki_akira|youkiakira,優希輝,286,原名優希輝
zundarepon,1,败北仮面,ズンダレぽん,286,原名ズンダレぽん；败北神社是社团
bakuya,1,bakuyahuro,ばくや,285,原名ばくや
chocho_(homelessfox),1,chocho|chochoske,チョチョ,285,无通用中文名
dytm,1,dytm_,dytm,285,无通用中文名
evandragon,1,dragontaro|evan_dragon,evandragon,285,无通用中文名
fujinoki_(horonabe-ken),1,fuji_noki|fuji_noki_(horonabe-ken)|fuji_noki_(horonabeken)|fuji_tk|fujinoki|fujinoki_(horonabeken)|fujinoki_(lost_man)|fujitsuki|horonabe-ken|nokishita_kraft|shimo_fuji|shimotsuki_fuji,フジノキ,285,原名フジノキ
hinata_masaki,1,hinamasa|hinata-masaki|kohinata-masaki|masaki|masaki_h_t,日向真沙樹,285,原名日向真沙樹
iris_anemone,1,anemone_fantasy|iris|iris_doll,あいりす,285,原名あいりす
lrh0123,1,,非凡的小师弟,285,中文画师，社区通用非凡的小师弟
mullmull02,1,,mullmull02,285,无通用中文名
nekoyashiki_pushio,1,neko_pushio|nekonekonenneko|nekopushidraw|nekoremon,猫屋敷ぷしお（ぬこぷし）,285,原名猫屋敷ぷしお
neps-l,1,neps|neps125,neps-l,285,无通用中文名
nodoguro_(phi-tan),1,nodoguro,ノドグロ,285,原名ノドグロ
oekakiism,1,,oekakiism,285,无通用中文名
orochi_itto,1,itto_(bluenocturne)|itto_(teisoku_sonic)|magame_(itto),イット,285,现用名イット
sanjiro_(tenshin_anman),1,326_(sanjiro)|jiro-san_(1212hono)|jiro_sanjiro_(1212hono)|jiroro_(1212hono)|jirou-san_(1212hono)|sanjiro|sanjiro_(1212hono)|tenshin_anman,さんじろ,285,原名さんじろ
sch,1,sch9,sch,285,无通用中文名
shirono,1,shirono7,しろの,285,原名しろの
smile_(qd4nsvik),1,qd4nsvik,smile,285,无通用中文名
vice_(kuronekohadokoheiku),1,,vice,285,无通用中文名
yurikuta_tsukumi,1,tsukumi,ゆりくたつくみ,285,原名ゆりくたつくみ
abutomato,1,sukebetomato,アブトマト,284,原名アブトマト
anno_aano,1,aano|aano_(10bit),あんのあーの,284,原名あんのあーの
ayumaru_(art_of_life),1,12ayumaru13|art_of_life|ayumaru|x1213ayumaru|鲇丸,鮎丸,284,原名鮎丸；颜文字签名不是名字
jovejun,1,jovejun.,じょぶじゅん,284,原名じょぶじゅん
ka2,1,ka2_(katsu)|克优希|苍丹色,克優希,284,作画名克優希
maxa',1,maxa-art|maxa-postrophe|maxa.art|maxa_postrophe|maxapostrophe|maxarkes,maxa',284,无通用中文名
nu_(plastic_eraser),1,nu_(nuesiki)|nuesiki|plastic_eraser|仇φ士,ぬー,284,原名ぬ；上州屋不是现用名
pito_(sh02327),1,pito|pito_sh|sh02327,pito,284,无通用中文名
soto,1,soto_(kaiko)|soto_(kaleidoscope)|sotok|sotox,そと,284,原名そと
stu_dts,1,,stu dts,284,无通用中文名
takahashi_kino,1,,高橋きの,284,原名高橋きの
tama_(tama-s),1,tama|tama-s|tama_(sin05g)|tama_s,た.ま,284,原名た.ま
tsuki_no_i-min,1,tsuki_no_senninno,月の居民丿,284,原名月の居民丿
wada_sachiko,1,wadadot_lv,ワダサチコ,284,原名ワダサチコ
wakino_keibun,1,,胁乃敬文,284,原名脇乃敬文
watosu,1,mori_watosu|watochip_melonpan|watosu_(watosu_mama)|watosu_mama,わとす,289,原名わとす
yanlingjinshilihuahua,1,_yanlingjin|yanlihua33|yanlingjin,颜铃锦是狸花花,284,中文画师，社区通用颜铃锦是狸花花
yuccoshi,1,,ゆっこし,284,原名ゆっこし
yuuhi_(arcadia),1,arcadia|yuuhi|yuuhi_(yuhi0717),雄飛,284,原名ゆーひ
arikanrobo,1,arikan,ありかん,283,原名ありかん
chamupei,1,chamupei_(arucharm),ちゃむぺい,283,原名ちゃむぺい
dbmaster,1,dbm,dbmaster,283,无通用中文名
fuussu_(21-kazin),1,21-kazin,蜜野ふう,283,原名蜜野ふう
goribote,1,hariboteeee,はりぼて,283,现用名はりぼて
hisayuki_hirokazu,1,,久行宏和,283,原名久行宏和
hug_(yourhug),1,hug|hugplms|hugsyg|petroleummonsterhug|yourhug,hug,283,无通用中文名
ion_(cation),1,applemix_ion|cation|ion|ionchen|positron_ion|肉世界,伊翁,283,other_names 含伊翁，保留
kilabo,1,ki,kilabo,283,无通用中文名
kyuri_tizu,1,kyuli_(kyuuri_cheese)|kyuritizu|kyuuri_cheese|きゅうりチーズ,此涧蓝,283,中文画师，社区通用此涧蓝
mezashi_(mezamashi_set),1,mezamashi_set|mezashi|mezashi002|mezashiozsn,めざし,283,原名めざし
miya9,1,,miya9,283,无通用中文名
mohaka_(m_0haka),1,mohaka,mohaka,283,无通用中文名
mutsumi_masato,1,,むつみまさと,283,原名むつみまさと；琴乃舎是社团
oshiaki,1,唖秋㌠,唖秋,283,原名唖秋
pon_(ponidrop),1,pon|pon_pondrop|ponidrop|ponika|ponika_illust,ポン,283,原名ぽん
ridy_(ri_sui),1,ri_sui,りで,283,原名りで
rokko,1,rokko24958791,ロッコ,283,原名ロッコ
sagemaru-br,1,,sagemaru-br,283,无通用中文名
sakusyo,1,sakushou|sakusyo-art|sakusyo_(noraoni),さくしょう,283,原名さくしょう
tesshii_(riza4828),1,riza4828|tesshii|tessy|tessy_oekaki,テッシー,283,原名テッシー
twinpoo,1,tsuinpoo,ツインポー,283,原名ツインポー
uisu_(noguchipint),1,,うぃす,283,原名うぃす
amane_kurumi,1,kurumi712,雨音くるみ,282,原名雨音くるみ
aoi_(buzhuen444),1,ao|buzhuen444,あおい,282,无通用中文名
bon_(rump),1,bon_feather|bon_scale|bonten|rump,凡,282,原名凡；凡天不是全名
cocoloco,1,pix-cocobank-loco|twillcoco|吉日行动,ココロコ,282,原名ココロコ
hagane_soushi,1,hagane_no_naru_ki_(circle)|kagura_soushi|神楽创志,羽鐘そうし,282,原名羽鐘そうし；神楽創志是别名
ifuji_shinsen,1,ifuji_(warabeuta)|ifujishinsen44|ihuji_sinsen|ihujishinsen|itohan_(ifuji),いふじシンセン,282,原名いふじシンセン；童呗是别名
kagarimachi_konatsu,1,kagarimachi_ame|makomakonanana|篝町雨,篝町狐怀,282,原名篝町狐懐
kamameshi_gougoumaru,1,kamameshigogomaru|kamamesigogo123,釜飯轟轟丸,282,原名釜飯轟轟丸
kosokosomaru_(higashi_taishi),1,higashi_taishi|kosokosomaru,東太子,282,原名東太子
matsutani,1,matsutani_(qgwdy),松谷,282,原名松谷
moti_yousei,1,daihukumoti|mochi_yousei|mochiyousei|motiyousei,もちようせい,282,原名もちようせい
natsuki_marina,1,kazuki_marina|marinauryu,夏月茉莉奈,282,原名夏月まりな
oshiruko_(tsume),1,mizsee_(oshiruko)|mizushii_(oshiruko)|oshiruko_(mizsee)|oshiruko_(mizushii),おしるこ,282,原名おしるこ
pensuke,1,pensukeo,ぺんすけ,282,原名pen助
tomiokasena,1,tomioka_sena,富丘セナ,282,原名富丘セナ；雾子是别名
watagashi_yui,1,suzukawa_yui|watabou|yui_watagashi,わたがしゆい,282,原名わたがしゆい
yokaze_(yokajie),1,yokajie|yokaze,よかぜ,282,原名よかぜ
yuuki_(irodo_rhythm),1,irodo_rhythm|yuuki,悠宇树,282,原名ユウキ
yuuki_shuri,1,yuki_shuri_0,結城しゅり,282,原名結城しゅり
54hao,1,,遙星黑,281,中文画师，社区通用遥星黑
akamatsu_ken,1,kenakamatsu|赤松健,赤松健,281,原名赤松健
animeflux,1,anime_flux,animeflux,281,无通用中文名
benizuwai,1,beni_zuwai,紅ずわい,281,原名紅ずわい
catbell,1,cat-bell,CatBeLL,281,原名CatBeLL
cezaria,1,c_cezaria,cezaria,281,无通用中文名
haruka_natsuki,1,,遙華ナツキ,281,原名遙華ナツキ；剧场人形是别名
himukai_kyousuke,1,,日向恭介,281,原名日向恭介
kamotama,1,camota_mang|camotamang|gamotama|kamotama-za|kamotama_shuzou|密造少女|密造少女蒸留所,かもたま,281,原名かもたま；六畳迷宫是社团
kawarajima_kou,1,,かわらじまコウ,281,原名かわらじまコウ；片励会是社团
kitasaya_ai,1,aitaki_saya|kitasaya1833,北彩あい,281,原名北彩あい
kotoyoshi_yumisuke,1,kotoyoshi|kotoyoshi_y|琴义弓介,琴义弓介,281,原名琴義弓介
kuma_(bloodycolor),1,bloodycolor|kuma_(kumafromtaiwan),くま,281,无通用中文名
kuzu_kow,1,kuzu_kou|kuzukow|kuzumochi,屑コウ,281,原名屑コウ
maiii_(smaii_i),1,,maiii,281,无通用中文名
mamo_williams,1,mamo|mamo2100|mamowilliams|william|风道屋,まもウィリアムズ,281,原名まもウィリアムズ；风道是站点
minamon_(vittel221),1,minamo-utsushi_goryou|minamo_utsushi|minamon|minamoutsushi|minamoutsushi_goryou|murata_minamon|narushima_(minamon)|vittel221,みなもん,281,原名みなもん
nome_(nnoommee),1,,のめ,281,原名のめ
oka_mochi,1,oka_mochi_,oka mochi,281,无通用中文名
otou_(otou_san),1,otou_(pixiv7901967)|otou_san,尾刀,281,原名おとう
s-now,1,sunou_(s-now),スノウ,281,无通用中文名
tom-neko_(zamudo_akiyuki),1,bea-neko|tom-neko|tom_neko|tomu-neko|tomu_neko|tomuneko4423|zamudo_akiyuki,吐夢猫,281,原名トム猫
tsukioka_tsukiho,1,t_tsukioka_|tsukiho|tsukinonaiyoru|yuuka_myuu_tukiho|月无夜|月穂,月岡月穂,281,原名月岡月穂
whoopsatro,1,atro,whoopsatro,281,无通用中文名
woo_(woosan),1,nellsonwoo|woo:)|woo_san|woosan,woo,281,无通用中文名
yuriwhale,1,uniwhale,yuriwhale,281,无通用中文名
yuu_(kfc),1,kfc,由宇,281,无通用中文名
anagumasan,1,,あなぐま,280,原名あなぐま
aryuma772,1,aryu,亜龍,280,原名亜龍
eternity_(shadeh),1,e_ternity|e_ternity0|eternalbhm|eternity|eternity908|shadeh,eternity,280,无通用中文名
fami_(yellow_skies),1,fami|shiraso_fami|yellow_skies,ふぁみ,280,原名ふぁみ
fatkewell,1,fatke,fatkewell,280,无通用中文名
hiiragi_fuyuki,1,fuyuki|h_yuki__|huyuki-huyu|huyuki__|柊冬木,柊冬木,280,全名柊冬木，不可截成冬木
hino_minato_(spec.c),1,hino_minato|hino_minato_(ain_b)|hino_minato_(spec_c)|spec.c|朝仓凉|灯野水都|绯野凑,绯野湊,280,现用名灯野水都；朝仓凉/绯野凑是旧名
hinoru_saikusa,1,hinoru|saikusa.hinoru|saikusahinoru,七種ひのる,280,原名七種ひのる
iwamushi,1,iwa_to_mushi,岩蟲,280,原名岩蟲
kei_kei,1,kei__kei|kei_traum,啓々,280,原名啓々
kikugetsu,1,,菊月,280,原名菊月
kradebii,1,evilkradead|krad,kradebii,280,无通用中文名
kusuribe,1,,薬辺,280,原名薬辺
lor_(roasyerizyonirapi),1,lor_magolor|roasyerizyonirapi,ローア,280,原名ローア
maibotsumou,1,maibotsu_mou,埋没毛,280,原名埋没毛
marshall_k,1,marshall_2o33,marshall k,280,无通用中文名
michiking,1,michiking_(anmitsuyomogi),米奇王,280,原名みちきんぐ；米奇王非确认通用中文名
miroku_san-ju,1,,弥勒参樹,280,原名弥勒参樹
mmm_(ji1945),1,ji1945|mmm,mmm,280,无通用中文名
poppy_(poppykakaka),1,poppy|poppy_(transistor)|poppykakaka|皮破破破皮|破——————皮|破皮|破皮皮,坏破皮,280,中文画师，社区通用坏破皮
renshu_usodayo,1,,架空線,280,原名架空線
sakurano_ru,1,sakurano_ruu|樱野露,櫻野露,280,原名櫻野露
sdz_(inazuma),1,sdz013|ykz_sdz|初号机闪电|焦糖蜂蜜可可|禾舀子|闪电,三條線,280,中文画师，社区通用三条线
sinkai,1,,sinkai,280,无通用中文名
siun,1,siun_13,siun,280,无通用中文名
suisai_(suisao),1,suisai|suisai_xd,水彩色,280,原名水彩色
tamamon,1,tamamon_0314,tamamon,280,无通用中文名
uchisaki_himari,1,himari|himari-san_yanaika,内咲ひまり,280,原名内咲ひまり
umarutsufuri,1,wumalutsufuri,うまるつふり,280,原名うまるつふり
watanuki_kaname,1,izayoi_kaname|十六夜☆要|四月朔日要,四月朔日要,280,原名四月朔日要
ycco_(estrella),1,estrella|ycco|ycco0704|ycco_tm|yccoxxxsol,ゆっこ,280,原名ゆっこ
akusema,1,akusemamadatta,あくせま,279,原名あくせま
anna_(drw01),1,anna_drw01,anna,279,无通用中文名
aos,1,aos_libido|aos_umbra|aoslibido|aosu,あおす,279,原名あおす
arpeggio_kaga,1,kagaa,かがぁ,279,原名かがぁ
basa_rutan,1,muramasa_tan,ばさ・るたん,279,原名ばさ・るたん
da-cart,1,,da-cart,279,无通用中文名
hamaburicchi,1,,ハマブリッチ,279,原名寅夢
hikari_(komitiookami),1,komitiookami,ひかり,279,无通用中文名
hirasawa_seiji,1,hirasawa_zen|hirasawazen|zenhirasawa,平沢青磁,279,原名平沢青磁
hoojiro,1,,ほーじろ,279,原名ほーじろ
konkito,1,_konkito,こんきと,279,原名こんきと
maakun_(makun_dx),1,maakun|makun_dx,ま〜くん,279,原名ま〜くん
majamari,1,majamari17,majamari,279,无通用中文名
mizutame_tori,1,mizumizutorisan|mizutametori,水溜鳥,279,原名水溜鳥
mo_ne,1,_mo__ne_,モネ,279,原名モネ
moeanime,1,daki_koibito,moeanime,279,无通用中文名
moorina,1,,moorina,279,无通用中文名
saboten_teishoku,1,murasakiiro_no_saboten|murasakiiro_no_saboten_teishoku|nikoten|saboten,さぼてん定食,279,原名さぼてん定食
sadakage,1,,貞影,279,原名貞影
whoisshe,1,,whoisshe,279,无通用中文名
wl217_(nicexa111),1,nicexa111|wl217,wl217,279,无通用中文名
yumoran,1,,ゆもらん,279,原名ゆもらん
aburidashi_zakuro,1,aburidashizaku6|zaku6,あぶりだしざくろ,278,原名あぶりだしざくろ
baisi_shaonian,1,bai_si_shaonian,白丝少年,278,中文画师，社区通用白丝少年
chintora0201,1,chintora0201_,chintora0201,278,无通用中文名
date_(senpen),1,date_sen|senpen,date,278,无通用中文名；千変万化式是社团
hirokiku,1,kikurin,hirokiku,278,无通用中文名
ikeda_(cpt),1,cpt|ike|ikeda|ikeda_(uraike)|ikeda_cpt|ikedacpt,いけだ,278,原名いけだ
kabayaki_unagi,1,,蒲焼鰻,278,原名蒲焼鰻
kirin_kakeru,1,kirinkakeru|kirintei,木铃カケル,279,原名木鈴カケル
mifuru,1,mifulu,みふる,278,原名みふる
mokuzou_(moku_ssbu),1,moku_ssb,杢臓,278,原名もくぞう
muuba,1,梦生场（冻结）|鱼肉,梦生场,278,原名夢生場
namazu_(yamasonson),1,namazu|yamasonson,なまず,278,原名なまず
naruse_chisato,1,narusechisato|narusechisato06|naruti|naruti06,成濑ちさと,278,原名成瀬ちさと
saya_pr,1,nakonako_(saya)|nakonako_(saya_pr),saya pr,278,无通用中文名
shanguier,1,格叽格叽贰,山桂贰,278,中文画师，社区通用山桂贰
tamahana,1,tamako_hanabi,たまはな,278,原名たまはな
warabi_mochi_(w4rabimochi),1,w4rabimochi,わらびモチ,278,原名warabi餅
won_(az_hybrid),1,aswonn|az|hybrid|wonashybrid,をん,278,原名をん
aruma_jiki,1,arumajiki|arumajiki1334|arumajiki_(lion_oil))|arumajikiv,或真じき,277,原名或真じき
beitemian,1,杯面面面,杯面,277,中文画师，社区通用杯面
hagi_(ame_hagi),1,ame_hagi|hagi|hagiwork|shiinahagi|菟__,萩（hagi）,277,原名萩
hinata_momo,1,,ひなたもも,277,原名ひなたもも
honda_tamanosuke,1,honda_kyoudai|honda_pinkish_lab|nosuke_(otyawan)|pero_(nosuke)|本田桃色研究所,本田たまのすけ,277,原名本田たまのすけ；本田兄弟是社团
inu_(marukome),1,marukome,犬,277,原名いぬ
itaco,1,itaco1987|itaco1987924,itaco,277,无通用中文名
izuka_daisuke,1,daisuke_izuka|daisuke_izuka(okome),いずかだいすけ,277,原名いずかだいすけ
janis_(hainegom),1,hainegom|janis.|janis_(gudaguda)|janis_(igaderu)|janis_igaderu|janisu|邪仁寿,邪ニス。,277,原名邪ニス。
karikura_(atatata71),1,atatata71|karikura|karikurakura,仮倉,277,原名仮倉
koma_midori,1,komamidori,駒碧,277,原名駒碧
kotatsu_(kotatsu3),1,kotatsu|kotatsu3,小龍,277,原名こたつ
maeya_susumu,1,松下流|松下童话|ｂ·松下,前屋進,277,原名前屋進
miv4t,1,miv4t_,miv4t,277,无通用中文名
nyonn24,1,nyonn24r18|nyonnnnyon,ニョン,277,原名ニョン
okiru,1,樱羽起成,おきる,277,原名おきる；樱羽起成是漫画笔名
ponkan_8,1,,ぽんかん⑧,277,原名ぽんかん⑧
rumiya9i,1,,流宮いささ,277,原名流宮いささ
tsunemi_aosa,1,aosassa,常深アオサ,277,原名常深アオサ
umigraphics,1,,umigraphics,277,无通用中文名
xin_yu_hua_yin,1,,馨語畫音,277,中文画师，社区通用馨语画音
yoshimo,1,,yoshimo,277,无通用中文名
yuuki_hana_(jtnp5334),1,yuuki_hana|结希花,結希花,277,原名結希花
anno88888,1,anno8888,餡乃,276,原名餡乃
fataaa,1,fata_aaa|fata_hsu|东泉重工,發塔,276,中文画师，社区通用发塔
focke_wulf,1,focke|fockewulf|hokkewulf,ほっけうるふ,276,原名ほっけうるふ；超平板小娘电视台是社团
hanarito,1,hannarir18,はんなり甘味,276,原名はんなり甘味
hen-tie,1,hen|kan-tie_collection,hen-tie,276,无通用中文名
huyase,1,,huyase,276,无通用中文名
hyouju_issei,1,,氷樹一世,276,原名氷樹一世
hyouta_(yoneya),1,hyouta|hyouta.jp|hyouta_(nekogamirin)|hyouta_(nekogamirin_c)|hyouta_p|hyouta_sensei|yoneya|俵太先生,俵太,276,原名俵太
ichimi_renge,1,ichimirenge,いちみれんげ,276,原名いちみれんげ
io_(sinking=carousel),1,io_(iooo666)|iooo666|iooo97898|poponpo294111,いお,276,原名いお
isemori,1,isemori_ryuuya,イセモリ,276,原名イセモリ
ishida_seito,1,iseito,石田せいと,276,原名石田せいと
izumi_akane,1,泉水茜,泉水茜,276,原名泉水茜
kagawa_yuusaku,1,kagawayusaku,香川悠作,276,原名香川悠作
kenuu_(kenny),1,kenuu|kenuu_(kenii)|kenuu_(ramensamurai),けぬー,276,原名けぬー
kiri_(2htkz),1,2htkz,桐,276,原名きり
kousaku,1,koosaku|kousakus,コウサク,276,原名コウサク
mao_xiaozha_(rumiechen),1,猫小喳,貓小渣,276,中文画师，社区通用猫小渣
mebae,1,mebaeros,めばえ,276,原名めばえ
minaha_(playjoe2005),1,playjoe2005|星璃幻月,御奈羽,276,原名御奈羽
nekoguchi,1,nekoguchi2|nekomega,ねこぐち,276,原名ねこぐち
olys,1,olys011,olys,276,无通用中文名
ponpon,1,,ぽんぽん,276,无通用中文名
shino_(comic_penguin_club),1,shino_(kachiwari_jikkenshitsu),シノ,276,原名シノ
tatsuya_(guild_plus),1,guild_plus|guild_tatsuya,立つ屋,276,无通用中文名
2-butani,1,,２風谷,275,原名２風谷
anco_(platanity),1,,anco,275,无通用中文名
clyde_s,1,clyde-s|iamclyde_s,clyde s,275,无通用中文名
hasebe_yuusaku,1,delorean_(hasabe_yu2)|hasebe_yu|hasebe_yu2|yusaku.hasebe,長谷部悠作,275,原名長谷部悠作
kamizaki_hibana,1,187kami|微热,紙坂ひばな,275,原名紙坂ひばな；36度5分是别名
kirisawa_saki,1,,桐沢咲,275,原名桐沢さき
kouzuki_kei,1,kohzuki_kei,倖月蛍,275,原名倖月蛍
krirk,1,k.krirk|khunkrirk|krirkartist|krirkvits,krirk,275,无通用中文名
machiko_(beard),1,beard|machiko,まちこ,275,原名まちこ
maku_ro,1,makuro_8010,maku ro,275,无通用中文名
makura_(y_makura),1,makura_(user_jpmm5733)|makurau|y_makura,まくら,275,原名まくら
miki_purasu,1,miki_plus|mikiya0822,みきぷらす,275,原名みきぷらす
mukaibi_aoi,1,,向井弥・葵,275,原名向井弥・葵
nori_gorou,1,nori5rou,のり伍郎,275,原名のり伍郎
p-nekor,1,,п猫ｒ,275,原名п猫ｒ
pinkgermy,1,artygermy|germi|germy|gggermicide|pervygermy,pinkgermy,275,无通用中文名
ren_san,1,亚兰丸,亜蘭丸,275,原名亜蘭丸
rkp,1,rkp63|rkp_63,rkp,275,无通用中文名
rukinya_(nyanko_mogumogu),1,nyanko_mogumogu|rukinya|rukinya-017|rukinya_(nyankomogumogu),ルキニャ,275,原名ルキニャ
run_p_(aveton),1,aveton,あヴ,275,原名あヴ
saiba_(henrietta),1,318_(saiba)|_saiba_|saiba_(cyber)|saibaa_chikuwa,サイバ,275,原名サイバ
shirinda_fureiru,1,,しりんだーふれいる,275,原名しりんだーふれいる
silveroid,1,silver|silver15|silveralice|silverlolicon|silverroid,銀,275,原名銀
soyosoyo,1,soyo_shiono,そよそよ,275,原名そよそよ；志绪野博是别名
takamura_kazuhiro,1,,高村和宏,275,原名高村和宏
tororo_ten,1,eroroten,とろろ天,275,原名とろろ天
upanishi_mariko,1,upanishi|upanishi_umatarou|upanishimaru,うぱ西まり子,275,原名うぱ西まり子
yukiko_(tesseract),1,aoiyukiko|tesseract|yukiko|yukinokoe,雪子,275,原名雪子
aratama_(a-tama),1,,aratama,275,无通用中文名
gaketsu,1,gaketsu_gk2|画力欠乏症,がけつ,274,原名がけつ；妄想屋是别名
gogatsu_fukuin,1,,五月福音,274,原名五月福音
hareno_chiame,1,hareno__chiame|harenochiame,晴乃千雨,274,原名晴乃千雨
higa423,1,higa|higao,蟹江,274,other_names 含蟹江，保留
kanchiyo,1,amakuchichiyoko|tete_(amakuchichiyoko),甘チヨ,274,原名甘チヨ
lan_mao_akko,1,lanmaoakko|鼠鼠福福的阿福,蓝猫,274,中文画师，社区通用蓝猫
moto_murabito,1,motomurabito|野铁,元村人,274,原名元村人
neopure,1,,桂森由弥,274,other_names 含桂森由弥，保留
oteruko_(wanabeee),1,oteruko|poniuchi_teruhei|wanabeee,おてるこ,274,原名おてるこ
sakai_(motomei),1,,坂井,274,无通用中文名
sami_(object_dump),1,object_dump,さみ,274,原名さみ
skade,1,skadel|skadels,skade,274,无通用中文名
ub1mo,1,,ub1mo,274,无通用中文名
yanagi_yuu,1,yana_g|yanagiyuu|yanagiyuu-blog|弥薙悠|猫御所,ヤナギユウ,274,现用名ヤナギユウ；弥薙悠是旧名
8931ponzu,1,8931(hakusai)|8931_ponzu|hakusai_ponzu,白菜ポンズ,273,全名白菜ポンズ，不可截成白菜
absol_(dkqthf),1,dkqthf,absol,273,无通用中文名
anzumame,1,anz|𝕁𝔼ℕ𝕆5部ｱﾆﾒ🎉,杏豆,273,原名杏豆
baku_taso,1,,爆タソ,273,原名爆タソ
be_(o-hoho),1,,be,273,无通用中文名
canking,1,空缶王|空罐王,空罐王,273,台湾画师，社区通用空罐王
dfra,1,,dfra,273,无通用中文名
hanamasa_ono,1,,ハナマサオノ,273,原名ハナマサオノ
jl_tan,1,jl_t4n,jl tan,273,无通用中文名
kanikou,1,heikou_sekai_shoujo|kanicoh8|kanikou_(heikou_sekai_shoujo)|kanikou_8|kanio_(kanikou)|kou,かにこう,273,原名かにこう；平行世界少女是社团
katagiri_(mighty_swing),1,katagiri|mighty_swing,カタギリ,273,原名かたぎり
kei_(bekei),1,:刑。|be/kei|bekei,刑。,273,原名刑。
kikurage_(plastic_people),1,kikurage-ya|kikuragenet|kikurageya|plastic_people,きくらげ,273,原名きくらげ
kou1,1,kou151,こう1,273,原名こう1
kuen_(kuennn12),1,,九円,273,原名九円
ladic,1,ladict,ladic,273,无通用中文名
m_r_b,1,,m r b,273,无通用中文名
masaki_(ekakiningen),1,ekakiningen|masak|masaki|masaki4545|masayan_0204,後藤マサキの野望,273,原名後藤将希
midori_niku,1,midoriniku,绿肉,273,原名緑肉
minazuki_tsuyuha,1,tsuyuha.|tsuyuha_(ambivalence),水无月露叶,273,原名水無月露葉
mr.lime,1,limeee,mr.lime,273,无通用中文名
nitako,1,,にたこ,273,原名にたこ
ray_(pixiv9514208),1,ray_sang|rayless|rayless_|rayless_ii|raylessii,ray,273,无通用中文名
roresu,1,_roresu|_roresu_|roresu_,roresu,273,无通用中文名
suda_(yuunagi_enikki),1,须田,須田,273,原名須田；夕凪绘日记是站点
wagashi928,1,atelier-wagashi|wagashi,和菓子,273,原名和菓子
yukishiro_arte,1,siroarte|yukishiro_arute|yukisiro_arte,雪代あるて,273,原名雪代あるて
203wolves,1,,濑户,272,原名瀬戸
aaru_(tenrake_chaya),1,aaru.|aaru_(luliao)|tenrake_chaya,あーる。,272,原名あーる。
ao_(ao0_0nemu),1,ao|ao0_0nemu,蒼,272,无通用中文名
ariyoshi_gen,1,arikichi_gen|ariyoshi_(katamimi_headphone)|gen-ariyoshi|gen_ariyoshi,蟻吉げん,272,全名蟻吉げん，不可截成蚁吉
atoymk,1,atomykymota,あとみっく,272,原名あとみっく
chameleon_man_(three),1,chameleon_man|kamereon_man|kamereon_three,カメレオンマン,272,原名カメレオンマン
kibushi,1,,木五倍子,272,原名木五倍子
kikimifukuri,1,kikimihukuri,キキミフクリ,272,原名キキミフクリ
kirisato_itsuki,1,kirisato|kirisato_itsuki.|吉里_斋|吉里斋。|奈绪|玛瑙石,吉里斎。,272,全名吉里斎。
kuramoto_takato,1,kr_taka|kuramt_takat,倉本たかと,272,原名倉本たかと
kurousagi_yuu,1,kuroirostrrl|kuroirosyutoraaru|kurotoyu816,黒兎ゆう,272,原名黒兎ゆう
longlong_(drasdr7513),1,drasdr7513|龙龙的仓库,龍龍,272,中文画师，社区通用龙龙
mikel_(4hands),1,4hands|mikel_bk,マイケル,272,原名マイケル；四手是社团
nakamura_sumikage,1,sumikagen|tabikagesan,ナカムラスミカゲ,272,原名ナカムラスミカゲ
sakaki_maki,1,,榊MAKI,272,原名榊maki
sawkm,1,sawkm1|sawkm_,sawkm,272,无通用中文名
suicchonsuisui,1,suicchonshiko,すい,272,原名すい
tsuzuri_(tu-san_house),1,tsudzuri_p|tsuzuri|tsuzuri-p|tsuzuri_(tsuu-san_house)|tsuzuri_(tuduri)|tu-san_house|zurikomi,綴り,272,原名綴
urotan,1,,うろたん,272,原名うろたん
wakamesan,1,wakamaker,ワカメさん,272,原名ワカメさん
yellowpaint.,1,yellowpaint,油蛙派,272,other_names 含油蛙派，保留
yuki_usagi_(snowcanvas),1,snowcanvas|yuki-iro|yukiusagi_(snowcanvas),ゆきうさぎ。,272,原名ゆきうさぎ。
carrot_(robosquat),1,robosquat,きゃろっと,271,原名キャロット
hanenbo,1,,はねんぼ,271,原名はねんぼ
kie_(wylee2212),1,kie|kierid|wylee2212,kie,271,无通用中文名
kirikirimai_(kkm),1,girigirimai|imarikiriki|kiri_kiri_mai|kirikirimai|kirikirimai1224|kkm,斩斩舞,271,原名斬々舞
madana_(xesa7885),1,madana|madana90962|madana962|madana9622,まだな,271,原名まだな
maki_(natoriumu),1,_makitter_|maki-maki,まき,271,原名まき
mashima_saki_(mashimasa),1,mashima_saki|mashimasa|mashimasaki,マシマサキ,271,原名マシマサキ
mazeran,1,mazeranpickman,マゼラン,271,原名マゼラン
mochi.f,1,mochi_f|mochiffu,mochi.F,271,原名mochi.F
muji_(uimss),1,uimss,宇野山むじ,271,原名宇野山むじ
nanaroba_hana,1,,ななろば華,271,原名ななろば華；祭社是社团
pinkcap,1,pinkcap_m,pinkcap,271,无通用中文名
qblade,1,,qblade,271,无通用中文名
sigama,1,shigama,シガマ,271,原名シガマ
tamagoroo,1,tamagoro|tamagoro56|tamagoro_(noshi5660)|tamagoroo_(funifuni_labo)|tamagoroo_(noshi5660)|tamagorou|tamagorou_(funifuni_labo)|tamagorou_(noshi5660),たまごろー,271,原名たまごろー
teltelhousi,1,teltel_houshi|teruteru_houshi,てるてる法師,271,原名てるてる法師
unknown_showhey,1,bajima_shouhei|bajima_show_hey|uorb_show_hey|马岛_祥平🔞|马岛祥平,马岛祥平,271,原名馬島祥平
yaso_shigeru,1,yaso_(short_cirkit)|耶苏,八十重,271,原名八十重
akikaze_tsumuji,1,mujitan|tsumugie,秋風つむじ,270,原名秋風つむじ
fuzukikai,1,,文月会,270,原名文月会
haida_katsuretsu,1,haidacutlet|haidakatsuretsu|haidaprewar,灰田かつれつ,270,原名灰田かつれつ
harvest_fes,1,harvest.|harvest4229,harvest fes,270,无通用中文名
hiiragi_souren,1,hiiragi-souren|hiiragisouren|souren138|souren_11|souren_77|souren_s_7,柊蒼恋,270,原名柊蒼恋
janne_cherry,1,jannaa,janne cherry,270,无通用中文名
ke-su,1,,けーさん,270,原名けーさん
kinntarou,1,kinntarou_(nanakorobi_yaoki)|kintarou,きんたろー,270,原名きんたろー；七転八起是社团
kojima_(blue_stardust),1,blue_stardust|kojima|kojima-takuro|kojima_(euphoricfield-1215)|kojima_(minato-ryoharu)|kojima_takuro|凑1215,児島,270,原名児島
konno_takashi,1,辺境绅士,今野隼史,270,原名今野隼史
kushida_you,1,kushida_(cincleaf)|kushidayo,串田葉,270,原名串田葉
mu-pyon,1,muu_pyon|muupyon|muupyon_1,むーぴょん,270,原名むーぴょん
paloma_piquet,1,eropalo|eropaloma|onlypalo|palomap|palosfw,paloma piquet,270,无通用中文名
rito453,1,,rito453,270,无通用中文名
rumoon,1,rumoon_cocoa|rumoon_vanilla,rumoon,270,无通用中文名
seeker,1,,seeker,270,无通用中文名
sikijou77o,1,77o|shikijou_nanao,式条七緒,270,原名式条七緒
tobisawa,1,buttobisawa,とびさわ,270,原名とびさわ
tocky,1,tocky18,tocky,270,无通用中文名
yuki_maccha_(yukimattya10),1,yuki_maccha|yukimaccha|yukimattya|yukimattya10|yukimattya1004|雪抹茶,裏抹茶,270,原名裏抹茶
218,1,218_(niiya)|218kalavinka|雨宫葎花,218,269,画师自用218；雨宮葎花是别名
auko,1,auko__,あう子,269,原名あう子
emperpep,1,,emperpep,269,无通用中文名
enoshima_iki,1,enosimaiki,江ノ島行き,269,原名江ノ島行き
hidori_(hibi_toridori),1,deidori|hibi_toridori|hibitoridori|hidori|hidorimk2|nichi_doriimu,日鳥,269,原名ひどり
ijima_yuu,1,ijima21|ijimaya,伊島ユウ,269,原名伊島ユウ
jason_kim,1,jason0130|jason2gim|jasonkim,jason kim,269,无通用中文名
juna,1,,juna,269,无通用中文名
kameponde,1,kameponde15,カメポンデ,269,原名カメポンデ
kaneru,1,kanemasita|kaneru5577|kaneta,かねる,269,原名かねる
koyo_akio,1,,红叶あきお,269,原名紅葉あきお
nijihashi_sora,1,sora_from_france,にじはしそら,269,原名にじはしそら
ouhashi,1,,おうはし,269,原名おうはし
seele_(chanseele0128),1,chanseele0128|chilwell_seele|mamemo_baka,seele,269,无通用中文名
suruga_kreuz,1,suruga_kuroitsu,駿河クロイツ,269,原名駿河クロイツ
tetuw,1,tetug,tetuw,269,无通用中文名
tsukana_(saba_mizore),1,saba_mizore|tsukada_nari|tsukana_(tkdnr27),つか菜,269,原名つか菜
yazaki_(yazakc),1,,やざき,269,原名やざき
abe_suke,1,abenori_suke,あべすけ,268,原名あべすけ
e_sky_rugo,1,,絵空るご,268,原名絵空るご；奥座敷是别名
garouma,1,,ガロウマ,268,原名ガロウマ
hattori_masaki,1,hattori_oto,はっとりまさき,268,原名はっとりまさき
inou_shin,1,inoh_shin,伊能津,268,原名伊能津
kacyu,1,月之命,卡丘,268,无通用中文名
kagiana,1,a_kagi,鍵穴,268,原名鍵穴
lee_hyeseung,1,,lee hyeseung,268,无通用中文名
maritan_(pixelmaritan),1,marithelilim|pixelmaritan,maritan,268,无通用中文名
mimi_(mimi_puru),1,mimi_(mimipuru)|mimi_(momoyuki17)|mimi_(purupuru)|mimi_puru|mimipuru,魅未,268,原名魅未
misawa_hiroshi,1,misawazarigani,三泽寛志,268,原名三澤寛志
miyabino_(miyabi1616),1,miyabino|miyabnn,みやびの,268,原名みやびの；夜编集部是社团
miyasaka_miyabi,1,kagura_miyabi|kagurazaka_miyabi|miyabi|miyabi_kgr|miyabikgr,宮坂みやび,268,原名宮坂みやび
miyata_(lhr),1,lhr|miyata|miyata0529|miyata__0529|赤福|ｌｈｒ（延长）,宮田,268,原名宮田
momoirone,1,irone0-0|irone0_0,ももいろね,268,原名ももいろね
muo_(muojjang_0929),1,muojjang_0929,muo,268,无通用中文名
rokita,1,rrrokita,ろきた,268,原名ろきた
ryu-akt,1,ryu-akt_(ryuakt),ryu-akt,268,无通用中文名
samsara_(shuukeura),1,moksamsara|samsara,samsara,268,无通用中文名
sayika,1,,sayika,268,无通用中文名
takeya_yuuki,1,takeya|takeyasan|takeyasan1101|takeyasan1986|yukitakeya,竹家ユーキ,268,全名竹家ユーキ，不可截成竹家
white-stew,1,white_stew,white-stew,268,无通用中文名
yoshiheihe,1,,yoshiheihe,268,无通用中文名
altronage,1,,altronage,267,无通用中文名
fixro2n,1,firo_(fixro2n),fixro2n,267,无通用中文名
gamryous,1,gamr_yous,gamryous,267,无通用中文名
gemi,1,gemi_(sakakami)|gemi_(yu-t),げみ,267,原名げみ
hanagata,1,hanada_(5385)|hanada_(rakugakiii)|hanada_(wc)|hanada_shio|hanada_shiwo|hanakeda|花田,花ヶ田,267,原名花ヶ田
hibi89,1,,日々89,267,原名日々89
i-pan,1,,i-パン,267,原名i-パン
izumi_yukiru,1,yuki_to_kaze|yukiru|yukiru_izumi|yukitokaze,和泉ゆきる,267,原名和泉ゆきる；铃鸣堂是社团
kisamu_(ksmz),1,_kisam_|kisam|kisam0714|kisamaaaa0714|kisamu|ksm|ksmz,キサム,267,原名キサム
kurochiroko,1,kurocchirokko|kurokoroko,くろちろこ,267,原名くろちろこ
makino_(ukiuo),1,,makino,267,无通用中文名
mogamiya_honu,1,honu|mogaho|tonezato_honu,最上谷ホヌ,267,原名最上谷ホヌ
rolua,1,rolua-n|rolua0001|rolua_n|rolua_natsutei|rolua_noa,ろるあ,267,原名ろるあ
wagashi_(dagashiya),1,wagasi|wagasi012|wakako_(wagasiorhugasi)|駄菓子屋|駄菓子屋（和菓子）,和菓子,267,原名和菓子；駄菓子屋是社团
wangphing,1,,wangphing,267,无通用中文名
yamada_ako,1,yamaako|yamada_(marmelo)|yamada_ako_(citron),山田あこ,267,全名山田あこ，不可截成山田
youmou_usagi,1,koumou_usagi,羊毛兎,267,原名羊毛兎
yuuma_(omaeno_meinichi),1,,祐马,267,原名ゆうま
bafarin,1,_yurubafa_|bafarin0001|bafuko_seiso|yurubafa,ばふぁりん,266,原名ばふぁりん
chikuwa_(tks),1,chikuwa|chikuwa_(takasu)|tks|tks_(chikuwa)|tks_chikuwa,ちくわ,266,原名ちくわ
darkkanan,1,,darkkanan,266,无通用中文名
geetsu,1,,げーつ,266,原名げーつ
gen_(enji),1,enji|enjigen|gen|gen_(ikeasa1985)|gengakugaku|genkyaowan|炎尔,源,266,原名源；炎爾是别名
habatakuhituji,1,,羽ばたく羊,266,原名羽ばたく羊
igarashi_mangou,1,igarashi_denma|igarashi_hirokazu|igarasy|igarasy_denma|igarasy_mango,五十嵐万剛,266,原名五十嵐万剛
jenevan,1,,jenevan,266,无通用中文名
kino_kokko,1,kokko_rkgk,こっこ,266,原名こっこ
kouki_kuu,1,koukikuus,こうきくう,266,原名こうきくう
kure~pu,1,,くれ〜ぷ,266,原名くれ〜ぷ
loen,1,loen91,loen,266,无通用中文名
maki_keigo,1,葛城,真木蛍五,266,原名真木蛍五
mao_(expuella),1,,真尾,266,无通用中文名
mins_(minevi),1,,雑魚,266,原名雑魚
miraa_(chikurin),1,chikurin,みらー,266,原名みらー
muka_tsuku,1,,凉瓜,266,other_names 含凉瓜，保留
ootori_(kyoya-ohtori),1,kyoya-ohtori,オートリ,266,原名オートリ
oyaman,1,oyaman-comic|oyaman10000|oyaman_comic|oyaman_ex,尾山泰永,266,原名尾山泰永
rihito_(usazukin),1,re_rihito|rihito|rihiton|usazukin,りひと,266,原名りひと
sakana_(flame_sakana),1,flame_sakana|sakana|sakana_0929|sakana_tacklebox,鱼,266,原名魚
satsuki_imonet,1,satsukiimonet,皋月芋网,266,原名皐月芋網
tamaoki_benkyou,1,benkyoboxx|tamaokibenkyo|tamaokibenkyoo,玉置勉強,266,原名玉置勉強
akahito,1,akahito65535|uzuki_akahito|赤人,赤人,265,原名卯月赤人
bankage,1,,bankage,265,无通用中文名
black_cola,1,blackcola|cola,black cola,265,无通用中文名
blance,1,blanc_(whit_blanc)|blance1004|whit_blanc,blance,265,无通用中文名
box_(hotpppink),1,bbbox|bbbox_sp|hotpppink,box,265,无通用中文名
dodome-iro_mayonnaise,1,dodo-mayo|dodo_mayo|dodomayo|dodomayo_chicken|dodome-iro_mayo|dodome_(sharon)|dodomeiro_mayo|dodomeiro_mayonnaise|mayo_rice_suishou_iinkai|mayomayorice|mayonnaise-gayu,どどめ色マヨネーズ,265,原名どどめ色マヨネーズ
emmmerald,1,emeraldcarbuncle|emmmerald_,emmmerald,265,无通用中文名
eno_yukimi,1,yukibara_7|yukimimi1024,榎ゆきみ,265,原名榎ゆきみ
fc_(efushii),1,fc/_efushi|fc/efushi,fc,265,无通用中文名
ganto,1,ganto69,杉咲ｇ,265,原名杉咲ｇ
kurokan_(kokkyou_oudan),1,kokkyou_oudan|kurokan|kurokan_(erodan)|kurosawa_kanji|黑泽莞尔,くろかん,265,原名クロカン；国境横断是社团
miwasiba,1,miwashiiba|miwasibas|角圆方叉‏,みわしいば,265,原名みわしいば；猫缶丸是别名
mugetsu2501,1,mugetsu-illust|mugetsu.illust|mugetsu_illust|无月|雾月,霧月,265,原名霧月
nyoijizai,1,nyoi_jizai|酒造司,如意自在,265,原名如意自在
pomodorosa,1,rosa_(pomodorosa)|rosa_(risa_hibiki),pomodorosa,265,无通用中文名
sui._(ayase),1,-翆-🎨|sui.,翆,265,原名-翆-；みどりのはこ是社团
supon,1,,スポン,265,原名スポン；海绵是意译
takuzui,1,,たくずぃー,265,原名たくずぃー
wuliu_heihuo,1,火花,无硫黑火,265,中文画师，社区通用无硫黑火
z.o.b,1,,深海子,265,other_names 含深海子，保留
zanzi,1,zanzirooo,暂时,265,原名暫時
a9b_(louis814),1,a9b|louis814,a9b,264,无通用中文名
changye,1,changyexs|昌夜先生,昌夜,264,中文画师，社区通用昌夜
damegane,1,01damegane|damegane-an|dameganedane,damegane,264,无通用中文名
dha,1,dha_l,dha,264,无通用中文名；短髪企画是社团
hi-ho-,1,,ヒーホー,264,原名ヒーホー
hitmanatee,1,,hitmanatee,264,无通用中文名
junes,1,junecity|junes1121|junes_(junecity)|junesu|junesun,junes,264,无通用中文名
k_(gear_labo),1,k,k,264,无通用中文名
kanju,1,,kanju,264,无通用中文名
mirukurim,1,shanon_kuriimyi,紗音,264,原名紗音
mizuki_(mizuki_ame),1,mizuki_ame|mizukiame|米朱奇,みずき,264,中文画师，社区通用水树墙
mokku,1,,モック,264,原名モック；ハンモック是社团
murakami_kou_(raye),1,murakami_kou|murakami_mau|murakami_rei|raye|raye_mura|村上礼|邑上_公|邑上公|邑上礼,邑上公,264,全名邑上公；村上礼是旧名
nakayama_tooru,1,,中山徹,264,原名中山徹
nanashi_noiji,1,,ななしのいぢ,264,原名ななしのいぢ
noise_(lesion949),1,lesion949|noise,noise,264,无通用中文名
osora_(judithandlilith),1,judithandlilith|osora|soramoyou,緒空,264,原名おそら；空模様是站点
p_(tidoriashi),1,p_|p_(senpuki),p,264,无通用中文名；K2マンホール是社团
ryara,1,,ryara,264,无通用中文名
sakura_(medilore),1,medilore|sa|蜂蜜酒,樱,264,原名佐倉
shiroi_karasu,1,syobo-karasu|syoboi_karasu,白い鴉,264,原名白い鴉
sunameri_oishii,1,,すなめりおいしー,264,原名すなめりおいしー；ねこみんとは社团
taira_tsukune,1,,平つくね,264,全名平つくね
tanaka_io_(craftstudio),1,craftstudio|fubuki_io|io_(craftstudio)|io_(itomagoi)|io_xxxx|io_yyyy|tanaka_io|田中いお|芙蕗伊于,伊於,264,原名伊於，不可写成伊于
aoblue,1,,あおブルー,263,原名あおブルー
arrow_(tamawo222),1,arrow|arrowshop|tamawo222,arrow,263,无通用中文名；3号是别名
esureki,1,,えすれき,263,原名えすれき
hiro_(chumo),1,hiro_(telecaster52)|hiro_chumo,博,263,无通用中文名
inishie,1,inishie_(canat)|inishiu,いにしえ,263,原名いにしえ
kakuzatou_(koruneriusu),1,kakuzatou|kakuzatou-salt|kakuzatou000|kakuzatou_(xylitol_mutou)|koruneri|koruneriusu|押蔵満重【角石少糖】|角石少糖|角砂糖,核座头,263,全名押蔵満重；角砂糖是旧名
kaneaki_mukku,1,69番仓库|６９番仓库,かねあきむっく,263,原名かねあきむっく；696番仓库是站点
kawa_mura,1,,河ムラ,263,原名河ムラ
kayon_(touzoku),1,kayon247|touzoku,カヨン,263,原名カヨン
koshiro_itsuki,1,itsuki_(bind_weed)|itsuki_(ipomoea_alba)|xitsuki,古城斎,263,全名古城斎，不可截成古城
melanbread,1,watermelan,melanbread,263,无通用中文名
misnon_the_great,1,,ミスノン・ザ・グレート,263,原名須原シイナ
mzh,1,mizuha_(mzh)|mzh.|mzh_(megacycle13)|mzh_(mizuha)|水巴冰鱼,みずは,263,原名みずは；水巴是旧名
nukaji_(kuromahou_kenkyuujo),1,nukaji|nukazi,ぬかじ,263,原名ぬかじ；黒魔法研究所是社团
nyamo,1,,nyamo,263,无通用中文名
ratsuku_kinoko,1,ratsukukinoko,らつくきのこ,263,原名らつくきのこ；黒猫行脚是站点
ryuuka_sane,1,nagare_kasane,流かさね,263,原名流かさね
shouna_mitsuishi,1,,庄名泉石,264,全名庄名泉石
soya_(torga),1,soya|soya_|torga,soya,263,无通用中文名
sui_(suizilla),1,suizilla,sui,263,无通用中文名
tosyeo,1,tosyeo_59,tosyeo,263,无通用中文名
uut,1,uut_vinylon,uut,263,无通用中文名
blaze_(blazeillust),1,blaze|blaze-san|blaze1208|blaze_(artist)|blazeillust|deathblaze|ikemen_blaze,blaze,262,无通用中文名
hjz_(artemi),1,hjz,hjz,262,无通用中文名
ishimu,1,1shimu|ishimu47,イシム,262,原名意志無
kawatsu_yuuki,1,yu_ki-kawatsu,kawatsu yuuki,262,无通用中文名
mizunoe_kotaru,1,kotaru|kotaru3|kotaru_|kotaru_(kotaru_mizunoe)|kotaru_mizunoe,瑚樽,262,原名瑚樽
naitou_ryuu,1,naitou_technology,内藤隆,262,全名内藤隆，不可截成内藤
nenosame,1,neno_same|nenosame5_,ねのさめ,262,原名ねのさめ
poin_(hidsuki),1,poin,ぽいん,262,原名ぽいん
red_medicine,1,red_(girllove)|redmedicine,热的没底薪,262,中文画师，社区通用热的没底薪
shukusuri,1,,朱崎紫童,262,原名朱崎紫童
sibyl,1,sibyl100|sibylart|sibylartthings|sibylsibyl|sibylsibyl2006|sibylsibyl2013,sibyl,262,无通用中文名；西贝鲁只是音译
skywalker0610,1,skywalker,skywalker0610,262,无通用中文名
takimoto_yukari,1,karine_yukari|karinekoro|karineyukari,瀧本ゆかり,262,原名瀧本ゆかり
tsukuno_tsuki,1,,ツクノ月,262,原名ツクノ月
xilmo,1,xilm0,夕末,262,中文画师，社区通用夕末；夕末的画板儿呢是站点
youshuu,1,son_youshuu|阳州,孫陽州,262,全名孫陽州，不可截成阳州
yuming_li,1,_yuming_li,yuming li,262,无通用中文名
zaregoto_tsukai_no_deshi,1,tawagoto_dukai_no_deshi,戯言遣いの弟子,262,原名戯言遣いの弟子
2l_(2lsize),1,2l|2lbrs|mtthe2l,2l,261,无通用中文名
cottontailtokki,1,cottontail0327,cottontailtokki,261,无通用中文名
digimin,1,,digimin,261,无通用中文名
inoshishi_(ikatomo),1,ikatomo|inoshishi,inoshishi,261,无通用中文名
itamochi,1,enikaitamochi|itamochisann,板餅,261,原名板餅
ivy_(sena0119),1,ivy|ivy_draws,ivy,261,无通用中文名
kuri_(kurigohan),1,kurimeshi-ya,栗,261,原名くりごはん；栗饭屋是社团
kurobeko_(kur0bek0),1,kurobeko,kurobeko,261,无通用中文名
lolimate,1,,ロリメイト,261,原名ロリメイト
matokechi,1,mato_kechi|matokechi_(aria155-aqua),まとけち,261,原名まとけち；小豆是旧名
nekolina,1,nekorina|nklinak,ネコリナ,261,原名ネコリナ
nopinzo,1,,ノピンゾ,261,原名ノピンゾ
riru,1,riru_(nananana),りーるー,261,原名リル
suka,1,skysuka,すか,261,原名すか；しろくま屋是社团
tennohi,1,,天之火,261,中文画师，社区通用天之火
toten_(der_fuhrer),1,der_fuhrer|toten_(artist)|totenkopf,東天鼓舞,261,原名東天鼓舞
uganda_(ugandam_00),1,1no1nokanda|uga|uganda|ugandam_00,ウガンダ,261,原名ウガンダ
unsomnus,1,lewdsomnus,unsomnus,261,无通用中文名
yushe_quetzalli,1,yushi_ketsalkoatl|yushi_quetzalli|羽蛇Quetzalli,穹鸟飞鱼,261,中文画师，社区通用穹鸟飞鱼
yuuhi_alpha,1,yuuhi_arufa|yuuhi_aruha|悠飞或叶|浦树比吕|结城椎名|ｕ.椎名,悠飛あるふぁ,261,原名悠飛α
0930erina,1,,0930erina,260,无通用中文名
amana_(pocketkey),1,amana|amana00000|amana_3_|amanatsu_makoto|pocketkey,あまな,260,原名あまな
amemiya_ruki,1,amemiyaluky,雨宮ルキ,260,原名雨宮ルキ
barashiya,1,,barashiya,260,无通用中文名
chize,1,,ちぜ,260,原名ちぜ
fuepo,1,efuep0,ふーぷ,260,原名ふーぷ；星乃是别名
hane_(hanegoya),1,hanegoya|ohanechan|十羽|十羽椎夜,羽,260,原名羽；十羽是旧名
hizuki_higure,1,hizukis_,緋月ひぐれ,260,全名緋月ひぐれ；栢野是别名
iruma_kamiri,1,,いるまかみり,260,原名いるまかみり
jurge,1,,ジュルジュ,260,原名ジュルジュ
katsudansou,1,katsudansou_(u-rica),活断層,260,原名活断層
keishin,1,k|keeshin|keisin|keisin1021|kurokeisin,けーしん,260,原名けーしん
kikuchi_tsutomu,1,kikuchi|kikuchi_(oremuha-x)|kikuchi_(oremuha_x),キクチツトム,260,无通用中文名
konata_gazel,1,gazel-konata|gazel_konata|gazelk|gazelkonata|konata_gazeru,此方がぜる,260,原名此方がぜる
mine_(peak),1,jiraiya2mine|mine|mine-jiraiya|mine_(artist)|mine_(jiraiya)|peak,地雷屋,260,原名地雷屋
monoku,1,,ものく,260,原名ものく
rauto,1,illustrauto,らうと,260,原名らうと
rod_(rod4817),1,rod|rod4817|rod4817a,rod,260,无通用中文名
spawnfoxy,1,,spawnfoxy,260,无通用中文名
tori_udon,1,,とりうどん,260,原名とりうどん
araiguma,1,pink_araiguma,あらいぐま,259,原名あらいぐま
asada_sadao,1,sadao4a|榎吉|祯雄,朝田禎雄,259,全名朝田禎雄，不可截成祯雄
asagi_yuna,1,asagiyuna,浅葱ゆな,259,原名浅葱ゆな；月曜猫是旧名
berserkert,1,berserkertr19|狂龟🔞,狂龜,259,原名狂龜
boke-chan,1,boke-0327|boke_,boke-chan,259,无通用中文名
bokota_(bokobokota),1,bokobokota,ボコ太,259,原名ボコ太
gero_zoukin,1,,下呂雑巾,259,原名下呂雑巾
herio,1,haraheri-dou|haraheridou|herioscope|heriwo_(haraheridou),ヘリを,259,原名ヘリを；はらヘリ堂是社团
hikaru_(ofuton_at5),1,hikaru|ofuton_at5,日袈流,259,无通用中文名
hinata_sora,1,soramochi,hinata sora,259,无通用中文名
honzawa_yuuichirou,1,,本澤友一郎,259,全名本澤友一郎
kamenozoki_momomo,1,knkmomomo|momomo_knk|沖宮凛|黑白濑。××,甕覗ももも,259,全名甕覗ももも；沖宮凛是别名
kasa_(hitori_sanka),1,hitori_sanka|kasa|kasab_bt,かさ,259,无通用中文名
katsuoboshi,1,,鰹節,259,原名鰹節
kudou_(ooabareteng),1,,クドウ,260,原名クドー
kyoko_(akakikyoko),1,akaki_kyoko|akakikyoko|akakikyokocoe|akakikyokosg|akkkyoko|kyoko|kyoko_akaki|kyokoakaki|kyokoanother|悠悠珂珂|悠珂|风色,響胡,259,中文画师，社区通用今后
matsukuzu,1,,茉屑,259,原名茉屑
okayparium,1,,okayparium,259,无通用中文名
ooide_chousuke,1,o-ide_chosuke|oide_chosuke,大出長介,259,全名大出長介，不可截成大出
sumiyama_sui,1,,墨山スイ,261,原名墨山スイ
tadokoro_nurikabe,1,nurikabesan2014|nurikabesan2021|smrnurikabe,田所ぬりかべ,259,全名田所ぬりかべ
uraharukon,1,,うらはるこん,259,原名うらはるこん
werkbau,1,werkbau01,werkbau,259,无通用中文名
yoshino_ryou,1,,yoshino ryou,259,无通用中文名
amano_jack,1,amanojack|amanojack_0808|amanojaku|amanojakuso|uriko_(amanojack),尼野じゃっく,258,原名あまのじゃく
awa_yume,1,awayume,淡夢,258,原名淡夢
c/h,1,,c/h,258,无通用中文名
choco_tanuki,1,tyoko_tanuki16,チョコ狸,258,原名チョコ狸
eiku,1,,えいく,258,原名えいく
guchiota_field,1,taguchi_takahiro,田口隆大,258,全名田口隆大
haiki_(tegusu),1,haiki|haiki396|haiki396g|tegusu,はいき,258,原名はいき
haruken,1,harukeeen,ハル犬,258,原名ハル犬
hatafuta,1,hatahuta|hatahuta22,はたふた,258,原名はたふた
hinata_nonoka,1,,日向ののか,258,全名日向ののか
kahlua_(artist),1,kahlua|kahlua_18|kahlua_rarara,藤伊ニケ,258,原名藤伊ニケ
kaisenpurin,1,uminopurin,海鮮プリン,258,原名海鮮プリン
katou_haruaki,1,,katou haruaki,258,无通用中文名
kittew,1,kittew_here|kittew_leonova,kittew,258,无通用中文名
kuri_giepi,1,kuri,kuri giepi,258,无通用中文名
manyako_(mohumohu),1,manya00|manya_(mohu_is-mine)|manya_x|manyak|manyako|mohumohu,マニャ子,258,原名マニャ子
matarou_(matarou072),1,matarou072|股漏🔞,股漏,258,原名股漏
nezuko,1,,ねずこ,258,原名ねずこ
nhadraw,1,,nhadraw,258,无通用中文名
onsen_tamago_(nurumayu_onsen),1,kido_airaku_(nurumayuonsen)|kido_airaku_(onsen_tamago)|kidoairaku_(nurumayuonsen)|kidoairaku_(onsentamago)|nurumayu_onsen|onsen_tamago|onsen_tamago_(kido_airaku)|onsen_tamago_(nurumayuonsen)|onsentamago|onsentamago_(nurumayu_onsen)|onsentamago_(nurumayuonsen)|温泉卵,温泉卵,258,原名温泉卵；喜怒哀楽是别名
sy4,1,sy4may0,sy4,258,无通用中文名
taji_(crowview),1,crowview|taji|taji_(hokamichi),たじ,258,原名他路
tatsumiya_kagari,1,tatumiya0009|tatumiyakagari,龍宮篝,258,全名龍宮篝
uta_(kuroneko),1,,唄,258,原名唄
yumesaki_nana,1,nana_(nana_yume87)|nana_yume87|yumeirono,夢咲なな,258,原名夢咲なな
yuzuki_karu,1,karu21|karu_puchi,結月かる,258,原名結月かる
bachera,1,vachelors,ばちぇら,257,原名ばちぇら
controlline3,1,controlline,controlline3,258,无通用中文名
fujii_jun,1,fujii|fujii_(fujiiro_sabou)|二四一|绿豆|藤伊|藤伊洵|藤色茶房,藤伊洵,257,全名藤伊洵；二四一是别名，藤色茶房是社团
humuyun,1,fumuyun,ふむゆん,257,原名ふむゆん
hyocorou,1,hyoco|hyoco6|hyoco_michi|hyoco_road,ひょころー,257,原名ひょころー；ひょこ道是社团
karatakewari,1,,からたけわり,257,原名からたけわり
kinakomochi_(user_vedc2333),1,omochi_db|user_vedc2333,きなこもち,257,原名きなこもち
kinohara_kossuta,1,kinohara|kinohara-kossuta|kinohara.nguyen|kinohara41|kinoharakossuta,kinohara kossuta,257,无通用中文名
kuromame_(8gou),1,kuromame_(yagou)|kuromame_8gou|kuromame_yagou|黑豆８号,クロマメ,257,原名黒豆８号
metal_owl_(aden12),1,aden12|metal_owl|metal_owl_(artist)|metal_owl_(owls_nest),metal owl,257,无通用中文名
mickeysmith,1,mickey|mickey_games|mickeygames|replus_mickey,みっきーすみす,257,原名みっきーすみす
mikazuki_sara,1,sara777|sara_crescent,三日月沙羅,257,全名三日月沙羅，不可截成三日月
miko_fly,1,mikofly,みこフライ,257,原名みこフライ
mitsuki_meia,1,,美月めいあ,257,原名美月めいあ
moeki_yuuta,1,moeki_yuta|yuta_moeki,萌木雄汰,257,全名萌木雄汰
nishiki_koi,1,,二色,257,原名二色
normaland,1,nomalandnomal|normalandnormal,のーまらんど,257,原名のーまらんど
ogry_ching,1,,扇ちん平,257,全名扇ちん平，不可截成扇
oshage_(osyage921),1,oshage_(user_kpsn5534),おしゃげ,257,原名おしゃげ
ribucci,1,,ribucci,257,无通用中文名
roh_nam_kyung,1,,roh nam kyung,257,无通用中文名
saeki_touma,1,sahaku_touma|saheki_touma|saiki_touma,佐伯トウマ,257,原名佐伯トウマ
shinjiro,1,,信じろ,257,原名信じろ
sin-go,1,,シンゴ,257,原名シンゴ
tadano_akira,1,,只野あきら,257,原名只野あきら；红茶馆是社团
ten-chan_(eternal_s),1,,ten-chan,257,无通用中文名
u_(the_unko),1,,u,257,无通用中文名
yuya090602,1,,yuya090602,257,无通用中文名
zetsuyo_chimayo,1,zetsumayoworks|zetsuyochimayo,ぜつよちまよ,257,原名ぜつよちまよ
deadpool_yuchan,1,deadpool-yuchan|yuchan,deadpool yuchan,256,无通用中文名
e_(eokiba),1,e|e_eokiba|ejkfogksiu_sjsial,e,256,无通用中文名
enuni,1,enuni94|enuni_|enuni_2nd|enuni__,enuni,256,无通用中文名
hakuda_tofu,1,,はくだ とふ,256,原名はくだ とふ
haru_yu,1,fukudaharuto0902|haru_yu1129,はるユ,256,原名はるユ
henry_bird_9,1,hanri_bird|henrybird|henrybird9|henrybird99,半里バード,256,原名半里バード
hikari_niji,1,hikariniji,hikari niji,256,无通用中文名
honlo,1,honlos,姓沈的猫,256,中文画师，社区通用姓沈的猫
ichi_(ichi.colors),1,ichi,イチ,256,无通用中文名
ichiei,1,ichiei_(tsukikoyo)|月こよ,一栄,256,原名一栄；月こよ是站点
ikuhana_niiro,1,かねじろう,幾花にいろ,256,原名幾花にいろ；かねじろう是旧名
kirise_mitsuru,1,kirise_mituru|miturukirise|ミツル|霧瀬ミツノレ,霧瀬ミツル,256,原名霧瀬ミツル；虚幻庭園是博客名
kuzumosu,1,,くずもす,256,原名くずもす
morry,1,morry23|morry_evans|morryevans,morry,256,韩国画师，无通用中文名
neonbeat,1,neonbeat619,neonbeat,256,无通用中文名
nozaki_tsubata,1,tsubata|tsubatako|つばた,野崎つばた,256,全名野崎つばた；茶白是社团
rumie,1,,るみえ,256,原名るみえ；聖堂騎士団是社团
ryuji_(red-truth),1,,龍弐,256,原名龍弐
sateto_(user_knrf2332),1,piwa|sateto|tetesudeesu|user_knrf2332,sateto,256,无通用中文名
sts,1,sts7collars|sts7colors|stsme,谷裕司,256,原名谷裕司
tadanoshi_kabane,1,,ただのしかばね,256,原名ただのしかばね
tensugi_takashi,1,てん,天杉貴志,256,全名天杉貴志，不可截成天杉
teramoto_kaoru,1,,寺本薫,256,原名寺本薫
billie_(meng_gong_fang),1,billie,萌工坊,255,社团名萌工坊，以此定位画师
burbur,1,burburart,burbur,255,无通用中文名
buta_tamako,1,bt_tamako|bttamako|tamako_(ei_niku),豚たま子,255,原名豚たま子
dolce_(dolsuke),1,dolce|dolsuke,ドルチェ,255,原名ドルチェ
eichan_(eichanidfi),1,eichan|eichanidfi|eichanidfi0301,えいちゃん,255,原名えいちゃん；銀色箱庭是站点名
icecake,1,,icecake,255,无通用中文名
iuui,1,1551iuui,イウウイ,255,原名イウウイ
kaname_nagi,1,kaname|nagikaname,かなめ,255,原名かなめ薙
karasaki,1,karasaki_th,唐崎,255,原名唐崎
kenron_toqueen,1,kenron_o._toqueen_tesla|kenronpaki,kenron toqueen,255,无通用中文名
kikuta,1,kikuta256|kikuta_kouji|キクタ,菊田高次,255,全名菊田高次，不可截成菊田
koiso_usu,1,koiso_erika|小矶臼|濃い濃いソース,小磯臼,255,原名小磯臼；濃いソース是文字梗
maachin,1,airily_machin,まーちん,255,原名まーちん
mika_(1020mk),1,1020mk|mika10200|mk|水音,水香,255,原名水香；水音是别名
mimura_kaoru,1,kamimura|kamimura_ren|かみむら|深村薫|花好月圆|香深村|香深村錬,深村薫,255,画师曾用多名；zh取深村薫（与tag对应）
mizuno_asami,1,,水野浅見,255,原名水野浅見
naha78,1,naha78pr,ナハ78,255,原名ナハ78；塩ちょこ是社团
nine_(kanine41),1,kanine41|nine,nine,255,无通用中文名
nokishita,1,noki|noki_nokisita|nokisita,のきした,255,原名のきした
popoman,1,,泡麵+蛋,255,中文画师，社区通用泡面+蛋
rata_(norahasu),1,rata,rata,255,无通用中文名
rokkotsu,1,,肋骨,255,原名肋骨
sensen,1,sensen_(sensen-cha)|千堂,せんせん,255,现名せんせん；千堂是旧名
sui_(camellia),1,camellia|sui|sui-youpome|sui1222|sui6112|suililac,すい,255,原名すい
suzuame_yatsumi,1,智鳥,鈴雨やつみ,255,全名鈴雨やつみ；智鳥是别名
tesun_(g_noh),1,g_noh|tesun|てすん|工房寺,洪太錞,255,原名洪太錞；工房寺是社团
ueauwa,1,,ueauwa,255,无通用中文名
aibumi,1,aibumi1204|aibumioekaki|出流藍筆|蓝文,藍文,254,原名藍文；出流藍筆是旧名
airandou,1,,あいらんどう,254,原名あいらんどう
ayano_yuu_(sonma_1426),1,ayano_yuu|ayano_yuu_(yuki)|ayanoyou|s|sonma_1426|tfu_kayano|u_kayano|绫野_优|绫野优,綾野優,254,原名綾野優
ayyk92,1,,ayyk92,254,无通用中文名
char_(2v_26),1,2v_26|char|char2v26shockingpink|char_2v26|仮説住宅2V26,char,254,原名char；仮説住宅2V26是pixiv名
cyawa,1,,ちゃわ,254,原名ちゃわ
dosu_(doseven),1,dos,どす,254,原名どす；ちくわドロップ是社团
goroo_(eneosu),1,goro.|gorooon0402,五郎,254,原名五郎
hota,1,hota.|hotaiyokan,ほた。,254,原名ほた。
kokoa_ninniku,1,kokoa-ninniku|kokonin,ここあにんにく,254,原名ここあにんにく
mairo,1,mairo-vocaloid,mairo,254,无通用中文名
minatsuki_alumi,1,minatsuki_arumi|アルミ|味噌,水月あるみ,254,全名水月あるみ；味噌/アルミ是昵称
miu_(miuuu_721),1,miu|miuuu_721,みう,254,原名みう
muunyan_(yumenekoya),1,munyamunyako|muunyan|muunyan_(yumeneko-ya)|yumenekoya,むーにゃん,254,原名むーにゃん；夢ねこ屋是社团
my700,1,,my700,254,无通用中文名
nokoru_sora,1,ncr_sora,nokoru sora,254,无通用中文名
okada_(hoooojicha),1,hoooojicha,okada,254,无通用中文名
ooji_cha,1,oojicha,おーじ茶,254,原名おーじ茶；猫茶畑是社团
subaru_(yachika),1,subaru|yachika,スバル,254,无通用中文名
sumiya_nadateru,1,katasumi5o|katasumi_(katsumi5o)|katsumi5o|oheya_katasumi,隅谷ナダテル,254,原名隅谷ナダテル；片隅は站点
takomeshi,1,takomeshix,たこめし,254,原名たこめし
uno_makoto,1,,うのまこと,254,原名宇野真
yufou,1,yuufou,ゆーFOU,254,原名ゆーFOU
darkside,1,dark|darkside22423|darkside_room,だーく,253,原名だーく
dr_graevling,1,drgraevling,dr graevling,253,无通用中文名
goumudan,1,,月下瓜田一只猹,253,中文画师，社区通用月下瓜田一只猹
hiro_(dismaless),1,100301hiro|hiro|siiteiebahiro,博,253,原名博
jeanex,1,,jeanex,253,无通用中文名
kim_yura_(goddess_mechanic),1,byurad|gim_yula|gim_yura|goddess_mechanic|kim_yula|kim_yura|kim_yura_(ybn88)|kimyura|yura.kim.796|yura_kim|yurakim_arts|yurakim_dbarts|김유라|유라,kim yura,253,韩国画师（김유라），无通用中文名
kobone,1,kobone_(ikedukuri)|kobone_(ikezukuri)|お砂糖アザラシ|鮭の骨,小骨,253,原名小骨；鮭の骨/お砂糖アザラシ是旧名
makai,1,makai2010|makai2013,makai,253,中文画师（wiki注），无通用中文名
morogami_ryou,1,,两神了,253,原名両神了；石切場是社团
mozukun43,1,,もくず,253,原名もくず
mukunokino_isshiki,1,hyaku_ichi-shiki|hyakuichishiki|kurakinoissiki|椋木野壱式|百壱式,椋木野一式,253,全名椋木野一式，不可截成椋木野
nep_(nep_76),1,nep|nep76|nep7655|nep_76,nep,253,无通用中文名
nobori_ranzu,1,ranzu|阿部ランズ,昇りランズ,253,原名昇りランズ
oono_tsutomu,1,aramaki_tsuto|aramaki_tsutomushi|oono_tutomu|oonotutomu|tutomusi,大野ツトム,253,原名大野ツトム
rokuichi,1,,六壹,253,原名六壱
starmilk,1,starmilkplus,starmilk,253,无通用中文名；账户要求保持独立
tenko_(gintenko),1,gintenko|tenko,天弧,253,原名天弧
toshifumi,1,nonoshiri-p|nonoshiri_p|toshifumi_(nonoshiri-p)|toshifumi_(unmei-dou)|toshifumi_(unmeidou)|運命堂,トシフミ,253,原名トシフミ；運命堂是站点
tsudero,1,tsuderou|tudero,ツデロー,253,原名ツデロー
tsukino_wagamo,1,kuragamo|tukinowagamo,月ノ輪ガモ,253,原名月ノ輪ガモ；KURAGAMO是社团
watakarashi,1,,綿辛子,253,原名綿辛子，不可截成綿
xanax025,1,sixthpaledot,xanax025,253,无通用中文名
yoshimoto_(carpsukidayo),1,carpsukidayo|yoshimoto,吉本,253,原名吉本
yuuki_eishi,1,ゆえ,結城えいし,253,原名結城えいし；月夜幻想是社团
akazawa_red,1,akazara_red|akazarared|akazawared,あかざわred,252,原名あかざわred
aoi_tiduru,1,aoi_dennou|tiduru_39,葵井ちづる,252,原名葵井ちづる
attsun_(atsushi_jb),1,,内山敦司,252,原名内山敦司
aya_(lezon),1,aya,蓝夜,252,原名アヤ；層流少女是社团
chocokin,1,,ちょこきん,252,原名ちょこきん
ciloranko,1,小纪世界最菜|海浪松饼|纪奈啾|纪渚良|纪渚良真的很菜|纪英俊,宇宙幽灵人,252,中文画师，社区通用宇宙幽灵人
deerwhisky,1,,deerwhisky,252,无通用中文名
dowman_sayman,1,douman_seiman,道满晴明,252,原名道満晴明
ginklaga,1,,ginklaga,254,无通用中文名
hamachamu,1,hamatyamu0404,ハマちゃむ,252,原名ハマちゃむ
hinokami,1,,hinokami,252,无通用中文名
ineka_ka,1,,ineka,252,无通用中文名
jittsu,1,,ジッツ,252,原名ジッツ
kamo_(kamonabe_44),1,toro_manma,カモ,252,原名カモ
kosame_daizu,1,黑豆|黒豆,小雨大豆,252,原名小雨大豆；黒豆是别名
kurokawa_otogi,1,benihi_otogi|otogi|otogi_krkw|otogi_kurokawa|ti_otogi_ti|おとぎ|紅緋おとぎ,黑川おとぎ,252,全名黒川おとぎ，不可截成黒川
merlusa,1,,メルルーサ,252,原名メルルーサ
miso_katsu,1,misokick|misokonbu,みそカツ,252,原名みそカツ
nenchi,1,,ねんち,252,原名ねんち；紅少女是社团
noise_(tsuzuki),1,noise|noise_(hot_pot)|noise_(noi3)|noise_(pixiv22604)|noise_(st_noi3)|tsuzuki,noise,252,原名Noise；Hot Pot是社团
omizu_(omz),1,雑種,おみず,252,原名おみず；雑種是旧名
papi_(papiron100),1,papiron100,papi,252,无通用中文名
realmbw,1,r-zi_(realmbw),realmbw,252,无通用中文名
rikka_(rikkaarts),1,rikka|seasonanimes,立夏,252,原名りっか
roina_(effj7473),1,roina,roina,252,无通用中文名
sasachin_(k+w),1,k+w|sasachin|sasachin_(1492egg)|sasara_(1492egg)|sasaraidann,ささちん,252,原名ささちん；Ｋ+Ｗ是社团
shacho_(ko_no_ha),1,ko_no_ha,社ちょ,252,原名社ちょ
splush_wave,1,splushwave,splush wave,252,多人社团，非个人画师
tomamatto,1,,トママト,257,原名トママト
zaki_(zaki_btw),1,birizaki|zaki,zaki,252,无通用中文名
amaa_(chou_dennou_jidai),1,amaa|amaa-p|amaa_(amamidokoro)|amaa_(saratosozyu)|chou_dennou_jidai|山田あま子|芳田哲也|超电脳时代,あまー,251,笔名あまー；芳田哲也是本名
anyan_(jooho),1,anyan|jooho,anyan,251,韩国画师，无通用中文名
azumi_inori,1,adumi_inori|时越绘巻|時越絵巻,安曇祈,251,全名安曇祈，不可截成安曇
kinosaki,1,,城之崎,251,原名城之崎
lily_(artist),1,lily_(c_lily)|lily_(lily),lily,251,无通用中文名
maguro_(mawaru_sushi),1,maguro|maguro468|maguro556|maguro_(hfsbhusbeuksybfyr)|maguro_(pixivid390663)|mawaru_sushi,まぐろ,251,原名まぐろ；まわる寿司是社团
nagomian,1,nagomiann0326,和庵,251,原名和庵
nazu-na,1,nazuna|nazunamomo,ナズナ,251,原名ナズナ；桜色影法師是社团
nicutoka,1,nicu_(nicutoka),nicutoka,251,社团名，无通用中文名
north_abyssor,1,abyss_of_parliament|northabyssor|深渊议会议员,涩涩一定会没收,251,中文画师；涩涩一定会没收是现名，深渊议会议员是旧名
popman3580,1,,popman3580,251,无通用中文名
sakikumo_(sakumo),1,sakumogain,咲雲がいん,251,原名咲雲がいん
sapphire_(sapphire25252),1,sapphire|sapphire25252|sapphire_bot001,サファイア,251,原名さふぁいあ
satou_toshiyuki,1,高山正宏,佐藤利幸,251,原名佐藤利幸；高山正宏是别笔名
say_hana,1,hana|sayhanawork|谁哈那|闻哈那,林花,251,zh取林花；谁哈那/闻哈那是中文昵称
takahata_yuki,1,高畑雪,高畑雪,251,原名高畑雪
yassy,1,,yassy,251,无通用中文名（やし屋是站点）
yunagi_amane,1,あまね,忧凪天音,251,原名憂凪あまね
akinomiya_asuka,1,akarinomiya|akarinomiya-asuka|akarinomiya_a|akarinomiya_asuka|asuka|秋ノ宮飛鳥|飛鳥,明ノ宮飛鳥,250,全名明ノ宮飛鳥，不可截成飛鳥
atsumi_yoshioka,1,yoshiiiika|yoshiokaa|yoshiokanu|yoshiokapm,atsumi yoshioka,250,无通用中文名
boruhis,1,boruboxhistory,ボルヒス,250,原名ボルヒス
don_(rg06268),1,don|don_iceplace|rg06268,don,250,无通用中文名
ecru,1,,ecru,250,无通用中文名
goma_irasuto,1,,ごま,250,原名ごま
hmage,1,hmago|thehmago,hmage,250,无通用中文名
inyucchi,1,inyu|inyu-goya|inyu1981|inyutti,いにゅっち,250,原名いにゅっち；いにゅ小屋是社团
keishi_surota,1,surotak,京師すろた,250,原名京師すろた
kurumi_(recycllamo),1,kurumi_(plath)|recycllamo|くるみ|南无三❤|南无三👨❤👨🐸_🎨|无证经营的元气弹|月光騎士胡桃|月光骑士胡桃|月骑之马上下播|满溢鱼蛋泡澡桶|纯种桃|胡桃|胡桃并非骑士|胡桃月下兄贵|胡桃月下疾走|草之魔术师阿桃|鹤仙人,胡桃,250,中文画师，zh取胡桃
misha_(hoongju),1,untel_misha|미샤,misha,250,韩国画师（미샤），无通用中文名
mitchi,1,,みっちー,250,原名みっちー
mugichoko_(mugi_no_choko),1,mugi_no_choko|mugichoco_(mugi_no_choco)|mugichoko|mugichokooo|muginochoko,むぎちょこ,250,原名むぎちょこ
oiru_(613),1,,おいるぅ,250,原名おいるぅ
oku_tamamushi,1,oku_tamamusi|tamamushi_(toto300)|tamamusi,奥たまむし,250,原名奥たまむし
purunyara,1,kei_nyara|nyara|nyarara|prprnyarararapeace|purunyara.|unyara_(karma11)|unyara_shouji|うにゃら|にゃらら|黒黒②,ぷるにゃら。,250,现名ぷるにゃら。；黒黒②は旧名
sasorigatame,1,,さそりがため,250,原名さそりがため；尿意棒は戏称
sho_bu_1116,1,requiem1116|shobu1116,菖蒲,250,原名菖蒲（しょうぶ）
shoukaki_(earthean),1,earthean|syoukaki|syoukakix|消火器🔞,消火器,250,原名消火器
velzhe,1,velzhenef,ベルゼ,250,原名ベルゼ
yan_pai,1,,やんパイ,250,原名やんパイ
yukimasa_(nkk145),1,ゆきまさ,行政,250,原名行政（读作Yukimasa）
ashiwara_yuu,1,asiwara_yu24|ゆう|圭志|芦原|芦原_侑|ｕ子,芦原侑,249,原名芦原侑；圭志是别名
chilakkk,1,虫尼手银的小迷弟之乐,之樂,249,中文画师，社区通用之乐
crimson_comics,1,crimson23|crimson_3|crimson_the_work|クリムゾン,crimson,249,社团Crimson，多人创作
hong_bai,1,红白-,红白,249,中文画师，社区通用红白
kodama_yuu,1,kodama_yu|yuu|酉|雨时|雨時|ﾋﾘ机族,児玉酉,249,原名児玉酉；雨時是社团
koge_donbo,1,koge2house|koge_dobo|kogedonbo|koharuno_kokoro|コゲどんぼ|小春こころ,こげどんぼ,249,原名こげどんぼ*（Koge-Donbo）
kouta.,1,,こーた。,249,原名こーた。
kyokutou_hentai_samurai,1,kyokutouhentai|kyokutouhentaiji|东変态侍|東変態侍,極東変態侍,249,原名極東変態侍
mokokiyo_(asaddr),1,asaddr|mokokiyo|mokono115,もこきよ,249,原名もこきよ
nicetack,1,nice_taku|nicetack_(erufunokensi),ナイスタック,249,原名ナイスタック
noto_(soranoto),1,noto999|初空おとわ,能戸,249,原名のと；ソラノト是社团
rin2008,1,rin|rin20100803,rin,249,无通用中文名
sakura_tsubame,1,,佐倉ツバメ,249,原名佐倉ツバメ
sulcate,1,sulcate_nsfw,sulcate,249,无通用中文名
tenpesuto,1,arara_(tenpesuto),てんぺすと,249,原名てんぺすと
tokiti,1,tokichi,ときち,249,原名ときち
tsuru_(clainman),1,chiba_tsuru|clainman|kisazaki_tsurugi|tsuru|tsuru_(tzl)|tsuru_tzl|tsuruxe1|匿名天体|千叶鹤|木鞘崎つるぎ|鶴|鹤城,つる,249,画师曾用千葉鶴/木鞘崎つるぎ等名；zh取千葉鶴
utu_(ldnsft),1,ldnsft|utu|utu_ldnsft,うつつ,249,原名うつつ；UTSUSEMIは旧名
yan_wan,1,宴宛|白肝,古乳,249,中文（台）画师，多笔名
yozora_(1wkdgusdn),1,1wkdgusdn|yozora|yozora1902,よぞら,249,原名よぞら
yukichi_(sukiyaki39),1,nasu_yukichi|satsutaba_noyukichi|sukiyaki39|茄子ゆきち,湯基地,249,现名ゆきち；茄子ゆきちは旧名
akimaki_yuu,1,aki_maki_yuu,秋巻ゆう,248,原名秋巻ゆう
bbbb_fex,1,,bbbb fex,248,无通用中文名
dlanon,1,dl|dlartistanon,dlanon,248,无通用中文名
hajime_kaname,1,hajimekaname,ハジメカナメ,248,原名ハジメカナメ
halkawa501,1,harukawa|harukawa_(hal501),春川,248,原名春川
hone_(honehone083),1,hone|hone_(honeneko_kikou_shidan)|honehone083|honeneko01,ホネ,248,原名ほね；骨猫機甲師団是社团
kagiyama_(clave),1,kagiyama|kagiyama1468013|kagiyama_(74297429)|幻影の覇者,鍵山,248,原名鍵山；幻影の覇者は旧名
kasuga_sunao,1,sunao08|sunao_k|春日沙生🍓,春日沙生,248,原名春日沙生
linreplica,1,,linreplica,248,无通用中文名
mameojitan,1,4oji344|mame_oji-tan|mame_ojitan|mameozi3,まめおじたん,248,原名まめおじたん
mizutamako,1,,水玉子,248,原名水玉子
murasaki_iro,1,iromurasaki,紫色,248,原名紫色
nekosuke_(oxo),1,nekosuke-oxo,ねこ助,248,原名ねこ助
ors_anime_renders,1,ors-anime_renders|ors-renders|ors_renders|orsanimerenders|orsrenders|otaku_renders_service|otaku_renders_service_quadra|otakurenders-service,ors anime renders,248,渲染发布号，无通用中文名
pandain,1,pandain95,パンダィン,248,原名パンダィン；肌色ルイボスティーは社团
partner_(kprtnr),1,act-partner|act_partner|partner,ぱるとねる,248,原名ぱるとねる；act.direction是社团
rabbit_(wlsdnjs950),1,천량금,千兩金,248,原名千兩金（천량금）
ranyu,1,ranyuart|染羽_摸鱼的形状,染羽,248,中文画师，社区通用染羽
reitou_mikan,1,冷燈みかん,れいとうみかん,248,原名冷凍みかん
rizzl,1,rizzloukanahime|りず|霜袖,露灯つずり,248,原名露灯つずり；霜袖は旧名
rnuyvm,1,,rnuyvm,248,无通用中文名
roxxxan,1,roxxxan7,roxxxan,248,无通用中文名
saintshiro,1,saint_shiro|saintshiro46|sei_shiro|智志,聖シロー,248,原名聖シロー；智志是别名
shitou_(4h),1,4h|shitou_(hosi-gaki)|shitou_chuusuu|sitou44|四头中枢|四頭,四头,248,原名四頭；4H是社团
speckticuls,1,specky_decky,speckticuls,248,无通用中文名
tetrodotoxin,1,偽くろさき,てとろどときしん,248,社团名；画师偽くろさき
touya_(the-moon),1,,十夜,248,原名十夜；悠久機関車是社团
zelitto,1,zelitto_artwork|傑萊特,傑萊特,248,台湾画师，社区通用傑萊特
aonaga_heri,1,heri|heri_aonaga|heri_ractica,青永HERI,247,原名青永heri
emerane,1,emeranation|エメラネーション,えめらね,247,原名えめらね；ちゃんじゃ製作所是社团
green_dew,1,초록이슬,green dew,247,韩国画师，无通用中文名
hatakenaka_(kamagabuchi),1,hatake-nk|hatakenaka|hatakenaka_(roppongi_shinju)|kamagabuchi|ルイス|六本木神獣|畑中,畑中,247,原名畑中；六本木神獣是别名
hoxutixu,1,tixuhoxu,ほぅちぅ,247,原名ほぅちぅ
kazana_(sakuto),1,39sakutokazanami39|cazanami|kazana|kazanami|kazanami_(sakuto)|sakuto|sakuto_kazanami|カザナミ,カザナ,247,原名カザナ；カザナミは旧名
kerok_(joniko1110),1,joniko1110|kero|kerok|keroko|けろこ,けろ,247,原名けろ
kuzumochi_(kuzumochiya),1,kuzumochi|kuzumochiya,くずもち,247,原名くずもち
lavelis,1,,lavelis,247,无通用中文名
nanotsuki,1,nanotsuki_|nanotuki,なのつき,247,原名なのつき
narumiya_(empty_cafe),1,empty_cafe|nalumiya|narumiya|narumiya-zerureru|narumiya_(nagomi_kohaku)|tasuku_(narumiya),鳴海也,247,原名鳴海夜
oniku_(shimofuri-ke),1,eniku_29|nikuwww|oniku|oniku-chan|oniku-dayori|oniku_(eniku_29)|oniku_(nijuu_kyuu)|oniku_(nikuwww)|oniku_(shimofurike)|onikudayori|shimofuri|shimofuri-ke|shimofuri_oniku|しもふりおにく,お肉,247,原名おにく；しもふり家是社团
pikomarie,1,,ぴこまりえ,247,原名ぴこまりえ
sevi_(seviyummy),1,seviyummy,sevi,247,无通用中文名
shinkuukan_(tetsuo3),1,shinkuukan|tetsuo3,真空管,247,原名真空管
sho_(runatic_moon),1,runa|runatic_moon|sho|sho_(artist)|sho_(runatic),sho,247,原名SHO；Runatic Moon是社团
taisa_(lovemokunae),1,lovemokunae,タイサ,247,原名タイサ
yon_(letter),1,yon_(nighttree)|四ノ宮よん,よん,247,原名よん
zi_se,1,zi_arthur|紫アーサー|紫瑟|零紫瑟,紫瑟,247,大陆画师，社区通用紫瑟
aties20,1,aties2|atiesregalia19,アティエス,246,原名アティエス
d-floe,1,,d-floe,246,无通用中文名
deca_purio,1,decaprio,デカ・プリ夫,246,原名デカ・プリ夫
duckchuni,1,deokchun|덕춘,duckchuni,246,韩国画师，无通用中文名
fushigi_ebi,1,fushigiebi|gamomo_ebi|がもも|がももエビ,フシギエビ,246,原名フシギエビ；がももは别名
hoo_bamon,1,hoobamon|hoobamon8,hoo bamon,246,无通用中文名
itou_nanami,1,nanaleia,井藤ななみ,246,原名井藤ななみ
kanzaki_kureha,1,kanzakikureha|kanzakikureha1|karehakureha|kurehasa|紅葉|红叶|红叶_🔞|零空間|零空间,神崎红叶,246,全名神崎紅葉，不可截成神崎
kisaragi_gunma,1,gunma|gunma_kisaragi|kisaragi_gumma,如月群真,246,原名如月群真
konboi-eg,1,konboi|konboi_(konboi-eg)|konboi_eg|konboieg,コンボイ,246,原名コンボイ
kuon_(kwonchanji),1,mike_kuon|prinzkuon,久遠,246,无通用中文名
max_melon,1,,まっくすめろん,246,原名まっくすめろん
mkiiiiii,1,m_(mkiiiiii)|mkiiiiii_(33)|中和剂|中和剂（绿）|川2|川^2,三三,246,中文画师，社区通用三三
nagana_sayui,1,nagana|nagana_(i'm)|nagana_(im),ながな坂結,246,原名ながなさゆい
nibosi,1,nibosi0423|nibosinokona|nibosisuzu,nibosi,246,无通用中文名
nikame,1,,にかめ,246,原名にかめ
ogihara_mach,1,ha|hamahara-san|hamahara_yoshio|hamaharasan|mach_o|mach_ogihara|mach_ogihara108|mach_ogihara109|ogihara_mahha|yoshio.hamahara|浜原よしお,浜原ヨシオ,246,原名浜原ヨシオ；浜丸星是旧写
sonoda_ken'ichi,1,,園田健一,246,原名園田健一
taguchi_kenji_(omaep),1,kenji_t1710|omaep|taguchi_kenji,田口ケンジ,246,全名田口ケンジ，不可截成田口
tsukiyo_no_ribbon,1,,月夜のリボン,246,原名月夜のリボン
tsun'ichi_(tsun1),1,issandshinnichi|tsun'ichi|tsun1|yoshida_tsun'ichi,ツンイチ,246,原名ツンイチ
yuuri_nayuta,1,yuuri_(asterisk)|yuuri_(radiant310)|悠理,悠理なゆた,246,全名悠理なゆた，不可截成悠理
a.a_(aa772),1,a.a|aa|aa772,a.a,245,无通用中文名
azuumori,1,mori|mori_azuumori|nsfwmori,azuumori,245,无通用中文名
beize_(garbage),1,beize|garbage,べいぜ,245,原名べいぜ
kamu_(kamuuei),1,fallenkamu,kamu,245,无通用中文名
kaze-hime,1,,風姫,245,原名風姫
komame_(st_beans),1,st_beans|小豆,こまめ,245,原名こまめ；小豆は别名
nichijou_(nichijoutouhou),1,nichijo|nichijou|nichijou_(nichijounko)|nichijounko|nichijoutouhou,日常,245,原名日常
nike_(0306),1,,にけ,245,原名にけ
owler,1,littleowler|owlerart,owler,245,无通用中文名
piku,1,pikuotaku,piku,245,无通用中文名
pori_(kmt_pori),1,kmt_pori,ポリ,245,原名ポリ
rrr_(reason),1,reason|rrr_(627470487)|rrrrrrice|rrrrrrice-|rrrrrrice0303,好锅煮好饭,245,中文画师，社区通用好锅煮好饭
santa_(sunflower),1,keisukesanta|kinsanta|santa|sunflower|wagwagsanta|金,santa,245,原名santa；第二美術部是社团
takumi_(scya),1,天谷たくみ,たくみ,245,原名たくみ
toro_(konirio),1,konirio|sirotoro|sirotoro1122|toro|toro_(erin-art)|toro_(espoir)|toro_(sirotoro)|とろ,兔鹭,245,原名兎鷺（とろ）
umitonakai,1,umitona,ウミトナカイ,245,原名ウミトナカイ；02空想室是别名义
windforcelan,1,212windforcelan|wind_force_lan,风力懒人,245,中文画师，社区通用风力懒人
xin_(blueramen),1,blueramen|xin,xin,245,无通用中文名
yoropa,1,yoropa23|yoropar|松山信介,よろぱ,245,笔名よろぱ；松山信介是本名且不用于创作
ao+beni,1,ao_beni|aobeni|aotbeni|青紅|青红,青十紅,244,原名青十紅
g-tetsu,1,g_tetsu|getetsu,gてつ,244,原名gてつ
harusawa,1,chiharu389|harunanakaka|shichiharu89,ハルサワ,244,原名春沢
healthyman,1,healthy8man,ヘルシーマン,244,原名ヘルシーマン
iwatobi_hiro,1,iwatobihiro,いわとびひろ,244,原名いわとびひろ
kanan,1,かなん,大月悠祐子,244,原名大月悠祐子（かなん）
kiryuu_makoto,1,makotokiryuu|騎竜,騎竜まこと,244,全名騎竜まこと，不可截成騎竜
kuro_oolong,1,kuro|kuro-oolong-sakana-106m|kuro_oolong96|kurooolong96|烏小屋|白乌龙|黑乌|黑乌龙|黒烏,黒烏龍,244,原名黒烏龍；烏小屋是站点
moru_(monaka),1,monaka|moru|moru_(tamako)|morune|morune1|morune_(tamako)|moruoki|tamako_(moru)|たまこ|もるね,もる,244,原名もる
ooshima_tomo,1,oshima_tomo|oshimatomo,大岛智,244,原名大島智
osuman_toruko,1,ottoman_toruko|ottoman_turks|无法地帯（伪）|無法地帯|県民|ｵｽﾏﾝﾄﾙ子|ｵｽﾏﾝﾄﾙ子🔞,オスマントル子,244,原名オスマントル子；無法地帯是社团
rune_xiao,1,,rune xiao,244,无通用中文名
sasaoka_gungu,1,,笹岡ぐんぐ,244,原名笹岡ぐんぐ
sumeragi_seisuke,1,sumeragi_(sumeragi_designs)|sumeragi_designs|スメラギ,皇征介,244,原名皇征介
take_(takegarou),1,_take_oekaki|take|take_(illustrator)|take_oekaki|takegarou|竹画廊,タケ,244,原名竹；竹画廊是站点
tao_(kadoya),1,kadoya|tao|tao_(kado-ya)|tao_(murasaki_saten)|tao_(muray)|taoc|taoc_|taoc_(tao)(|紫茶店,たお,244,原名角屋
tugumi0w0,1,_tugumi|tugum-i|tugumiosigoto|つぐみ,tugumi,244,无通用中文名
yuzumiya_mono,1,,柚宫MoNo,244,原名柚宮mono
akimoto_dai,1,,あきもと大,243,原名あきもと大；生徒会室是社团
alfort_(may0508),1,alfort|alfort_(artist)|may0508,alfort,243,无通用中文名
futami_yayoi,1,ya,ふたみやよい,243,原名ふたみやよい
hatake_shimeji,1,,はたけしめじ,243,原名はたけしめじ
hubrael,1,hubrael3|三崎高博,はぶらえる,243,现名はぶらえる；三崎高博は旧名/本名
inuburo,1,inuburozukan,いぬぶろ,243,原名いぬぶろ
johnny_(from_scratch),1,from_scratch|ryuusei_johnny,じょにー,243,原名じょにー；from SCRATCH是社团
karan,1,karanother_,からん,243,原名からん
kashuu_(b-q),1,b-q|kashuu_natsuu|香臭名通,かしゅー,243,现名かしゅー；香臭名通は旧名
ksk_(semicha_keisuke),1,in_ksk|ksk|semicha_keisuke|かそく,ksk,243,原名ksk（かそく）
meiji_(meiji770),1,meiji770,めいじ,243,原名明治
mokeo,1,mokeodayo|mokeooo,もけお,243,原名もけお
nyatabe,1,,ニャタベ,243,原名ニャタベ
oogure_ito,1,Oh! Great,大暮維人,243,原名大暮維人（Oh! Great）
otsumami_(bu-bu-heaven),1,0otumami0|_otumami_|bu-bu-heaven|otsumami|otumami,おつまみ,243,原名おつまみ；bu-bu-heaven是社团
sako_(35s_00),1,35s_00|sako,サコ,243,原名さこ
takamura_wamu,1,,高村わむ,243,原名高村わむ
toraneko,1,hachikenya_neko|hachikenyaneko|k-toracat|neko_(hansinn)|toranekosan305|八軒屋ねこ,トラ猫,243,原名トラネコ
villyane,1,villyane1212,villyane,243,无通用中文名
araizumi_rui,1,araizumirui|あらいずみるい,新泉留衣,242,原名あらいずみるい（新泉留衣）
bettle_(b_s_a_n),1,,ビートル,242,原名ビートル
boku_(isizakitakasi),1,boku|boku532|isizakitakasi,七福蛸八,242,原名七福蛸八
fujisaki_yuu,1,fujisaki_yuu_(faint_wistaria),藤咲ユウ,242,原名藤咲ユウ
hasumi_(hasubatake39),1,,はすみ,242,原名はすみ
ichihisa,1,ichi_kasiwagi1|ichihisa_(one_eighty),壱ヒサ,242,原名壱ヒサ
jingo,1,,jingo,242,无通用中文名
kero_sweet,1,kero_kero01,kero sweet,242,无通用中文名
magaki_ryouta,1,magaki_mr|間垣りょうた,間垣りょうた,242,全名間垣亮太，不可截成間垣
neone,1,neone-x|neone84,neone,242,无通用中文名
raitho,1,raitho.|raitho104,ライト,242,原名ライト
reiga_(act000),1,act000|reiga|reiga-draw-000|reiga000,零雅,242,原名零雅
ryou@ryou,1,ryou_at_ryou,りょう＠涼,242,原名りょう＠涼
shibusun,1,shibsun|shibu3oshigoto,shibusun,242,无通用中文名
shishigami_(sunagimo),1,shishigami|チルノの森,ししがみ,242,原名ししがみ；チルノの森は旧站点
uemukai_dai,1,uemukai_(kamiyorozu)|uemuki|上万,上向だい,242,全名上向だい，不可截成上向
vofan,1,VOFAN|vo|ヴォーハン,戴源亨,242,台湾画师，社区通用戴源亨/VOFAN
whooo-ya,1,whoooya,whooo-ya,242,韩国画师，无通用中文名
yukizuki_chikuba,1,chikubaen|雪月竹马,雪月竹馬,242,原名雪月竹馬；竹馬園是社团
yuuki_keisuke,1,,ゆうき鶏介,242,原名ゆうき鶏介
zeon_(zzeeonn),1,zeon|zeon_55555|zeon_j|zeon_j.|zeon_j_|zeonj|zzeeonn,zeon,242,原名Zeon J.
zihacheol,1,,zihacheol,242,韩国画师，无通用中文名
28_(282teeth),1,,28,241,无通用中文名
fiodo,1,菲奥朵|陈妍菲,曉嚒,241,中文画师，社区通用晓嚒
greco_roman_(spiral_brain),1,greco-roman|greco_roman|旋回脳髄的新報（仮）|暮古浪漫,暮古浪漫,241,原名暮古浪漫；旋回脳髄的新報（仮）是博客名
hechima_(issindotai),1,hechima|issindotai|katou_fumi|加藤ふみ,へちま,241,原名へちま；加藤ふみは本名
joy_division,1,joydivision,joy division,241,无通用中文名
kogane_(staygold),1,kogane|kuoda_kogane|quoda_kogane|staygold|w7kogane|こがね,久遠田こがね,242,原名久遠田こがね
kuroba_dam,1,dam_koubou|kuro_adam|kuro_adamu|kuroabam|kuroabamxpixiv|kuroadam|kuroba_damu|urakurobar18,黒葉だむ,241,原名黒葉だむ
kurowana,1,,くろわな,241,原名くろわな
mafuyu_(kanden_shoujyo),1,kanden|kanden_shoujyo|mafuyu|感电少女注意报,真冬,241,原名真冬；感電少女注意報是社团
nanpou_(nanpou0021),1,,ナンポウ,241,原名ナンポウ
shibata_rai,1,sibatarai1|sibataraiextra,柴田來,241,原名柴田來
somray,1,somray9,somray,241,无通用中文名
sora_(efr),1,そ,ソラ,241,原名宙（SORA）
suna_(sunaipu),1,sunaipu,すな,241,原名スナイプ；空色気分是社团
ten_(tenchan_man),1,tenchan_man,貂,241,原名てん
tenkuu_nozora,1,oozora_wakaba|大空若葉,天空のぞら,241,原名天空のぞら
toruneko,1,torucha|toruneko_chaya,获る猫,241,原名獲る猫；獲る猫茶屋是社团
tsuchii_(ramakifrau),1,ramakifrau|tsuchii|tsuchii_(a18o15h11fes)|サンドイッチ,槌居,241,原名槌居；サンドイッチは旧名
ukimukai,1,,ukimukai,241,无通用中文名
unel,1,unel1211,unel,241,无通用中文名
uzuki_(amayadori),1,uzuki000|uzuki0429114,雨月,241,原名雨月；雨宿りは社团
yashiro_seika,1,,八城惺架,241,原名八城惺架
ayuman,1,,ayuman,240,无通用中文名
batacchi_(mashimashi_butter),1,batabata0015|batacchi,ばたっち,240,原名ばたっち；ましましバターは社团
gambler_club,1,,ギャンブラー倶楽部,240,社团名
grs-,1,,grs-,240,无通用中文名
harada_(basashi),1,basashi|harada_basashi|原田馬刺|原田马刺,はらだ,240,原名原田；原田馬刺は别名
harumiya,1,,harumiya,240,无通用中文名
hebino_rai,1,amegami_rai|トマソン|天上|天上礼|蛇野,へびのらい,240,原名へびのらい，别名义天上
higashigure,1,sabashigure,東暮,240,原名東暮
jacy,1,jacy_a|jacya,jacy,240,无通用中文名
jin_young-in,1,einin_(young-in)|jinyoungin|rr_youngin|yeong-in|young-in|young___in|영인,永仁,240,韩国画师，原名영인（永仁）
karbo,1,karbo_(felarya)|karbofelarya,karbo,240,无通用中文名
kyjsogom,1,,kyjsogom,241,韩国画师，无通用中文名
mu_mashu,1,,mu mashu,240,无通用中文名
namahamu_(hmhm_81),1,hmhm_81|namahamu,生ハム,240,原名生ハム
ootsuki_momiji,1,ootsukimomiji,大月紅葉,240,原名大月紅葉
piro_(orip),1,orip|piro|piro409,piro,240,无通用中文名
rampart1028,1,,rampart1028,240,无通用中文名
retorillo,1,retoriro,レトリロ,240,原名レトリロ
saiku_(zvlku),1,saikupoke|zvlku,saiku,240,无通用中文名
shachoo.,1,shachoo,しゃちょー。,240,原名しゃちょー。
shirasu_youichi,1,shirasu_u_0|あわ雪たんたん,白須遙一,240,原名白須遙一
sola7764,1,,sola7764,240,无通用中文名
vayneeeee,1,vayneeee4,vayneeeee,240,无通用中文名
yonaga_(masa07240),1,akino_yonaga|masa07240|yonaga|yonaga-tei|yonaga_(yonaga-tei)|yonagaakino015|yonagatei|秋のよなが,よなが,240,原名よなが；よなが亭是社团
ankoku_emu_shougun,1,ankoku_emu_shogun|ankokuemushogun|ankokuemushougun|shougunsouko|仮死歯,暗黑えむ将军,239,原名暗黒絵夢将軍；仮歯はX仮歯
araki_(qbthgry),1,qbthgry,あらき,239,原名あらき
azumi_akitake,1,akitake_a|あずみ,安曇アキタケ,239,原名安曇アキタケ
balnom,1,balnomn,balnom,239,无通用中文名
dickbomber,1,김정폭|쨩웅,dickbomber,239,韩国画师，无通用中文名
fary5,1,farys|farys_(afopahqfw),fary5,239,无通用中文名
haijin,1,22_(291085645)|haijinnnn|废人|廃人,廃人,239,原名廃人
hoshizaki_reita,1,hoshizakireita|星咲_玲汰|星咲玲汰,星咲玲汰,239,原名星咲玲汰
kavka,1,kavk,かふか,239,原名KAVKA（かふか）
kitsunetsuki_itsuki,1,itsuki_(i2k1)|itsuki_(m12k1)|miyabi_itsuki|miyabi_itsuki_(hana_ranman!)|yappii_(miyabi_itsuki)|戌憑|狐凭戌凭|真咲,狐憑戌憑,239,全名狐憑戌憑，不可截成戌凭
kurasawa_moko,1,ゆきねずみ,倉澤もこ,239,原名倉澤もこ；ゆきねずみは旧名
kurogane_gin,1,kuro_gin3|kurogin3,くろがねぎん,239,原名くろがねぎん；猫娘亭是社团
kurokin,1,kurokin_ma|kurokin_vlkn,黒菌,239,原名黒菌
machimura_komori,1,,町村こもり,239,原名町村こもり
madogawa,1,根岸千秋,まどがわ,239,原名まどがわ；根岸千秋は本名
meipoi,1,,冥,239,原名冥
mikoto_akemi,1,,みことあけみ,239,原名みことあけみ
mizuno_(okn66),1,okn66|富士山九合目,みずの,239,原名みずの；富士山九合目山小屋是站点
nagareboshi,1,na_ga_re_boshi,流れ星,239,原名ながれぼし
namagome_negi,1,namagomenegi|negi_musya,瑠川ねぎ,239,原名なまごめねぎ
ogino_(oginogino),1,oginogino|oginoxxxx|北窓,オギノ,239,原名オギノ；北窓ぼたもちは旧名
pine_(pine-box),1,pine|pine-box|pine88340194,パイン,239,原名パイン
toro3,1,toro3p,トロ3,239,原名トロ3
5altybitter5,1,가엉,5altybitter5,238,韩国画师，无通用中文名
cassandra_(seishun_katsu_sando),1,cassandra|cassandra-0808|cassandra0412|kassandora|seishun_katsu_sando|seishun_katsusando,かっさんどら,238,原名かっさんどら；青春カツサンド是社团
cisyo,1,ocisyo-san|ocisyosan|oshisyo-san,ししょー,238,原名ししょー
gobanme_no_mayoi_neko,1,5banme_no_mayoi_neko,五番目の迷い猫,238,原名五番目の迷い猫
gorota,1,goro2yashiki|gorogoro_ya|童子,ゴロ太,238,原名ゴロ太；童子是别名
haganemaru_kennosuke,1,hag|hagane_koubou|haganema,鋼丸剣ノ介,238,全名鋼丸剣ノ介；鋼工房是社团
hamaguri_(hamaguri1234),1,hamaguri-goya|hamaguri_(hamaguri-goya),ハマグリ,238,原名ハマグリ；ハマグリ小屋是社团
hamashima_shigeo,1,hamashima_saketen_(circle)|hamashimashigeo,はましま薫夫,238,原名浜島重雄
ippongui,1,,一本杭,238,原名一本杭
izumo_neru,1,,出雲ネル,238,原名出雲ネル
karuha,1,,かるは,238,原名かるは
kidachi,1,kidachi29|kidachi_p,きだち,238,原名きだち
kisaragi_miyu,1,miyu|miyun|miyuv,如月みゆ,238,原名如月みゆ
kopianget,1,kopiangetpanas,kopianget,238,无通用中文名
mixplin,1,,mixplin,238,无通用中文名
mometsu_033,1,ayin_033,mometsu,238,韩国画师，无通用中文名
okuba,1,okuba_mekira,メキラ,238,原名メキラ
ostwindprojekt,1,eastwind,ostwindprojekt,238,无通用中文名
rezi,1,,rezi,238,无通用中文名
saltydanshark,1,,ソルティ男爵,238,无通用中文名
sheepd,1,blogsheepd|sheepd_|sheepfold,シープディー,238,原名シープディー
tanaka_ahiru,1,ahiru-h|ahiru353|ahiru_aoba|ahiru_h|ahiruaoba|明太子|棚加川_明太子ｈ|田中あひる|田中家鸭,たなかあひる,238,原名家鴨青葉
ticcy,1,ticcy_art|ticcyart|ticcytx,ticcy,238,无通用中文名
tsuchikure,1,tsuchikure_(3105mitoko),つちくれ,238,原名つちくれ
tsukikusa,1,,月草,238,原名月草
usagi_koushaku,1,,ウサギ公爵,238,原名ウサギ公爵
yaco_(nuitnotte),1,nuitnotte,やこ,238,原名やこ
yorukun,1,熬夜食堂,夜kun,238,原名夜kun；熬夜食堂是别名
yuuzuki_hijiri,1,tougetu_hijiri|yukizuki_seiya|yuuduki_hiziri|雪月聖夜,夕月ひじり,238,原名夕月ひじり；雪月聖夜是别名义
arashiya,1,arashi,嵐屋,237,原名嵐屋
ayaki_blade,1,ayaki-d|ayaki357|ayaki_art|ayaki_d|yaki,ayaki blade,237,无通用中文名
bee_doushi,1,,Bee导师,237,原名Bee導師
hikarikmy,1,,光里,237,原名光里
honda_takaharu,1,takaharu_(serikaserika)|孝治|本田孝治|绝体绝命四面楚歌,本田孝治,237,全名本田孝治，不可截成孝治
kitsune_(kazenouta),1,kazenouta|kitsune|kitsune_(ay_nagi)|kitsuneiro|二畳半,きつね,237,原名キツネ；二畳半是别名义
medinki,1,,メディンキ,237,原名メディンキ
misha_(ohds101),1,ohds101,みしゃ,237,原名みしゃ
mku,1,mku_48|mkumku,ムク,237,原名ムク
nanamomo_rio,1,nanamomorio,七桃りお,237,原名七桃りお
reia,1,,零亜,237,原名零亜
shina_shina,1,,椎奈しな,237,原名椎奈しな
songjikyo,1,kyomon_songjikyo54|songjikyo54,songjikyo,237,无通用中文名
sora_no_amagumo,1,sorano05|sorano_amagumo|soranoamagumo|雨雫,空ノ雨雲,237,原名空ノ雨雲；雨雫是别名义
spark621,1,,spark621,237,无通用中文名
sukabu,1,sukabu89,sukabu,237,无通用中文名
sushimekabu,1,sushi_mekabu|如月桐葉|桐一叶|桐叶,すしめかぶ,237,原名すしめかぶ；如月桐葉是别名义
torahime_(roland00),1,torahime|torahimemax,torahime,237,无通用中文名
vins-mousseux,1,vinsmousseux,vins mousseux,237,无通用中文名
yokai_(yokai0401),1,yokai|yokai0401|yookai0401|金令木,ヨカイ,237,原名ヨカイ；金令木是别名义
yua_(argaoffroad),1,yua_respati,夕海,237,无通用中文名
yukiguni_yuu,1,atelier_yukiusagi|u_yukiguni|yukiguni|雪国裕|雪国裕🔞🍖,雪国裕,237,全名雪国裕，不可截成雪国
yuzuki_himuka,1,himugane|himuganeya|himuhimu523|himuka_(523),柚月ひむか,237,原名柚月ひむか
cla_(finesoda),1,cla,cla,236,无通用中文名
dai_(uhyoko1102151),1,dai_(uhyoko)|daik|daik_(uhyoko1102151)|uhyoko|uhyoko1102151,dai,236,无通用中文名
gunner-l,1,,牛乳戦車,236,原名牛乳戦車
henken,1,henken-second|henken_second,henken,236,无通用中文名
houmatu_awa,1,awa_(3anco00)|awa_art_works|awa_no_chikara|他力本願時,希望皇ソープ,236,原名泡沫あわ；他力本願時是社团
hua-j,1,,hua-j,236,中文画师，社区通用名未定
ikaasi,1,,いかあし,236,原名いかあし
illumi999,1,illumi,螺丝辣翅面,236,中文画师，社区通用螺丝辣翅面
kabeu_mariko,1,kabeumariko,壁埋まり子,236,原名壁埋まり子
kanaria_(bcomn),1,kanaria-situzi|kanaria_(bocmn)|kanna_(kanaria-situzi)|shure_(kanaria-situzi),金糸雀,236,原名金糸雀
kilart,1,,kilart,236,无通用中文名
mochitsuki_karen,1,amochi299935|mochimooncurry,餅月カレン,236,原名餅月カレン
morihito,1,morison|森人,杜人,236,原名杜人
nigiri_(ngr24),1,ngr|ngr24,ニギリ,236,原名ニギリ
rikugou_(rikugou-dou),1,rikugo|rikugou|rikugou-dou|rikugou361|rikugou_(rikugoudou)|rikugoudou,りくごう,236,原名りくごう；りくごう堂是社团
shimano_natsume,1,shimano_onko-dou|shimano_onkodou|shimanoonkodou|shimapants,しまのなつめ,236,原名しまのなつめ；曲路是旧站点名
tanaka_kaori,1,田中香,嵯峨空哉,236,原名嵯峨空哉
umihotaru_harumare,1,,海蛍はるまれ,236,原名海蛍はるまれ
utakata_(kochou_no_yume),1,kochou_no_yume|utakata_0824|胡蝶梦,泡沫,236,原名泡沫；胡蝶夢是社团
utsurogi_akira,1,urozuki_akira|空木あきら,宇路月あきら,236,原名宇路月あきら；空木あきらは旧名
dreadtie,1,bt-dreadtie|dreadtie-diary|dreadtie-fb|dreadtie-portfolio|dreadtie_md|dreadtie_pi|dreadtie_ti|dreadtie_tw|dreadtie_twitch|dreadtietw|dreatie_ti,dreadtie,235,无通用中文名
fujieda_miyabi,1,atelier_miyabi|miyabi_fujieda,藤枝雅,235,原名藤枝雅
hai_to_hickory,1,hickory,灰とヒッコリー,235,原名灰とヒッコリー
henet_hene,1,henei|henei_sayaka|henet|henet_hn|henet_hn4|へねっとへね,へねい,235,原名へねい；へねっとへねは別名义
kuromori_yako,1,kuromoriya3,くろもりやこ,235,原名くろもりやこ；黒森屋は社团
maosame,1,maosame110|maosame_,まおさめ,235,原名まおさめ
matsuo_yuusuke,1,,松尾祐輔,235,原名松尾祐輔
muguet,1,,muguet,235,无通用中文名
nagato-chan,1,,長門ちゃん,235,原名長門ちゃん
shigaraki_(strobe_blue),1,shigara_kitsune|shigaraki_(salay)|shigaraki_(salay0109)|shigaraki_(strobeblue)|shigaraki_akira|shigarakitsune|sshigaraki|strobe_blue,しがらき,235,原名しがらき；ストロボブルーは社团
shirokujira,1,,しろくじら,235,原名しろくじら
tsuduya_(knt31),1,tsuduya|tsudzuya|tuduya|二十八,つづや,235,原名つづや；二十八は別名义
umonebi,1,,umonebi,235,无通用中文名
yamaori_(yamaorimon),1,yamaori|yamaori_(gonta007)|yamaorimon,山折,235,原名山折
yuuichi_(tareme_paradise),1,,ゆういち,235,原名ゆういち
chiyomaru_(yumichiyo0606),1,yumichiyo0606,千代丸,234,原名千代丸
ise_(0425),1,ise0425|ise3601zasso|ise_(iseism),ise,234,无通用中文名
jeffr,1,,羅仁杰,234,中文画师，社区通用罗仁杰
kenken,1,,kenken,234,无通用中文名
kinhasu,1,kin_hasu|kinhasuart,金蓮,234,原名金蓮
kiriko_(araragikoyomi),1,kiriko|kiriko10969,桐人君,234,原名桐人君
kisaragi_ryou_(sougetsu-tei),1,kisaragi_ryo|kisaragi_ryou,如月亮,234,原名如月亮；双月亭是社团
matsukura_nemu,1,,松倉ねむ,234,全名松倉ねむ，不可截成松仓
nozomi_fuuten,1,nozomi917|nozomifuuten|nozomiim|ozomi917,希封天,234,原名希封天
shifumame,1,,しふまめ,234,原名しふまめ
teu_(navy),1,navy|suikaoishisugi|teu-n|teu_(ebi_shamo)|teu_(tiurin)|teunco|teuuuuunco|海老軍鶏,てう,234,原名てう；海老軍鶏は別名义
ugif,1,gif,煮豆,234,原名煮豆
yasakani_an,1,yasakani|yasakanism|yasakanism01,ヤサカニ・アン,234,全名ヤサカニ・アン
yeklsa,1,,yeklsa,234,无通用中文名
yukiusagi_(gaballscreen&blaze),1,yuki_usagi|yukiusa-diary|yukiusagicoffee|yukiusagidesuno|珈琲兎|雪兎|雪兔,ゆきうさぎ,234,原名ゆきうさぎ；雪兎/珈琲兎是别名
yuuhi_homare,1,homatarosan|pomare|yuhi_(donacoo)|yuhi_(homatarosan)|yuhi_(yuhiko)|yuuhi_(donacoo)|yuuhi_(homatarosan)|邑日保希,ゆうひほまれ,234,原名ゆうひほまれ（邑日保希）
akitsuki_itsuki,1,akiduki_i_tsuki,秋月伊槻,233,原名秋月伊槻
alexi_(tits!),1,alexiliho666|palexi_3,アレキシ,233,原名アレキシ
amagaeru_(hylathewet),1,amagaeru|amagaeru_to_sprocket|hylathewet,あまがえる,233,原名あまがえる
hakkaku_shikimi,1,shikimic_path|丸井環,八角シキミ,233,原名八角シキミ；丸井環は別名义
hinasaki_you,1,hinasaki_yo|雏咲叶|雛咲,雛咲葉,233,原名雛咲葉；雛咲は别名
houhou_(black_lack),1,black_lack|hou_(black_lack)|houhou,封宝,233,原名封宝
ichijo_rei,1,ichijou_rei,一条レイ,233,全名一条レイ
juugonichi_(wheeliex2),1,,十五日,233,原名十五日
koizumo,1,,小出雲,233,原名小出雲
kurenai_karasu,1,,紅カラス,233,原名紅カラス
kuzumomo,1,kuzumotu,くずもも,233,原名くずもも
senbei_(senbe_i),1,senbe_i|senbei|senbei_(senbey)|senbey,煎饼,233,原名煎餅
shiika_yuno,1,yuno_shika,椎架ゆの,233,全名椎架ゆの
wet.elephant,1,wet_elephant|wetelephant,仙界大濕,233,台湾画师，社区通用仙界大湿
yunoru,1,yunohn_pk|yunonabos|yunoru180918|yunorun,ゆのる,233,原名ゆのる
yurikawa,1,yurikawa_orz|yurikawablog,百合川,233,原名ゆりかわ；雰囲気組は社团
alien1452,1,,alien1452,232,韩国画师，无通用中文名
atsutoku,1,atsumiin|atsumin|atutoku,あつとく,232,原名あつとく
azuki_(azuki-taste),1,akameshi_(azuki)|azuki-taste|mame_(azuki_taste)|小豆,アズキ,232,原名あずき；小豆は别名
chiyo_(rotsurechiriha),1,chiyo|chiyoman|rotsurechiriha,千代,232,原名稚代；ロツレチリハは社团
dangmill,1,dangmill_11|dangmill_2|당밀,dangmill,232,韩国画师，无通用中文名
fukuoka_katsumi,1,,福岡かつみ,232,原名福岡かつみ
hozumi_kaoru,1,hodumi_k|八月朔日|八月朔日_珈瑠|八月朔日珈瑠|珈瑠,八月朔日珈瑠,232,原名八月朔日珈瑠；元町神戸屋は站点
katari,1,43_katari|honnori_katari|katakotori|katari_(furube)|sankatshiko_katari|shinonome_katari|yomi_katari,かたり,232,原名カタリ
kemu_(guruguru_dan),1,guruguru_dan|kemu|kemu-kimura|kemu_(kemukemu)|kemu_(kkksssss21jps)|kemu_kimura|ケム,ケム木村,232,全名ケム木村；ケムは别名，ぐるぐる団は社团
kumagai_haito,1,,熊谷杯人,232,原名熊谷杯人
laco_soregashi,1,rako_soregashi|rakosoregashi,ラコソレガシ,232,原名ラコソレガシ
liowig,1,,liowig,232,无通用中文名
mayusaki_yuu,1,mayuzaki_yuu|茧咲悠,茧咲悠,232,原名繭咲悠
mikan_(5555),1,mikan|mikan_batake5|mikanmikan5555,みかん,232,原名みかん
minato_fumi,1,minato,三巷文,232,原名三巷文
murai_shinobu,1,,村井忍,232,原名村井忍
nylon_(nylon_100%),1,nylon|nylon100|nylon100per,ナイロン,233,原名ナイロン
satomachi,1,muchsato|satomachi_(ggzp2464)|satomuch|satomuch11,さとまち,232,原名さとまち
shira_(sirairo116),1,sirairo116,白,232,原名白（シラ）
sugi,1,sugilight|sugimati|スギ,杉町,232,原名杉町
sumapan,1,,スマパン,232,原名スマパン
unname,1,unnameb|unnameneko,unname,232,无通用中文名
usugiri_bacon,1,bacon56|dynamic_bacon,薄切りベーコン,232,原名薄切りベーコン
zako_(arvinry),1,zakoko,zako,232,无通用中文名
apollo_(hu_maple),1,apollo|apollo_hu_maple|hu_maple,アポロ,231,原名アポロ
cosine,1,cosine13|cosine_channel|h_cosine,cosine,231,无通用中文名；満珍楼は社团
falcoon,1,falcoon_master,ファルコン,231,原名ファルコン
halphelt,1,halpheltsgallery,halphelt,231,无通用中文名
hanazome_dotera,1,dotera|dotera18|dotera_(nana-iro_sakura)|dotera_(nanairo_sakura)|dotera_no_hito|dotera_otoko|hanasaku_dotera|織物工房,花染どてら,231,原名花染どてら；織物工房は旧名
hayyan,1,,hayyan,231,无通用中文名
kirusu,1,,キルス,231,原名キルス
novcel,1,,novcel,231,无通用中文名
schreibe_shura,1,shureibe_shura,朱雷部,231,原名朱雷部
soukuu_kizuna,1,,蒼空キズナ,231,原名蒼空キズナ；永久無重力は社团
tirarizun,1,chirarism|chirarizumu|chirarizun,チラリズン,231,原名チラリズン
wakaba_sprout,1,wakaba77,わかば,231,原名わかば
xxzero,1,zero-sen,xxzero,231,无通用中文名
bbunny,1,bbunny_game,bbunny,230,无通用中文名
chiachun0621,1,chiachun|chiachunartbook,ちあちゅん,230,原名ちあちゅん
do_(4-rt),1,4-rt|do|do34rt|do3_4rt,ドゥー,230,原名ドゥー
fukudahda,1,,フクダーダ,230,无通用中文名
fushisha_o,1,fusisya_o|fusisya_o_aa|暁藜|暁藜堂|赤月赤座|赤月赤座堂,不死者ｏ,230,原名不死者ｏ
hikanyan,1,,ひかにゃん,230,原名ひかにゃん
kazune_(baumkuchen),1,,和音,230,原名和音
kevbot,1,a_kevbot,kevbot,230,无通用中文名
kusabi_(aighe),1,aighe|kusabi|楔,kusabi,230,无通用中文名
minoa_(lastswallow),1,minoa,minoa,230,无通用中文名
osterei,1,id_easteregg|osterei-w|osterei_w,オースターアイ,230,原名オースターアイ
rikiddo_(tise_00),1,,りきっど,230,原名りきっど
taki_minashika,1,minashika.t|minashika_t,滝美梨香,230,原名滝美梨香
tsuuhan,1,futatsuhan,二ツ半,230,原名二ツ半
vilor,1,Vilor,唯诺,230,中文画师，社区通用唯诺
yamaishi_(mukoubuti),1,yamaishi|yamaishi108|yamaishi_(1308mukoubuti)|山石108,山石,230,原名山石
.sin,1,sin,sin,229,无通用中文名
akira_(meltyhip),1,融,アキラ,229,原名あきら；融は别名
akizuki_akina,1,akiduki_akina|秋月秋名#,秋月秋名,229,原名秋月秋名
an2a,1,an2a_(anna)|anna_(an2a),アンナ,229,原名An2A（アンナ）
coffee_cat,1,tuginoneko|二乃猫|珈琲猫,珈琲猫,229,原名珈琲猫；二乃猫は別名义
daiishori,1,d4iishori|dai,daiishori,229,无通用中文名
emily_kim,1,,emily kim,229,无通用中文名
hiyohiyo,1,,ひよひよ,229,原名ひよひよ
inuzuka_bouru,1,inuzuka-ball|inuzuka_b|inuzuka_bowl,犬塚ボウル,229,原名犬塚ボウル
kiya_shii,1,日本帝国図书馆,木谷椎,229,原名木谷椎；日本帝國図書館は社团
magatsumagic,1,kuzu_(magatsumagic),magatsumagic,229,无通用中文名
mattari_illust,1,,mattari illust,229,无通用中文名
messy_(efuya),1,majinmessy|messhi|messy|messy_futanari|饭沼俊规,メッシィ,229,原名メッシィ；12次元は社团
mirai_(sugar),1,,未来,229,原名未来
misonou_hirokichi,1,hiromiso|misohiro,みそのうひろきち,229,原名みそのうひろきち
noroi_(rnatataki),1,rnatataki,のろヰ,229,原名のろヰ
omyo_(myomyomyo22),1,myomyomyo22|omyo,おみょ,229,原名おみょ
picpicgram,1,,ぴこぴこぐらむ,229,原名ぴこぴこぐらむ
psd_(psdgai),1,psd|psdgai|子贡圣水,厌世。,229,原名厌世。
samei_ikusa,1,samei|鲛医_师|鲛医师,さめい,229,原名さめい；突進は别名
sao_satoru,1,,竿尾悟,229,原名竿尾悟
sereneandsilent,1,estudioserenata|serenata,serene and silent,229,无通用中文名
shimashiro_itsuki,1,nnsmmiku39|shimashiro,縞城依月,229,原名縞城依月
shiramori_yuse,1,yuse|yuse_(ame-iro_koubou)|yuse_(ame_zaiku)|yuse_(amezaiku),白森ゆせ,229,原名白森ゆせ；雨細工は社团
shu-z,1,,シューズィー,229,原名シューズィー
suisen_(suisenhwa),1,suisenhwa,水仙,229,原名水仙
tabletorgy,1,tablet_orgy|tabletorg|tabletorgy-art|torgy,tabletorgy,229,无通用中文名
tsukasa_jun,1,tsukasa_bullet|tsukasa_dama|司弾|司淳|駒井薬師|驹井薬师,司淳,229,"原名司淳(Tsukasa Jun), 司弾为误写, 駒井薬師为旧名/别名"
uppi,1,0328uppi,うっぴー,229,原名うっぴー / 无通用中文名
wafu_(youzora_samo18),1,youzora_samo18,wafu,229,"原名仅罗马字wafu, 无确证中文名, 用罗马字tag"
waku_(ayamix),1,ayamix|waku|waku2xwaku2,waku,229,"原名仅罗马字waku(Waku), 无通用中文名"
wataru_(nextlevel),1,nextlevel|wataru|wataru_(kabuto-jirushi),渉,229,"原名渉(Wataru), カブト印为其站点名/别名tag"
arino_hiroshi,1,arino|arinohiroshi,ありのひろし,228,原名ありのひろし / 无通用中文名
b-pang,1,dlcksdn95,b-pang,228,"原名仅罗马字b-pang(疑韩系), 无通用中文名"
dqn_(dqnww),1,dqn|dqnww|みどきゅん,緑qn,228,"原名緑qn(读みどきゅん), 无通用中文名"
iwamoto_sora,1,sora_freebird,岩元空,228,原名岩元空(Sora Iwamoto)
johnny_funamushi,1,johnny_hunamushi,ジョニー船蟲,228,原名ジョニー船蟲 / 无通用中文名
kamiya_yuu,1,kamiya_(pixel_phantom)|榎宫祐|榎宮,榎宮祐,228,"全名榎宮祐, 现有zh榎宫为截断且用简体字"
kubocha,1,,窪茶,228,"原名窪茶, 更正现有简体错字洼"
mercy_rabbit,1,marcy_rabbit|mercy_usagi,マーシーラビット,228,"原名Mercy Rabbit/マーシーラビット, 无通用中文名"
momomo_(m0_3),1,m0_3,ももも,228,原名ももも / 无通用中文名
nakaichi_(ridil),1,ridil|zeb_nakaichi|なかいち|中壱号机|中壱号機,中壱,228,"原名中壱, リディル为社团名/中壱号机为站点名"
nanakaku,1,nanakaku77,奈々角,228,原名奈々角
ran_(bukeranwu),1,bukeranwu|ran|rannn|rannnn|燃烧绳命,不可燃物,228,"中文画师, 社区通用名不可燃物, 又称燃烧绳命"
ruchi,1,,ruchi,228,"原名未知, 用罗马字tag; 无通用中文名"
ryuuta_(msxtr),1,msxtr|ryuuta_(hidden_sideway)|ryuuta_(oojinushi),竜太,228,原名竜太 / 无通用中文名(おおじ主为社团名)
shigehiro_(hiroi_heya),1,sigehiro,しげひろ,228,原名しげひろ / 无通用中文名
takayama_toshiaki,1,takayama7|tata_takayama,タカヤマトシアキ,228,原名タカヤマトシアキ / 无通用中文名
taku1122,1,,たく,228,原名たく / 无通用中文名
akagi_asahito,1,akaakaasahito|asahito_(blacan)|asahito_(sakurairihoko)|burahito,赤城あさひと,227,原名赤城あさひと
asou_shin,1,あそうしん|鳩血,麻生シン,227,"原名麻生シン, 现有zh鸠血是其社团名, 误用社团名当zh"
bulga,1,bulga7519,bulga,227,"原名仅罗马字Bulga, 无通用中文名"
deluxe<<<,1,deluxe-ury|deluxe-ver5,デラックス,227,原名デラックス(Deluxe) / 无通用中文名
dove_pixie,1,dove|카노,ゆでエビ,227,"原名ゆでエビ(另有韩文表记카노), 有分歧难确证, 无通用中文名"
eight_tohyama,1,tohyama_eight|touyama_eight|touyama_eito,東山エイト,227,原名東山エイト / 无通用中文名
fuyuno_haruaki,1,techno-fuyuno|technofuyuno,ふゆの春秋,227,原名ふゆの春秋(テクノフユノ为社团名)
garuku,1,garuku.exe|garuku569,garuku,227,"原名仅罗马字Garuku, 无通用中文名"
gentoku,1,,gentoku,227,"原名未知(疑玄徳), 无确证中文名, 用罗马字tag"
hanabana_tsubomi,1,,華々つぼみ,227,原名華々つぼみ
helbai,1,helbai00|helbaistreams|whyhelbram,helbai,227,"原名仅罗马字Helbai, 无确证中文名"
kaminari_doon,1,,カミナリ・ドーン,227,原名カミナリ・ドーン / 无通用中文名
lyra-kotto,1,lyra0730,Lyra琴,227,原名Lyra琴 / 无通用中文名
mi_(pic52pic),1,,み,227,原名み(Mi) / 无通用中文名
nonono_(nononotea),1,nonono|nononon|nononotea,ののの,227,原名ののの / 无通用中文名
ouse_(otussger),1,otussger|ouse|おうせ|鴬濑（停止）|🌙鴬濑🌕,オウセ,227,"原名鴬瀬(おうせ), 更正现有简体字濑"
sabachiyo_land,1,sabachiyo,鯖千代,227,"原名鯖千代, 更正现有简体字鲭"
sanotsuki,1,sano_(sntk),さのつき,227,原名さのつき
sumaki_shungo,1,smakis|sumaki_syungo|syungo,すまき俊悟,227,原名すまき俊悟 / 无通用中文名
tokihama_jirou,1,jiroemon21|jirotokihama|tokihama|tokihama_n|tokihamajiro|tokihamajiro_2d|电影饼干|电影饼干宣伝部|電影餅乾,時浜次郎,227,"原名時浜次郎, 现有zh含emoji且截断, 已更正; 電影餅乾为社团别名"
yuiofire,1,,yuiofire,227,"原名仅罗马字yuiofire, 现有zh为其简介语非名字"
ariga_tou,1,ariga_tou_(moemie)|ariga_tou_(stoic_romance)|touarigamoemie|もえみー,有賀冬,226,"原名有賀冬, もえみー为别名, 更正简体字贺"
baakurou,1,ba_kuro,ばーくろー,226,原名ばーくろー / 无通用中文名
blaccura,1,,ぶらっくら,226,原名ぶらっくら / 无通用中文名
dan_evan,1,danevan-artwork|danevanartwork,丹艾凡,226,原名丹艾凡(Dan Evan)
fuente,1,ente_fu|pyuente,ピュエンテ,226,原名ピュエンテ(Fuente) / 无通用中文名
furisuku,1,frisuku|hurisuking|hurisuku|浮津|目浮津,ふりすく,226,"原名ふりすく, 目浮津(浮津)为其别名(虚拟主播名)"
gud0c,1,gud00c,gud0c,226,"原名仅罗马字gud0c, 无通用中文名"
itsuki_kousuke,1,,いつきこうすけ,226,原名いつきこうすけ
kanijiru,1,kanidiru|kanitaro,かにぢる,226,原名かにぢる / 无通用中文名
kuuro_kuro,1,k-urokuro|ku-rokuro|ku_ro_kuro|kuro_inko,くーろくろ,226,原名くーろくろ(黒いんこ为别名)
morioka_itari,1,dokoni_itaru|itaru|moritari,杜丘至,226,"原名杜丘至, 至る为pixiv昵称"
mozu_(peth),1,peth|もつ,もず,226,"原名もず, 旧名もつ; peth(Peθ)为社团名"
puru_(ex-150),1,ex-150|puru|sophie_albatou|油鍋式,puru,226,"原名puru, 油锅式是其社团名(现有zh误用社团名)"
sakana_(ryuusui-tei),1,ryuusui-tei|sakana_(ryuusuitei),鱼,226,"原名サカナ, 流水亭是其社团名(现有zh误用社团名)"
sakana_(saka11205),1,,鱼,226,原名さかな / 无通用中文名
shirataki_kaiseki,1,,しらたき,226,原名しらたき / 无通用中文名
tamiya_akito,1,,田宫秋人,226,"原名田宮秋人, 更正现有简体字宫"
tsunamayo,1,tsunamayoman|tsunamayoneez|ツナマヨネーズ,ツナマヨ,226,原名ツナマヨ / 无通用中文名
yabe_makoto,1,kou_(makoto_yabe)|makoto_yabe,矢部誠,226,"原名矢部誠, 更正现有简体字诚"
acubi_tomaranai,1,acubi,あくび,225,原名あくび(Acubi) / 无通用中文名
byourou,1,,猫狼,225,原名猫狼(Byourou)
daidou_(demitasse),1,daidou|demitasse|demitassedaidou,大堂,225,"原名大堂, デミタス为社团名"
earasensha,1,aira_sensha|エアラ,エアラ戦車,225,原名/通称エアラ戦車(エアラ)
hunyan,1,a_hunyan|hun_yan,hunyan,225,"原名仅罗马字hunyan, 中文名不确定"
jewel_(the_black_canvas),1,blast|jewel|jewel_milk|jewelmilk|the_black_canvas|the_blackcanvas,jewel,225,"原名Jewel, 无通用中文名"
kaito_(k4itoh),1,kaito_(pieces_of_letter)|かいと,架糸,225,原名架糸(かいと)
katou_(osoraku),1,katou_(kakeyon)|katou_(kittokatou)|katou_(osorakukatou)|katou_(sorobochi)|kittok|kittokatou|osorakukatou|カトウ,加藤,225,"原名加薹(カトウ), 现有zh加苔疑为错字"
kekocha,1,chibikin_keko,けこちゃ,225,原名けこちゃ / 无通用中文名
kukimaru,1,kukimaru666|kukimmaru666|吃茶_玖番馆,玖機丸,225,"原名玖機丸, 更正现有简体字机(喫茶玖番馆为站点名)"
minarai_shachou,1,shachou-3|shachou-san|社長さん|車長-3|車長さん,見習い社長,225,"原名見習い社長, 现有zh车长-3为其别名"
wachiwo,1,wachio,わちを,225,原名わちを / 无通用中文名
wancozow,1,wancozone,wancozow,225,"原名仅罗马字Wancozow, 无通用中文名"
yoshinari_you,1,yoshinari_yoh|超人体系,吉成曜,225,"原名吉成曜(动画监督), 超人体系疑为其他条目未收录"
aokura_shou,1,,青倉ショウ,224,原名青倉ショウ / 无通用中文名
bakutendou,1,爆天童,爆天堂,224,原名爆天堂(爆天童为别写)
betchan,1,,べっちゃん,224,原名べっちゃん / 无通用中文名
cpu_(hexivision),1,cpu_(arofreex)|cpu_(artist)|cpu_arofreex|cpu_hexi_r18|hexivision|アロフリ,CPU,224,"原名CPU(シーピーユー), アロフリ为pixiv名"
drunkoak,1,DrunkOak|drunkoakpokemon|pokemon_drunk_oak,만취한오박사,224,"韩画师, 原名만취한오박사(Drunk Oak)"
emirio_(emirio110),1,emirio|emirio110|emirio1100|萩原エミリオ,えみりお,224,原名えみりお(萩原エミリオ)
eric_(tianqijiang),1,eric|eric47887237|天祈Eric,天祈酱,224,"中文画师, 社区通用名天祈酱"
g-room_honten,1,g-壱号,自慰苺,224,"原名自慰苺, g-room本店疑为社团/站点名"
gedou_(ge_ge_gedou),1,ge_ge_gedou|ge_gedou|gedou|gegedou,外道,224,原名外道(ゲドー)
gujianshaonu,1,gu_jian_shaonu|gujianshaonv|倒立旋转脱粪少女|勇太|勇妹|大母鹅|大母鹅吃粑粑|小勇勇|股间少女,股间少女,224,"中文画师, 本名/通用名股间少女, 倒立旋转脱粪少女/勇太/大母鹅等为别名梗名"
gunnjou_yosio,1,gunjou_yoshio,群青よしお,224,原名群青よしお
haruta_(806060),1,haruta_(itigoo)|hinakuma_(haruta)|はる太,ひなくま,224,"现名ひなくま(旧名はる太), 现有zh空缺"
higashigunkan,1,higashi_gunkan,ひがし軍艦,224,原名ひがし軍艦
hiiragi_tomoka,1,kimi_to_boku_no_utau_uta,柊トモカ,224,"原名柊トモカ, 君と僕の歌う詩为站点/作品名tag"
hikichi_sakuya,1,26hikichi|hikiti|sakuya_00026|sakuya_026|曳地朔夜|曳弛朔夜,曳地朔夜,224,"原名曳地朔夜, 现有zh含下划线已去除"
kobashi_daku,1,kobashidaku|小橋濁,小橋だく,224,"原名小橋だく(小橋濁), 更正现有简体字浊"
minamoto_(mutton),1,minamodon|minamoto|minamoto_(hatake_no_oniku)|mnamoto,みな本,224,原名みな本
mizumori_keiichi,1,水森圭一,水森圭一,224,"原名水森圭一, 现有zh含下划线已去除"
ninomotonino,1,20motoko|nino|ninomiy|ninomoto|２の人,ニノモトニノ,224,原名ニノモトニノ(又称２の人)
qtonagi,1,kyuuto_nagi|旧都なぎ,旧都凪,224,"原名旧都凪(旧都なぎ), あざみ/あさひろ归属不确定未收录"
shinzui_(fantasysky7),1,fantasysky7|sinzui0301|しんずい,芯蕊,224,原名芯蕊(しんずい)
sorato_(astllatte),1,astllatte|sorato|sorato_(cs_2)|xxxsorato|そらと,そらと,224,原名空人(そらと)
sunga2usagi,1,sunがⅡウサギ|sunが２ウサギ,sunが2ウサギ,224,原名sunが2ウサギ / 无通用中文名
viperxtr,1,emert_x_repiv|viper_xtr|viper_xtreme|viperxtreme,viperxtr,224,"原名仅罗马字ViperXTR, 无通用中文名"
yn_red,1,wine_red,Wine Red,224,原名Wine Red（わいんれっど），无通用中文名
boca,1,,Boca,223,无通用中文名
c.cu,1,C.みーこ|apnte_(c.cu)|c|c.cu_(apnte),C.Cu,223,原名C.Cu，R18/商业笔名C.みーこ（C.Meiko）
cogecha,1,Kogecha|coge_ch|kogecha|kogecha_(cogecha)|kogecha_(dolooon)|焦茶_/_𝘾𝙂𝘾𝙝,焦茶,223,原名焦茶（Kogecha），已故画师
enjoy_mix,1,enjoymixxx|enjoymixxx000,伽藍快,223,中文社区通用名伽蓝快
gochisousama_(tanin050),1,gochisou-sama|gochisousama|tanin050,ごちそうさま,223,原名ごちそうさま
iro_ame_(amewaagada),1,ame_wa_agatsuta|いろ雨|渣雨不懂画|渣雨不懂画画,渣雨,223,中文社区通用名渣雨，日文名いろ雨
jakelian,1,,Jakelian,223,无通用中文名
k00s,1,,K00s,223,无通用中文名
ledjoker07,1,,LedJoker07,223,无通用中文名，原名LedJoker07
non_(wednesday-classic),1,non|on_(wednesday-classic)|wednesday-classic,のん,223,无通用中文名，原名non
payama,1,nrp_(payama)|payama_(yamauni3)|yamauni3|波波波,ぱ山,223,原名ぱ山，绰号波波波
rain_lan,1,Rain Lan|fengyu_lan|風雨瀾,風雨瀾,223,中文画师社区通用风雨澜
sato_art,1,sato,Sato,223,无通用中文名
toto_(hitori_othello),1,hitori_othello|toto|toto_(megane22aoitobira),トト,223,原名トト
uchiu_kazuma,1,Ghost|内有一馬,内有一馬,223,原名内有一馬，亦用名Ghost
yu-ves,1,,Yu-Ves,223,无通用中文名
yuruto,1,yurutokau|yurutonemasu|yurutoneru,ユルト,223,原名ユルト
yuzuki_kei,1,yuduki_kei,雪月佳,223,原名雪月佳（ゆづきけい）
1041_(toshikazu),1,1041abcd1|toshikazu|ymn10416042,十四一,222,原名十四一（Toshikazu）
hirota_fruit,1,,ひろた果,222,原名ひろた果
inoue_takuya,1,maezumi_taku|前住拓,いのうえたくや,222,原名井上卓哉，旧名义前住拓
ishiyuki,1,ishiyuki00,ishiyuki,222,无通用中文名
kangoku_kou,1,kangokukoh,監獄コウ,222,原名監獄コウ
kannagi_kaname,1,kannagikaname|巫かなめ,かんなぎかなめ,222,原名かんなぎかなめ，笔名巫かなめ
kayama_kenji,1,Reki|kayama_(reki)|カヤマ|レキ,火山賢二,222,原名火山賢二，另一名义Reki（レキ）
kntrs_(knyrs),1,kntrs|kntrs_(sekirei)|kntrswrs|knyrs,鶺鴒,222,原名鶺鴒（Sekirei）
mashimashi,1,,ましまし,222,原名ましまし
mityubi,1,,ミチュビ,222,原名ミチュビ
mushroom_(osh320),1,OSH320|mush_kinoko_o|mushroom|osh320,Mushroom,222,无通用中文名，原名Mushroom
nifast_(greentail),1,nifastgreentail|nifastgreentail6092,Nifast Greentail,222,原名Nifast🌺Greentail
soragane_(banisinngurei),1,banisinngurei|soragane|空钟屋,空鐘,222,原名空鐘；空鐘屋是站点名
u2_(5798239),1,u2,U2,222,无通用中文名
yasaka_minato,1,,八坂ミナト,222,原名八坂ミナト
yellowroom,1,,YellowRoom,222,无通用中文名
zerosu_(take_out),1,Zeros|pzeros|take_out|xeros|xeros_(take_out)|zeros1224|zerosman|zerosu|ぜろす,是露巣,222,原名是露巣（ゼロス/Zeros）
amano_kozue,1,Amano Kozue|天野こずえ,天野梢,221,中文社区通用天野梢（Aria/水星领航员作者）
fukumaaya,1,fukuma_aya|ふくまーや,ふくまーや,221,原名福真綾，通称ふくまーや
junwool,1,,純うーる,221,原名純うーる
kakogawa_tarou,1,kakogawa-ya,加古川太郎,221,原名加古川太郎；加古川屋是站点名
kana616,1,Kanade Honoka|kana_616|kanade_616|kanade_honoka,Kana,221,无通用中文名，原名Kana，旧名义Kanade Honoka
kusada_souta,1,souta|くさだそうた|明日叶|草田草太,草太,221,原名くさだそうた（草田草太/草太）
makabe_gorou,1,MKB_56,真壁吾郎,221,原名真壁吾郎
nagasawa_tougo,1,nagasawatougo|ナガサワ_トウゴ,ナガサワトウゴ,221,原名ナガサワトウゴ
nyagakiya,1,emu/nyagakiya|emu_(nyagakiya)|えむ|えむ/nyagakiya|鶏肉生活,暮浦鶏太,221,原名暮浦鶏太，通称えむ/nyagakiya
reammara,1,Ream!|ream|ream!|ream_(reammara)|reammm,Ream,221,无通用中文名，原名Ream
satsuki_yukimi,1,,皐月ゆきみ,221,原名皐月ゆきみ
shirakawako,1,,白河子,221,原名白河子
thundergotch,1,,サンダーごっち,221,原名サンダーごっち
yarou_(0tyaro),1,yarou,野郎,221,原名野郎
alracoco,1,Alraco|alraco,알라코,220,韩国画师，原名알라코（Alraco）
chisumi,1,千澄|妄想空间|姫华,千澄,220,原名千澄；勇気方程式是站点名
endori,1,endori_|endori_upa,えんどり,220,原名えんどり
fukaiton,1,fukai_(deep_takezaki)|fukai_(takezakikai)|深い㌧,竹崎界,220,原名竹崎界，通称深い㌧（Fukai Ton）
garoudo_(kadouhan'i),1,_garoudo_|garoudo,ガロウド,220,原名ガロウド
isna_(footprintsofisna),1,footprintofisna|isna|isna_no_ashiato,イスナ,220,原名イスナ
kanemaki_thomas,1,thomas_(niku_drill),鉄巻とーます,220,原名鉄巻とーます
kikuchi_seiji,1,菊池政治,菊池政治,220,原名菊池政治；亜米利加無拳法是社团名
kitamurashu,1,,きたむらしゅ〜,220,原名きたむらしゅ〜
kona_ming,1,kona-ming5738|konaming|m|두부,こなみんぐ,220,原名こなみんぐ
miyoshino,1,minoshiba,みよしの,220,原名みよしの
nuno_(pppompon),1,nuno|pppompon,Nuno,220,无通用中文名
pekopokox,1,,ぺこぽこん,220,原名ぺこぽこん
ryu_genshin77,1,刘原神,劉,220,中文画师，原名刘，通称刘原神
sesena_yau,1,せせなやう,せせなやう,220,原名せせな夜雨
sugimoto_isao,1,杉原功,杉本功,220,原名杉本功
suzune_hapinesu,1,hapinesu|nemumi_suzune|nemumisuzune|suzune1010|suzune_(hapinesu)|suzune_(trick)|鈴音|铃音规制垢,眠見すずね,220,原名眠見すずね，通称すずね/鈴音
tachikawa_mushimaro,1,虫麻吕|虫麻呂,立川虫麻呂,220,原名立川虫麻呂
tilm,1,tilm_hal,ティルム,220,原名ティルム
tomo_(tmtm_mf_mf),1,,ともー,220,原名とも
tsumayouji_(tumayog),1,つまようじ,津間洋司,220,原名津間洋司，通称つまようじ
xichii,1,043ichii_bsr,いちい,220,原名いちい
yururi_nano,1,do_zogoyururito|yururi_tiraura|yururitoissyo,ゆるりなの,220,原名ゆるりなの
yuzu-aki,1,,Yuzu-Aki,220,无通用中文名
4suke,1,,4suke,219,原名4suke；猫小屋製作所是站点名
caracol,1,,Caracol,219,无通用中文名
domotolain,1,yuyalain,莲子,219,中文画师社区通用莲子
emg_(christain),1,christain|emg|emg1993|渣渣|罗雨时,羅雨時,219,原名羅雨時，绰号渣渣
fukazaki,1,,深崎,219,原名深崎
hanako_(peanut),1,hanako|hanako_hanakon,はなこ,219,原名はなこ
hinomaru_(futagun),1,futagun|hinomaru|hinomaru00,ひのまる,219,原名ひのまる
hujikok,1,Hujiyama|hujiyama|kok|qawsedrftgyhujiko,Hujikok,219,无通用中文名
kirisaki_seeker,1,kirisaki_shiikaa,切裂シーカー,219,原名切裂シーカー
kuroganeruto,1,,クロガネルト,219,原名クロガネルト
mendou_saya,1,sayamendo|watagiri_saya|さや,綿桐さや,219,原名綿桐さや，通称さや
mumumu_(road),1,Mumumu|mumumu|mumumumax|mumumumax123|road|road.mumumu|road_(mumumu),むむむ,219,原名ロード（Road），又名Mumumu
onibi_(foxhound4185),1,foxhound|foxhound4185|onibi|onibi83,鬼火,219,原名鬼火
polyle,1,polyleisle|polylepile,Polyle,219,无通用中文名
rakuni,1,nanta_rakuni|らくに,楽煮,219,原名楽煮
seri_(yuukasakura),1,,せり,219,原名せり
shigemiya_kyouhei,1,shigechi|しげち,樹宮匡平,219,原名樹宮匡平，通称しげち
shunsei_(muratou),1,坂口慶|竣成,竣成,219,原名竣成，亦作坂口慶
yamasuta,1,ya_masuta|yamasuta0412|yamasuta_(4290192),やますた,219,原名やますた
yunuki_uta,1,yunuki|yunukiuta|ゆぬき_うた|冰屋印,ゆぬきうた,219,原名ゆぬきうた；氷屋印是站点名
zpolice,1,,ZPolice,219,泰国画师，无通用中文名
akichin_(atelier_baguri),1,akichin_(baguri_koubou)|akichin_(baguri_sangyou)|akichin_(bg_akichin)|atelier_baguri|bg_akichin|马栗产业|马栗工房,あきちん,218,原名あきちん；アトリエバグリ是社团名
castell,1,castelldigital,Castell,218,无通用中文名
chacha_(ss_5087),1,ss_5087,ちゃちゃ,218,原名ちゃちゃ
fuyouchu,1,霜月ちゅ,小啾,218,原名小啾，亦作霜月ちゅ
honyang,1,honyang122,호냥,218,韩国画师，原名호냥
miwa_yoshikazu,1,みわよしかず,美和美和,218,原名みわよしかず（汉字：美和美和），无通用中文名
pasutel,1,,ぱすてる,218,原名ぱすてる，无通用中文名
rajah_(dajah),1,dajah|rajah_(rajah_etc)|rajah_etc|rajah_ii|rajahdark,Dajah,218,无通用中文名，使用罗马字名Dajah（tag亦作Rajah）；存疑
senmu_(senmudayo),1,senmu,せんむ,218,原名せんむ；GRAPHIC!!是社团名
terada_ochiko,1,tenpura_ochiko|天ぷら落子,寺田落子,218,原名寺田落子，旧名天ぷら落子
tirotata,1,tatata0218|ちろたた,ちろたた,218,原名チロタタ/ちろたた；鬼ぃ亭是社团名
tomioka_jirou,1,tomioka2|tomiokajiro|tomiokajiro2009,富岡二郎,218,原名富岡二郎
tsuchimiya,1,a_tsuchimiya,つちみや,218,原名つちみや，无通用中文名
viva!!,1,,ビバ！！,218,原名ビバ！！
yijian_ma,1,ma_yijian|剑空藏月|龙之_天雪|龙之天雪,马一剑,218,中文画师，疑为马一剑；原zh“014涂书馆”是站点名已改正；存疑
enelis,1,,Enelis,217,无缓存信息，使用罗马字名Enelis；存疑
gurageida,1,,グラゲイダー,217,原名グラゲイダー
hayakawa_pao,1,papao_pao|パオ,早川パオ,217,原名早川パオ，旧名パオ
hayate_(leaf98k),1,leaf98k,小卷,217,中文社区通用名「小卷」（亦用疾風/ハヤテ）
ikuta_takanon,1,nonaka_tatsukichi|takanon|たかのん|野中竜希|鹰呑,いくたたかのん,217,原名いくたたかのん；野中竜希为本名/别名；存疑
kurowan,1,kurowannosuke,くろわん,217,原名くろわん
mabuchoco_m,1,mabuchoco|マブチョコ_m,マブチョコ,217,原名マブチョコ
mell_(dmwe3537),1,mell,Mell,217,无通用中文名，使用罗马字名Mell；存疑
mijinko_(rioriorio),1,firmmijinko|mijinko|mijinko_(artist)|mijinko_corporation|mijinkorio|rioriorio,みじんこ,217,原名みじんこ
mimura_zaja,1,_zaja_|kotonoha_zaja|mimurazaja,三村ざじゃ,217,原名三村ざじゃ
morigami_(morigami_no_yashiro),1,morigami_(d-style_wed)|morigami_(task.bsm)|morigami_no_yashiro|morigamix|もりがみ,森神,217,原名もりがみ（汉字：森神）；森神の社是社团名
ruku_(alicecreation),1,alicecreation|ruku,るく,217,原名るく；AliceCreation是社团名
seicoh,1,,Seicoh,217,未确认通用中文名，使用罗马字Seicoh（疑为中文画师名）；存疑
shigureru,1,,Shigureru,217,无可靠汉字原名，使用罗马字Shigureru；存疑
shimotsuki_shio,1,monochrome_shio|shio_shimotsuki|汐|霜月|霜月汐,霜月汐,217,原名霜月汐；原zh带表情符号已去除
sumeragi_hamao,1,hamaop|sumegari_hamao|スメラギハマオ,皇ハマオ,217,原名皇ハマオ
teruru,1,,てるる,217,原名てるる
touon,1,,透音,217,原名透音
tsuchibayashi_makoto,1,,土林誠,217,原名土林誠
yukimitsuki,1,,雪見月,217,原名雪見月
akira_(been0328),1,been0328,アキラ,216,原名彬
cibo_(killy),1,cibo|illy|killy|ogamikeito|思慕休,シボ,216,原名シボ（cibo）；原zh“思慕休”为音译存疑；存疑
eden_(shiroki_yuutsu),1,eden|edendenoden|shiroki_yuutsu,Eden,216,无通用中文名，使用罗马字名Eden；存疑
elze_(s01047480836),1,elze1011,Elze,216,原名Elze（去除装饰符号）；存疑
fengtian_(artist),1,嚼二二|嚼二二🎨|烤肉啥时候能吃到嚼二,嚼二,216,中文画师社区通用「嚼二」
gigobyte350,1,,강제탈출장치,216,韩文常用名강제탈출장치，无中文通用名
gu_li,1,,谷立,216,原名谷立
gyari_(imagesdawn),1,gyari|gyarisuta!|imagesdawn,GYARI,216,原名GYARI，无通用中文名，使用罗马字
hebitsukai,1,,へびつかい,216,原名へびつかい
itou_shin'ichi,1,itou_shinichi|伊藤|伊藤星一,伊藤星一,216,全名伊藤星一；原zh“伊藤”截断已改正
izayoi_seishin,1,青木邦夫,十六夜清心,216,原名十六夜清心，青木邦夫为本名
kazami_ruku,1,kazami,風見るく,216,原名風見るく
kumamoto_aichi,1,aichi|kumamotoaichi|愛知|熊本爱知,熊本愛知,216,全名熊本愛知；原zh“爱知”截断已改正
nana_(raiupika),1,nana|nana_teiji|nanagreenteam|raiupika,奈々,216,无通用中文名，使用罗马字名Nana；存疑
natsuki_(ukiwakudasai),1,i_minatsuki|natsuki|natsuki_(getsuyou_neko)|natsuki_guri|ukiwakudasai|夏希|悪癖|月曜猫,奈月,216,原名七月夏希（亦用夏希）；存疑
nemui333,1,,nemui333,216,无可靠原名（缓存仅见推名じゃがimo），保留罗马字tag；存疑
sashiyu,1,kinoko927513|卅▓▓|卅时雨,卅时雨,216,原名卅时雨；原zh“卅_时雨”下划线已去除
wabi_(wbsk),1,wabi_(wabisuke)|wabi_tsubaki|wabisamu|wabishii|wabisuke|wabisuke_(wabi)|wabittsubaki|wbsk|侘び,侘助,216,原名侘助（wabisuke）
angeldust,1,,エンジェルダスト,215,原名エンジェルダスト
brekkist,1,,Brekkist,215,无通用中文名，使用罗马字名Brekkist；存疑
daeho_cha,1,,Daeho Cha,215,疑为韩文名，无通用中文名，使用罗马字Daeho Cha；存疑
hi_iro,1,,ひいろ,215,原名ひいろ
hirosato,1,,ひろさと,215,原名ひろさと
kizuki_aruchu,1,,鬼月あるちゅ,215,原名鬼月あるちゅ；うどん屋（udon-ya）是社团名
kumao_mofumofu,1,hanao_(kuma-tan_flash!)|kumao_mofu,熊尾もふもふ,215,原名熊尾もふもふ；くまたんFlash!是社团名
meguru_(megurunn),1,megurunn,めぐる,215,原名めぐる
mintchoco_(minchothudong),1,,MintChoco,215,韩文handle 민트초코튀김우동，无通用中文名，用罗马字MintChoco；存疑
nakajou,1,nakajoo|nakajoo_(orage)|nakajou_(orage),ナカジョー,215,原名ナカジョー
sawatari_(sado),1,sado_(sawatari)|sawatari|sawatarisad|さど,さわたり,215,原名さわたり；原zh“茶道”是把别名さど误机翻（茶道/tea ceremony），已改正
serizawa_mutsuki,1,serizawa|芹ざわ,芹ざわ睦月,215,原名芹ざわ睦月；原zh“秋乃”存疑改回原名；存疑
terimayo,1,,てりまよ,215,原名てりまよ
thore_(nathalukpol),1,,Thore,215,无缓存信息，使用罗马字名Thore；存疑
tokiwa_(mukoku),1,mukoku|t0kiwa|夢告|梦告,常磐,215,原名常磐（tag后缀mukoku=夢告）
uni_(melm),1,melm|mer_unipi|merunimaid|merunipi|omochi_unicorn|uni|unigorou|yumemiuni|yuni_(melm),うに,215,原名ゆに
yamaguchi_shinnosuke,1,shin_no|yamaguchi_shinnosuken|山口真之巣轩,山口真之介,215,原名山口真之介
aka_ume,1,ao_ume|aoi_ume|あおうめ|梅亭２号店|梅吉,あかうめ,214,原名あかうめ；原zh“梅亭”是站点名已改正，あおうめ/梅吉为旧名
aruya_(flosrota),1,a_ruya|aruya|aruya-p,あるや,214,原名あるや
bou_(inubou),1,bou|inubou,犬棒,214,原名犬棒
dalc_rose,1,dalcrose,Dalc Rose,214,无通用中文名，使用罗马字名Dalc Rose；存疑
gengetsu_chihiro,1,,玄月ちひろ,214,原名玄月ちひろ
hakuishi_aoi,1,hakuishiaoi,珀石碧,214,原名珀石碧
kimidake,1,东田|东田_基|西田|西田🔞,君だけ,214,原名君だけ（tag读音）；原zh“大竹玲二”疑似本名存疑；存疑
minazuki_haruka,1,min,水月悠,214,原名水月悠（みなづきはるか）
mitchell_(dynxcb25),1,dynxcb25|mitchel252525,ミッチェル,214,原名ミッチェル
mokomoko_yanakku,1,,モコモコヤナック,214,原名モコモコヤナック
roido_(taniko-t-1218),1,roido|taniko-t-1218|troido15,ロイド,214,原名ロイド
shimakaze_(soundz_of_bell),1,shimakaze|shimamura|soundz_of_bell,岛风,214,原名島風（しまかぜ）；soundz_of_bell是社团名；缓存另见しまむら存疑
shumiko_(kamenokoueki),1,kamenokoueki|shumiko,しゅみこ,214,原名しゅみこ
buntaichou,1,buntaicho|姫巫女神社,分隊長,213,原名分隊長（buntaichou）
live_for_the_funk,1,liveforthefunk|therealfunk,Live for the Funk,213,无通用中文名，使用罗马字名Live for the Funk；存疑
mikan_(bananoha),1,,みかん,213,原名みかん
namakuby,1,,墓場,213,原名墓場（Hakaba，缓存）；与tag读音namakuby不符存疑；存疑
nekota_susumu,1,nekota53|yuuneko-tei|yuunekotei|ニャイング！|猫田进,猫田進,213,原名猫田進（ねこたススム）；原zh“夕猫亭”是社团名已改正，ニャイング！为旧名
ousaka_nozomi,1,,逢坂望美,213,原名逢坂望美
rei_(rei_rr),1,01_(rei)|rei|rei-p|rei_rr|rei_rrr|rei_skb|レイp,レイ,213,原名レイ（零一），亦用レイp
sema_(vivaviva_02),1,vivaviva_02,せま,213,原名せま
suv_(suv032),1,suv,榛名,213,原名榛名（haruna，缓存）；与tag读音suv不符存疑；存疑
chunpai,1,,ちゅんぱい,212,原名ちゅんぱい
hizagawa_rau,1,もじみ,膝川らう,212,原名膝川らう，别名もじみ
miyama_amehiko,1,miyama_kannon|深山観音|深山観音様|深山雨彦|第８観音丸,深山雨彦,212,原名深山雨彦（tag对应）；原zh“深山観音”为图像用笔名，第８観音丸是社团名；存疑
negija,1,,Negija,212,无缓存信息，使用罗马字名Negija；存疑
okuto,1,,Okuto,212,缓存名オイスター与tag读音不符存疑，暂用罗马字Okuto；存疑
oro_(lsg0624),1,lsg0624,Oro,212,原名或为オロ/오로，无通用中文名，用罗马字Oro；存疑
takaku_toshihiko,1,takaku00|タカクトシヒコ,高久としひこ,212,原名高久としひこ；高久屋是社团名
tokyo_yamane,1,toukyou_yamane,东京0ヤマネ,212,原名東京ヤマネ
yuzuyu_(hyui),1,hyui|yuzu_o_yuzuyu|yuzuyu|ゆずゆ|柚子汤🎨,柚子湯,212,原名柚子湯（ゆずゆ）
zero_hime,1,zero-hime|zerohime|zerohime524|ゼロ姫|零姫|𝕫𝕡_𝕣_㌠@冻结避难所,零姫,212,原名ゼロ姫，中文多译「零姫」；原zh“虚西充姫”疑似误写已改正；存疑
zizi_(zz22),1,,Zizi,212,无缓存信息，使用罗马字名Zizi；存疑
akieda,1,akiedasfuton|akiedaze|ara_kieda,秋枝,211,原名秋枝
arceonn,1,arceon,Arceon,211,4chan画师，无通用中文名，使用罗马字名Arceon；存疑
baanin,1,,バーニン,211,原名バーニン，无通用中文名
capera,1,capera_(shisshou_koubou),カペラ,211,失笑工房是社团名，改为原名カペラ
goban,1,,ごばん,211,原名ごばん，无通用中文名
halu-ca,1,halu|halutica,大和はるか,211,原名大和はるか（存疑）
itoichi.,1,いといち,古都はいぢ,211,原名古都はいぢ（旧名义いといち）
kai_(akamekogeme),1,akamekogeme|kai_(gen_kai)|kai_gen_kai,改,211,原名甲斐
karinto_yamada,1,karinto|karinto.yamada|karintou|karintoyamada|かりんと・やまだ,かりんと山田,211,原名かりんと・やまだ（中文名夏鈴糖存疑）
kosuzume,1,kosuzume63|kosuzume_pipit,こすずめ,211,原名こすずめ
otama_(atama_ohanabatake),1,amato_(ura_tamatama)|atama_ohanabatake|ura_tamatama,尾玉,211,原名尾玉
patricia_(stylish_marunage),1,,パトリシア,211,俺家是站点名，改为原名パトリシア
shijima_(sjmr02),1,shijima_(kurage_2)|sjmr02|不二子,しじま,211,不二子是旧名义，改为现名しじま
shuu_(syuuuuuuuuuu),1,shuu|syu_(shuu)|syuuuuuuuuuu|囚＠ﾏｲﾋﾟｸ募集中|第六楽园予定地,じゅう,211,第四楽园迹地是站点名，改为原名囚（しゅー）
winter_(winterinkoakuma),1,winter_|winterinkoakuma,うぃんたぁ,211,原名うぃんたぁ
akasode_(tyaramu),1,akasode|akasode_(charamuu)|kegare_(akasode)|tyaramu|ちゃらむ|ちゃらむ～,赤袖,211,原名赤袖（旧名ちゃらむ～）
akino_coto,1,akino,あきのこと,210,原名あきのこと
cervus,1,,鹿,210,原名Cervus（日文名鹿），无通用中文名
chiri_(ch!),1,ch!|chiri|chiri_(ch.)|chiri_ap,ちり,210,原名ちり
franz_(217franz),1,217franz|franz|franz2171|franz_x,フランツ,210,原名フランツ
izumi_masashi,1,izumasa|masashi_izumi|島津いさみ,和泉まさし,210,原名和泉まさし（旧名島津いさみ）
kamiya_zuzu,1,kamiyazuzu|zuzu|zuzuzu,神谷ズズ,210,原名神谷ズズ
katai_(nekoneko0720),1,katai_wakame,下腿,210,原名下腿
koike3582,1,koike,こいけ,210,原名こいけ
kunifuto,1,kunihuto,くにふと,210,原名くにふと
kuroneko_no_toorimichi,1,,くろねこのとおりみち,210,原为社团名（画师やつき等），水銀革命存疑非通用名
madara_inosuke,1,斑猪輔|斑猪辅,粒状斑,210,原名粒状斑
ming_(5unri5e666),1,dano80085dano|地狱道长|地獄道長|阿明,劉道長,210,原名劉道長
oohara_kyuutarou,1,oohara_kutarou|oohara_kyutarou|大原|太原,大原久太郎,210,全名大原久太郎，不可截成大原
s_gentian,1,,犀,210,原名犀（存疑）
samoore,1,samoore0727,サムーれ,210,原名サムーれ
sera_(serappi),1,sera|sera_|seraphily|serappi,sera,210,无JP名，用罗马字sera
solokov_(okb-999),1,eshi_(solokov)|okb-999|solokov|solokov09|solokov_(eshi)|solokov_dai-9_sekkeikyoku|solokov_r18,ソロコフ,210,原名ソロコフ（ОКБ-999是站点名）
suzuki24,1,うづき,中村卯月,210,原名中村卯月
x&x&x,1,,x&x&x,210,中文画师但无通用中文名，保留原名
yoshika_(music480069),1,beni_shouga_(yoshika)|yoshika|紅しょうが,ヨシカ,210,相方は绰号，改为原名ヨシカ
yukin_(es),1,es|yukichi|yukin|yukin_(sera925)|yukisa_0919,ゆきん,210,諭吉存疑（调侃名），改为原名ゆきん
yuu_(shampoohatslime),1,yuu_(vy6wh7hqrrxdxx7),由宇,210,原名ユー
akabashi_yuusuke,1,aka_bashiy|akabashi|akabashi_(natsu_otome)|akabashi_(natsuotome)|aksprabasy|アカバシ,赤端ゆうすけ,209,夏音芽是社团名ナツオトメ的汉译，改为全名赤端ゆうすけ
akakokko_(niro_azarashi),1,,あかこっこ,209,原名あかこっこ
awara_kayu,1,kayu|kayutarou13|かゆ,阿原かゆ,209,原名阿原かゆ
ayahi_4,1,,あやひ,209,原名あやひ
fermium.ice,1,fermiumice,fermium ice,209,无中文名，用原名fermium ice
fune_(fune83ojj),1,fune_(fune93ojj),ふね,209,原名ふね
hinata_ichi,1,hinata-ichi|ichihina,日向いち,209,原名日向いち
huxiao_(mistlakefront),1,huxiao_(himitsu_kessha_kiri_no_mizuumi_sensen)|蚕二号,湖小,209,原名湖小（旧名蚕二号）
kasuga_ayumu_(haruhipo),1,haruhipo|はるひぽ|妄想品质,春日歩,209,原名カスガアユム（春日歩）
kurokaze_no_sora,1,kokufuu_no_sora|kurocaze-s|kurocazenosora,黒風ノ空,209,原名黒風ノ空
nanameda_kei,1,,ナナメダケイ,209,原名ナナメダケイ
nanostar,1,nano|nanonebula,nanostar,209,美国画师，无中文名，用原名nanostar
renge_(730),1,,れんげ,209,原名レンゲ
shiroma_(mamiko),1,mamiko|shiroma_(mr_white)|shiroma_(raspberry65)|まみ|魔美子,しろま,209,紫雑记非本名，改为原名しろま（旧名魔美子/まみ）
sora_mame_(princess_0sora),1,ohmyomame|omame_osora|princess_0sora,そら豆,209,原名そら豆
takashi_(huzakenna),1,,タカシ,209,原名たか氏
acryl,1,,acryl,208,无中文名，用原名acryl
butcherboy,1,butcher_boy|butcherworkshop,버쳐보이,208,韩国画师，原名버쳐보이
edogawa_nao,1,nao,江戸川nao,208,原名江戸川nao
furukawa_itsuse,1,itsutsuse,古川五勢,208,原名古川五勢
kahadu_(kawazu),1,kahadu8,かわず,208,原名かわず
karasu_(naoshow357),1,naoshow357,空巢,208,无JP名，用罗马字karasu
katsurai_yoshiaki,1,katsurai|katsurai1|katsurai_h|桂井|桂井１,桂井よしあき,208,全名桂井よしあき，不可截成桂井
kawanobe,1,kawanove,川野辺,208,原名川野辺
kouji_(kari),1,kouji_(hawkbit)|kouji_r18,孝至,208,原名孝至（コウジ）
kupala,1,kupala_(puni)|puni_(kupala),クパラ,208,原名クパラ
marinesnow,1,marinesnow257,marinesnow,208,无中文名，用原名marinesnow
momoniku_(taretare-13),1,momoniku|momonikuya|taretare-13|のいと,ももにく,208,原名ももにく（旧名のいと）
morisova,1,ryousangata_morisova,量産型morisova,208,原名量産型morisova（存疑）
odayan,1,odaya|おだや,おだやん,208,原名おだやん（旧名おだや）
okiyumi_kase,1,okiyumi,置弓枷,208,原名置弓枷
tomusooya,1,,とむそおや,208,原名とむそおや
wachi_(hati1186),1,hati1186|wachi,はち,208,原名はち
abu,1,abu214p|abu41236p,アブ,207,原名婀武
admiral_paru,1,paru,paru,207,无中文名，用罗马字paru
ayame_hashinimasen,1,ayame_(0419)|ayame_ha_sinima|ayamehashinimasen,あやめ,207,原名あやめ
earth_ekami,1,earth-p|ekami_earth|あーす,えかみあーす,207,原名えかみあーす
gendo0032,1,gendo0032_|gendo0033,gendo,207,无中文名，用原名gendo
hikawa79,1,,ひかわ79,207,原名ひかわ79
kanna_asuke,1,,神無あすけ,207,原名神無あすけ
kozou_(rifa),1,kozou'n_toko|rifa|りふぁ|小僧|小僧日曜|提督小僧,小僧,207,世田谷企画是社团名，改为原名小僧（りふぁ）
maruru_(marurupan),1,komomo_(ptkrx)|maruru|marurupan|こもも,まるる,207,原名まるる（旧名こもも）
mei_miya,1,,銘宮,207,原名銘宮
musyne_xsk,1,ac_xsk|musynepoi|musynexsk|weiyinji_xsk|蛆帕斯,伪音姬XSK,207,原名伪音姬XSK（蛆帕斯为中文社区称呼），全球爆破特搜存疑
omucchan_(omutyuan),1,omucchan_(omom)|omutsuchan|omutyuan|おむつちゃん,おむっちゃん,207,原名おむっちゃん
saberiii,1,iiisaber|saberiii--,saberiii,207,无中文名，用原名saberiii
sakura_romu,1,romu|romu000|romu_blossom|romusakura,ロム,207,原名ロム（存疑）
suan_ringo,1,,酸リンゴ,207,原名酸リンゴ
the-sinner,1,the-sinnerz|thesinner4,the-sinner,207,泰国画师，无中文名，用原名the-sinner
tosura-ayato,1,ayato|ayato_(tosura)|tosura_ayato|アヤト,綾兎,207,原名綾兎（アヤト）
visket53,1,,visket,207,无中文名，用原名visket
hane_(azelye),1,azelye,はね,206,原名はね（アゼルイエ是社团名）
hyakuen_raitaa,1,hyakuen-lighter,百円ライター,206,着火装置是社团名，改为原名百円ライター
inayama,1,,稲山,206,原名稲山
kataro,1,kata-009|kata_(kataro),kataro,206,美国画师，无中文名，用原名kataro
meen_(ouaughikepdvrsf),1,,めーん,206,原名めーん
momoi_komomo,1,,桃飴こもも,206,原名桃飴こもも
nanami_sano,1,nanano|nananon|名波,名波早乃,206,原名名波早乃
nyonyonba_tarou,1,niiyo_tarou|nyonyo|nyonyonba|にょにょ|新与太琅,にょにょんば太郎,206,新与太琅是旧名，改为原名にょにょんば太郎
pink_lady_mage,1,pinkladymage,pink lady mage,206,无中文名，用原名pink lady mage
riho,1,,riho,206,无缓存信息，用罗马字riho
tepen_(tptptpn),1,tptptpn,tepen,206,无中文名，用原名tepen
tougetsu_gou,1,桃尻|统月_刚,統月剛,206,原名統月剛（桃尻为旧名，存疑）
yuemanhuaikong,1,tsukimaro_kaikou|yuemanbeikong|月满怀空|月满杯空,月満懐空,206,原名月満懐空（中文画师，存疑）
ginta,1,,ぎん太,205,原名ぎん太，无通用中文名
hamu_(plot_sy),1,mishimahachi|三島はち,ハム,205,原名ハム（Hamu），别名三島はち，无通用中文名
karlwolf,1,,Karl Wolf,205,原名存疑（缓存为ジョンディー），采用罗马字tag
minarai_zouhyou,1,,见习杂兵,205,原名見習い雑兵，无通用中文名
minimaru,1,minimaru-illust|minimaru617,みにまる,205,原名みにまる（ゆる屋为站点名）
nishiuri_warito,1,,西瓜割,205,原名西瓜割（Nishiuri Warito）
okome_(okome_l_l),1,okome_l_l,お米,207,原名おこめ，无通用中文名
pagong,1,pagong1210,Pagong,205,原名存疑（韩文），采用罗马字tag
tamagawa_yukimaru,1,yukimarun|ゆきまるん,多摩川雪丸,205,原名多摩川雪丸，别名ゆきまるん
wadani_hitonori,1,kazutani_ninshi|wadani-hitonori|wadani_(twukupon)|wadanii|わだにー|トゥクぽん|倉田虜介|和堕二人史|和多二_人史|和多二人则|和多二人史|和谷,和多二人則,205,原名和多二人則；现有zh“仓田虏介”为曾用名，已改正为原名
agekichi_(heart_shape),1,agekichi,安芸绪,204,原名あげきち，无通用中文名
aikura_(twilight_dusk),1,aikura-san|aikura_(td)|aikura_akiya|aikura_mahiru|aikura_siblings|aikura_tokiya|twilight_dusk|蓝仓秋夜|蓝夜|蓝夜🔞|藍倉さん|藍倉秋夜|黄昏図书馆,藍倉真昼,204,黄昏図書館联合账号，主绘者藍倉真昼
comala_(komma_la),1,Komma La|coma_la|coma_la:underage:|comala|comala79rgm|comala79rgmr18|komma_la|コマLA,ComaLA,204,原名ComaLA（コマLA），无中文通用名
dasoku_sentarou,1,dasokutei|s_dasoku|senntaro_m,蛇足せんたろう,204,原名蛇足せんたろう，无通用中文名
fakkuma,1,fakkuma_(fuckma)|fakkuma_ishin|fakkuma_kouroumue|fakkuma_senshi|fakkuma_warrior,ふぁっ熊,204,原名ふぁっ熊，无通用中文名
jack_(slaintheva),1,jack_(gilutevo),ジャック,204,原名ジャック（Jack），无通用中文名
jianmo_sl,1,sl|原稿修羅場,緘默,204,中文画师社区通用名緘默；现有zh“原稿修罗场”为旧称/绰号，已改正
kyuri,1,kyuri-gallery|kyuri-rakugaki|kyuri_(kyuuri)|kyuri_(ssdl)|kyurieng|kyurigaming|kyurikyuri|kyuritogaspard|kyuritomato,きゅーり,204,原名きゅーり（Kyuuri），无通用中文名
noccu,1,noccyu,Noccu,204,原名Noccu（noccyu），无中文名，采用罗马字
oborotsuki_kakeru,1,oborodzuki_kakeru|oborokakeru|oborotuki,朧月カケル,204,原名朧月カケル；现有zh“胧百八式”是社团名，已改正
sasanomesi,1,,Sasanomesi,204,无缓存资料，采用罗马字tag
tetsuo_(tashirosu),1,41号|tetsuo|白田,鉄雄,204,原名鉄雄（Tetsuo），无通用中文名
womi,1,wm_mf,Womi,204,原名存疑，采用罗马字tag
grel_(r6hgvu5),1,r6hgvu5,Grel,203,原名Grel（ｇれｌ），无中文名
kaeranu_kaeru,1,けろっぴーでぃすく,帰らぬ蛙,203,原名帰らぬ蛙，无通用中文名（旧名けろっぴーでぃすく）
lomocya,1,,Lomocya,203,原名ロモチャ（Lomocya），无中文名，采用罗马字
lowe_(slow),1,low|lowe|sakita_lowe|sakuta_lowe|slow|咲太ロウ,Lowe,203,原名Lowe（ロウ），无通用中文名
majima_yuki,1,,真島結城,203,原名真島結城，无通用中文名
masayu,1,masayu_(yamo7)|masayu_(yamo_seven),まさゆ,203,原名まさゆ（ヤモセブン为社团/站点名）
nogisaka_kushio,1,kushio,乃樹坂くしお,203,原名乃樹坂くしお，无通用中文名
panzer_(p.z),1,p.z|panzer|panzer532|パンツァー,パンツァ,203,原名パンツァ（Panzer），无通用中文名
suzuno_(bookshelf),1,bookshelf|suzu_no|suzuno|suzuno_(book_shelf)|suzuno_(grin_grin),鈴ノ,203,原名鈴ノ（Suzuno），无通用中文名
hk_(hk),1,,纠结HK,202,中文画师社区通用名 纠结HK
neverland+,1,てん,甜菜糖とう,202,原名甜菜糖とう（てん），neverland+为站点名
risutaru,1,jeri_(risutaru)|risutaru-ya|risutaruya|じぇり,りすたる,202,原名りすたる，无通用中文名（旧名じぇり）
ryuki@maguro-ex,1,maguro000|ryuki|ryuki_drastic|ryuki_maguroex,ryuki,202,原名ryuki（りゅうき），无中文名
shijima_(shijima_tc),1,shijima_tc|shijimairo|シジマ色,しじま,202,原名存疑，缓存为“シジマ色”（疑为站点名），采用罗马字Shijima
yasai_(getsu),1,getsu|yasai|yasai_(hakusai),ヤサイ,202,原名ヤサイ（Yasai），无通用中文名
yatsuka_(846),1,yatsuka|yatsuka_(846k28)|yatsuka_(8_4_6_8_4_6)|yatsuka_y,やつか,202,原名ヤツカ，无通用中文名
cong1991,1,,こんぐぅ,201,原名こんぐぅ（cong1991为站点名）
hakua_ugetsu,1,,白亜右月,201,原名白亜右月，无通用中文名
nazuka_(mikkamisaki),1,na_|nazuka|ナヅカ,なづか,201,原名なづか（ナヅカ），无通用中文名
pok_(pok_0002),1,po0000000000|pok_|pok_0002|pok_003,ぽk,201,原名ぽk（Pok），无通用中文名
terumii,1,,てるみぃ,201,原名てるみぃ，无通用中文名
amakawa_sakko,1,amakawasakko|nekoboshi_sakko|nekoboshisakko0212|sakko|sakko0212|sakko_amakawa|猫星さっこ,天川さっこ,200,原名天川さっこ，无通用中文名（旧名猫星さっこ）
kanke_(yonkuma),1,yonkuma|け|ゆりこ|ガリコルド三世|林,かんけ,200,原名かんけ，无通用中文名
nukoyarou,1,harusame_nuko|nuko_yarou|nukomarun|nukoyarou_(nekocan)|nukoyarou_(nekokan)|春雨ぬこ,ぬこやろう,200,原名ぬこやろう，无通用中文名（旧名春雨ぬこ）
suzumeko,1,suzume-ya|すずめ|すずめちゃん,すずめこ,200,原名すずめこ，无通用中文名
usako_(umauma0602),1,umauma0602,ウサ小,200,原名うさこ，无通用中文名
yocchi_(tenyunkel),1,chiyo_(yocchi)|yocchi_(yossy)|yocchi_san|yossy_(yocchi)|ちよ|ヨッシー,よっち,200,原名よっち；现有zh“三云庄”是社团名（三雲荘），已改正
wato_(ko),1,wato_16823|wato_ko23|wato_ko25|watoko,わとこ,199,原名わとこ（Watoko），无通用中文名
maca_(macaca12),1,,マカ,198,原名マカ（Maca），无通用中文名
meiko_(nattu303),1,,めい子,197,原名めいこ（Meiko），无通用中文名
satou_rin_(gobugabuge),1,satou_rin,佐藤リン,197,原名佐藤リン（Satou Rin），无通用中文名；gobugabuge为社团名
kareya_(jixo95821699),1,jixo|jixo95821699|jixo_(user_nzhc8728)|kareya,彼夜,196,中文社区通用名彼夜（Kareya）
pia_(botamochinjufu),1,botamochinjufu|pia|pia_(adi_a)|ぱ_,ぴあ,196,原名ぴあ（Pia），无通用中文名
satou_(3366_s),1,0306satoo|3366_s|kakusatou|kakusatou_3333|さとぅー,佐藤,196,原名かくさとう，无通用中文名
tanishi_(tani4),1,okuya_tanishi|tani4|tanic_|tanishi_(tanisiya)|tanishiya|tanisiya|奥谷タニシ,たにし,196,原名たにし；现有zh“田螺屋”为社团名（タニシ屋），已改正
tansui_san_(tcjp4784),1,,炭水,197,原名炭水（Tansui），无通用中文名
aoi_yuuka_(ao_no_kokoro),1,aoi_yuuka|aoi_yuuka_(yukaxcat)|アオイユウカ|葵柚袈,葵☆柚袈,195,原名葵☆柚袈（Aoi Yuuka）
na_(naneesan1),1,na|naneesan1,Na,195,原名存疑，采用罗马字tag
ryokushiki_(midori-ya),1,midori-shiki|midori-ya|ryoku_shiki|ryoku_shiki_(midori-ya)|ryoku_shiki_(midoriya)|ryokushiki|ryokushiki_(midorin)|ryokushiki_(midoriya)|ryokusiki|ryokusiki1|りょくしき,緑式,195,原名緑式（Ryokushiki），无通用中文名
aroa_(aroamoyasi),1,_aroa_|aroa|aroa138|aroa138939|aroamoyasi|moyashi_(aroamoyasi)|もやし,あろあ,194,原名あろあ（Aroa），无通用中文名
dc_(makezzal),1,dc,월요일,194,韩文原名월요일，无通用中文名
nikomi_(nikomix),1,pic_nikomix,煮込み,194,原名煮込み（Nikomi），无通用中文名
akechi_(826988799),1,akechi|akechi_raster|akechin|nyakechi,网瘾少女akechi,193,中文画师社区通用名 网瘾少女akechi
yami_(m31),1,m31|m31_yami|いーか|やみさん,ヤミ,193,原名ヤミ（Yami），无通用中文名
magenta_(atyana),1,aka-magenta|akama_genta|akama_zenta|akamagenta|atyana|magenta|マゼンタ|紅間ゼンタ,赤塚大将,191,漫画家笔名赤塚大将，亦称マゼンタ
majo_(pastamajo),1,majo.dusty|majocc,麻酒MaJO,190,原名麻酒MaJO（Majo），无通用中文名，存疑
ruo_(tariki_hongan),1,,ruo,190,原名ruo（他力本願为站点/社团名）
shirokuma_(zeroillya),1,kuma4651|kurokuma|shirokuma|zeroillya|민석,しろくま,190,原名しろくま，无通用中文名
yukima_(yushika),1,yukima|yukima_q|yushika|ゆしか|悠琳|汤木间,湯木間,189,原名湯木間（Yukima），现有zh“悠琳”为其他写法，zh改用原名
danna_(karatekikku),1,danna|karatekikku,ダンナ,188,原名ダンナ（Danna），无通用中文名
honma_(honmatomohiro),1,honmatomohiro,Honma,188,原名存疑（honmatomohiro），采用罗马字
suzunosuke_(sagula),1,sagula|suzu3939|suzunosuke_(room343),鈴ノ助,188,原名鈴ノ助，无通用中文名
ayase_mai_(jelly^2_fish),1,ayase|mai_ayase|piyomi,あやせまい,187,原名あやせまい（Ayase Mai），无通用中文名
ugonba_(howatoro),1,howatoro,うごんば,187,原名うごんば，无通用中文名
aosa_(aosadegowasu),1,,Aosa,186,原名存疑（缓存为紗々々，读音与aosa不符），采用罗马字Aosa
ponnu_(tnpn2yw),1,tnpn2yw,ぽんぬ,186,原名ぽんぬ（Ponnu），无通用中文名
eringi_(rmrafrn),1,eringi_(eriri1122moruru)|絵里,絵里ンギ,185,原名絵里ンギ（Eringi），现有zh“绘里”截断，已改正
hototogisu_(7kanu_7ra),1,hotototototo|ほととぎす,時烏,185,原名時烏（ほととぎす），无通用中文名
mirage_(rairudiseu),1,mirage_mnsb|ミラージュ|미라쥬,Mirage,186,原名Mirage，无通用中文名
mitsu_(tendou_itsuki),1,Mitsu|ei_(mitsu)|itsuki20140102|mitsueyn|tendou_itsuki|幻想手札|幻想手札_天堂纸|穎|香菇,天堂樹,185,台湾画师，原名天堂樹（Mitsu），现有zh“天堂树”为简体写法
mugicha_(mugicha0929),1,mugicha0929|mugicha_chaya|toromi_(mugicha)|とろみ,麦茶,185,原名むぎちゃ，后改名とろみ
subaru_(subachoco),1,subachoco,スバル,185,原名すばる（Subaru），无通用中文名
touzai_(poppin_phl95),1,poppin_phl95,東西,185,原名東西（Touzai），无通用中文名
ei_(marutendon),1,ei|marutendon,英,184,原名英（Ei），无通用中文名
sano_(hospital_0434),1,hospital_0434,サノ,184,原名サノ（Sano），无通用中文名
kani_aruki_(bucket_crawl),1,bucket_crawl|kani_aruki|kani_aruki_(takanitsuki)|kaniaruki|kn_(kani_aruki)|takanitsuki,カニ歩き,183,原名カニ歩き（Kani Aruki），无通用中文名
zawawa_(satoukibi1108),1,satoukibi1108|zawawa|zawawa_img,ざわわ,183,原名ざわわ（Zawawa），无通用中文名
kitazawa_(embers),1,embers|kitazawa|kitazawa0831|kitazawa1823|kitazawa_(giantsteps1959)|kitazawa_(ktzw)|ktzw|ktzw_(kitazawa1823)|s.kitazawa|北泽_产业|北泽产业|北泽敏,北澤,182,原名北澤（Kitazawa），无通用中文名
azen_(mntimcczgrtn),1,mntimccz,Azen,181,原名存疑（缓存为らぴな），采用罗马字Azen
enu_(brandnewday02),1,n|おいでやすカニ,エヌ,181,原名えぬ（Enu），无通用中文名
gau_(n00_shi),1,gau|n00_shi,ガゥ,181,原名ガゥ（Gau），无通用中文名
lunch_(lunchicken),1,lunch|lunch0906|lunchicken|런치,らんち,181,原名Lunch（런치），无通用中文名
map_(blue_catty),1,blue_catty|map|map_bc|wingmap,まっぷ,181,原名まっぷ（Map），无通用中文名
kureta_(nikogori),1,kureta,クレタ,180,原名クレタ（Kureta），无通用中文名
numbers_(pigpenandpaper),1,namewithnumbers|numbers_(boars)|numbers_(boarsboarsboars)|numbers_(burnishable)|numbers_(namewithnumbers)|pigpenandpaper|ナンバーズ,Numbers,180,原名Numbers（ナンバーズ），无通用中文名
oze_(xyz_go_go11),1,oze|oze511111|xyz_go_go11|オゼ,尾瀬,180,原名尾瀬（Oze），无通用中文名
hiko_(jihen_m),1,hrdv9499|jihen_m,ヒコ,179,原名ひこ（Hiko），无通用中文名
mujin_(mujinzairaisen),1,mujinzairaisen|user_tdpu3282,霧迅,179,原名無人，简体作无人
reika_(clovia_studio),1,Reika Clovia|clovia_studio|reika_clovia,零花,179,原名零花(Reika)，Clovia Studio为社团名
tem_(tempainting1),1,otemoto|otemoto_(akud4444)|tem|tem_(temsem11)|tempainting|tempainting1|temsem11|temsem114,おてもと,179,原名おてもと，无通用中文名
yom_(ymayma00ss),1,ymayma00ss|yom,よむ,179,原名yoM
blondy_(ldlong),1,ldlong,blondy,177,原名blondy
kokoe_(pyuncho),1,pyuncho,Kokœ,177,原名Kokœ
miton_(turuyasann),1,miton|miton15|miton_(muboubi-kei_momokami_kyonyuu_bishoujo)|miton_(muboubikei_momokami_kyonyuu_bishoujo)|turuyasann,みとん,177,原名みとん，现有zh系社团名無防備系桃髪巨乳美少女已改正
sakurai_nana_(moshichi),1,moshichi|sakurainana|さくらいなな|もしち,櫻雷七,177,笔名櫻雷七，亦署さくらいなな/もしち
soreeyu_(sore-yu),1,sore-yu|soreeeeyu|soreeyu,それーゆ,177,原名それーゆ
rei_(tdn_ng),1,rei|tdn_ng|鈴,Rei,175,原名鈴(Rei)，常用罗马字Rei，存疑
yamai_(yamaichandayo),1,flamberge_lo|yamai_18gazou|yamai__________,山井,175,原名病(yamai)，另有多个曾用名不确定，存疑
chiyo_(miichiyochin),1,chiyo|miichiyochin|陰_影,千代,174,原名陰_影带下划线，去线作陰影，存疑
cross_(vgne4542),1,cross________,クロス,174,原名CroSs
kotoba_(1074421015),1,,言葉,174,原名言葉，简体作言叶，夢境ノUtopia为社团名
m_(m073111),1,em073111|m|m073111,m,174,原名m
8kumagawa_(log),1,8kumagawa|log,8kumagawa,173,原名8kumagawa，Log🍊FANBOX为站点名，存疑
aer_(tengqiu),1,aer|tengqiu|阿二叽|阿二小姐叽,阿二,173,中文画师社区通用阿二
boleum_(dgrpluna),1,boleum|dgrpluna|luna,보름,173,原名보름(Boreum)，韩国画师
nanika_(nnkgh),1,,なにか,173,原名なにか
rapa_(heisei_strawberry),1,_rapa_|heisei_strawberry|rapa|rapa_(ruins-rain)|ruins-rain,らぱ,173,原名らぱ，平成ストロベリー为社团名，旧名ruins-rain
sag_(karehabase),1,karehabase|sag|sag_(kareha_base),SAG,173,原名SAG，カレハベース为站点名
2gong_(9ujin_),1,,이십,172,原名이십，韩国画师，存疑
gomibako_(gomibako_price),1,gomibako_price|mikobako,ごみばこ,172,原名ごみばこ
horori_(halloweenday309),1,,호로리,172,原名호로리，韩国画师
sorano_(12gou),1,12gou|sorano|sorano12gou|sorano_(12-gou)|sorano_(pinkarage)|sorano_12-gou|soranopin|soranopinpin,そらの,172,原名そらの(12号)
null_(skev7724),1,null,null,170,原名null
ico_(green_bullet),1,201号室|green_bullet|ico|ico_(number201),イコ,169,原名イコ(ICO)，201号室为旧笔名，Green Bullet为社团名
masaru_(kises_j),1,kises_j|寻饭吉娃娃,まさる,169,原名まさる，现有zh实愈君/寻饭吉娃娃系机翻已改正
norasame_(dagako),1,dagako|norasame|norasame_(3m_0l),ノラサメ,169,原名ノラサメ
vane_(vane0),1,vane,vane,169,原名vane
ametaro_(ixxxzu),1,ixxxzu|飴たろ,あめたろ,168,原名あめたろ，亦作飴たろ
kabu_(niniko2ko),1,,かぶ,168,原名華葡（かぶ），存疑
nago_(hasakimati),1,nago_sk,なご,168,原名nago，推名nago_sk
yi_(199702090505),1,E⑫,弈,168,原名弈，存疑
ktokei_(kurokku-tokei),1,,ktokei,167,无缓存信息，原名ktokei，存疑
kuronosu_(yamada1230),1,kuronosu|yamada1230,くろのす,167,原名くろのす
nanoningen_(anapoko),1,nanoko|nanoningen|なのこ,なのにんげん,167,原名なのにんげん，别称なのこ
kotarou_(kot_mochi),1,kot_mochi|kota_skeb00|kotarou.skeb01,こたろう,167,原名こたろう
maki_maki_(makimakipoipoi),1,makimakipoipoi,槇まき,166,原名槇まき
des_(namaasi),1,des,des,165,原名des
jeon_(user_ywaw3774),1,JunYi|nyamnyam|user_ywaw3774,Jeon,165,原名Jeon，相关名JunYi/nyamnyam，存疑
tekki_(tki),1,tekki(tki)|tekki.tki|tki|tkitekki7231,Tekki,165,原名Tekki(TKi)
abi_(abimel10),1,abi|abi_9mono|abi_suguru|abimel10|abisuguru|あびすぐる,あび,164,原名あび，亦作あびすぐる
eneru_(enepuni),1,enepuni|えねぷに,えねる,164,原名えねる，亦称えねぷに，存疑
namaru_(summer_dandy),1,,なまる,164,原名なまる
p_(pppppppppq),1,p|pain-lucky777|pppppppppppq|ppppppppppq|pppppppppq|qpppppppppp,パイン,164,原名パイン(Pain)，以p为笔名，等速直線運動为社团名
vector_(dmlddmld00),1,vector,vector,164,原名vector
kuzukago_(bitchmaker),1,bitchmaker|cuzukago|kuzukago_(bitch_maker)|kuzukago_(wpb)|t_cuzukago,くずかご,163,原名くずかご(葛籠)，BitchMaker为社团名
finch_(blanc1771),1,blanc|blanc1771|finch|finch000023|finch0023|崩崩帽帽貓,崩崩帽帽貓,162,原名崩崩帽帽貓，简体作崩崩帽帽猫，存疑
kaoru_(alicemakoto),1,kaoru94829,カオル,162,原名カオル，另有愛等别名不明，存疑
wasp_(anthyutena),1,anthyutena|anthyutena_wasp|wasp|wasp01drawing|wasp_anthyutena|wasp_drawing|waspcomsn|waspdrawing,wasp,162,原名wasp，韩国画师，存疑
fan_yang_(jiuge),1,fanyang|jiuge|yang_fan,Fan Yang,161,原名Fan Yang(九歌jiuge)，存疑
miyamae_(miyazen9311),1,miyazen9311|みやぜん|黑箱,宮前,161,原名宮前(みやぜん)，黒箱为站点名
kazu_(kauk3753),1,kazu15752,和,160,原名かず
migi_(mm86262394),1,mm86262394,徒労,160,原名徒労，另有くろーもね等名，存疑
miyama_(lacrima01),1,,箕山,160,原名みやま
torajirou_(toraneko_zirou),1,torajirou|toraneko_zirou|torazirou0320|torazirou7,とらじろう,160,原名とらじろう
akatoro_(nightlord),1,toro_(nightlord)|toro_rdmnin|夜主,赤とろ,159,原名赤とろ，亦名夜主，存疑
kijima_(amayadori-tei),1,amayadori-tei|kijima,きじま,159,原名きじま，现有zh雨宿亭系社团名已改正
murata_(acid-head),1,acid-head|acidhead_murata|murata,ムラタ,158,原名ムラタ，acid-head为社团名
nepty_(silkey_vod),1,ne|nepty|nepty0831|silkey_vod,ねぷてぃ,158,原名ねぷてぃ
oden_(th-inaba),1,oden_(artist)|oden_(dengaku)|odengaku|odenngaku|th-inaba|お田楽|田楽,おデン,158,pixiv名おでん，旧名お田楽，niconico名田楽
onigiri_(ginseitou),1,_shake_onigiri|ginseitou|onigiri|onigiri_(shake)|onigiri_(shake_onigiri)|panyama_onigiri|shake_onigiri,おにぎり,158,原名おにぎり，现有zh银星糖系社团名已改正
pekoni_(peconi),1,peconi|peconi_(pekoni)|pekoni,ぺこに,158,原名ぺこに，现有zh星果実系站点名已改正
lucio_(luci0_52),1,luci0.nova.00|luci0_52|lucio|lucio_0052|lucy|るし,るしお,157,原名るしお，亦称るし/Lucy，存疑
masago_(rm-rf),1,masago_k|masagome|masagomi|masagomi_ao|masagon|saori_(masago)|まさご,まさご,157,原名真砂(まさご)，rm-rf*为社团名
oh_(aung_ae),1,oh,애기응애,157,原名애기응애，韩国画师
yanmian_(printemps-noir),1,yanmian|yanmian_|言眠|言眠没本参,言眠,157,中文名言眠，原名-言眠-（去掉装饰线）
callan_(callancoe),1,callanco|callancoe|mori_callan,杜からん,156,原名杜からん
lhu_(barappra1),1,paya8,lhu,156,原名lhu，亦名paya8，存疑
natsuki_(gedo),1,gedo|natsuki|natsuki6429,奈月,156,原名菜月
aosora_(mizore),1,aosora-sky|aosora444|あおそら,蒼天空,155,原名蒼天空(あおそら)，简体作苍天空
haruki_(haruki678),1,haruki|haruki678,春辉,155,原名ハルキ
kan_liu_(666k),1,666K信譞xuan|Kan Liu,信譞,155,原名信譞(666K信譞xuan)，存疑
ryuunosuke_(luckyneco),1,luckyneco|龍乃亮,龍乃亮,155,原名龍乃亮，简体作龙乃亮
unspoken_(firebreath110),1,firebreath110|unspoken|unspoken0|unspokenfabu,Unspoken,155,原名Unspoken，韩语무언
opanchu_(hakusen),1,hakusen|opanchu|opanchu_(pixiv259683)|whiteopanchu,おぱんちゅ,154,原名おぱんちゅ
uroboros_(dhmv3484),1,uroboros,Uroboros,154,原名Uroboros
kurowa_(curowa),1,,黒輪,153,原名離in，存疑
leebo_(leeboxxx),1,leebo|leeboxxx,LEEBO,153,原名LEEBO
yuu_(yuyukaikan),1,,由宇,153,原名雄(ゆう)
izumi_(toubun_kata),1,izumi000|izumi_kiya|killy_(izumi)|tomoki_izumi|toubun_kata|泉|泉奇夜|泉朝树|糖分过多,和泉,152,原名泉朝樹，现有zh泉_朝树带下划线已改正，旧名义泉奇夜
kureaki_(exit),1,exit|exit_kureaki|kureaki|kureaki_(motyo1964)|第九非常口,暮明,152,原名暮明，第九非常口为站点名
nasi_(na_si),1,mochi_(na_si)|na_si|nasi,勿,152,原名勿，存疑
saryuu_(iriomote),1,iriomote|saryu|saryu360|saryu42|saryuu|さりゅう|沙流_-彩-|沙流卍|沙流🔞,沙流,152,原名沙流(さりゅう)
suzu_(pixiv_32232702),1,,すず,152,原名すず
douya_(yaomiaomiao),1,douya|douya1031|haitundm|yaomiaomiao,瑶喵喵1031,152,原名瑶喵喵1031，存疑
hinata_(echoloveloli),1,陽太,陽太,151,原名陽太，简体作阳太
kuuneru_(ojigi),1,kuuneru|ojigi,おじぎ,151,原名おじぎ，现有zh教授系绰号已改正，食う寝る遊ぶ为社团名
marbo_(saico556),1,marbo|saico556|saico_isshin|最古一心,マル坊,151,原名マル坊，亦名最古一心，存疑
takio_(kani_sama),1,なまつい,なま,151,原名なま(なまつい)，存疑
erory6_(ro),1,erory111|erory6|イロリ,ろ,150,原名ろ，亦称イロリ，存疑
fufu_(fufuichi04),1,fufu|fufu0404|fufuichi04,fufu,150,原名fufu
kingyo_(nyankomanjyuu15),1,kingyo_(user_xyuc7787)|nyankomanjyuu15|金魚,金魚,150,原名金魚，简体作金鱼，亦名ねこまる
shirota_(takoyaki_110721),1,shirota,代田,150,原名しろた
toin_(iitoin),1,toin|toin_(koto54576897)|toin_oekaki,といん,150,原名といん
14sai_bishoujo_(shoutarou),1,14-sai_bishoujo|14-sai_bishoujo_(shoutarou)|14sai_bishoujo|14sai_bishoujo_(gygpc956)|juuyonsai_bishoujo|juuyonsai_bishoujo_(shoutarou)|shoutarou|shoutarou_(gygpc956)|しょーたろー,14歳美少女,149,笔名14歳美少女，旧名しょーたろー
chikuwa_(odennabe),1,chikuwa|chikuwa_(glossymmmk)|odennabe,ちくわ,149,原名ちくわ，おでんなべ为社团名
on_(isk1812),1,jonnasse|mr_jonnasse,on,149,tag名on，又名jonnasse，存疑
suzushiro_(gripen39),1,gripen39|suzushiro|suzushiro_(fulcrum33),すずしろ,149,原名すずしろ
masato_(mirai_koubou),1,masato|masato-h|masatoff,masato,148,原名masato；未来工房是社团名，不可当zh
rice_(somasuki_77),1,norice_77|pangcijun532|rice|somasuki_77,rice,148,原名rice；每月只吃一顿饭为诨名/存疑，不采用
chameleon_(chameleon0613),1,カメレオン,かめれおん,147,原名chameleon/カメレオン；野生のかめれおん人間是社团名
isinose_(ilxodidli),1,ilxodidli|ishinose,イシノセ,147,原名イシノセ；快楽是社团名
maji_(majibomber),1,majibomber,マジ,147,无缓存资料，按tag原名
moco_(moco_28),1,_moco_28|moco|moco1228,moco,147,原名Moco，无通用中文名
pekuchin_(pekuchin_3),1,chinyan|pekuchin,ペクチン,147,原名ペクチン；chinyan指向存疑未采用
ta-na_(tana351),1,ta-na|tana|tana351,ta-na,147,原名ta-na，无通用中文名
baron_(nsbaron),1,baron|baron_(webslinger)|nsbaron,baron,146,原名baron；baron🔞为署名
iroha_(unyun),1,hanatsumi_iroha|iroha|いろは,いろは,146,原名彩葉（いろは），不用简体彩叶
imoe_(1017933989),1,1017933989imoe_shichee|Imoe_shichee|imoe|imoe_shichee|imoe_shichee-suki,imoe,145,原名Imoe，无通用中文名
kuromoto-kun_(rina_masimaro),1,kuromoto-kun|kuromotokun|micropage_kuro|rina_masimaro,黑本君,145,原名黒本君；みくろぺえじ是社团名
lnyn_(user_vxdh4425),1,Lnyn00673438|lnyn|lnyn00673438|lnyn0514,lnyn,145,原名Lnyn，无通用中文名
shaka_(staito0515),1,shaka|shaka_0515|shaka_degi|staito0515,しゃか,145,原名しゃか（shaka）
shiro_(white_2530),1,white_2530,しろ,145,原名shiro（white_2530）
chiemo_(xcem),1,chiemo,ちえも,144,原名ちえも，无通用中文名
oggu_(neoguloliko),1,neoguloliko|oggu|おっぐ,oggu,144,原名おぐ/おっぐ；描けない時は寝る为自述语非名
amo_(amo_0514),1,阿歾,鄭郁欣,143,郑郁欣为其本名，阿歾为笔名；本名真实性存疑
matsuoka_(mtok_0),1,matsuoka|matsuoka.mtok|mtok_0|松冈宵|松岡宵,松岡,143,原名松岡；月の表に帰りたい是社团名
meiji_(mosamoo3),1,meiji|meiji121|mosamoo3|明治@不定期,めいじ,143,原名明治；明治@不定期为旧署名
subin_(subin_2011),1,subin|subin_2011|彬|수빈,subin,143,韩文名수빈（彬）；태양의숲是社团名
tight_(ohmygod),1,mr tight|mr.tight|mrohmytight|tight|tight.ohmygod,好緊先生,143,原名Mr. Tight/好紧先生，社区称呼存疑
ttn_(239_239),1,239_239|ttn|twothreenine,ttn,143,原名TTN/twothreenine，无通用中文名
yukitarou_(awamori),1,awamori|yukitaro|yukitarou|淡森,雪汰郎,143,原名雪汰郎；淡森/awamori是社团站点名
bachibachi_(tisen),1,,撥撥利,142,原kanji名撥撥利；拨拨利为简体，(tisen)为pixiv尾缀
bol_(liliymimi),1,bol|bol_oekakiyou|liliymimi,bol,142,原名bol；liliymimi为pixiv账号
mono_(mo_n_mno),1,mo_n_mno|ﾓﾉ,mono,142,原名mono/ﾓﾉ；ひじ茶葉是否为别名存疑
rappa_(sirrappa),1,SirRappa|rappa|sirrappa,rappa,142,原名Rappa，无通用中文名
tanaka_(tanakya123),1,tanakya123,たなか,142,原名たなか（tanaka）
uchimura_(rino0525),1,rino0525|うさむら,uchimura,142,tag拼作uchimura亦记うさむら，读音存疑，按tag原名
ed_(edemevas),1,ed|edemevas|jinedem,ed,141,原名ED/edemevas，无通用中文名
hisui_(stapspats),1,hisui|hisui_spats|spats|stapspats|ひっすぃ|ヒスイ,翡翠石,141,原名翡翠石（ヒスイ），ひっすぃ为别名；スタップスパッツ/七色スパッツ天国是社团站点名
mag_(magbp2119),1,mag|magbp2119|まぐ,mag,141,原名mag/まぐ；μ-CuTe是社团名
kyomu_(7641),1,kyomu7641,虚無,140,原名虚無；虚无为简体
nanbo_ataru_(attall),1,ataru_(attall)|atl|atl_(nanbo_ataru)|attall|attall_(ataru)|nambo_attall|あたる|南保|泥水|舘雅|舘雅譲治|馆雅|馆雅譲治,南保あたる,140,全名南保あたる，南保是简称不可单独当zh；舘雅譲治为旧名义
qianyuu_(senba),1,qianyuu|senba|senba_(592683801)|千羽|千羽丶,千羽,140,原名千羽；-千羽丶-为pixiv署名
senri_(senri03151221),1,𦈐帙ｓ繧�,扇里,140,原名扇里（senri）
ten_(lu2948d),1,lu2948d|てん|展,貂,140,原名てん/展（ten）
yumu_(8181018),1,shiyumubushizimu|yumu|yumuamoca|是宇暮不是字幕,宇暮,140,原名宇暮；「是宇暮不是字幕」为防混淆口号
kishimen_(kishimen_tw),1,kishimen|きしめん,きしめん,139,原名きしめん（kishimen）
luna_(luna610),1,_luna610|luna|luna_nya|ルナ|季夏,luna,139,原名ルナ/luna；季夏是否为通用中文名存疑
ragi_san_(ononokomachiimo),1,ononokomachiimo|らぎさん,ragi san,139,原名らぎさん（ragi san）
sok_(mr14_c),1,mr14_c|sok,sok,139,原名Sok，无通用中文名
tentsuu_(tentwo),1,rabu_(twntsuu)|tentsu|tentsuu|tentwo|tentwo0602|てんつう,天通,139,原名天通（てんつう）
usuke_(u_skeeep),1,u_skeeep|usuke,U助,139,原名U助（Usuke）
le_(szs0k),1,szs0k,了。,138,原名了。，无通用中文名
mihira_(tainosugatayaki),1,mihira,mihira,138,原名mihira，无通用中文名
uta_(xuyansong1996),1,user_cgzz5334|uta|xuyansong1996|ネコ僧|猫僧,唄,138,猫僧为社区通用中文名；其名猫僧即「名叫猫僧」，uta为tag
oggy_(oggyoggy),1,oggy|oggyoggy|ogiogiogico,oggy,137,原名oggy；mugenryuko为MUGEN角色相关非画师名
sakoku_(oyatsu3ji_),1,oyatsu3ji_|sakoku|サ国,サコク,137,原名サコク（sakoku），3:59为署名
shoutarou_(shoutarotttt),1,shoutaro_(shoutarotttt)|shoutarotttt|shoutarou|shoutarou_(ginham)|shoutarou_(hoshikui-ya),ショウタロウ,136,原名翔太郎；星喰屋是社团名
tsuchino_(tigersaber),1,chou_shippai-saku|tigersaber|土道格|超失敗作|超失败作,つちの,136,原名つちの；土道格是否本名存疑，超失敗作(chou shippai)为旧名义
yamako_(state_of_children),1,yamako|城山綾子,やまこ,136,笔名/艺名ヤマコ，城山綾子为本名（HoneyWorks画师）
c_(neta),1,chopchopchop|シィ,c,135,原名c（读作シィ）；ネタ絵置き場是社团名
kipi-san,1,,kipi-san,135,cosplay偶像kipi-san，无通用中文名
marvin_(omarvin),1,marvin|omarvin|omarving94|omarvinillustrations,marvin,135,原名Marvin；omarvin为账号
nayozane_(worker7),1,worker7|ナヨザネ,nayozane,135,原名ナヨザネ（nayozane）
gedou_(shigure_seishin),1,0gedo0|gedou|gedou_(asmind)|gedoxiv|shigure_seishin|时雨精神,外道,134,原名外道；時雨精神是社团名，asmind为旧tag
jin_(sirius-j),1,Jin蜀黍|sirius-j,迅,134,原名Jin；Jin蜀黍为社区称呼存疑
kimidori_(kimidoriri),1,kimidonburi|kimidondo|kimidori|kimidoriri|きみどん,きみどり,134,原名きみどり（kimidori），きみどん为爱称
masaki_(celesta),1,celesta|masaki,後藤マサキの野望,134,原名まさき（masaki）
pd_(pdpdlv1),1,pd|pdlv1|pdpdlv1|pdwolf_0925,pd,134,原名pd，无通用中文名
rai_(newtype_xm-x1),1,newtype_xm-x1,ライ,134,无缓存资料，按tag原名
tia_(4017342),1,tia,tia,134,原名tia，无通用中文名
flan_(seeyouflan),1,flan|seeyouflan|yeyunflan,flan,133,原名flan；疑中文名夜云（yeyunflan），存疑
kaiser_(kaiserofart),1,kaiser|kaiserofart,kaiser,133,原名Kaiser，无通用中文名
miyu_(matsunohara),1,0miyu0|gomau_miyu|gomaumiyu|matsunohara|miyu,みゆ,133,原名みゆ（miyu）
oinari_(tensaizoku),1,oinari|oinari_(saku_saku_chicken)|oinari_(sakutiki),おいなり,133,原名おいなり；天災族是社团名
sasami_(shiroi_fuwafuwa),1,sasami|sasami.kasui|sasamik_|shiroi_fuwafuwa|花睡ささみ,木下沙沙美,133,原名ささみ（sasami）；白いふわふわ是社团名
temakizushi_(temakizushisand),1,temakizushi|temakizushisand,手巻き寿司,133,原名手巻き寿司（temakizushi）
fumiko_(rubra_plumeria),1,156m|fumiko|fumiko-0510|rubra_plumeria,ふみこ,132,原名ふみこ（fumiko）；rubra_plumeria为账号
ruuku_(azukieru),1,azukieru|ruuku|あきな,るーく,132,原名るーく（ruuku）；にーきゅーは社团名，あきな为别名
uruha_(yw1109),1,asane_uruha|uruha|uruha_tentee|yw1109|うるは,朝音うるは,132,全名朝音うるは，うるは为简称；はちみつここあ是社团名
ko-on_(ningen_zoo),1,ko-on|ko-on_(foxkick)|ningen_zoo|コオン,狐音,131,原名狐音（コオン）
neko_lu_(wofud453),1,kemo_neko|neko_lu_|wofud453|るねこ,neko lu,131,原名neko lu；るねこ（runeko）为别名/读法
onibi_(will_o_wisp24),1,onibi|onibi_cat6016|onibicat6016|will_o_wisp24,おにび,131,原名おにび（onibi）；will_o_wisp24为账号
uran_(uran-factory),1,uran|uran-factory|uran1017,雨兰,131,原名URAN（笔名）；ウランファクトリー是社团/站点名
funaya_(a2brasd),1,a2brasd|funaya,船屋,131,原名船屋（funaya）
jeonjin_(mynamebazin),1,mynamebazin|mynameisjojin|ylsimm9|전진|죠진,jeonjin,130,韩文名전진（jeonjin）
manana_(matoi1111),1,manana|matoi1111,まなな,130,原名まなな（manana）
morita_(moritania),1,mori_(reverse)|morisan081|morita|morita_(iru_2)|morita_shion|morita_sion|moritania|moritania.|s.morita|s_morita_14|もり|月光|森多史温|森温弍式|辰巳,森多史温,130,主名森多史温；月光/辰巳为其他名义，moritania是社团
nabi_(uz02),1,nabiseedling|uz02|なび|ナビ,なび,130,韩系vtuber画师，原名nabi/なび
pochi_(poti1990),1,pochi|poti|poti1990,ぽち,130,原名ぽち（pochi）
9_(hcl9fg),1,9pangm|hcl9fg,9,129,原名9，无通用中文名
kira_(kira_dra),1,kira|kira_dra|kira_dra_h,季羅,129,原名季羅（kira）；_dra为账号尾缀
kura_(shironagasu02),1,kura|shironagasu02,倉,129,原名くら（kura）；shironagasu02为账号
kyou_(tr-6),1,kyou|kyousei|tr-6,キョウ,129,原名キョウ（kyou）；TR－6为账号
mochi_(mocchi_p_2m),1,mocchi_p_2m|mochi,モチ,129,原名もち（mochi）
nanairo_(nanairo227),1,nanairo|nanairo227,ナナイロ,128,原名ナナイロ（nanairo）
naname_(7name),1,7name|naname,ナナメ,128,原名ナナメ（naname）；まうはまうまう是社团名
ume_(326310),1,bb_ume_boshi|ume|ume_boshi|ume_boshi_ayame|umeboshiayame|うめ|うめぼし,うめ,128,全名梅星あやめ，うめ为简称；bb是社团名
kadokura_(whokdkr),1,kado_kura|kadokura|kadokura0429,かどくら,127,原名かどくら（kadokura）；かどっこ是社团名
loong_(loong_blo),1,L∞Δg|loong|loong_blo|looooooong,loong,127,原名L∞Δg（loong），L∞Δg为样式化写法
kozato_(yu_kozato),1,kozato|kozatozato|yu-kozato|yu_kozato,こざと,126,原名こざと（kozato）
mizah_(mizah),1,_mizah|mizah_uvu,mizah,126,原名mizah，无通用中文名
pano_(mohayayamai),1,mohayayamai|pano,ぱの,126,原名ぱの（pano）；暢気型ぱのは署名
teru_(s2_teru),1,0607_teru|s2_teru|teru|teru___s2_|teru__s2_|yam_s2|ヤム|테루,てる,126,原名teru/테루；ヤム是否同一人存疑
tp_(kido_94),1,kido_94|tp|tpreco,tp,126,原名tp，无通用中文名
hei_(tonarinohey),1,hei|hei_(heytonatona)|hei_(spoon_noise)|hey|to|tonari_no_hei|tonarinohey|と,塀,125,原名塀（Hei），Hey/と为别名；となりの塀是旧站点名
kana_(okitasougo222),1,kana|okitasougo222|海色のそら22,カナ,125,原名佳奈；ぎんぴか!是社团名
roco_(rocoroco1115),1,roco,ロコ,125,原名roco，无通用中文名
.com_(bot_com1),1,.com,.com,124,原名.com（机器人账号），无通用中文名
iver_(reviolet),1,reviolet,iver,124,原名iver，无通用中文名
keita_(o4510_9chi9),1,けーた|館山けーた,蛍汰,124,原名けいた（Keita），无通用中文名
ori_(0rizuru),1,ori,折鶴,124,原名折鶴，现有zh正确
ruien_(wu_jui-en),1,ruien|wu_jui-en,吳睿恩,124,中文画师吴睿恩，与yukishima_momo组成Momikyo
shizumu_(shi_zumu),1,shi__zumu,沈ム,124,原名沈ム，无通用中文名
tobu_(bilibil),1,bilibil|tobu|tobu_0w0,东武,124,原名东武（tobu），现有zh为完整昵称应改正
han_(hn-khk),1,h0g0s0y0k|han-log|hn-khk,はん,123,原名はん（汎），无通用中文名
hika_(cross-angel),1,cross-angel|oogamihika,緋華,123,原名緋華，中文写绯华
keureu_(tiqkdtiqkd10),1,keureu|tiqkdtiqkd10|クル,크르,123,韩语原名크르，无通用中文名
steelball_(jwk76806995),1,jwk76806995|steelball,SteelBall,123,原名SteelBall，无通用中文名
hisakata_(hisa_nn),1,hisa_nn_|hisakata|小鳥遊つばさ,ひさかた,122,原名ひさかた，无通用中文名
hotaro_(bread_fusa),1,bread_fusa,ほたろ,122,原名ほたろ，无通用中文名
jaeb_(kkrt0302),1,ggymj|jaeb|kkrt|kkrt0302,JaeB,122,原名JaeB，无通用中文名
kotowari_(newtype_kenkyuujo),1,kotowari|kotowari_(kotowarinari)|kotowari_nt|kotowarinari|newtype_kenkyuujo,理,122,原名理（ことわり），にゅうたいぷ研究所是社团名
loki_(regulus_1111),1,regulus_1111,ろき,122,原名Loki（ロキ），无通用中文名
paayan_(hagakinorock54),1,hagakinorock54,ぱーやん,122,原名ぱーやん，无通用中文名
regiana_(jubi),1,jubi|jubivi|regiana,jubi,122,无通用中文名，原名jubi（regiana）
sanotsuki_(mochi0101_831),1,ishitsuki_(_0101_831)|mochi0101_831|sanotsuki|shougatsuna_(hinode_studio),一止月サノツキ,122,原名一止月サノツキ，ヒノデスタジオ是社团名
fuuka_(fukasheu),1,fukasheu|ふかみ|半屏山百合会|呼卡|波卡|绫仔,フウカ,121,原名フウカ（ふかみ），半屏山百合會是社团名，中文称呼不统一存疑
haruichi_(sazanami_complex),1,haru_1_(haruichi)|haruichi_(sss)|haruichi_(triple_strike)|sazanami_complex|shuni|shunichi_(kira2afro),春一,122,原名春一（はるいち），さざなみコンプレックス/SSS是社团站点名
musan_(mu34mi),1,mu34mi,むーさん,121,原名むーさん，无通用中文名
piiko_(aa_doushiyou),1,aa_doushiyou|piiko|piiko_(hagane7728),ぴーこ,121,原名ぴーこ（Piiko），あぁどうしよう是社团名
shoichi_(ekakijin),1,ekakijin|sho|sho_(shoichi-kokubun)|shoichi-kokubun|shoichi-kokubun0607|shouichi,ショウイチ,121,原名ショウイチ（Shouichi），无通用中文名
tsukira_(amayadori),1,amayadori|kurotsukira_96|tsukira|tsukira_(kuro-route96),ツキラ,121,原名ツキラ，アマヤドリ是社团名
nayuhi_(yukimuu14),1,nayuhi|nayuhi_14|nayunayunayu0001|yukimuu14,なゆひ,120,原名なゆひ，无通用中文名
chaena_(exmd3552),1,chaena|ゆずゑな,茶ゑな,119,原名茶ゑな（旧名ゆずゑな）
takao_(88499191),1,takao_0901|takao_handoru,冷泉芋鹿,119,中文社区称呼冷泉芋鹿
asaki_(asaki_vision),1,asaki_618,あさき,118,原名あさき，无通用中文名
emu_(trigger),1,emuo_o|kimigainai,ゑむ,118,原名えむ，trigger是站点名，旧名kimigainai
hanchou_(shirokun555),1,hanchou|shirokun555,班長,118,原名班長，中文社区通用班长
himo_(himodayoo),1,himo|himochan|himoda-q|himodaq|himodayoo,ひも,118,原名ひも（ヒモマロ），无通用中文名
hirahiragi_(h1rqg1),1,h1ragi28|h1rqg1,ひらひらぎ,118,原名ひらひらぎ，无通用中文名
mishio_(misio_40),1,misio_40,み塩,118,原名み塩，无通用中文名
npa_(sirokurokuma),1,npa|sirokurokuma,npa,118,无通用中文名，原名npa（sirokurokuma），缓存名てぃっしゅ存疑
q-bee_(aaru),1,aaru|q-bee|あ〜る,q-bee,118,无通用中文名，原名q-bee
sudako_(dai011305),1,dai011305|sudako_sdk,すだこ,118,原名すだこ，无通用中文名
yurayura_(mdeh5447),1,夜|安中夜,ゆらゆら,118,原名ゆらゆら，安中夜/夜为中文称呼存疑
dd_(giogio99),1,d_d|dd|dd41023237|giogio99,dd,117,原名dd，无通用中文名
jonasan_(bad-t),1,城山_南|城山南,城山南,117,原名城山南，下划线写法为旧样式需改正
makita_(twosidegekilove),1,twosidegekilove|牧野まきた,まきた,117,原名まきた（牧野まきた），限界領域是社团名
mangpum_(taro109210),1,taro109210,망품,117,韩语原名망품，无通用中文名
otoufu_(wddkq314band),1,otoufu|wddkq314band,おとうふ,117,原名おとうふ（Otoufu）
wolfychu_(artist),1,wolfychuuu,Wolfychu,117,原名Wolfychu，无通用中文名
airfish_(lefko_d),1,Lefko果子|airfish|airfishwhite|kongqiyu_airfish|lefko_d,空气鱼,116,中文画师社区通用名空气鱼
asashin_(asn),1,asn,あさしん,116,原名あさしん，无通用中文名
ga-chan_(kokonattusoul),1,ga-chan|ga-chan24|ganohito|kokonattusoul|がのひと,ga-chan,116,原名ga-chan（がのひと）
kusana_(kusana47454281),1,kusana47454281,クサナ,116,原名クサナ，无通用中文名
miri_(miri_1m),1,fujiwara_miri|miri-kyek|miri_(miri-kyek)|miri_(miri_kyek)|miri_(yuugure_sanpo)|miri_1m|miri_kyek|mirimeeta|藤原みり,ミリ,116,原名みり（藤原みり），夕暮散歩是社团/站点名
torso_(hjk098),1,hjk098|torso|torso__,とるそ,116,原名とるそ，无通用中文名
kheng_(k_heng1223),1,goodkheng|k_heng1223|kheng1223|kheng_kawaii|kheng_prsk,kheng,115,原名kheng（크헹），无通用中文名
kie_(yospcd),1,kie|kie_itsover|yospcd,kie,115,原名kie，无通用中文名
kuon_(nokokopopo),1,kuon|nokokopopo,久遠,115,原名久遠，现有zh正确
oasis_(magnitude711),1,magnitude711|oasis|oasis17|oasis_(magnichudo711)|oasis_(magnituude711)|oasisu|oasisu17|oasisu_(magnichudo711),オアシス,115,原名オアシス，マグニ厨度711是社团名
rhine_(overtonerhine),1,overtonerhine,rhine,115,缓存无信息，用可靠原名rhine
yagita_(astronomie),1,astronomie|yagita_000|ygt,yagita,115,原名yagita，ASTRONOMIE是社团名，无通用中文名
black_(artist),1,black,ぶらっく,114,原名BLACK（TYPE-MOON画师），无通用中文名
kaho_(ramb),1,ramb,果保,114,原名果保，现有zh正确
nai_(cnoadi8),1,cnoadi8|nai|nai103,nai,114,原名nai，无通用中文名
yoon_(yoon_lovelive),1,yoon|yoon_lovelive,Yoon,114,原名YOON，无通用中文名
beco_(100me),1,beco|谷地猫迎,苹果喵,113,中文称呼苹果喵/谷地猫迎，原名beco存疑
chawanmushi_(steamedeggz),1,茶碗蒸し|蒸蛋没熟,茶碗蒸し,113,原名茶碗蒸し，中文社区称呼蒸蛋
ren_(endscape20),1,endscape20,ren,113,原名ren，无通用中文名
shiki_(kisikisi1007),1,kisikisi1007,色,114,原名シキ，无通用中文名
anko_(kirikiri),1,anko_(a229)|anko_(ank),あん子,112,原名あんこ，无通用中文名
hururu_(vldptmxk1054),1,lancer|lancer_(worudrleh1),hururu,112,原名lancer后改hururu，无通用中文名存疑
kiruto_(artar_12),1,artar_12|きる|匿名希望,きると,112,原名きると，匿名希望是旧名/绰号不可当zh
michia_(bourgognepony),1,bourgognepony|mich1a|michia,みちあ,112,原名みちあ，无通用中文名
niaru_(r2pi),1,r2pi,にある,112,原名にある，无通用中文名
nunnun_(shunka_shuutou),1,nunnun|ドクター博士,ぬんぬん,112,原名ぬんぬん，春華秋刀是社团名
tachi_(bokarokazoku),1,bokarokazoku|tachimmd,タチ,112,原名たち，箸置き是社团名，bokarokazoku是站点名
takoyaki_(takoyaki-batake),1,takoyaki-batake|takoyaki1116|takoyaki_(takoyakibatake)|takoyakibatake|takoyakiyo|takoyakiyoshi|たこやきよし,章鱼烧,112,原名たこ焼き（たこやきよし），たこ焼き畑是社团名
yu_(lilacxx),1,lilacxx|ゆ（・ｘ・）,ゆ,112,原名ゆ，无通用中文名
cafe_au_lait_(kafeore),1,cafe_au_lait|kafeore|だ～じりん。,かふぇおれ,111,原名かふぇおれ（Cafe au lait），だ～じりん是昵称
danna_(tsukimisou),1,danna|danna_(taka0418)|tsukimisou,ダンナ,111,原名だんな，月深想是社团/站点名
nagisa_(imizogami),1,imizogami|nagisa,沚（ナギサ）,111,原名沚（ナギサ）
riki_(riki_unc),1,riki_unc,利木,111,原名りき，无通用中文名
konchi_(63438789),1,konchi|konchi63438789,konchi,110,原名konchi，无通用中文名
others_(gogo-o),1,gogo-o|others|others-oni|others79799254|合合,Others,110,原名OTHERS，暗中觀察站/觀測站是站点名，合合为中文称呼存疑
oyster_(artist),1,artist|irutora|oyster|oyster_tenten,オイスター,110,原名oyster，无通用中文名
ric._(marchen_mozuku),1,marchen_mozuku|ric.,りく,110,原名りく（ric.），めるへんもずく是社团名
yunkaasu_(kakushiaji),1,kakushiaji|yunkaasu,ゆんかーす,110,原名ゆんかーす（Yunkaasu）
bud_(korovsme),1,__bud|bud|bud4040|korovsme,面类,109,原名bud（麺類），面类为中文称呼存疑
gurei_(streaper42846),1,pannko6216|パンＫ,gurei,109,无通用中文名，原名gurei（パンＫ为显示名存疑）
kanoe_(gallery_walhalla),1,gallery_walhalla|gw_kanoe|kanoe|kanoe-kaneo|kanoe_kaneo,庚,109,原名庚（かのえ），gallery_walhalla是社团名
kouhei_(sxmas),1,hayasaka_kouhei|kouhei|kouhei512|kouhei_(artist)|kouhei_(kyonko_toka_iroiro)|nikuheki|sxmas|xmas,kouhei,109,原名kouhei（旧名sxmas/nikuheki），キョン子とか色々是站点名
momoe_(mme_daigaku),1,mme|mme_daigaku|momoe.artwork,ももえ,109,原名ももえ，无通用中文名
roitz_(_roitz_),1,_roitz_,Roitz,109,原名Roitz（ロイつ），无通用中文名
saku_(saku1151),1,enpitsu_(saku)|enpitsu_(sakura777)|saku|saku1151|saku_(enpitsu)|sakura777|sakusa|sakusaku1151|sakusakusakura|炎筆,さく,109,原名さく（Saku），炎筆是pixiv昵称不可当zh
satoimo_(3311_mi),1,3311_mi|satoimo|里芋🎨,里芋,109,原名里芋，里芋🎨是带表情显示名
alna_(mu5fal),1,alna|mu5fal,あるな,108,原名あるな，无通用中文名
jiujiuyatou_(yayanzz),1,jiǔjiǔ_yātou|yayanzz|丫头17时代|丫头九九|九九丫头,九九丫头,108,中文画师社区通用名九九丫头，丫头17时代是旧名/绰号
mojisan_(ebimo),1,ebimo|ebimoji3|mojisan,えびも,108,原名えびも（mojisan），无通用中文名
nekohuman221_(tsun221),1,tsun221,ねこにんげん,108,原名ねこにんげん（Nekohuman），しいふーど为其他名存疑
nyorotono_(amafurashi),1,amafurashi,あまふらし,108,原名あまふらし（nyorotono），谁为主名存疑
shiruko_(s1ruko),1,s1ruko,しるこ,108,原名しるこ，无通用中文名
zone_(artist),1,z0ne|zone|zone_(zone_tan)|zonesama,Zone,108,原名Zone，无通用中文名
aki_(mmtghdak),1,mmtghdak|mtghdak,あき,107,原名あき，无通用中文名
karou_(lhscck302),1,karou|lhscck302,花郞,107,原名花郞（karou）
miku_(mikururun),1,mikururun,みく,107,原名Miku；罗马字原名，无通用中文名
mochako_(motyako_1005),1,mochako,もちゃこ,107,原名もちゃこ；假名原名，无通用中文名
moroheiya_(moroheiya-works),1,moroheiya|moroheiya-works|moroheiya_farm,もろへいや,107,原名もろへいや；无通用中文名
nagi_(nagito),1,nagi|nagito,なぎ,107,原名なぎ；无通用中文名
namama_(namama82),1,namama82,なまま,107,原名なまま；无通用中文名
rhea_(156latte),1,156latte|bongrhea156|orchid_(pixiv3730518)|레아,Rhea,107,原名Rhea(레아)；韩文原名表记，无通用中文名
rk_(rktorinegi),1,rk|rktorinegi,rk,107,原名rk；无通用中文名
shimon_(31426784),1,monmon_shimon,しもん,107,原名しもん；无通用中文名
yaneura_(yaneur),1,yaneur,ヤネウラ,107,原名ヤネウラ；无通用中文名
yuunagi_(yunagi1373),1,,ユウナギ,107,原名夕なぎ；无通用中文名
amaneko_(amaneko_y),1,,甘猫,106,原名甘猫(Amaneko)；汉字名可直接沿用
hanpen_(puu),1,hanpen|hanpen_(puuhanpen)|puu_hanpen|puuhanpen,はんぺん,106,原名はんぺん；无通用中文名
heika_(heikahp),1,heika_(artist)|heikahp,ヘイカ,106,原名ヘイカ；无通用中文名
morning_(d0nteat),1,a92o4e|morning,Morning,106,原名morning；无通用中文名
naisu_(nai_su01),1,nai_su01|naisu|naisu1,Naisu,106,原名Naisu；无通用中文名
namaniku_(nmnk2020),1,namaniku_manga|namanoniku0005|nmnk2020|yaki0005niku,生肉,106,原名生肉；现有zh'焼肉/生肉'混杂，本名为生肉
niui_(user_afvr8485),1,niui|user_afvr8485,Niui,106,原名Niui；无通用中文名
okina_(805197),1,,おきな,108,原名おきな；无通用中文名
torakichi_(ebitendon),1,ebitendon|torakichi|torakitchen|torakitchen2,とらきち,106,原名とらきち；えびてん堂是社团名，不作zh
zekkyou_(h9s9),1,h9s9|sekkekkyuu_hakkekkyuu|zekkyou|zekkyou-chan|zekkyou_(kakka)|zekkyoubot|おしりちゃん|パープリン太郎|絶叫ちゃん|绝叫,絶叫,106,原名絶叫；白血球赤血球是社团名，非zh；后三者为其别名
hiko_(lg612),1,hiko061|tachiyumi_no_hiko|tachiyuminohiko|tori/hiko|とりヒコ|タチユミノヒコ,ヒコ,105,原名ヒコ(タチユミノヒコ/とりヒコ)；无通用中文名
inoue_haruka_(haruharu210),1,haruharu210|haruka_inoue|inoue_haruka,いのうえはるか,105,原名いのうえはるか；无通用中文名
nekojarashi_(yuuga),1,nekojarashi|nekojarashi_(katakataeshi)|yuuga,ねこじゃらし,105,原名ねこじゃらし；优雅(yuuga)是站点/社团名，现有zh误用
niji_(rudduf232),1,mujigae_keobkeikeu|niji|rudduf232,무지개컵케이크,105,原名무지개컵케이크(彩虹蛋糕杯)；韩文原名，无通用中文名
shuten_(shutehaan),1,shutehaan,朱天,105,原名朱天；汉字名可直接沿用
chokutsuu_(menino),1,chokutsuu|menino,直通,104,原名直通；汉字名可直接沿用
kaeru_(kaeee41917105),1,kaeee41917105,小松菜屋,104,原名かえる；无通用中文名
kansou_(kanso_1),1,kanso_1,乾燥,104,原名乾燥；现有zh带emoji'干燥🧠'，改正为原名
moa_(21energy12),1,,もあ,104,原名もあ；无通用中文名
monya_monya_(tmsc7752),1,,もにゃもにゃ,104,原名もにゃもにゃ；无通用中文名
mutsuki_(tsugaidanuki),1,mutsuki_(tsugai-danuki)|tachikawa_mutsuki|tsugaidanuki|立河睦树|立河睦樹,睦月,104,原名睦樹；立河睦樹为别名；つがい狸是社团名
niwakaame_(amayadori),1,amayadori_no_niwakaame,俄雨,104,原名俄雨；雨宿りの軒先是站点名
tennensui_(midorinokaibutu4500),1,midorinokaibutu4500,テンネンスイ,104,原名テンネンスイ；无通用中文名
gunu_(nyzn3223),1,gunu,Gunu,103,原名Gunu；无通用中文名
konpeitoull_(c12h22o11_tr_6),1,,こんぺいとう,103,原名こんぺいとう；无通用中文名
tora_(kumo_sakamoto),1,kumo_sakamoto|tora|tora_112233,虎,103,现名さかもとくも；tag为tora，存疑
w_(w64851564),1,w|w64851564,W,103,原名w；无通用中文名
hikaku_(siyrgr),1,siyrgr,Ruri,102,现名Ruri；tag为hikaku，存疑
ken-pai_(kenpai_arts),1,ken-pai|ken-tai_artz,Ken-pai,102,原名Ken-pai；无通用中文名
rem_(tsulala),1,rem|rem_(artist)|tsulala,Rem,102,英文画师；原名Rem；无通用中文名
rinabee_(rinabele0120),1,rinabele0120,りなべぇ,102,原名りなべぇ；无通用中文名
wangjook_(wj),1,wangjook|wangjook(wj),왕죽,102,原名왕죽(Wangjook)；韩文原名，无通用中文名
yamaki_(yamaki801),1,yamaki801,やまき,102,原名やまき；无通用中文名
esu_(transc),1,esu|transc,エス,101,原名エス；无通用中文名
isawo_(lucanus19),1,isawo|lucanus19,いさを,101,原名いさを；无通用中文名
mo_(boo1719501boo),1,boo1719501boo,mo,102,原名mo(昵称Boo1719501Boo)；存疑
murumuru_(pixiv51689952),1,murumuru106,ムルムル,101,原名ムルムル；无通用中文名
pomp_(qhtjd0120),1,qhtjd0120,ポムプ,101,原名ポムプ；无通用中文名
sen_chan_(akane1023),1,akane1023|sen_art1023,殲ちゃん,101,原名殲ちゃん；无通用中文名
sendai_(nazonomono),1,nazonomono,先代,101,原名先代；汉字名可直接沿用
yuuma_(yuma1111),1,kireina_yuuma|yuma|yuma1111|yuuma,祐马,101,原名ゆうま；无通用中文名
akishisu_(air_balance),1,air_balance|akishis|akishisu,あきしす,100,原名あきしす；无通用中文名
ic_(iccccccccc81),1,ic|iccccccccc81,IC,100,原名IC；无通用中文名
kamui_(kamuikaoru),1,kamui_sugarfree|kamuikaoru|毒蔷蚀骨,毒薔蝕骨,100,原名毒薔蝕骨(香港画师)；修正现有zh'毒蔷_蚀骨'的下划线及字形
mo_(ine_mao),1,ine_mao|mo|user_pktt3325|マオ|乘凉毛毛毛鼠|毛毛毛鼠,乘凉毛,100,原名マオ；中文昵称乘凉毛/毛毛毛鼠；存疑
mou_(piooooon),1,草雉水素,もう,100,原名草薙水素；汉字薙/雉字形存疑
yoggi_(stretchmen),1,stretchmen|yoggi,ヨツギ,100,原名ヨツギ(Yoggi)；无通用中文名
g9_(jiiku),1,g9_(user_zyj2791),G9,99,原名G9；无通用中文名
haban_(haban35),1,haban|haban35|haban_35,Haban,99,原名haban；无通用中文名
kouichi_(kouichi-129),1,kouchi_(kouichi-129)|kouichi|kouichi-129|kouichi129|kouichi_129,晃一,99,原名晃一；汉字名可直接沿用
tungsten_(kwfr4544),1,tungsten|tungsten_w74,Tungsten,99,原名Tungsten；无通用中文名
ymm_(nxvd3735),1,ymm_square,やみめ,99,原名やみめ；糖分過多是社团名，非zh
yumemi_(kiowa),1,kiowa|yumemi|yumemi5k,ゆめみ,99,原名ゆめみ；茶隼为别名/其他账号，存疑
asa_(teng_zi),1,Teng Zi|asa|asa7333883|asa_yohoki|asaeggplant|asanasu|teng_zi|チーズさん,あさ,98,中国画师；现名アサ(Asa)；旧名Teng Zi/チーズさん
ice_(aitsugai),1,aitsugai|hotmilkice|ice_(aitugai)_aitugai|ice_(s_h_019)|ice_h|ice_hs,藍ce,98,原名藍ce(读あいす)；愛番是社团名，现有zh误用
kasago_(wnfj2383),1,,笠吾,98,原名笠吾；汉字名可直接沿用
koutarou_(farthest),1,farthest|koutarosu|koutarou_(artist)|koutarou_(bonnemaa)|光太郎,こうたろう,98,原名小唄朗；别名光太郎；farthest是站点名；修正现有zh'小呗朗'字形
makki_(tobaccos),1,makki|makkishoujo,Makki,98,原名Makki；无通用中文名
mirai_(mirai76_),1,mirai|mirai76|mirai76_|mirai_(amane_0202),Mirai,98,原名Mirai；无通用中文名
spark_(sandro),1,d.b.spark|sandro|spark343|spark_18|spark_343,Spark,98,原名Spark；无通用中文名
yuuta_(tokoton_hirune_hiyori),1,yuuta,湯唄,98,原名ゆうた；昼寝日和是OC名，非zh
analog_kenshi_(moto),1,ana_log_kenshi|ana_rogu_kenshi|anakuro_(analog_kenshi)|analog_kenshi|analogkenshi|anarogu_(analog_kenshi)|moto|unite_(analog_kenshi)|あなくろ,アナログ剣士,97,原名アナログ剣士(元)；爱称あなくろ；古都の北楼院是社团名
donkikong_(pixiv17278003),1,,鈍器コング,97,原名鈍器コング；无通用中文名
iisan_(zvemsv420vuqzzb),1,zvemsv420vuqzzb,いーさん,97,原名いーさん；无通用中文名
peke_(xoxo_melon),1,peke_(xoxomelon)|peke_(xoxopeke)|xoxo_melon,ぺけ,97,原名ぺけ；XOXOメロン是社团名，非zh
dagou_(yuzhou_fei_gou),1,_dagou|dagou_|yuzhou_fei_gou|宇宙废狗,大狗,96,中国画师，社区通用名大狗；宇宙废狗为pixiv昵称
miyamoto_(dominocube6),1,dominocube6|miyamotocube|miyamotorice,宮本,96,原名宮本；前tag miyamotocube；修正简体'宫本'为原字
moeki_(moeki0329),1,moeki|moeki0329,もえき,96,原名moeki(もえき)；无通用中文名
nspa_(spa-jcs),1,nspa|nspa_(spa_jcs)|spa-jcs,nspa,96,原名nspa；无通用中文名
rouge_(my_rouge),1,,るじゅ,96,原名るじゅ；无通用中文名
aco_(bearchannel),1,ako_(antoraacoyu0214)|antoraacoyu0214,あこ,95,原名あこ；bearchannel是站点名，非zh
hani_(udauda),1,udauda|ハ２,はに,95,原名はに(ハ２)；无通用中文名
kousuke_(ko_suke),1,ko_suke|ko_suke710|ko_suke_game|ko_suke_marill|ko_suke_poke|ko_suke_poke2|kousuke,交介,95,原名こーすけ；琥珀等为历代昵称，现有zh存疑
ozma_(yozakura),1,ozma|ozma___|yozakura,Ozma,95,原名Ozma；无通用中文名
raion_(t12k1ro3),1,raion,らいおん,95,原名らいおん；无通用中文名
sukeroku_(treeee),1,sukeroku|sukeroku_1|treeee,すけろく,95,原名すけろく；无通用中文名
tarai_(yamadarairai),1,taraiex|yamadarairai,たらい,95,原名たらい；无通用中文名
white_(waterwhite),1,waterwhite|waterwhite_|white,ほわいと,95,原名ほわいと(White)；无通用中文名
cocoa_(cocoa0191),1,cocoa_exe|cocoa_mochi,ここあ,95,原名ココア；无通用中文名
degarashi_(ponkotsu),1,degarashi|degarashi_(ponkotsu112),でがらし,94,原名でがらし；atg为并列表记
kasuke_(li_tgknk),1,li_tgknk,Kasuke,94,本名不明，用罗马字tag；pixiv显示'俺はここだぜ'，存疑
mirror_(xilu4),1,,Mirror,94,原名镜(Mirror)；汉字字形镜/鏡存疑，取罗马字以确保准确
paw_(286456),1,286456006|paw,Paw,94,原名paw；无通用中文名
sakumo_(karatama),1,karatama|sakumo,狭雲,94,原名狭雲(さくも)；KARATAMA是站点名，非zh
utori_(tanakautori),1,たなかウトリ,ウトリ,94,原名ウトリ；たなかウトリ为别名/全名
ae_(aeiu4114),1,ae|aeiu4114,AE,93,原名ae；无通用中文名
keystone_(costone),1,CoStone|costone|keystone,KeyStone,93,原名KeyStone(或CoStone)；无通用中文名
naoki_(xhju8282),1,naoki,なおき,93,原名Naoki；汉字写法不明
renreteya,1,miyabi_urumi|renreitm|renreteya:white_check_mark:|renreworks,レンレ,93,原名レンレ；renreteya为账号名；Anmin Daiteitoku是社团名，非zh
shino_(2919),1,shin_(sinocx5),シノ,93,原名シノ；无通用中文名
suiryuu_(18559651),1,,水竜,93,原名水竜
320_(romsen),1,320ama|tamagostk320,320,92,原名存疑，以罗马字tag为准（Pixiv曾用みっつん/みつお等）
althea_(sakiya0000),1,魔鱼moyu,魔鱼,92,中文画师，原名魔鱼
favnvs_(s910a_ib6),1,favnvs|s910a_ib6,FAVNVS,92,原名FAVNVS，无通用中文名
neo_(tyottama),1,neo0079|neo_tyottama|tyottama,NEO,92,原名NEO，城島袋为社团名
mella_(mell_a12),1,mell_a12|mymerry1207,mella,91,原名存疑，用罗马字mella
naku_(naku999ziye),1,naku|naku999ziye,子叶,91,原名子叶
puni_(punycolors),1,天城奥人,ぷに,91,原名ぷに（Puni），天城奥人为另一名义
shirotaka_(shirotaka),1,,shirotaka,91,原名不确定，用罗马字tag
suitchi_(gn4othi61),1,gn4othi61|つねの,スイッチ,91,原名スイッチ，亦有つねの名义
tl_(xdd),1,tl|tl_xdd|tlxdd|tlxddd,tl,91,中国RWBY同人画师，无通用中文名
vortex_(xu_xuanwo),1,xu_xuanwo,漩涡,91,原名漩涡
zatou_(kirsakizato),1,kirsakizato,ザトー,91,原名ザトー
pororokka_(macareo),1,macareo|pororoca_(macareo)|pororoca_(po-kka)|pororoka18|pororokka|pororokka_(po-kka)|ポロリッカ,ポロロッカ,90,原名ポロロッカ，另有ポロリッカ写法
shot_(shot0598),1,shot|shot0598|shot_0598,しょっと,90,原名しょっと
suimin_(sui_0y0),1,sui_0y0|suimin,スイミン,90,原名スイミン
294_(ranaga),1,Nagae|nagae294|ranaga,나개,89,韩文原名나개，罗马字Nagae
houten_(dre_a_mer),1,dre_a_mer|houten,ほーてん,89,原名ほーてん
kito_(clamp5656),1,木头|木頭|苍木真都,苍木真都,89,原名存疑（苍木真都或木頭），有你在的小镇非画师名
masayo_(skip),1,masayo_00|skip|sklp_00,まさよ,89,原名存疑，用罗马字masayo
mitsuba_(threeleaf),1,threeleaf,三叶,89,原名みつば
shino_(moi_0142),1,moi_0142,シノ,89,原名しの
toukashi_(2tou9),1,2tou9|tokashi29|とうかし,燈菓子,89,原名燈菓子
uotsu_(sabakou),1,sabakou,うおつ,89,原名表记存疑（亦有うおっ写法）
sai_(bankoru),1,bankoru,sai,88,原名存疑，用罗马字sai
sen_(5710265),1,せん|諸見里鈴,千,88,原名せん/千，諸見里鈴为另一表记
ao_(aocooler),1,ao|aocooler,蒼,87,原名あお
eiyuu_(eiyuu04),1,eiyuu|eiyuu04|eiyuu_(yatssu_no_fukujusou),英佑,87,原名英佑，社团八つの福寿草
fukiya_(fumiakitoyama),1,fumiakitoyama,ふきや,87,原名ふきや
fuyube_gin_(huyube),1,fuyube_(huyube21)|fuyube_(pff)|fuyube_(savoiaxxs21)|fuyube_(who_you_bee)|fuyube_gin|gin_winterfield|huyube|huyube21|huyube_(savoiaxxs21)|huyube_(who_you_bee)|huyube_almost_all_illustrations!!|huyube_gin|huyube_hrt_graphics!!|usui_(huyube)|ふゆべ|化野|笛吹,冬辺誾,87,原名冬辺誾，旧名义化野/笛吹，现昵称ふゆべ
leste_(humansequencer),1,humansequencer,れすて,87,原名れすて
minari_(minari37),1,minari37,minari,87,原名不确定，用罗马字minari
shijimi_(sijimi1917),1,sijimi1917|user_dtfc2832,しじみ,87,原名しじみ
ume_(yume_uta_da),1,umdworks|ume|y.umeda,うめ,87,原名存疑，用罗马字ume
yoni_(zhang),1,Yonizzz|yoni|yoni18041214|yoni_(yoni18041214)|yonizzz|zhang492382336,YONI,87,原名YONI，无通用中文名
azuko_(@zuco),1,azuko_(750)|azuko_(azuco29)|azuko_(chan_azu)|chan_azu_(azuko)|あず|ちゃんあず|＠zuco,アズコ,86,原名アズコ，社团750
ichifuji_nitaka_(phase_nine),1,1fujiyama|ichifuji|ichifuji_(phase_nine)|ichifuji_nitaka|phase_nine|イチフジ|井田結,壱藤弐鷹,86,原名イチフジニタカ，旧名义井田結，社团PHASE NINE
k-you_(hikarininare),1,hikarininare|k-you,k-you,86,原名存疑，用罗马字k-you
kenno_(kenno9mp40),1,kenno|kenno9|kenno9mp40,けんの,86,原名けんの
narumi_yuu_(imitmoon),1,narumi_y|narumi_yuu|narumi_yuu_(imitation_moon)|narumiyu|なるみ,成海优,86,原名成海優，社团Imitation Moon
natsu_(nattiyann),1,nanatsu_(nattiyann)|nanatsu_(pixiv1467365)|nattiyann|なっつ|ななつ,捺,86,原名なつ，旧名义ななつ/なっつ
poteto_(potetosarada123),1,potetosarada123,ポテト,86,原名ポテト
seiji_(artman),1,artman,せーじ,86,原名せーじ（Seiji）
sio2_(whynotkarma),1,sio2|whynotkarma,硅,86,原名硅
utamaru_(konomix),1,konomix|kotobamaru|utamaru|utamaru_(giantocr2)|うたまる,詩丸,86,原名詩丸，站点KONOMIX
yae_(yae_ringo),1,yae_ringo|八依りんご,八重,86,原名八依
bonesaw_(rdkshinku),1,B0NESAW|b0_nesaw|bonesaw|bonesaw_(artist)|bonesawart|honesty_ag|honesty_o.|honestyo|rdkshinku,RDK真紅,85,原名RDK真紅（Pixiv名），tag为bonesaw
fujiyama_(yellow),1,fuji_tt,富士やま,85,原名藤山
hayaoki_(asagi-iro_seishun-bu),1,asagi-iro_seishun-bu|hayakifromasg|hayaoki|hayaokifromanmn|hayaokifromasg,ハヤオキ,85,原名ハヤオキ，浅葱色青春部是社团名
kty_(04),1,_kty|_kty02|_kty04|kty|kty04,かとゆ,85,原名かとゆ（kty），存疑
match_(idleslumber),1,ftbyr|match_(type74tk),マッチ,85,原名存疑（PTCG插画师），用罗马字match
aida_(chinhung0612),1,aida|aida0612|ida_(chinhung0612)|艾哒|艾噠,アイダ,84,原名アイダ，中文社区称艾哒/艾噠
muneomon_(takomon),1,muneomon|takomon,문어몬,84,韩文原名문어몬
ran_(ran_0605),1,ran_0605,らん,84,原名らん
reinoenu_(anon),1,,あのん,84,原名あのん
tarou_(you-0512),1,tarou_(kawano_tanishi)|川野タニシ|網煮カカル,太郎,84,原名太郎，旧名义存疑
ukiwagirl,1,,やまおとこ,84,原名やまおとこ（tag为ukiwagirl），存疑
celly_(mogmog_99),1,celly|mogmog_99,celly,83,原名存疑，用罗马字celly
guu_(hakahonoo),1,guu|hakahonoo|古野木|布三布四人|布列罗|布嗙啷当|布拉那拉|梦老布|沉迷个啥呢|沉迷乌贼|阿布|龟毛棒槌,ぐう,83,原名存疑（tag罗马字guu），中文社区用名混杂
hakuhou_(ende_der_welt),1,ende_der_welt|hakuho01|hakuhou|hakuhou_(hakuho01)|il_hakuho|はくほう,白鳳,83,原名白鳳，社团ende der Welt
karakusa_(ototsukiharu),1,ototsukiharu,唐草,83,原名唐草
marth-chan_(micaiah_mrmm),1,micaiah_mrmm,マルちゃん,83,原名マルちゃん，存疑
pato_(ptro),1,pato|patoooo0929|ptro0929,Pato,83,原名存疑，用罗马字Pato
tamo_(gaikogaigaiko),1,Gaikogaigaiko|gaikogaigaiko|tamo,たも,83,原名存疑，用罗马字tamo
yanagi_(tsukiakari),1,yana497|yanagikaze|yanaginikaze|yanase_yanagi|柳瀬柳,柳,83,原名柳，另有表记柳瀬柳
angdo_(kakajo26),1,angdo|angdo_00|kakajo26,앙도,82,韩文原名앙도
arios_(orochi_yuta),1,orochi_yuta,arios,82,原名存疑，用罗马字arios
emil_(386),1,emil|emil386|emiles386,エミル,82,原名エミル
kagaya_(oshiriudon),1,oshiriudon,かがや,82,原名かがや
nanaki_(mkmk_915),1,mkmk_915|nanaki915,ナナキ,82,原名ナナキ
sarina_(tosiyukiryousuke),1,jump_sari|jumpsari|sarina|tosiyukiryousuke|るちあ,さりな,82,原名さりな，旧名义るちあ
shigeta_(yankeehamama),1,shigeta|yankeehamama,しげた,82,原名しげた
sinmo_(dolomang),1,_sinmo|_sinmo_|dolomang|sin_sinmo|sinmo,두러망,82,韩文原名두러망（dolomang）
sobi_(dnenqkswja),1,dnenqkswja|nanabi|sobinim,sobi,82,原名存疑，用罗马字sobi
toxic_(toxicv),1,TO6|XiC|to66|toXiC|toxic|toxic_(pixiv54732505)|user_toxicv|xic,toxic,82,原名存疑，用罗马字toxic
yuukami_(wittsu),1,wittsu|yuhkami|yuukami|ゆうかみ|ウィッツ,結紙,82,原名結紙，旧名义wittsu
aki_(1360505188),1,,あき,81,原名秋
dfm_(darknessdfm),1,darknessdfm,DFM,81,原名DFM
easel_(dam0628),1,dam0628|easel,젤,81,韩文原名젤
henohenomoheji_(tpvtlsrp),1,tpvtlsrp|ㅎㄴ,henohenomoheji,81,原名存疑（韩文简称ㅎㄴ），用罗马字
kana_(kanaice),1,23_kana_89|icekana|icekana_|ka_ice_ha|kana|kana_(3993525)|kanaice|氷菓子,カナ,81,原名カナ，亦有氷菓子名义
kuuhaku_(pskf2372),1,kuuhaku62081051|pskf2372,空白,81,原名空白（罗马字Kuuhaku）
mijinko_(83nabe),1,83nabe|mijinko_(waterflea),みじんこ,81,原名みじんこ，社团WATERFLEA
tanaka_(is2_p),1,hiroki-tanaka|hirokitanaka924|is2_p,田中博樹,81,全名田中博樹
ubi_(ekdus6080),1,ekdus6080|ubi,우비,81,韩文原名우비
kakeru_(fujiwara_kakeru),1,fujiwara_kakeru|kakeru,藤原かける,80,全名藤原かける
maya_(tirolpop),1,29maya|maya|tirolpop,maya,80,原名存疑（マヤ?），用罗马字maya
shion_(kizuro),1,kizuro,しおん,80,原名詩音
suzuka_(suzukawu),1,suzuka|suzuka_(user_vmxw2538)|suzukawu,すずか,80,原表记スズか，存疑
yuhazu_(rhe-rhe),1,rhe-rhe|yuhazu,ユハズ,80,原名ユハズ，儚げに惑うぱんつ为社团
1-gou_(111touban),1,1-gou|1-gou_(100touban)|1-gou_(littlered)|100当番|111当番|ぼくです|イチゴウ|壱号|大正一|山田充|１００番町,1号,79,原名1号，社团111当番
anna_(aannnaa3),1,aannnaa3|anna|anna.t|tbmt_anna|三山あんな|杏奈,あんな,79,原名あんな，全名三山あんな
aruke_(gter7727),1,gter7727,アルケ,81,原名アルケ
iruzu_(pixiv27236115),1,すずり,いるづ,79,原名いるづ，另有すずり名义
jun_(rojiura_jack),1,jun|rojiura_jack,ジュン,79,原名ジュン，社团路地裏JACK
kyo_(maae00),1,maae00,きょ,79,原名きょ
momoka_(abc_momoka0718),1,abc_momoka0718,ももか,79,原名ももか，社团なっとーまき
mumumu_(three_emu),1,mumu_mu6|mumumu|mumumu_(nakatomo)|three_emu,むむむ,79,原名むむむ，社团すりーえむ
nene_(atsushi_hamano),1,atsushi_hamano|nene|nene120,ねね,79,原名ねね，atsushi_hamano疑为本名
nokita_(pinmisil),1,pinmisil,軒田,79,原名軒田
poroi_(poro586),1,poro586|poro_ita|poroi,ぽろ井,79,原名ぽろ井
sankin_(_sankin510),1,_sankin510,三金,79,原名三金
erikku_(kata235),1,kata235,エリック,78,原名エリック
icons_(1452697582),1,icons,海茵露娜,78,中文画师，社区通用海茵露娜
kaina_(tsubasakuronikuru),1,kaina|kainakeng|kainanananana|tsubasakuronikuru,かいな,78,原名かいな
zawashi_(zawashio1013),1,zawashio1013,ざわし,78,原名ざわし
okitsune_(okitsune-sama),1,okitsune|okitsune-sama,おきつね,77,原名おきつね
asa_ifrit_(asaifrit),1,asa|asa_box|asa_ifrit|asaifrit,asa ifrit,76,无通用中文名
galbi_(iouytuuyio),1,iouytuuyio,ギャルビ,76,原名ギャルビ
hh_(hehexd06161704),1,hh,hh,76,无通用中文名
laza_(0ldsong),1,0ldsong|laza,laza,76,韩国画师，无通用中文名
seidou_(tukinomiyako),1,,seidou,76,无通用中文名
tachibana_sakuya_(matsurika),1,matsurika|sakuyan|sakuyan_(matsurika)|tachibana_sakuya_(artist)|茉莉花,たちばなさくや,76,原名橘朔夜；茉莉花は社团
yurichi_(artist),1,yurichi,yurichi,75,无通用中文名
jjong_(7_jjong_9),1,jjong,jjong,74,无通用中文名
kebab_(blackdoll),1,kebab,kebab,74,无通用中文名
kiso_(wjnomcuzqmdjcql),1,wjnomcuzqmdjcql,木曽,74,原名木曽
doufu_(pixiv9093484),1,豆腐,自闭豆腐,73,中文画师，社区通用自闭豆腐
lavoy_(kurakuro),1,lavoyaren2|ヒロクラ,ラボイ,73,原名ラボイ；ヒロクラは旧名
suvin_(mononochi),1,mononochi|suvin,suvin,73,无通用中文名
yuka_(yukaaaaaaa0705),1,yuka,yuka,73,无通用中文名
dangorou_(yushi-art),1,dango-ya|dango-ya_(yushi-art)|dangoroadp|dangorou|dangoya|dangoya_(yushi-art)|dangoya_dangorou|yushi-art,だんごろう,72,原名団子郎
eko_(yu-shao-eko),1,eko|eko_zou|yu-shao-eko,絵虎,72,中文画师，社区通用绘虎
fusou_(fuso0205),1,fuso0205|fusou|jp_fuso,ふそう,72,原名ふそう
gore_(white_gore),1,gore|white_gore,ごれ,72,原名ごれ
makura_(makura0128),1,makura|makura0128,まくら,72,原名まくら
panjamunoname_(nononanameme),1,noname_(exaggerated_bomb)|noname_(metaldragonfly)|nononanameme|panjamunoname,のなめ,72,原名のなめ（Йoname）
yurun_(yurun_ume),1,,ゆるん,72,原名ゆるん
zhu_yin_(mannermana),1,mannermana,zhu yin,72,无通用中文名
akame_(chokydaum),1,,あかめ,71,原名赤眼
dc_(doughertyevans),1,dc,dc,71,无通用中文名
konsan_(shinonome_root3),1,guimp|shinonome_root3,根三,71,原名根三
ral_(ralf),1,ral|ralf|ralf_natural,ラルフ,71,原名ラルフ
tatsu_(user_rjes8545),1,tatsu0425zyou|user_rjes8545,タツ,71,原名タツ
tsuu_(tu-3),1,tsuu|tsuu_(tu3_f)|tu-3,つー,71,原名つー
bt_(3212637),1,bt|bt3212637,bt,70,无通用中文名
gats_(nougats),1,acgats|gats|gats_|gatsdoodles|nougats,gats,70,无通用中文名
momotose_(hzuu_xh4),1,hzuu_xh4,ももとせ,70,原名ももとせ
siratori_(yy_203),1,black_(ravencrow_963)|shiratori|siratori|sub_tori|yy_203,しらとり,70,原名しらとり
souma_(so_u_maaaaa),1,so_u_maaaaa,相马,70,原名そーま
wararu_(user_uecx7457),1,wararu,わらる,70,原名わらる
riko_(m_momomo28),1,m_momomo28,利行,69,原名りこ
rossy_(yowayowachimpo),1,yowayowachimpo,rossy,69,无通用中文名
sagara_(pixiv_94599180),1,,相良,69,原名相良
sasatake_(sasatakebe),1,sasatake121,ささたけ。,69,原名ささたけ。
shiriaru_(jjonaeng),1,jjonaeng|shiriaru1020|shiriaru_0,シリアル,69,原名シリアル
eisuke_(gobangai_hole_boys),1,e-suke|eesuke_(gobangai_hole_boys)|eisuke|esuke|esukebe|esukebe2020|gobangai_hole_boys|gorisu_eisuke,えーすけ,68,原名えーすけ；五番街ホールボーイズは社团
hiyori_(nyatto),1,hiyori,ひより,68,原名ひより
nichiju_(you),1,,日樹,68,原名日樹
torein_(and_rain3),1,and_rain3,とれいん,68,原名とれいん
beecon_(bee_niji),1,bee_niji|beecon,beecon,67,无通用中文名
chweng_(4_uyyu),1,liliiliillj|췡,chweng,67,韩国画师，无通用中文名
fukuro_(fxxk_law),1,fukuro|fukuro_f_fukurou|fukuro_fukurou|fxxk_law,ふくろ,67,原名ふくろ
icarus_(2010741),1,icarus|icarus201074|icarus2010741,icarus,67,无通用中文名
kaeshi_(yuukaeshi),1,kaeshi|kurikaeshi|kurikaeshi_yuri|yuu|yuukaeshi,kaeshi,67,无通用中文名
ogura_(onigiritakusan),1,ogura_(sao_no)|onigiritakusan,小倉,67,原名小倉
rei_(09991),1,,rei,67,无通用中文名
tabigarasu_(mahjong_yuugen_gaisha_58),1,mahjong_yuugen_gaisha_58|onecoin_tabi|tabigarasu|tabigarasu_(npqhytt12)|旅乌＠単行本発売中|麻雀有限会社58,旅乌,67,原名旅烏；麻雀有限会社58は社团
tamanoha_(cookware),1,,調理器具,67,原名調理器具
tendo_(zhazhatiantong),1,,筒,67,原名筒
vvv_(vvv98048917),1,vvv|vvv112213|vvv98048917,vvv,67,无通用中文名
yasaka_(astray_l),1,astray_l|saka600|やさか沙彩,弥栄,67,原名やさか
harigane_mutsumi_(harigane623),1,harigane623|harigane_mutsumi|hariganeyobi|予備|针金|针金_睦|针金睦|针金睦/予备,針金睦,66,原名針金睦；予備は别名
hiroshi_(2443303124),1,hiroshi,ヒロシ,66,无通用中文名
moro_(like_the_gale!),1,like_the_gale!|moro|moroooooooo|mororo,モロ,66,原名モロ
nagasaki_ken_(stellar_wind),1,nagasaki_(user_xkzg7578)|nagasaki_ken|stellar_wind|長崎|高祀礼,長崎ケン,66,全名長崎ケン，不可截成長崎
nikitan_(niki),1,niki_(nikitan9)|nikinoko|nikitan|nikitan9|nikitan_(nikitan9),にきたん,66,原名にきたん
sarara_(yoasobi),1,koikoisararira|sarara|yoasobi|さらら,夜風さらら,66,原名夜風さらら
kaze_(kaze_kaza),1,kaze_kaza,カゼ,65,无通用中文名
kou_(spad7u59),1,spad7u59,孝,65,原名コウ
mizu_(dl7613),1,dl7613|瑞,狸猫欧吉桑,65,中文画师，社区通用狸猫欧吉桑
weiyan_(nbnbmwnl),1,nbnbmwnl|芝士油伊甸橡,偽颜,65,中文画师，社区通用伪颜
cotori_(globule),1,cotoriglobule|globule,ことり,64,原名ことり
gekikara_(tomboy-sama),1,gekikara|gekiproductions|tomboy-sama,gekikara,64,无通用中文名
gokuto-kun_(imakiyo),1,gokuto-kun|gokuto-kun_(imagawa_kiyokazu)|imakiyo|kageusu_gokuto|kageusugokuto|二沙択一|今川清和|影薄狱人|藤田配管工53号店,ごくとくん,64,原名ごくとくん；二沙択一は社团
kei_(fortune),1,fortune|kei-kkk|kei_(kei-kkk),刑。,64,原名桂仙花
suzuna_(najaran),1,najaran|tactics_suzuna,菘,64,原名菘
zhao_(pixiv12947327),1,,招,64,原名招
itsuki_(s2_129),1,,いつき,63,原名イツキ
k7_(kk7_000),1,k7|kk7_000,k7,63,无通用中文名
peridot_(periperi_8),1,peridot|peridot68|periperi_8|ペリドット,甘藍,63,中文画师，社区通用甘蓝
sinko_(sinsinsinko),1,sinko_(sinsin),sinko,63,无通用中文名
oitsuki_(getsumen_diver),1,getsumen|getsumen_diver|oitsuki|oitsukisan|月面怪電波|谷,おいつき,62,現名おいつき；谷/月面怪電波は旧名
shirasaki_(ebb_ss),1,shirasak11|shirosaki|shirosaki_(nanokait),白崎,62,原名白崎
temurei_(vovovov),1,temurei|vovovov|新紅,てむれい,62,原名てむれい；新紅は旧名
wotan_(wotandesu),1,wotandesu,ヲタン,62,原名ヲタン
adachi_(nogami_nono),1,adachi_(aokoro800)|adachi_(coalow)|honda_adachi_george|nogami_nono|野上,安達,61,原名安達；野上は別名义
bouzu_(bonze),1,bonze|bouzu|bouzu4515|bouzu_(ibv2!)|bouzu_(rpg)|bouzunenbutsujigoku4515,坊主,61,原名坊主
egao_(sikorsky),1,,egao,61,无通用中文名
hana_e_(ka_e0128),1,ka_e0128,花絵,61,原名花絵
kun_(user_ahgn2825),1,nnujyjunn,kun,61,无通用中文名
rawell_(rawell1596),1,rawell_1596,ロウェル,61,原名ロウェル
send_(l_i_n_e_rock),1,l_i_n_e_rock|send,send,61,无通用中文名
toho_(kihon_ha_yappa),1,,とほ,61,原名とほ
broken_(7589468),1,,一只Broken,60,中文画师，社区通用一只Broken
miharu_(971794372),1,miharu|miharu78837317,美春,60,无通用中文名
rain_(regen),1,rainwong,rain,60,无通用中文名
teddy_(takarada),1,teddy|teddy_takarada,teddy,60,无通用中文名
yuu_(asaiyuji),1,asahiru_yuu|asaiyuji|yuu|yuu02|ゆう,由宇,60,原名浅ひるゆう
haru_(d-s-c),1,d-s-c|haru,春,59,原名はる
karu_(ishiken),1,石坂ケンタ,軽,59,原名軽；石坂ケンタは別笔名
mikoto_(mikoto_r_a),1,美琴,灰猫,59,原名灰猫
nyala_(nyala_766),1,nyala|nyala_766,nyala,59,无通用中文名
reign_(riyomii),1,shiranaishi,reign,59,无通用中文名
maru_(marunouchi77),1,eksldpf75|maru,マル,58,无通用中文名
mayu_(airmods),1,,まゆ,58,无通用中文名
micchi_(koto_maple),1,koto_maple,みっち,58,原名みっち
midori_(searchlight),1,midori|searchlight,みどり,58,原名碧；SEARCHLIGHTは旧站点
oursong_(kiam_pis),1,oursong|oursong_96|oursong_illust|oursongillust,oursong,58,无通用中文名
toriko_(hatoriko),1,,とりこ,58,原名とりこ；ハトリコは社团
black_c_(net_dust),1,blackc|net_dust,黒c,57,原名黒c
chago_(aruchagos7180),1,aruchagos7180,ちゃご,57,原名ちゃご
hiisu_(s-1104-d),1,,ひーす,57,原名ひーす
hiyoko_(chick's_theater),1,chick's_theater|hiyogeki|hiyoko|鉄人,ひよさん,57,原名ひよこ；鉄人は旧名
jape_(ja_pehhhh),1,ja_pehhhh|jape,じゃぺ,57,原名じゃぺ
kikikaikai_(kikikaikai_chan),1,美澄忍,奇奇怪怪,57,中文画师，社区通用奇奇怪怪
yui_(yui1115_),1,,yui,57,无通用中文名
20_(1more_surren),1,,廿,56,无通用中文名
467_(artist),1,467s,467,56,无通用中文名
eomo_(pyum3252),1,eomo,eomo,56,无通用中文名
honi_(ohohoni),1,honi_(honi),honi,56,无通用中文名
nashiro_(v0_llp),1,n0_llp|v0_llp,なしろ,56,原名なしろ
potato_(sphope),1,potato|sphope,potato,56,无通用中文名
arahalta_(arata),1,arahalta|arata|aratalta,あらた,55,原名あらた
hone_(koppun),1,_hone|hone|hone_koppun|hone_koppunn|koppun|suzuki_keita_(hone)|鈴木啓太|骨粉,ホネ,55,現名ホネ；鈴木啓太は旧名/本名
kohata_(kohatazuke),1,kohata|kohatazuke|子畑漬け,子畑,55,原名子畑
yakii_(yak11),1,yak11,やき,55,原名やき
yasu_(yossy),1,yasu|yasu:underage::wc:,yasu,55,无通用中文名
inushida_(dogsheepsheep),1,dogsheepsheep,いぬしだ,54,原名いぬしだ
izumi_(kisshot1126),1,,和泉,54,无通用中文名
jubako_(nest_of_boxes),1,jubako|jubako.undernetwork|jubako_urara|nest_of_boxes,重箱,54,原名重箱
kikkawa_(citrus_fruits),1,citrus|citrus_fruits|kikkawa_(citrusfruits)|kikkawa_takeharu|kikkawa_takeru|柑橘屋|橘川|橘香,橘川タケハル,54,全名橘川タケハル；柑橘屋は社团
kingdom_(user_ysav4824),1,kingdom,kingdom,54,无通用中文名
kuroshio_(zung-man),1,guroshio|kuroshio|zung-man,クロシオ,54,原名クロシオ
raid_(donghyeok),1,_reraid|_reraid94|raid|reraid94,raid,54,韩国画师，无通用中文名
rudo_(rudorudo0917),1,rudo|rudo_ism|rudorudo0917,rudo,54,无通用中文名
satsuki_yuu_(awairo),1,awairo|satsuki_you|satsukyu|satsukyuys|you_satsuki,沙月ゆう,54,全名沙月ゆう，不可截成沙月
toramaru_(toramal9831),1,toramal9831,虎丸,54,原名虎丸
yuuri_(vpxh7525),1,,遊離,54,原名ユーリ
eesuke_(shin1athke),1,shin1athke,えーすけ,53,原名えーすけ
gohan_(horth-waribasi),1,5d_gohan|gohan|gohan_(okome)|gohan_(waribashi)|horth-waribasi,ごはん,53,原名ごはん
reeze_(reezely),1,,reeze,53,无通用中文名
rinrin_(ppnk2835),1,rinrin200001,りんりん,53,原名りんりん
koji_(koji-a),1,aridomekoji|koji-a|koji_(shibu_gaki)|koji_(shibugaki)|koji_a,koji,52,无通用中文名；シブ画気は社团
nanjou_(sumeragimishiro),1,nanjou__(sumeragi_mishiro)|南城十二|门卡里南,南城,52,原名南城
mitsuki_(mitsukitei),1,,ミツき,51,原名美月；美月亭は社团
otoe_(milkyboy_inc.),1,milkyboy|mystic_otoe|mysticotoe|oto_otoe,otoe,51,无通用中文名
post_(shake_shakepost),1,post|shake_shakepost,post,50,无通用中文名
ruilumen_(ruinique),1,rui|ruilumen|ruinique,ruilumen,50,无通用中文名
saifu_(sisutakh),1,,saifu,50,无通用中文名
crote,1,Croんte|neverend_snow,crote,6449,
inoino,1,ino-ino|いのいの,いのいの,4711,
shiromochi_sakura,1,shiramochi|白もち桜|白餅,白饼樱,4073,
matsuo_yukihiro,1,switchback_life!|松尾ゆきひろ,松尾ゆきひろ,3040,
saitou_natsuki,1,斎藤なつき,斎藤なつき,2935,
mitarashi_neko,1,みたらしねこ,みたらしねこ,2905,
youyume-kun,1,ohayoum__|youyume0225|youyumechannel|youyumekun|あんまり健全じゃない妖夢くん|健全に生きる妖夢くん|健全を目指す妖夢くん|妖夢くん|妖夢くんの過去絵保管庫(仮),妖夢くん,2557,
kato_takuji,1,ishiyumi3|加藤拓弐|isiyumi3|katou_takuji|かとうたくじ|加藤拓弐＠漫画版ナイツ&マジック最終⑰巻3/25日発売！|rp_新しきかな篇|いしゆみ／加藤拓弐|いしゆみ|newrp|isiyumi|ishiyumi,加藤拓弐,2489,
belko,1,4thpz|BigBrassiere|eldergod|fallenicons|lolicept|nnvhs|oldgods|shaun_(fallenicons)|shaun_(oldgods),belko,2152,
kotomaru_(kotokoto_kottan),1,kotorai|琴丸,琴丸,2057,
lolita_channel,1,arigase_shinji|arigasesinji|arishin|arisin|saitamausa|ありがせしんじ|ありしん,lolita_channel,1831,
horideiyasumi,1,Holiday_Yasumi|horidei_yasumi|堀出井靖水,堀出井靖水,1809,
kawaanago,1,kawaanago0827|かわアナゴ,かわアナゴ,1766,
kanade_(kanade_3344),1,kanade_3344|sou|奏,奏,1638,
phantom_cross,1,22reigan|min_chan-wook|phantom_ix_row|pt_crow|ptcrow|민_찬욱|팬텀크로,민찬욱,1585,
kamitsurugi_ouka,1,桜舞神|神剣桜花|ktm|oh!_my_god|ou_mai_kami,神剑樱花,1580,
happy_elements,1,,happy_elements,1575,
kawamochi_(kawauti919),1,KAWAUTI919|kawamochi|kawamochi_(tddm3573)|user_tddm3573|カ_ワ_モ_チ|カワモチ,カワモチ,1546,
kahasina_(moment_silicon),1,kahasina9|kawashina_(momen_silicon)|かわしな|六畳一間|川科|木綿シリコン,川科,1507,
yukitake_(bullfalk),1,Bullfalk|furukawa_wanosuke|lenght|length|naga_(nasamuto)|nasa-tan|nasamuto|nekoma0116|rzlrfx|wine_retro|yoshikawa_(nasamuto)|yoshikawa_(wineretro)|yoshikawa_nagi|yoshikawa_nasamuto|yukitake_(xuserpost)|よしかわ|わのすけ|ナサたん|ナサムト|ワインレトロ|古川和ノ助|吉川|吉川なぎ|吉川ナサムト|吉川ﾅｻﾑﾄ|永坂ムト|永坂ﾑﾄ|置きoki|裄丈,裄丈,1462,
beer_hsk,1,haseko|hsk_pic|hsk_忘|はせこ氏|馳子,馳子,1447,
ouchi_kaeru,1,GoHome_kun|Inonaka_Kawazu|inonaka_ouchi|kawazuchanR18|watariganikun|おうちかえる|御家|御家かえる|胃ノ中かわず,楝蛙,1430,
tk8d32,1,t32|takaya|takayan|tk8|tk8-d32|tk8の作業場|tk8の小言|タカヤ|タカヤン,タカヤ,1419,
rino_cnc,1,rino_cnc2|りの|りの@キャラット6月号掲載中！|りの＠歌姫ン04/コミケ３日目ノ37b,りの,1403,
negom,1,miterunegom|ne_go_m|ne_gom|negom0|negom__|neゴム|panmi|ネゴム,ネゴム,1336,
sakiecho,1,ganbarimosu|guchamoko|nanase_saki|nanasesiki|sakieko|がんばります|ぐちゃもこ|さきえこ|ななせさき,さきえこ,1327,
comodox,1,5mdxx|cmdollx|cmdxca|CMDXXXA|comodomodo|comodox4444|Comodox_Ch.|comodox_omega|comodoxch.6552|qfs8zpzp,comodox,1309,
serizawa_serizane,1,せりざわ|はて|芹沢芹真|hate_105|paru_rari|paru_rari2,芹泽芹真,1281,
gunjyou_(gunjyou_00),1,gunjyou_00|hoshi|hoshi_(hoshi_san_3)|hoshi_san_3|ほし☆☆☆|群青|銀朱,群青,1243,
suhamaya,1,s_doubt90|佐藤匠,佐藤匠,1239,
taromarun,1,kasumi|kasumim|kasumim224|ksmxnb2|misu_kasumi|morino_kasumi|mura_mura_pocky|muramura_pocky|niameresp|pluvieux_tigre|taromarunnn|たろうまる|カスミ|ミス・カスミ|森野カスミ,たろうまる,1216,
nise_dorothia,1,Nise_dorosia39|ニセドロシア🫧,ニセドロシア,1213,
kotatsu-mazoku,1,kotatsu_muri_3|こたつむり|大木菜こたつ,こたつむり,1201,
pipi_(m1x_mix),1,โลภมากลาบหาย_แล้วจะเอาอะไรกินกับส้มตำ|M1x_Mix|M1x_pipi|platunoy_787,pipi_(m1x_mix),1185,
rinka_(qqqrinkappp),1,qqqrinkappp|rinka|rinka@桜だより[妖09]|rinka_private|凜華|凜華＠東方蛍光祭[18・19],凜華,1166,
tokkakyou,1,特化卿|Tokkakyou,特化卿,1159,
rabbithole_(qnzp113),1,hh|qnzip113|rabbithole,rabbithole_(qnzp113),1111,
sunnysideup,1,エッグタルト🍮🥚🍳|サニーサイド|eggtart3231|eggutarto524|eggutarto1996|sunnyside|sunnyside524|sunnysideup524|sunyup|SUp524|SUp524_nsfw|SUp524_pink|SUp52469,サニーサイド,1097,
meme_(sleepsheep),1,L|blackpeperon|meme_(artist)|memepeperon|メメ,めめ,1082,
mo_(kireinamo),1,kireina_mochi|kireinamo|kireinamochi|mo|mochinchi|mosouko|も|もちんち,も,1066,
puddinghomhom,1,HomHomPudding|PuddingHomhom|homhom_Z|homx2_pudding|humdk|ほむほむぷりん,ほむほむぷりん,1065,
itini-sanshi,1,itininosanshi|市荷三枝,市荷三枝,1037,
atdan,1,atdan86|原子Dan|小原原原子Dan,原子Dan,1023,
sakimichan,1,drake_jacobs_3|highkeysakimi|onlymenz|saki_otome_artist|sakimenmen|sakimenz|sakimi-chan|sakimi.chan|Sakimi.Chan^.^|sakimi_chan|Sakimianimation|sakimichan@|Sakimichan_animation18+|SakimichanA|SakimiChanArt|SakimichanArt_@|sakimichanarts|sakimichanmale|sakimichanpatreon|Sakisakimi|~artssakimichan~|~Sakimenz,sakimichan,1019,
konnyaku_(kk-monmon),1,h2konnyaku|kk-monmon|konnyaku|konnyaku-san,蒟蒻,999,
hizake_mozu,1,hi|hizake|kashu|kashu_(hizake)|lusterizer|lusterizerokomokouko|mokom|ひざけ|火酒もず,火酒もず,977,
decrilus,1,Decrii|Decrilus,decrilus,967,
menotama,1,めのたま,めのたま,956,
tsukumo_kazuita,1,かずいた|つくもかずいた,つくもかずいた,950,
sumesi_(iwasi_29),1,iwasi_29|sumesi|sumesi_29,sumesi_(iwasi_29),949,
chaesu,1,chaesuart,chaesu,936,
junkzero,1,Junkzero|Rhanfrhd_3712|Rhanfrhd_3812|ehfhfh_3712|gomulgong|rhanfrhd_1238|고물공|고물공_(그림계정),junkzero,926,
shouhou-san_daisuki_teitoku,1,shohosandaisuki|shouhou-san_daisuki|user_asmu4858|祥鳳さん大好き提督,祥鳳さん大好き提督,900,
kanabun,1,cooji|kanabun305|wakaru_texissyu|wakaru_tissue|wakarutxi003|wakawakatex08|わかるティッシュ|わかるティッシュⅱ,kanabun,900,
kaho_0102,1,denndennmushi12|grape_juice12|grapejuice0102|kahou|katatsumuri|user_peys2347|かたつむり🐌|夏葡|🍇,夏葡,893,
parsley-f,1,parsley_f|paseri_(s_f_nov17)|paseri_(tennen_suidou-sui)|s_f_nov17|パセリ|天然水道水,パセリ,892,
n.g.,1,shinsen_gumi|yohan|yuyu|ヨハン|悠々|神仙愚美,神仙愚美,892,
tako-chan_(hub_dump),1,boar_growl|freelot|gyuunyuu_(freelot)|hecky_(zairisha123)|hekiga_(freelot)|hub_dump|killswitch_kin|noct_act|trust_contact|yumyam_cookie|zairisha|zairisha123|おかか|へきが|ままかり|めんたいこ|ハム|春雨サラダ|牛乳|縞瑪瑙の城のﾀｺﾁｬﾝ|ﾁｭﾝﾁｭﾝ（・８・）,タコちゃん,890,
zandra,1,zandraart,zandra,880,
allurmilk,1,AllurMilk|darksause|zheng|zheng0608|zheng-aw|ZhengEX,allurmilk,878,
rotomdocs,1,Jordanjoestar9|RotomDocs|afterotom,rotomdocs,875,
ett,1,ETT|エト,エト,870,
asahina_yoshitoshi,1,420号高速道路|guman_project|hightway_420|jerrylov29|朝比奈吉利,朝比奈吉利,868,
xiacheng_tatsuya,1,じょうさん|m_jousan|joukun,xiacheng_tatsuya,863,
meopun_(meopen429),1,ましろみる|めおぷん|meopen429|msrmrn|mashiromiru|marshmallow_mille|mashiro_miru,めおぷん,847,
rizu_(rizunm),1,mugichocoNM|rizu26|rizuNM|rizunm26|リズ,リズ,839,
oldsickkim,1,OldSickKim|komayu06|キムさん|늙병김,늙병김,834,
miranofuudoria,1,ミラノ風ドリア|sanshou_kakeru|あだしの|great_amateurism|100wari_soba,ミラノ風ドリア,834,
yamato_nadeshiko_(nadeshiko0328),1,magarifuchi|nadeshiko0328|studionadeshiko|uraeronadeshiko|urastudionadeshiko|yamato_nadeshiko|大和なでしこ|大和撫子,大和なでしこ,832,
yuugure_pairo,1,夕暮ぱいろ,夕暮ぱいろ,827,
machi_(machi0910),1,Machi.馬吉です(｡•ㅅ•｡)♡|Machi_Doll__(風味馬吉)|MACHI_馬吉|Machi馬吉|Machi馬吉_🎀Daily|Machi马吉|一顆馬吉☂社畜中|悠醬|馬吉|馬吉Machi_Kuo_YY|馬吉娃娃|马吉|0910Machi|_Machi0910|leisure1970|leisure1972|m._.achi|MACHI|machi00910|machi0910|machi1930|MACHI7769|MACHI@Fanbox/Patreon|Machi_0910|machi_0910911|machi_(7769)|Machi💎|Machi💎Fanbox/Patreon|MACHI🔞Fanbox/Patreon|mochi1123|mochi1212|Turkey1970|weave7769,Machi馬吉,824,
jellytits-7,1,jellytit7|jellytits7|rak_(kuraga),jellytits-7,824,
mizikayo,1,Mizi_kayo|Mizi_kayo_R18|Mizikayo3028|mijikayo|mijikayo_(user_eyyx8247)|みじかよ|短夜|短夜🔞,みじかよ,821,
ng1sh8,1,NG1,ng1sh8,815,
9rimson,1,9rimzone|cricrivip|ny_(9rimson)|scarlet_night|⑨リムゾン|むぞんむぞん|むぞんむぞん🔞✅|キュウリムゾン|キュウリムゾン・み🔞|クリちゃん|クリムゾン|クリムゾン・キシン|クリリン|シャングリ・ライオン|ナタデロココ|バタートーストペロペロザウルス|メリークリムゾン|紅猫|紅猫-クーにゃん-,キュウリムゾン,809,
hightguy,1,HIGHTGUY-|HightGuy_🥐|hightguy2|thesiscontrolhightguy|牛角面包|阿浩,阿浩,794,
kimmy77,1,Kimmy77|kimmy77_art,kimmy77,780,
juukyuu,1,じゅうきゅう,じゅうきゅう,778,
radishkek,1,RadishKek|Radish_Kek|SamuraiJohn,radishkek,766,
teddypocky,1,dandypocky|khanshin|teddy|teddy_(khanshin)|teddy_(teddypocky),teddypocky,763,
betanonbeet,1,anon|anona|anonlili|betabeet|betanon|loodnon|nona|nonateeb,betanonbeet,760,
woodonly,1,Sour_oranges|Woodonly_|mu_zhi60954|tiantianwuhuahuadeshuishenhuorezhizhong|木只,木只,746,
mei_(maysroom),1,メイ|mei|may|げ|ge|メーデル|meideru|madel|デンアイかけごはん|den'ai_kake_gohan|maysroom|may3104,芽唯,739,
kararage_tsune,1,dommmmer123|fall_dommmmmer|niwaka_mochi_daifuku_(joint_circle)|okivaaaaa|tsu_ne_tune|tsune|tsune_(tune)|tune|つね|つねづね|汚泥,つね,737,
yuimisu,1,まさよ|まさよ@6/3軍令部酒保|まさよ✅🎨|みやもと正和|ゆいみす|正和|銀のあめ|銀の飴|blaulac|coccinellee|masakazu_(coccinellee)|masayo|masayo_(coccinellee)|masayo_(gin_no_ame)|miyamoto_masakazu,ゆいみす,734,
takashia,1,NOI|PTakashia|RYUHALEN|TAKASHIA|akimototakashia|takashia_(akimototakashia)|takashia_p|thymefield|tyo0vlrd|タカシア,タカシア,734,
glassy0302,1,ぐらこ|津軽産あっぷる|ringo03glassy|unknown|unknown_(yzjz2535),ぐらこ,731,
yun_cao_bing,1,YUSO29579012364|芸草冰|芸草冰RutaIce,芸草冰,727,社区常用译名
camonome,1,camonemm|かもねむ|かもねむ🦀|かものめ|かものめ🔞,かものめ,727,
possummachine,1,OpossuMachine|Posse|Posse99|PossePosse99|Posseposs99|possetheposse99|ホルマリン|ポッシ|ポッシマシン,ポッシマシン,721,
yanagi_wakana,1,yanagi-san|ヤナギさん|柳若菜|柳|o_yanagi_o|greenwing21,柳若菜,718,
konosuba!_fantastic_days_art_team,1,,konosuba!_fantastic_days_art_team,714,
suo_bu_ye_feng,1,huahuawai|suobuyefeng|锁部叶风,锁部叶风,714,社区常用译名
flasher_(flasher_ura),1,flasher|flasher_ura|ふらっしゃー,ふらっしゃー,711,
icomochi,1,いこもちのすけ|イコモチ|ウキョン|ico-log|ICOMOCHI|iconosuke|meiorocreature|meiro_creature|meirostock|pochomkn|pochomukin-mura|rswxx|ukyon|ukyon02,イコモチ,697,
harano,1,はらぬ|はらの|ひなみな|ヌャン|厂之|原之|毒之|黒い|cheat-nu|harano_(cheat)|harano_(hinamina)|harano_(nn)|hinamina,原野,696,
yasuyuki,1,fancy-free|yasu|yasu00kamiki|yasu0519|やすゆき|やすゆき🔞,やすゆき,695,
azuma_meri,1,azmma_99243|azumammeri|meri_u991|rei03|rei_(tonbo0430)|rei_03|rei_3|tsukuyou|つくよう|れい|れい０３|れい３|月陽|東間メリ,東間メリ,692,
tofu_thunder,1,ゆ|ゆ原,ゆ,690,
norigure18,1,Norigure18|norigure2|のりぐれ,のりぐれ,690,
azatychan,1,あざっとほん,あざっとほん,689,
gomtang,1,,gomtang,679,
otu_(o2h2_oh4),1,o2|o2h2_oh4|o2h2oh4|Oxygen0826|superookie45@naver.com|superpo|u14128516|user_uvpe3335|오투|오투19|오투O2,오투,678,
akiyama_enma,1,あきやま|あきやまえんま|むしけら|akiyama|akiyamabc|akiyamachan|mushikerakun|ONIGIRI,あきやまえんま,674,
hone_kawa,1,骨カワ,骨カワ,672,
kotochi_re,1,kotochi|kotochi-re|toukaairab|ことち,ことち,663,
tsuranukko,1,貫くっ娘_Tsuranukko,貫くっ娘,663,
nui_(nuinui0300),1,NuiNui0300|nuinui03|ぬい,ぬい,660,
yasaikakiage,1,やさいかきあげ|ジュナイパー|市川ジュウイチ|_yasaikakiage_|ichikawa_juuichi|yasa|yasaikakiage_,やさいかきあげ,658,
tp_p_pt,1,tp-h,tp_p_pt,651,
cocomayo29_(tomato),1,cocomayo29|jemingyu804|tomato,cocomayo29_(tomato),651,
rampa93,1,Rampa|chireidendiver|r_amp_a,rampa93,650,
mistray-art,1,,mistray-art,649,
moca_(mocaa_iai),1,Waaaa|moca|moca-i|moca_i|mocaa_iai|n9at|stvia,moca_(mocaa_iai),649,
edarow,1,eda|eda_log|edapict|edrw|glintsail,edarow,646,
surippa1010,1,すりっぱ,すりっぱ,645,
pixie_willow_(voice_actor),1,PixieWillow|WEEWOOWEEWOO|_pixiewillow|goatsgoatsgoatsgoats|mspixiewillow|pixie_willow,pixie_willow_(voice_actor),643,
na-suke,1,camui1104|なーすけ,なーすけ,642,
hamchan69,1,69hamchan|asaya26|hamchan|kinounoyume2|mamimumemo|₺_ਮ|まみむめも|🦋,まみむめも,633,
tomimon,1,とみもん_(仮),とみもん,633,
higuchi_isami,1,higisa|ひぐちいさみ|ひぐちいさみ🔞_🐗_📖,ひぐちいさみ,633,
vamos_mk,1,Vamos_MK,vamos_mk,633,
shikitani_asuka,1,aoirobox|aoirokanata|irotani_asuka|sikitani_asuka|しきたにあすか|色谷あすか|色谷あすか@例大祭コミティア|色谷あすか@椰麟祭c21|色谷あすかエアコミケ2|色谷あすか＠椰麟祭|蒼色彼方,色谷あすか,632,
kamei,1,kamei_(muyami)|亀井|無闇,仮名,632,
corn_kuten,1,con.|cone_huraku|cone_juice2|corn.|corn_kuten.|irasuto1039|kon.|kon_kuten|konkuten|mikiuto|tamakibi|to_u_ka_da|toumorokoshi|こん。|こんくてん。|たまきび|たまきび《お仕事募集中》|みきうと|コーンフレーク|トウモロコシ,こんくてん,631,
nekobungi_sumire,1,猫分儀スミレ|amaitorte|harukazenoto|nekobungi,猫分儀スミレ,631,
saint_laurent_paris,1,gangshangguang_(smjy5842)|セントロランパリ|國岡上廣開土境平安好太|國罡上廣開土境平安好太王|文宣武熙敬顯孝正祖|水到渠成|水正果|累破句麗更爲强國|金剛果@愛セントローラン|金剛正果@サンローラン|高句麗國罡上廣開土境平安好太王,saint_laurent_paris,625,
minust,1,jungsuk5050|minust@例大祭さ39ab|tauminust,minust,623,
kashiwada_kiiho,1,かしわ|柏田きーほ|ec0061hx|k-kashiwada|kashiwa_(sorrow-orgel)|kashiwada|sesame-lemon|sorrow-orgel|sorrow_orgel,柏田きーほ,623,
namie-kun,1,bananamie|bananaNamie|nambarimasu|nambarimasuu|namface|namgoreng|namie|namieis|namiekun|yuyuko-likes-chicken,namie-kun,622,
mumyou_ishi,1,無明石,無明石,622,
jrpencil,1,j4ck-er|jr4rt|jrpencil88,jrpencil,621,
iyokan_momiji,1,MMZ(もみじ)|iyokan|iyokanokota|mmz|okota_mikan|okotamikan|okotamikan1415|いよかん|いよかん(柑橘系)|いよかん椛|おこたみかん,いよかん椛,621,
shika_miso,1,kanimiso_(kanimisomann)|kanimisomann|kanimisomaru|shikamiso|sika_miso|蟹味噌|鹿味噌|鹿味噌。,鹿味噌,621,
studionice2011,1,🅽🅸🅲🅴,studionice2011,620,
discount-supervillain,1,discountvillain|Premium_Brand_Supervillain,discount-supervillain,617,
lpikamasi,1,るぴか,るぴか,616,
uof,1,1888fou|c113oreo|uof105|uof1888|uof1052237|YSTHL,uof,614,
aventador,1,SIAN|SIAN_FKP_37|aventador_770_4|kaibunsho-p|あゔぇんた|怪文書p|𝑆𝐼𝐴𝑁,あゔぇんた,614,
hiyoko_spot,1,hiyoko_no_meisanchi|kaopass|ひよこの名産地,ひよこの名産地,612,
wanitaroo._(waniwani_panic),1,kanisan|momidi0205|wanima_8888|wanimaru|wanimaru_8888|wanitaroo|wanitaroo.|wanitarooo|wanitarou|wanitarou.|waniwani_8888|かにさん|わに|わにさぶろー。|わにたろー。|わにたろー。のさぶ|わにわに|ワニタロサァン,わにたろー。,612,
lazyprocrastinator,1,LazyProcrast|LazyProcrastinator|procrastinatinglazily,lazyprocrastinator,612,
natsukaze_shigure,1,cgn122_shigure|NatukazeShigure|sigure-zzzz|夏風シグレ,夏風シグレ,611,
christian_young,1,ChristianYoungA|Christian_Young,christian_young,605,
lyy,1,Lyytoaoitori|Lyy与眼罩|lyy600,Lyy与眼罩,604,
syurikenmaru,1,手裏剣丸|手里剑丸,手里剑丸,598,
imamiya_pinoko,1,あいしゃん|今宮ぴの子|aishan,今宮ぴの子,597,
monyami,1,ahsial|모냐미,모냐미,596,
michibata_65,1,,michibata_65,595,
haidao_mao,1,Ya2607520948|xinjinjumin9451525|海盗猫|海盗猫HDM,海盗猫,594,社区常用译名
f4samurai,1,,f4samurai,593,
rosuuri,1,,rosuuri,591,
kumacchi,1,,くまっち,589,
non_(kumakawayusu),1,,のん,588,
nyaha,1,,にゃは,587,
nico-mo,1,,nico-mo,586,
mimimi_(mimimim9999),1,,みみみ,585,
hero45439083942,1,,鹤星,584,
maguro27,1,,まぐろ27,584,
bambi2000line,1,,ばんび,580,
wanderjegson,1,,wanderjegson,578,
horuhara,1,,호르,575,
aengdohwa,1,,앵도화,575,
yuuka_nonoko,1,,夕華ののこ,574,
suihei_sen,1,,水平线,573,
m_hakase,1,,M博士,572,
konsai_2,1,,根菜,571,
shirotategosha,1,,白楯誤射,570,
kakapomilk,1,,kakapomilk,570,
oofushi_ao,1,,大伏アオ,569,
meecosme,1,,meecosme,568,
akaneya_(akaneya1484),1,,茜屋,567,
likunea,1,,likunea,563,
kojirou_(mesurf1),1,,kojirou,563,
hans.b,1,,藩滑るめる,561,
hendra,1,,へんどら,561,
ramkilog,1,,ramkilog,560,
alterkyon,1,,alterkyon,559,
scarlet_(wv0102),1,,スカーレット,559,
rnna,1,,rnna,559,
saramiao-chan,1,,Sara喵酱,557,
dayama,1,,だやま,557,
amikoiiko,1,,阿弥子,556,
iwamoto_eiri,1,,巖本英利,556,
rodong8,1,,rodong8,556,
capriccyo,1,,カプリッチョ,556,
moonlight_0423,1,,moonlight_0423,555,
itinana,1,,いちなな,553,
mizuki_maya,1,,珠月まや,552,
e.c.ho,1,,e.c.ho,551,
guriguri_(arayotto4351),1,,ぐりぐり,550,
ka_(996beshi),1,,可,549,
mugita_konomi,1,,麦田このみ,549,
kuga_tsuniya,1,,玖珂ツニヤ,548,
curakuru,1,,クラクル,546,
con_potata,1,,こんぽたーじゅ,545,
dorontabi,1,,ドロンタビ,545,
sugimotty_nova,1,,スギモッティ,544,
kiritoma,1,,きりとま,542,
irvinetope,1,,尔湾トペ,542,
niwaikanai,1,,ニワ,541,
hinata_(hinnyata),1,,ひなた,540,
eggman_(ni_tamagoex),1,,えっぐまん,540,
aihara-rina,1,,相原里奈,538,
luminous_slime,1,,スライム,537,
surfacedxxc,1,,リラン,537,
tama_launcher,1,,たま,536,
harunoha,1,,ハルノハ,536,
milliani,1,,milliani,534,
mumu_(mumunyan),1,,むむ,534,
muku_jirushi,1,,muku_jirushi,533,
manino_(mofuritaionaka),1,,まにの,532,
yunkaiming,1,,云开明,532,
s4ika,1,,彩,531,
sunaba_(nczd5875),1,,すなば,530,
ryuuxin,1,,ryuuxin,530,
ohgi910,1,,沫浪,529,
magyo,1,,マギョ,528,
sarukana,1,,さるかな,527,
t2ukmyjm,1,,t2ukmyjm,527,
omochi_(mochi_skymega),1,,おもち,527,
lee_mae_hyang,1,,리매향,525,
aomi_riru,1,,あおみりる,525,
fukuda_tomonori,1,,福田知則,525,
meng_xi_xuan,1,,梦夕玄,524,
mcpc_zamurai,1,,まちゅぴちゅ侍,523,
roswell_ss,1,,roswell_ss,523,
keuma,1,,希有马,523,
chueog,1,,추억,523,
megadeko,1,,メガでこ,522,
yuzuno_nana,1,,柚乃なな,522,
shirocha_tei,1,,白茶てい,521,
ikuhashi_muiko,1,,郁橋むいこ,521,
doroshe_(sdpw8474),1,,ドシーロ,521,
guilegaze,1,,guilegaze,520,
mofumaa,1,,萌風まあ,519,
inker_comics,1,,inker_comics,518,
dogs_(dlrkdejr26),1,,dogs_(dlrkdejr26),518,
akagi_(fmttps),1,,赤木,518,
shirohane_maru,1,,白羽まる,518,
shusuchii,1,,舒,517,
syunichi,1,,しゅにち,516,
dantewontdie,1,,蛋疼不死,515,
gan-chan_(artist),1,,ガンちゃん,514,
da-negi,1,,駄ネギ,513,
orinze,1,,おりんぜ,512,
ariga_hitoshi,1,,有賀ヒトシ,512,
jagaimo_(kkamja),1,,jagaimo_(kkamja),511,
nukotun,1,,ねこみん,510,
aak_(chalie363),1,,아악,509,
seseren,1,,seseren,508,
lala_(sputnik),1,,lala_(sputnik),508,
beeru_(veil8801),1,,ベエル,507,
hikaru_(sgst),1,,日袈流,507,
rakugakiraid,1,,落書きのraid,507,
bengus,1,,水户椎土,506,
hanekuri_(nnainain),1,,ハネクリ,506,
lubya,1,,lubya,506,
ikemeru19,1,,いけめる,503,
volkor,1,,volkor,502,
goomyloid,1,,goomyloid,501,
merc_storia_art_team,1,,merc_storia_art_team,501,
maki_daikichi,1,,牧だいきち,501,
asdkd123,1,,三帆氏,498,
huu_(dighapdlxm12),1,,후우,498,
mak066,1,,mak066,497,
dolustoy,1,,ドルストイ,497,
heriyama,1,,缘山,497,
watage_modoki,1,,わたげもどき,497,
atelier_bono,1,,アトリエぼの,494,
sun_iiinu,1,,いぬ,494,
tiihatanono,1,,tiihatanono,493,
radioneet,1,,ラジオNEET,493,
bongftah,1,,뽕필,492,
senzyu_(snz0),1,,千手,490,
senukin,1,,senukin,490,
taiyang_yu,1,,太阳雨,490,
karintoun,1,,花林糖,490,
mirei_(miirei),1,,みれい,490,
kasuga_yuuki,1,,春日優希,490,
muryotaro,1,,むりょたろ,490,
zakusi,1,,zakusi,490,
makochan42,1,,まこちあ,489,
nicchi,1,,ニッチ,489,
lao_meng,1,,老孟,487,
haze_(7h4ze),1,,ハゼ,486,
mimizunooka,1,,丘野みみず,484,
jin_(oihlf),1,,迅,484,
takamichi,1,,貴道（たかみち）,483,
far_tarooo,1,,はるたろー,483,
orenjipiiru,1,,オレンジピール,482,
yue_(lov_n_n),1,,ゆえ,481,
naufaldreamer,1,,naufaldreamer,481,
9ml,1,,김국기,480,
blackbox_(blackbox9158),1,,blackbox_(blackbox9158),480,
asada_hachi,1,,朝田ハチ,480,
ark_kan,1,,あく,479,
kishiyo,1,,kishiyo,477,
animanghayo,1,,animanghayo,476,
richard_(richaball),1,,リチャード,476,
sakana_no_ike,1,,さかなのいけ,476,
sen_(sen0910),1,,オム,475,
vivinos,1,,인혜,475,
eurasia_(wtp09ptw14),1,,ユーラシア,474,
mon_momu,1,,もむ,474,
satsumapotato,1,,芋子,474,
oomori_(kswmr),1,,大盛り,473,
shinjitsu_no_kuchi,1,,真实の口,472,
makio_(makiomeigenbot),1,,マキオ,472,
dorahdew,1,,dorahdew,472,
ikemen'na_ore-shi,1,,イケメンな俺氏,471,
xipa,1,,xipa,471,
akableak,1,,akableak,470,
raskasar,1,,raskasar,470,
kousaka_0v0,1,,高坂さん,470,
anonymous_(japanese),1,,无名氏（日本）,469,
vihua6,1,,维徊,469,
a1u,1,,a1u,468,
siiqa_vivi,1,,椎花びび,468,
homunculus_(alchemynote),1,,ホムンクルス,468,
feiyu30903448,1,,蜚雨,467,
park_ongjol,1,,프로_무지렁이,466,
funitarefu,1,,ふにたれふ,464,
rise_(rise19851203),1,,rise_(rise19851203),464,
srpzk,1,,カケル,464,
alto2019,1,,ある都,463,
shamu_(peach11_01),1,,しゃむ,462,
ao_kaeru,1,,あおかえる,462,
kieed,1,,暴走的kieed,462,
akiman,1,,安田朗,461,
funamushi_(funa),1,,船虫,461,
cesarzebrah,1,,cesarzebrah,459,
redkite333,1,,redkite333,458,
sin_mal0909,1,,杏玛尔,456,
pisagi,1,,ぴさぎ,456,
wakuta_chisaki,1,,枠田ちさき,456,
zing_(z_z_zing),1,,zing_(z_z_zing),456,
mochimiko,1,,もちみこ,456,
hime_takeo,1,,姬川たけお,454,
osuwaani,1,,オスワーニ,453,
arutera,1,,あるてら,453,
conto,1,,conto,452,
niwashiro,1,,庭白,452,
artsheops,1,,artsheops,451,
jianjia,1,,蒹葭,450,
keisea,1,,keisea,450,
kirai_yu,1,,喜来ユウ,449,
jejejunum,1,,jejejunum,447,
yuama,1,,ゆあま,446,
kantarou_(8kan),1,,燗汰朗,446,
pongldr,1,,pongldr,445,
pandea_work,1,,王熊猫,445,
hogeroh,1,,ほげろー,445,
misg1111,1,,제육볶음,445,
kinmedai_pink,1,,金目鯛ぴんく,445,
shooka,1,,shooka,445,
top-exerou,1,,艾欧玉守,444,
seisui_bar,1,,蓮見,443,
philipp_urlich,1,,philipp_urlich,443,
dr_yamero,1,,やめろ,442,
gentle_sasaki,1,,ジェントル佐々木,441,
asaborakenoke,1,,あさぼらけ,441,
flippy_(cripine111),1,,flippy_(cripine111),440,
da-kuro,1,,だーくろ,438,
chance8000,1,,chance8000,438,
jk_arts,1,,jk_arts,438,
smgold,1,,smgold,437,
lulalang,1,,lulalang,437,
nian_(zhanian),1,,渣念,437,
nagabe,1,,ながべ,437,
lemontyoisy_r18,1,,れもち,437,
midori_foo,1,,碧風羽,437,
aoi_aruma,1,,蒼井あるま,436,
shinonome_sakura,1,,東雲さくら,435,
painterliuhao,1,,Painter六号,434,
jinkei,1,,神慶,434,
yagi2013,1,,yagi2013,434,
jouhou,1,,情報,433,
urode,1,,うろで,433,
akaneko_(redakanekocat),1,,あかねこ,431,
tama_(hiroshige_36),1,,広重たま,431,
katsushika_yuki,1,,かつしかゆき,431,
nbee_ya,1,,nbee_ya,430,
ydpfa,1,,ydpfa,430,
honi_(honi1010),1,,honi_(honi1010),429,
everyntrge,1,,えぶるぃ,429,
uzuki_mei,1,,卯月めい,428,
suiso_(owp),1,,お鮨,428,
nico-neko,1,,nico-neko,427,
kazuma_kaneko,1,,金子一馬,427,
mochitose_aguri,1,,餅千歳あぐり,426,
another_eden_art_team,1,,another_eden_art_team,426,
nana_g,1,,七G,425,
yongsadragon,1,,보고,425,
chucky_(chucky1000sun),1,,chucky_(chucky1000sun),425,
wajuniorbox,1,,和jr,425,
chikubi_(artist),1,,ちくび,425,
shaggy_susu,1,,shaggy_susu,424,
aoto_mei,1,,アヴェンジ,423,
zaofeng,1,,棗楓,423,
matsuba_mattsu,1,,松葉,423,
kusarou,1,,草郎,423,
sollyz,1,,sollyz,422,
moribuden,1,,moribuden,422,
junkpuyo,1,,junkpuyo,421,
chronozbergh,1,,chronozbergh,421,
moriforest1040,1,,森フォレスト,420,
domo_(domo_kizusuki),1,,ども,419,
cipher4109,1,,cipher4109,419,
eibon,1,,eibon,419,
manjo_(warito),1,,ワリト,419,
ichika_(ichika87),1,,いちか,418,
can_(canzume),1,,can_(canzume),418,
cryne,1,,cryne,417,
siw0n,1,,布ラビット,417,
mizukikushou,1,,水利硝,417,
honkawa_works,1,,ほんわかわーくす,416,
yaki_apple,1,,焼きアップル,416,
cesar_art456,1,,cesar_art456,416,
criin,1,,花洒,415,
luxuriou_s,1,,泣くアーティスト,414,
longdq3008,1,,longdq3008,414,
inamori_ryusa,1,,稻守龙砂,414,
zero130rider,1,,zero130rider,414,
kamuraaa_615,1,,加村,412,
tsukumizu,1,,つくみず,412,
kani_fish,1,,kani_fish,412,
sky_above_me,1,,sky_above_me,411,
tansuan_(ensj3875),1,,碳酸,411,
koucha_rakkyo,1,,紅茶辣韭,411,
fritzyhoho,1,,fritzyhoho,411,
migikoba,1,,右工場,410,
hakutocake,1,,白桃けぃき,410,
az79709363,1,,az79709363,410,
marui_koishi,1,,丸井コイシ,410,
dav-19,1,,dav-19,409,
datemegane,1,,だてめがね,409,
bseibutsu,1,,微生物,409,
inokeiwd,1,,いのけいWD,408,
norakura_(nr_kura),1,,のらくら,408,
katsumata_hiroki,1,,活又ひろき,407,
ano_(gccx8784),1,,あんも,406,
recklessdraw,1,,レスだよ,406,
ichikawa_haru,1,,いちかわはる,405,
naidong_(artist),1,,奶凍,405,
tenacitysaho,1,,手名町紗帆,405,
starblame,1,,星願,405,
suudori,1,,すーどり,405,
mouyi,1,,mouyi,404,
xaea_xp,1,,xaea_xp,404,
rei_hinketsu,1,,rei_hinketsu,404,
majunjuu,1,,majunjuu,403,
mirufi_(milfiiiiyu),1,,ミルフィ,403,
muta_poo,1,,むた,403,
eikawa_suru,1,,鋭川する,402,
uchuu_no_mozuku,1,,宇宙の海蘊,402,
prat_rat,1,,prat_rat,402,
haruneharu,1,,ハル,402,
an_yasuri,1,,an_yasuri,402,
epiphone_(flet06),1,,epiphone_(flet06),402,
fukuro_daizi,1,,Fukuro袋子,401,
runachikku,1,,るなちっく,400,
gauss_<bokashi,1,,ガウス＜ぼかしの方でたのむ,399,
himehachi_(hime8manga),1,,ひめはち,399,
raru_(remsor076),1,,らる,399,
mochimura_sorata,1,,餅村そらた,399,
suppainu,1,,すっぱいぬ,399,
aono_shimo,1,,青乃下,399,
madnopost,1,,madnopost,398,
aslindsamure,1,,aslindsamure,398,
bunchi,1,,ぶんち,398,
deogho_(liujinzy9854),1,,덕호,397,
datsha,1,,datsha,397,
inunoko.,1,,いぬのこ。,396,
tachikoma_(mousou_teikoku),1,,立駒,396,
w3n6e,1,,黒糖,396,
keenbiscuit,1,,keenbiscuit,395,
jinkoika,1,,神子,395,
villainchin,1,,villainchin,395,
jarckius,1,,jarckius,394,
kaze_22,1,,百合,394,
nyanzai-sensei,1,,にゃんざい先生,393,
fair6805_(rkrk12),1,,fair6805_(rkrk12),393,
kokuchuutei,1,,黒紬鼎,393,
usagi_(786113654),1,,兔子,393,
karaage_(xxxmido02),1,,唐扬,393,
rensyu,1,,rensyu,392,
oninuer,1,,oninuer,392,
chitetan,1,,ちてたん,392,
si_farid,1,,si_farid,392,
dog-san,1,,合法小狗,391,
kasuga_izure,1,,春日いづれ,391,
reowocchi,1,,reowocchi,391,
yuusuke-kun,1,,ゆうすけ君（秋月）,390,
fuuga_(perv_rsity),1,,枫牙,390,
harakawa_mitsuhiro,1,,カハライト,390,
baji_toufuu_(bajitohfu),1,,馬耳東風,389,
niyane,1,,にやね,389,
opi,1,,opi,389,
zumi_(zumidraws),1,,zumi_(zumidraws),388,
succuboos,1,,succuboos,388,
zusshii_(libertasgenesis),1,,ズッシー,388,
wingedwasabi,1,,wingedwasabi,388,
illust_atelier3,1,,イラストアトリエ,387,
ringoanu,1,,りんごあぬ,387,
calpish,1,,かるぴ,386,
cypress_(hinokidou),1,,cypress_(hinokidou),386,
amakaze_sora,1,,天風そら,385,
toku_sonchou,1,,とく村長,385,
hokou_sakuran,1,,方向錯亂,385,
gandy_(gan3e46),1,,gandy_(gan3e46),385,
temu_(temp_mumu),1,,temu_(temp_mumu),385,
ama0805,1,,無地飴,385,
dorachan_r,1,,どらちゃん,384,
kekitopu,1,,kekitopu,384,
sanamaru_(sana79261827),1,,さなまる,384,
029,1,,029,384,
diives,1,,diives,384,
qusouzu_mogari,1,,qusouzu_mogari,384,
rioliogiz,1,,rioliogiz,384,
notamaru_2,1,,のた丸,383,
jiguang_haibao,1,,激光海豹,383,
lasengle,1,,ラセングル,383,
3gs,1,,3gs,382,
katsuten,1,,かつてん,382,
muraryo,1,,muraryo,382,
temari_momiji,1,,てまり椛,382,
aoi_sakura_(seak5545),1,,青い桜,382,
chalseu,1,,chalseu,381,
toy-black,1,,なぎ,381,
rinzo,1,,rinzo,381,
abyonus,1,,アビョノス,381,
je_o_mo,1,,이모저모,380,
kasasagi_(futagodori888),1,,カササギ,380,
ny_000a,1,,ny_000a,380,
bien_(djpwjd1),1,,びえん,380,
byeon_dha,1,,byeon_dha,379,
seri_(vyrlw),1,,蓝狼雨,379,
yui_toshiki,1,,唯登诗树,379,
furahata_gen,1,,降旗原,379,
devilhs,1,,devilhs,379,
dodo_(dodobo),1,,dodo_(dodobo),378,
aquastar_inc.,1,,アクアスター,378,
nhim,1,,nhim,378,
taro_(tontaro),1,,たろ,378,
11kkr,1,,11kkr,378,
yotubeya,1,,よつべや,377,
awarinko,1,,あわりんこ,377,
imazawa,1,,今泽,376,
otokucha,1,,おとくちゃ,376,
zangemiya,1,,ざんげみや,376,
yam_(yamap_mako),1,,yam_(yamap_mako),376,
dako_(dakosito),1,,dako_(dakosito),375,
yamauchi_kouen,1,,山内公園,375,
fusenryo,1,,ふせんりょ,375,
cotono_(nazekun),1,,なぜずし,374,
siubomanjyu,1,,しうぼまんじゅう,374,
sabata_saba,1,,佐畑さば,374,
goguma_wagamja,1,,goguma_wagamja,373,
x_xith_x,1,,x_xith_x,373,
ayomo_ro,1,,あよ,372,
pmchell_04,1,,ちぇる,372,
puppeteer7777,1,,ティッシュクリーム,372,
kouya_toufu,1,,荒野豆腐,371,
atie1225,1,,一春虫虫人,371,
tomagiri,1,,とまぎり,371,
kurotsuki_machi,1,,黒月マチ,371,
chm_(macharge),1,,茶みらい,371,
eidenjyou1997,1,,ナガタケ,371,
kai_xin,1,,鄭鎧欣,370,
tefun_(tehun),1,,てふん,370,
mim_(mimya0600),1,,mim_(mimya0600),370,
neet_co.,1,,neet_co.,369,
ca_paria,1,,Caばりあ,369,
happyundergate,1,,关下ふく,369,
twomoon,1,,twomoon,369,
gold_can,1,,황금깡통,369,
soyo1558686,1,,そよ,369,
xyronii,1,,xyronii,369,
hwaryeok,1,,화력,369,
kabiinyo_(kab),1,,かびーにょ,369,
fumei_(mugendai),1,,フメイ,369,
simz,1,,simz,368,
caiman_pool,1,,caiman_pool,368,
nakajima_konta,1,,なかじまこんた,368,
zoruboi,1,,zoruboi,368,
tonchamon_san,1,,とんちゃもんｻﾝ,368,
chamumi_(mochiumee),1,,ちゃむみ,367,
rocner,1,,rocner,367,
david_revoy,1,,david_revoy,367,
ing9,1,,색종이,367,
hogara,1,,ほがら,366,
shinkiro,1,,森气楼,366,
akahi_(akahi242),1,,あかひ,366,
resu_desu,1,,レス,366,
uwazumi,1,,うわずみ,366,
yuuyuu_(3jjbn),1,,ユウユウ,365,
maruyo,1,,まるよ,365,
toplow,1,,トプろー,365,
nishimura_kinu,1,,西村キヌ,365,
soayo,1,,soayo,365,
cloneko_(zelmeledf2),1,,cloneko_(zelmeledf2),365,
rinrinwolf,1,,水谷霖,365,
royboy,1,,royboy,364,
moyu_marginal,1,,陌芋,364,
ashinowoto,1,,夏油冬油,364,
nyahu_(nyahu_77),1,,睦月にゃふ,364,
outo_eguchi,1,,えぐち,364,
junu_(jwoo5627),1,,junu_(jwoo5627),364,
tuteurfars_shin,1,,臣千狐,364,
amane_(7783),1,,amane_(7783),364,
30-06,1,,30-06,363,
choice_(xtmm5285),1,,ちょいす,363,
negimiso1989,1,,葱味噌,363,
citron80citron,1,,citron80citron,363,
holy_meh,1,,holy_meh,363,
sukepmonster,1,,すけぴー,362,
arrapso,1,,arrapso,362,
odmised,1,,유해,362,
dr_octojuice,1,,dr_octojuice,362,
ruka_(blueplus84),1,,るか,362,
fumizuki_yukari,1,,文月紫,362,
bocchi-ya-nawi,1,,ボッチゃない,362,
hechi,1,,へち,362,
sca_jam,1,,ジャム王子,362,
superbusty,1,,superbusty,361,
zukki_(bijitaru),1,,ずっきー,361,
miron_(mirona33),1,,ミロン,361,
tsutsugano,1,,ツツガノ,361,
0nineo9,1,,0nineo9,361,
unholymilk,1,,unholymilk,361,
rosette_(roze-ko),1,,ロゼコ,361,
lilac_(p-f_easy),1,,らいらっく,361,
tsujii_luki,1,,つじいるき,360,
berry_jou,1,,ベリー嬢,360,
hako_roku,1,,はころく,360,
woolrool,1,,woolrool,360,
akifn,1,,akifn,359,
to_(tototo_tk),1,,とのじ,359,
meimei_(meimei89008309),1,,盟々,359,
ketsumaimo,1,,ケツマイモ,359,
mistel_(sukebemistel),1,,mistel_(sukebemistel),359,
batazungharn,1,,batazungharn,359,
suteruko,1,,すてる子,359,
hiro_(pqtks113),1,,博,359,
akni,1,,あくに,358,
mocollie,1,,佐東,358,
meyamu,1,,めやむ,358,
pa._(tatuya28001),1,,ぱ。,357,
ponta_(1859ysmssstsp),1,,PoN太,357,
tamiko_(tamik0224),1,,たみこ,356,
sikimosh,1,,sikimosh,356,
iwano_kenta,1,,岩野健太,356,
wjs07,1,,wjs07,356,
jimini_shijimi,1,,じみにしじみ,356,
gentlecat,1,,신사고양이,355,
w.k,1,,w.k,355,
mame,1,,豆,355,
so-taro,1,,創-taro,355,
winehusk,1,,空酒瓶,355,
soleil_(soleilmtfbwy03),1,,锻冶屋ソレイユ,355,
soara_shimomo,1,,下鴨そあら,354,
ayamisiro,1,,綾海しろ,354,
graysheartart,1,,graysheartart,354,
rourou_ill,1,,朧々,354,
himeko_(nico6v6pachi),1,,ひめこ,354,
zerodiamonds_(voice_actor),1,,zerodiamonds_(voice_actor),354,
ougiikun,1,,ougiikun,354,
chiwa_(chiwa0617),1,,千和,354,
laofuzi_dai_bansho,1,,老夫子大番薯,353,
maxwelzy,1,,maxwelzy,353,
muimui_(4242564muimui),1,,muimui_(4242564muimui),353,
tara_(szzj7733),1,,たら,353,
t-hou,1,,t-hou,353,
nagai_negi,1,,長井葱,352,
nanatsuta,1,,ななつた,352,
pyeong_il,1,,평일,352,
gomzi,1,,gomzi,352,
aizawa_sachi,1,,あいざわさち,352,
sandragh,1,,sandragh,352,
5tatsu,1,,5タツ,352,
maburoku,1,,まぶろく,352,
kousuke0912,1,,ちばさ,351,
sasunopi,1,,ちょぼぬ,351,
kudo_eru,1,,工藤える,351,
taiga_hiroyuki,1,,大河广行,351,
togetoge_(jakusanseimk2),1,,棘棘,351,
lelie_(lelie_link),1,,れりー,350,
ve1024,1,,幻凌星羽,350,
shenqi_xiaohuang,1,,神奇小黄,350,
hitorilily,1,,あきよボクス,350,
pocche-ex,1,,pocche-ex,350,
uehara_suiyo,1,,上原翠妖,350,
yumi5469,1,,苒泱,350,
redrabbit44,1,,猫林,350,
takano_tomohiro,1,,高野友宏,349,
shokupan_(slvk12),1,,しょくぱん,348,
komori_kamome,1,,古森かもめ,348,
inushima,1,,いぬしま,348,
kamue,1,,kamue,348,
narisokonai,1,,なりそこない,348,
unkai_daraku,1,,云海,348,
pinepin,1,,pinepin,348,
basedbinkie,1,,basedbinkie,348,
oishi_kuwagata,1,,おいしいクワガタ,348,
carbohydrate_(asta4282),1,,carbohydrate_(asta4282),347,
kongeraatio,1,,コンゲラーティオ,347,
mizuhase_(pororon),1,,水馳,347,
mitsuru_(uramitsuru1206),1,,みつる,347,
peach_momoko,1,,桃桃子,347,
yeougui,1,,여우구이,347,
yoellim5,1,,yoellim5,347,
kisaragi_zwei,1,,如月ツヴァヰ,347,
hajin,1,,hajin,347,
mockingeu,1,,mockingeu,346,
gerusyu,1,,ゲル種,346,
deko_morii,1,,deko_morii,346,
kangbus,1,,kangbus,346,
super-mu,1,,スーパームー,346,
siy_(shengxiu760722),1,,君皊00,346,
wazawogi_(wzog),1,,わざをぎ,346,
nekotarou_(nktr299),1,,猫太郎,345,
nana_tetra,1,,ナナテトラ,345,
kamo_ashi,1,,かもあし,345,
kozou_(soumuden),1,,小僧,345,
itsumo_nokoru,1,,いつものこる,345,
a_tea,1,,a_tea,345,
sso_s,1,,쏘,344,
minus_(sr_mineka),1,,マイナス,344,
misyune,1,,ミシュネ,343,
nakajima_lupus,1,,中岛るぷす,343,
sleepy_frippy,1,,sleepy_frippy,343,
gins_hanee,1,,gins_hanee,343,
reo_(mmocc123),1,,樱木れお,343,
wawamachi,1,,wawamachi,342,
nideaneng,1,,nideaneng,342,
rirua_(kjom802),1,,리르아,342,
dal-gi,1,,dal-gi,342,
pei_iriya,1,,pei_iriya,342,
tetora_(oudonoishiize),1,,てとら,341,
kuon_bb,1,,kuon_bb,341,
chuu_ni,1,,chuu_ni,341,
kunoo_(kuno_on),1,,クノオ,341,
no_noru,1,,no_noru,341,
fua1heyvot4ifsr,1,,三月河,341,
kaduise,1,,かづいせ,340,
ysnden,1,,ysnden,340,
ultrabinou,1,,ultrabinou,340,
binchou_maguro,1,,びんちょうまぐろ,340,
fuku_(fuku_1028),1,,fuku_(fuku_1028),340,
mankai_kaika,1,,满开开花,340,
minafuni,1,,南ふに。,340,
snow20200,1,,すのう,339,
mero_(starfish_jcs),1,,めろ,339,
shipu_(gassyumaron),1,,shipu_(gassyumaron),339,
magg_(user_mtca8588),1,,magg_(user_mtca8588),338,
55bata6rou,1,,55bata6rou,338,
ini_yoy,1,,いに口,337,
lughost,1,,lughost,337,
toketa-sekai,1,,とけたせかい,337,
saaal653,1,,saaal653,337,
hua-huahua,1,,画-huahua,337,
geulimykun,1,,그림YKUN,336,
lowlandgorilla,1,,ローランドゴリラ,336,
azz0422,1,,azz0422,336,
aria_(ariacue),1,,ありあ。,336,
macosee,1,,まこしー,336,
chamuring,1,,차무링,336,
sei_(0724sei6),1,,세이,336,
name_omoitukan2,1,,思いつかん,336,
kiripetals,1,,kiripetals,336,
ssaf_seibeupail,1,,환월,335,
wujurana,1,,wujurana,335,
zettai_yarumoni,1,,絶対やるもに,335,
hisachan55cute,1,,ひさ,335,
shin'en_(gyokuro_company),1,,新苑,335,
ttptt,1,,ttptt,335,
luxu,1,,luxu,335,
nagano_rira,1,,ながのりら,334,
nanafumi_(nanafumino),1,,ななふみ,334,
rong_hui,1,,绒灰,334,
krabking,1,,절임배추도적단,334,
sunkeun,1,,선근,334,
toyasu_aina,1,,十安愛七,334,
djcomps,1,,djcomps,334,
garasuno,1,,がらすの,333,
kuso_otoko,1,,糞男,333,
ura_illust,1,,ura_illust,333,
amayo_thranana,1,,雨夜とらナナ,333,
iliothermia,1,,iliothermia,332,
derrick_chew,1,,derrick_chew,332,
dashi_(dashiart),1,,dashi_(dashiart),332,
trhisell,1,,トリセル,332,
unfamousradish,1,,unfamousradish,332,
o_(crazyoton46),1,,お,332,
gratin_(kumaisao),1,,グラタン,330,
sakic43899,1,,吉崎,330,
chikoto_(kztc4472),1,,千琴,330,
woofzilla,1,,woofzilla,330,
kumano_plan,1,,熊野プラン,329,
tamamoice,1,,tamamoice,329,
komena_(shinyday312),1,,こめな。,329,
ryuudog,1,,龍犬,329,
sbeve2004,1,,スベベ,329,
aragiken,1,,aragiken,328,
halulu,1,,halulu,328,
kenki_fujioka,1,,藤岡建機,328,
kakuteru_sudachi,1,,すだち,328,
gyarin,1,,ぎゃりん,328,
popopon26494249,1,,じあんpopo,328,
gumoyu,1,,ぐもゆ,328,
keykey117117,1,,keykey117117,328,
mokoiscat,1,,もこ,328,
minatsuki_yurara,1,,水無月ゆらら,328,
uyama_hajime,1,,鵜山はじめ,328,
ompf,1,,オム,328,
nasuka_gee,1,,ナスカ,327,
truejekart,1,,truejekart,327,
a_jak,1,,아작,327,
gu_meng_yin,1,,古梦吟,327,
solidus_(sword_cube),1,,solidus_(sword_cube),327,
harurukan,1,,はるる缶,327,
arowana2111,1,,arowana2111,326,
shigureszku,1,,時雨しずく,326,
doki_(oox3o),1,,フリピク,326,
mytea_(soso),1,,ソウト,326,
okrdisk2000,1,,ぴーたん,326,
midori_fufu,1,,米豆綠,326,
kerno,1,,커노,326,
john_doe_shinobu,1,,シノブ,326,
kagome_f,1,,藤乃かごめ,326,
miregeist,1,,miregeist,326,
uruti_2388,1,,うるち,326,
nabiyan,1,,네비얀,325,
berserker_r,1,,巴莎卡R,325,
inagoinaire,1,,inagoinaire,325,
domi_(hongsung0819),1,,domi_(hongsung0819),325,
awe_(adorableduckyy),1,,awe_(adorableduckyy),325,
hanamura_pink,1,,華ムラ,325,
kmnm_1403,1,,７海,324,
chiffon,1,,シフォン,324,
kanikama25,1,,かにさわ,324,
touchuu_kasou,1,,冬虫夏草,324,
yoyoray20001996,1,,yoyoray20001996,324,
llkapital,1,,かぴたる,324,
spicyichizo,1,,スパイシー一藏,324,
nobushito,1,,のぶしと,323,
sana_(sanamaru_0w0),1,,さな,323,
asahi_rise,1,,旭陽,323,
nogreen,1,,あまのじゃく,323,
murata_taichi,1,,むらたたいち,323,
luozhou_pile,1,,落舟,323,
bukurote,1,,ぶくろて,323,
kirisaki_nuko,1,,キリサキ,323,
red_hayao,1,,藤田はやお,323,
fis_(t83192933),1,,fis_(t83192933),323,
jairou,1,,ジャイロウ,323,
huashijw,1,,画师JW,323,
nanaki24,1,,ナナキ,322,
haruhina_purple,1,,春雛紫,322,
fumi_(rdbm),1,,ふみー,322,
spicy_bardo,1,,spicy_bardo,322,
minami_seira,1,,弥南せいら,322,
shiromako,1,,しろくまこ,322,
yanagui_yugi,1,,箙矢ユギ,321,
opalu_(voice_actor),1,,opalu_(voice_actor),321,
ebi_puri_(ebi-ebi),1,,海老ぷり,321,
kagironsfw,1,,kagironsfw,321,
gemba_(dlfms75),1,,gemba_(dlfms75),321,
ayataka_syumimi,1,,あやたカーン,321,
bm_tol,1,,bm_tol,321,
sasa_(sasa_ekakiman),1,,ささ,321,
mochimako_(mushikera_hoi2),1,,モチマコ,321,
mento,1,,门徒,321,
dankestofdans,1,,dankestofdans,321,
elementary_(lolipope),1,,elementary_(lolipope),320,
ringouulu,1,,つゆは,320,
indol,1,,indol,320,
arimon_(dfrgty12),1,,アリモン,320,
kinako_(mzknk0),1,,木なこ,320,
bippew,1,,bippew,320,
fukou,1,,fukou,320,
justcuyo,1,,justcuyo,320,
kamiyama_aya,1,,神山彩,320,
mawaifu,1,,mawaifu,320,
momomatang,1,,月ルマタ,320,
missandydandy,1,,missandydandy,320,
chocosong,1,,다람쥐짱41,319,
tazaki_masanobu,1,,田崎正信,319,
riya_(01214),1,,リヤ,319,
adachi_t_(xadachit),1,,adachi_t_(xadachit),319,
tu_tora2,1,,つー,319,
tyson_tan,1,,钛山,319,
kataku_musou,1,,無相,319,
cohi27151463,1,,こひ,318,
kyabekko,1,,きゃべっこ,318,
kamatama_rom,1,,釜玉ろむ,318,
rare_lemon,1,,rare_lemon,318,
mochiusasa,1,,もちうささ,317,
expulse,1,,expulse,317,
ikeda_yasuhiro,1,,池田靖宏,317,
wasabijoyu76,1,,メガ吉,317,
mano_aaa,1,,mano_aaa,317,
yosola_pl,1,,yosola_pl,316,
xnnagu,1,,xnnagu,316,
j_adsen,1,,j_adsen,316,
xkzan,1,,xkzan,316,
dopperu_ben,1,,嘟噗噜奔,316,
takatmaorange,1,,takatmaorange,316,
maybe_its_mayvi,1,,maybe_its_mayvi,316,
kuzia_(atarayo),1,,くじあ,316,
hanetsuka,1,,おくとぽーでの器,316,
buru-dai,1,,ぶるー太,316,
unagi_(kobucha_blaster),1,,凪,316,
y75zei,1,,あきゅー,316,
dungeon_toaster,1,,dungeon_toaster,315,
ikuchi_osutega,1,,井口病院,315,
zizi_niisan,1,,ジジ,315,
kino_(curry_pan),1,,きの,315,
au_(d_elete),1,,あう,315,
adarin,1,,adarin,315,
aegis_(theoryiv),1,,エイジス㌠,315,
gabang,1,,gabang,315,
hitte5416,1,,hitte5416,315,
tiler_(tiler00),1,,たいらー,315,
tomatolaccoon,1,,tomatolaccoon,314,
zhanzhangzlw,1,,二矿张老五,314,
midori_(midori13579),1,,みどり,314,
sesmkun,1,,セサミ,314,
kukiyuusha,1,,kukiyuusha,314,
chascoby,1,,chascoby,314,
midfinger,1,,さみだれ,314,
hinata_nao,1,,日向奈尾,314,
rakusakugk,1,,rakusakugk,313,
honon,1,,honon,313,
niban_(puka_0507),1,,niban_(puka_0507),313,
itzah,1,,itzah,313,
mibushiro,1,,mibushiro,313,
kirigaya_yuuji,1,,桐ヶ谷ユウジ,313,
wd_(1106592840),1,,wd_(1106592840),312,
kokosando,1,,kokosando,312,
ogiyuki,1,,荻ユキ,312,
konomi_(kino_konomi),1,,konomi(きのこのみ,312,
seraphim_throne,1,,セラフィム,312,
shishi_osamu,1,,獅子乃,312,
catowjeemson,1,,猫头姬,312,
yuyu5x,1,,yuyu5x,312,
synchroman,1,,シンクロマン,312,
z3zz4,1,,z3zz4,311,
shiroimaru,1,,shiroimaru,311,
sleepypudding,1,,sleepypudding,311,
omurice_(roza4957),1,,オムライス,311,
kumakoro_(tetsupag),1,,くまころ,311,
wuyu16,1,,雾雨十六,311,
xuchuan,1,,xuchuan,311,
sakiya_(sak1_01),1,,sakiya_(sak1_01),310,
yisjhui,1,,异SJ绘,310,
nori_(norinori_yrl),1,,糊,310,
jon_(pixiv31559095),1,,じょん,310,
kumarang,1,,Kumarang/くまらん,310,
maya_g,1,,玛雅G,310,
ikeda_(kasutera),1,,いけだ,310,
sui_hi_sf,1,,ミミック,310,
geah,1,,geah,310,
dancho_no_mori,1,,尻敷,310,
eromkk,1,,木西麦,310,
hyohls2_(hamao3o),1,,씨피질하는,309,
alto_seneka,1,,或十せねか,309,
mgong520,1,,人类高质量要饭民,309,
re0n,1,,FEBリズ,309,
mokumokuren_(atariya_kyoushitsu),1,,目目蓮,309,
hiwokawa,1,,ひをかわ,309,
hepari,1,,hepari,309,
akai_(ugokashitari),1,,赤井,309,
mad_kimo,1,,mad_kimo,309,
04sora40,1,,そら,308,
iganashi1,1,,イガナシ,308,
iparupua,1,,イパルプア,308,
karepack,1,,karepack,308,
yucblossom,1,,厨級,308,
ibuki_satsuki,1,,东南见月,308,
yasaka_syu,1,,矢坂しゅう,308,
nel-c,1,,ねるしぃ,308,
choco_(chocovix112),1,,choco_(chocovix112),308,
kyanos_(b_0000ff),1,,kyanos_(b_0000ff),308,
dush_1154,1,,dush_1154,307,
helic_(7317helic),1,,猫师傅-helic,307,
edz_drawz,1,,edz_drawz,307,
ishikawa_sparerib,1,,石川スペアリブ,307,
imamura_ryou,1,,はむむしゃお,307,
sironora,1,,シロノーラ,307,
rynzfrancis,1,,rynzfrancis,307,
seine_(hanamukes),1,,セイン,307,
tororo_(toriaezu),1,,とろろ,307,
gebijiade_89,1,,gebijiade_89,307,
slow_d,1,,slow_d,307,
viola_(seed),1,,スミレ,307,
seila_rei,1,,聖羅零,307,
shikiwo,1,,志生郎(Shikiwo,306,
meameeea,1,,めあ,306,
fumikiri_(dake_no_hito),1,,ふみきり,306,
tansho,1,,端绪,306,
wonbin_lee,1,,이원빈,306,
fh_moya,1,,墨琊,306,
youjo_modoki,1,,ヨウジョモドキ,306,
xian_qishui,1,,咸汽水,306,
vierzeck,1,,vierzeck,306,
yuuppi,1,,ゆぴまる,306,
gueya,1,,グヤ,306,
mikoscrub,1,,mikoscrub,306,
baka-man,1,,さぶぽんげ,306,
xunyu_(manyu),1,,迅魚,305,
notepic,1,,notepic,305,
sumi_keiichi,1,,じゅんけ,305,
fangpeii,1,,fangpeii,305,
kawachi_rin,1,,河地りん,305,
miyanami_3,1,,宮波,305,
toastytoast,1,,toastytoast,305,
dilan_griz,1,,dilan_griz,305,
mikami_(nemu_mohu),1,,みかみ,305,
ma_draws,1,,ma_draws,305,
roin,1,,roin,305,
mochizuki_riku,1,,望月理玖,305,
987645321o,1,,맛있게_먹자,305,
maho_malice,1,,maho_malice,304,
ro/ku,1,,ロク,304,
akihiro0920,1,,あきひろ,304,
yamaori_(hakkentai_pokedan),1,,やまおり,304,
kekel,1,,kekel,304,
neko_no_kedama,1,,ねこのけだま,304,
a4_(a4_eishi),1,,余寧,304,
solcha,1,,메로삐,304,
gurumie,1,,구르미,304,
wolrero,1,,ヲル・レ・ロ,304,
ei_(eiei_e1),1,,エイ,303,
tomo_eokaiteru,1,,tomo_eokaiteru,303,
macken666,1,,macken666,303,
rayno,1,,rayno,303,
sakamuke,1,,さかむけ,303,
lynarc,1,,lynarc,303,
yoshioka_suke,1,,善岡スケ,303,
midorigi_mura,1,,緑木邑,303,
pita-potato,1,,pita-potato,303,
netural,1,,넺츄럴,303,
hiki_yuichi,1,,樋木ゆいち,303,
karadborg,1,,karadborg,303,
bonz0616,1,,bonz0616,302,
tomochi_(tmc_tmc8),1,,ともち,302,
pocari66,1,,ソルティ,302,
kyusoukyu,1,,久蒼穹,302,
das_(dan_dan),1,,das_(dan_dan),302,
wounds404,1,,wounds404,302,
baizu_(guszx),1,,百足,302,
zenma_trang,1,,zenma_trang,302,
kulojawa,1,,kulojawa,301,
stopu,1,,stopu,301,
dishui_tangni,1,,滴水唐尼,301,
sethkiel,1,,sethkiel,301,
ichikushi_mojibake,1,,一串乱码,301,
ohzv,1,,ohzv,301,
norippe_(user_zgsf8872),1,,のりっぺ,301,
pearlgang_e,1,,펄갱이,301,
kukuchi581,1,,kukuchi581,301,
himuro_yukichiko,1,,冰室ゆきちこ,301,
prab,1,,prab,301,
num_(angrynum),1,,num_(angrynum),301,
dokshuri,1,,dokshuri,301,
zombiyh,1,,zombiyh,300,
betti_(xx_betti),1,,betti_(xx_betti),300,
yalmyu,1,,yalmyu,300,
konohoshi,1,,このほし,300,
motohara_moka,1,,本原もか,300,
ningen_gokko,1,,人間ごっこ,300,
komodj,1,,こもぢ,300,
kaneko_(novram58),1,,華猫,300,
bon_bon_eee,1,,bon_bon_eee,300,
yisusjpl,1,,yisusjpl,299,
ruberule,1,,るべゑ,299,
kuutamo,1,,クウタモ,299,
shibata_kouhei,1,,柴田康平,299,
buchikaki,1,,ブチ㌠,299,
unadare,1,,うなだれ,299,
amu_(takuya0331),1,,あむ,299,
reibun_(raven1119),1,,例文,299,
kevin_adi,1,,kevin_adi,299,
tenmiyakiyo,1,,てんみやきよ,299,
sukoyaka93,1,,すこやかグミ,299,
kemurin,1,,kemurin,299,
216,1,,にむ,299,
hue_oo,1,,hue_oo,299,
aldharoku,1,,aldharoku,299,
takada_kazuhiro,1,,高田一廣,298,
flou_(flou_art),1,,flou_(flou_art),298,
tsukiyono_aroe,1,,月夜野あろえ,298,
foolish_potato,1,,어리석은감자,298,
qingmingtongzi,1,,青冥童子,298,
kotobukkii_(yt_lvlv),1,,コトブッキー,298,
syooooyoooo,1,,syooooyoooo,298,
misa_(jjin_miryeon),1,,美沙,298,
amadeusky,1,,アマデウスキー,297,
measho,1,,measho,297,
the_olphy,1,,おるふぃー,297,
moreshan,1,,モレシャン,297,
angon623,1,,angon623,297,
katagiri_nanoka,1,,片桐七日,297,
lio_(maguri),1,,りお,297,
kaosu_(kaosu0905),1,,かおす,297,
harutoyumaarts,1,,harutoyumaarts,297,
axsen,1,,axsen,297,
otimusyairoha,1,,タカハラ_ヰロハ,297,
goshiko86g,1,,ごしし,297,
sakari_(pear_8_ll),1,,さかり,297,
toramaru_(696anna),1,,to羅丸,297,
hintobento,1,,hintobento,296,
takenoko_pengin,1,,たけのこぺんぎん,296,
wittle_red,1,,wittle_red,296,
brenni_murasaki,1,,brenni_murasaki,296,
nompang,1,,nompang,296,
hassen_(8cm),1,,はっせん,296,
fymrie,1,,ヒムリ,296,
erako9,1,,鳃子,296,
kokomahi,1,,ここまひ,296,
shycocoa,1,,수줍,296,
origami_(poinia),1,,origami_(poinia),296,
gecchu,1,,ゲッチュ,296,
flowerpigeon,1,,flowerpigeon,295,
aya-cis,1,,aya-cis,295,
drive_shot,1,,drive_shot,295,
shibuki_kamone,1,,飛沫かもめ,295,
guri_gom,1,,장_곰,295,
toushirou_(sugarwhite1046),1,,糖士郎,295,
noyu_(noyu23386566),1,,noyu_(noyu23386566),295,
reulem,1,,reulem,295,
george_man,1,,じょうじ,295,
rou_(h_s_sinrin),1,,rou_(h_s_sinrin),295,
raikkonen,1,,raikkonen,295,
naxius_noxy,1,,naxius_noxy,295,
yamazaki_tsukune,1,,山崎つくね,294,
caramelo_game,1,,カルメ焼き,294,
huyusilver,1,,冬銀,294,
saho_4545,1,,사호,294,
kokuya_(kokuya28),1,,コクヤ,294,
arbiter1,1,,arbiter1,294,
bygin,1,,白巾,294,
bucho_sama,1,,bucho_sama,294,
wantan_meo,1,,云吞芽央,294,
argonchann,1,,argonchann,294,
mizala,1,,みざら,294,
usagimarumei,1,,usagimarumei,294,
kuuron_(moesann17),1,,くーろん,294,
kirai_shouen,1,,鬼雷昇炎,294,
lunch_boxer,1,,lunch_boxer,294,
akamoku,1,,あかもく,294,
squishsuccubus_(voice_actor),1,,squishsuccubus_(voice_actor),294,
renshiu,1,,れんしう,293,
rumine_(yoshi1234567),1,,雪見るみね,293,
kinzaibatsu91,1,,kinzaibatsu91,293,
mostlybluewyatt,1,,mostlybluewyatt,293,
hosinonana,1,,ホシノナナ,293,
kagari_liroi,1,,篝りろい,293,
matuda_(matudayazo),1,,松田おるた,293,
huhv.,1,,huhv.,293,
mumukyabi,1,,mumukyabi,293,
arlcn_(arlcn_1115),1,,あーくん,293,
4b-enpitsu,1,,4b-enpitsu,293,
kaze_(yznyttdgs),1,,カゼ,293,
nin_(nin_0088),1,,にん,293,
hinaki_(hinaki_0102),1,,ヒナキ,293,
kyoeiki,1,,kyoeiki,293,
chien_zero,1,,嵐天,293,
ka-9,1,,ないん,293,
hirai_yukio,1,,平居幸雄,293,
lemon_snail,1,,lemon_snail,292,
tami_(joemanyodw),1,,民,292,
dr.orga,1,,dr.orga,292,
wktdms1,1,,독버섯,292,
kicdon,1,,きくどん,292,
yonketa,1,,よんけた,292,
monkey_jon,1,,monkey_jon,292,
manzai_sugar,1,,manzai_sugar,292,
lobsteranian,1,,lobsteranian,292,
freeze-ex,1,,freeze-ex,292,
coria,1,,coria,292,
neonfloyd,1,,neonfloyd,292,
momi_chan,1,,momi_chan,292,
cherry_in_the_sun,1,,cherry_in_the_sun,291,
kiroshi,1,,키로시,291,
l_(matador),1,,l_(matador),291,
wee_(weeyy),1,,wee_(weeyy),291,
sowon,1,,sowon,291,
secret_dmain,1,,小宮利公,291,
matty_(zuwzi),1,,matty_(zuwzi),291,
dishing,1,,dishing,291,
chibikki,1,,チビッキ,291,
komatsuzaki_rui,1,,小松崎類,291,
asagi501,1,,浅葱仁,290,
namikare,1,,namikare,290,
kemo_chiharu,1,,ちはる,290,
whyd5424,1,,whyd5424,290,
sukonbu385,1,,朱紺符,290,
pukupukubu,1,,pukupukubu,290,
matsuena_shun,1,,松江名俊,290,
strelka_belca,1,,ストれるか,290,
hataraki_kuma,1,,働きクマ,290,
futon_(kitsune_tsuki),1,,布団,290,
dash_b,1,,bだっしゅ,290,
aviary,1,,aviary,290,
shiguren_39,1,,しぐれん,290,
tenohira_(tenoo),1,,てのひら,290,
nora_neko_(fjya7473),1,,のらネコ,290,
cinnabus,1,,cinnabus,290,
ryota-h,1,,早津良太,290,
esearu,1,,esearu,290,
yumegiwa_(skgl_thx),1,,夢際,290,
amaki-chan_(volfuji),1,,甘木,289,
jagaimobeniko,1,,じゃがいもべにこ,289,
zzzii0,1,,雨唯,289,
rekka,1,,rekka,289,
czy_(2894456992),1,,池殇,289,
danraz0r,1,,danraz0r,289,
luci_(purrlucii),1,,luci,289,
noah_273,1,,望步,289,
riku_(rrr_gns),1,,陸,289,
tsugutoku,1,,ツグトク,289,
maruti_bitamin,1,,マルb,289,
irokohaku,1,,色琥珀,289,
yasuhiko_yoshikazu,1,,安彦良和,289,
ogata_kouji,1,,緒方剛志,288,
sunsetskyline,1,,sunsetskyline,288,
oslight,1,,oslight,288,
amu_(m_aa),1,,あむ,288,
shibao_aoyama,1,,蒼山しばお,288,
hutaba,1,,フタバ,288,
sharekoube,1,,メカしゃれこうべ,288,
zds,1,,作大死,288,
graph_(graphiteknight),1,,graph,288,
mizuamememe,1,,水飴,288,
padoruu,1,,padoruu,288,
kuroduki,1,,摳肉肚臍,288,
otono_(bkt4b),1,,乙野,288,
lalazyt,1,,雲小猫,288,
xretakex,1,,ちょびすけ,288,
hyperbudd,1,,hyperbudd,288,
kaigan0211,1,,海岸,288,
sougetsu_izuki,1,,碧月,288,
nekomaru0817,1,,ねこぽた,287,
hoshiakari_(c2_kikan),1,,星灯り,287,
yilx,1,,yilx,287,
kiniro_tofu,1,,kiniro_tofu,287,
piratescat01,1,,パイレーツキャット,287,
yodare,1,,よだれ,287,
mdthetest,1,,mdthetest,287,
mike156,1,,みけ156,287,
green_(greeniris),1,,green_(greeniris),287,
milktea_(gggrrr2000),1,,milktea_(gggrrr2000),287,
doiparuni,1,,doiparuni,287,
kinoji,1,,きの,287,
aoto_neko,1,,蒼都ねこ,286,
ron_(pixiv83091338),1,,ron_(pixiv83091338),286,
nijihayashi,1,,ニジハヤシ,286,
honashi,1,,honashi,286,
alzi_xiaomi,1,,alzi_xiaomi,286,
kivo,1,,kivo,286,
tailbox,1,,tailbox,286,
gegegekman,1,,게게겍,286,
euyueuy,1,,euyueuy,286,
rucaco,1,,るかこ,286,
yonesdraws,1,,yonesdraws,286,
anyannko,1,,あにゃんこ,286,
itoko_(ldoll_itk),1,,イトコ,286,
ranran_3939,1,,らんらん,285,
taaru_(taru),1,,タル,285,
ardenlolo,1,,ardenlolo,285,
fafayu,1,,fafayu,285,
runa_(runa7733),1,,煌星るな,285,
manimani_(mani_ma),1,,まにまに,285,
goli_matsumoto,1,,goli_matsumoto,285,
jiusan_naitang,1,,九三奶糖,285,
nori_chazuke,1,,ノリの,285,
heartbreak_juan,1,,heartbreak_juan,285,
yurika-r,1,,yurika-r,285,
chingisu,1,,畠山義崇,285,
b.t._(boob_tong),1,,b.t._(boob_tong),285,
enokido_(reido1177),1,,エノキドォ,285,
bbmasa,1,,bbmasa,285,
tetsubuta,1,,铁豚,285,
gogeyama,1,,gogeyama,284,
amamiyayk,1,,雨宫优子,284,
nao_suke,1,,なおすけ,284,
toriyoshi,1,,とりよし,284,
mani_(manidrawings),1,,まにー,284,
feefal,1,,feefal,284,
mejikara_scene,1,,メジカラシーン,284,
annasui_factory,1,,アンナスイ,284,
hamico,1,,はみこ,284,
matcha_(mattyan),1,,抹茶,284,
araragi_ayune,1,,あららぎあゆね,284,
muonrei00,1,,無音零,284,
nc731,1,,nc731,283,
akagi_shun,1,,紅木春,283,
minami_aomori,1,,南森,283,
nofuture,1,,nofuture,283,
hemorina,1,,知佐桃,283,
nakano_kura,1,,中野くら,283,
mochigome_138,1,,もち米,283,
kainown,1,,kainown,283,
sakuno_(sksk_sakuno),1,,咲乃,283,
beachepisode,1,,beachepisode,283,
naotosi,1,,naotosi,282,
an_sin,1,,안심,282,
rinka_(tonariuta),1,,邻歌,282,
abaraya,1,,アバラ屋,282,
maromichan,1,,まろみ,282,
kojiro337,1,,こじろー,282,
maruko_tooto,1,,丸子とーと,282,
mcdobo,1,,mcdobo,282,
sharktuna,1,,sharktuna,282,
bayeuxman,1,,bayeuxman,282,
reiq,1,,reiq,282,
karyln,1,,キャリン,282,
mysteryctu,1,,mysteryctu,281,
monokubo,1,,もの久保,281,
otokakoto,1,,otokakoto,281,
omochishiki,1,,おもちしき,281,
satchely,1,,satchely,281,
shin_(shin_k009),1,,真,281,
liclac,1,,リクラク,281,
pen_nee_(pensis),1,,ぺんねぇ,281,
ekm,1,,キム,281,
zanqi,1,,zanqi,280,
pungson_mori,1,,pungson_mori,280,
the0neulost,1,,the0neulost,280,
mocamocaink,1,,はち,280,
hoshi_usagi,1,,hoshi_usagi,280,
zasshoku_ojisan,1,,杂食おじさん,280,
miyashiro_ryuutarou,1,,三夜代龙太郎,280,
freely2327,1,,ふりーりぃ,280,
zlix0n,1,,zlix0n,280,
shimizu_akina,1,,アきナ,280,
andii_(anzai_teachco),1,,あんぢい,280,
wuwuren,1,,戊戊人,280,
kurozako,1,,くろざこ,280,
kinese_(katasutorohu),1,,杵濑,279,
arrax_(wdah8558),1,,arrax,279,
mege_(megechan),1,,めげ,279,
helen_zzhao,1,,helen_zzhao,279,
tinybiard,1,,tinybiard,279,
bangqiao_yan,1,,邦乔彦,279,
ibsukionsen,1,,指宿,279,
hanasakichu,1,,花咲ちゆ,279,
kornod,1,,kornod,279,
menomorute,1,,めのもるて,279,
yamabiko1358,1,,ヤマビコ,279,
kay_yu,1,,ケイ ユウ,279,
nogawa_seroly,1,,野川せろり,279,
miyasaka_naco,1,,宫坂なこ,279,
makoron117117,1,,瑪可瀧,279,
koizumi_amane,1,,恋泉天音,279,
monya,1,,monya,279,
najuco_(naju0517),1,,なじゅこ,279,
miru_(mill_36),1,,ミル,279,
ku_roiko,1,,しろいこみ,279,
hinosaki,1,,hinosaki,278,
wei_qie_zaisheng,1,,尾切再生,278,
liang_jiou,1,,涼酒,278,
chuck_(harfmoondark),1,,查查水饺,278,
sengoku_chidori,1,,千石千鵆,278,
mitsumine_(ookami_no_oyashiro),1,,三峯,278,
4rion,1,,4rion,278,
daniel_deng,1,,daniel_deng,278,
imasaki_kei,1,,今咲ケイ,278,
kanro_149,1,,かんろ,278,
sakuraji_tomoka,1,,桜路ともか,278,
yokoyama_kouji,1,,横山コウジ,278,
fuzuki_fuuro,1,,文月ふうろ,277,
komorihikki,1,,こもりひっき,277,
kagato007,1,,kagato007,277,
jitome_no_tsugumi,1,,ジトメのツグミ,277,
freehoney,1,,freehoney,277,
ikameshi_(nega96396),1,,乌贼饭,277,
youguo_naberu,1,,油锅炒菜,277,
shibedraws,1,,shibedraws,277,
raigyo_(mk48torpedo),1,,雷魚,277,
saki_pokeoekaki,1,,saki_pokeoekaki,277,
xlyami,1,,xlyami,277,
oozora_itsuki,1,,大空樹,277,
casytay,1,,casytay,277,
kamu_kotan,1,,かむいこたん,277,
hinben,1,,hinben,277,
maybecrosswise,1,,maybecrosswise,277,
commonalty,1,,일반서민,277,
shift_(shiftillust),1,,shift_(shiftillust),277,
coldmeow,1,,凍喵,276,
cioccolatodorima,1,,cioccolatodorima,276,
autreeyah,1,,樹,276,
edgar_syu,1,,edgar_syu,276,
teketeke_(tasutekete),1,,てけてけ,276,
marghe_bita,1,,호감도다운,276,
blackfangs,1,,红泪,276,
umezawa_itte,1,,梅澤一手,276,
metarogu,1,,めたろぐ,276,
kuresuku_(lessons),1,,くれすく,276,
airenif,1,,airenif,276,
yuushiba,1,,yuushiba,276,
syagamu,1,,シャガム,276,
mashicono,1,,ましこ,275,
haerge,1,,haerge,275,
shiro_wa_(shiroshironix),1,,しろは,275,
jujeop,1,,주접,275,
meekohopanes,1,,meekohopanes,275,
any_(trueblue),1,,あにぃ,275,
j_humbo,1,,ハンボ,275,
dryegen,1,,dryegen,275,
sunameri_(pixiv3564245),1,,すなめり,275,
meibin,1,,meibin,275,
kyuukei_usagi,1,,休憩うさぎ,275,
shiratama_mochi,1,,白玉もち,275,
n_54,1,,ナス,275,
fred04142,1,,水佾,275,
fumiddition,1,,fumiddition,275,
amlichan,1,,amlichan,275,
noah_(rokoroko),1,,のあ,275,
e_v_e_neko,1,,雨宮イブ,275,
hag_(hag_015),1,,hag_(hag_015),275,
hakuyagen_(yoronbi),1,,白夜弦,274,
lkari_shi,1,,lkari_shi,274,
houndeater,1,,houndeater,274,
upache,1,,うぱちぇ,274,
radoremo,1,,どれも,274,
rascal_(feuille),1,,ラスカル,274,
0002koko,1,,0002koko,274,
g1_(jjw00123),1,,g1_(jjw00123),274,
hiyo_kiki,1,,キキ,274,
guzangnanfeng,1,,孤葬南风,274,
marumai,1,,まるまい,274,
kji_(rozo),1,,kji_(rozo),274,
mebunryo_(mebunryo2),1,,めぶんりょう,274,
azakura_(beniyomogi),1,,べによもぎ,274,
ugohato,1,,チャンタ,274,
mikuneki,1,,みく,274,
haru_(haruxxe),1,,春,274,
atenaba,1,,あてなば侑,274,
0nodera,1,,小野寺あき,274,
carternanmen,1,,山楂筋,274,
yonoisan,1,,ヨノイ,274,
suzugahama,1,,鈴が浜,274,
hitode,1,,ひとで,273,
saltyxodium,1,,saltyxodium,273,
smewed,1,,smewed,273,
satogo,1,,サトゴ,273,
aislan,1,,午时葵,273,
nae-nae,1,,なえなえ,273,
ushikani_kassen,1,,ウシウシ＝マクシミリアン・テルミドール,273,
kamiyama_sumu,1,,神山すむ,273,
runlan_0329,1,,らん,273,
homing_(areya),1,,ホーミング,273,
kabu_usagi,1,,カブウサギ,273,
e-fa-dorn,1,,e-fa-dorn,273,
rikka006,1,,リッカ○○六,273,
pinoli_(pinoli66),1,,pinoli_(pinoli66),273,
revenantart,1,,revenantart,273,
heikala,1,,heikala,272,
unreal_fish,1,,unreal_fish,272,
burnt_green_tea,1,,burnt_green_tea,272,
tsushi,1,,津氏,272,
mikakami1e,1,,たまこ,272,
jeff_miga,1,,jeff_miga,272,
umihio,1,,海ヒオ,272,
ririn_(ririn_501),1,,りりん,272,
kuroshiro00,1,,黒白,272,
futoshi_slim,1,,ふとしSLIM,272,
rio_(rio773),1,,리오,272,
sergei_(pattundo),1,,せるげい,271,
kyou_(iuciferic),1,,kyou_(iuciferic),271,
zassyoku_dd,1,,とんぶ,271,
mildt,1,,mildt,271,
yukemuriganmo,1,,ゆけむりがんも,271,
roco_(katsuya1011),1,,ロコ,271,
m0_chi,1,,m0_chi,271,
yukishiro_(hitsuji),1,,ゆきしろ,271,
kurisu_toshi,1,,栗栖歳,271,
houji_tea_latte,1,,ほてら,271,
arnold-s,1,,古兔毒蜥,271,
interruption_(echo-023),1,,interruption_(echo-023),271,
putong_xiao_gou,1,,普通小狗,271,
uz_(uzru0428),1,,유즈,271,
logi_bunbukucha,1,,はしま,271,
high_(hgih),1,,high_(hgih),271,
popochi_fuwa,1,,popochi_fuwa,271,
kakitama,1,,かきたま,270,
lololotton,1,,lololotton,270,
tian_kazuki,1,,tian_kazuki,270,
mame_nabe_donko,1,,豆鍋どんこ,270,
jonyeld,1,,jonyeld,270,
sen_(senkuden),1,,煎,270,
aiue_oka,1,,爱上陆,270,
fried_bocky,1,,fried_bocky,270,
mashikaku_(ma4kaku10fu),1,,ま四角,270,
garukichi,1,,がるきち,270,
hoshiringo0902,1,,星りんご,270,
kazunoko_(kazunoko_zunoco),1,,数の子,270,
yolanda,1,,阿穩同学,270,
foulo_paints,1,,foulo_paints,270,
kurokaji,1,,クロカジ,270,
yuki_flourish,1,,yuki_flourish,270,
33_gaff,1,,33_gaff,270,
maviss_03,1,,maviss_03,270,
pokarii_zuu,1,,pokarii_zuu,269,
huziko32,1,,ふじ子,269,
kashiba_aira,1,,香芝あいら,269,
anonymous_(yu-gi-oh!),1,,【公式】遊戯王OCG,269,
daipunch,1,,だいぱんち,269,
ddcc0123,1,,김동동,269,
ayatori_(aytr),1,,アヤトリ,269,
xixizi,1,,c西西子,269,
cynical_(llcbluckg_c004),1,,cynical_(llcbluckg_c004),269,
rakugaki_ningen,1,,rakugaki_ningen,269,
hangaku,1,,hangaku,269,
nagata_gata,1,,我方方块,269,
pipi_(pipinavigation),1,,pipi_(pipinavigation),268,
senapops,1,,senapops,268,
miya-chan_(lightning0730),1,,みやちゃん,268,
hano9789,1,,하노,268,
wonnikon,1,,wonnikon,268,
gobi_(jtnyrwbkohiqsuldg),1,,語尾,268,
lyun,1,,ゅん,268,
nishino_hikoji,1,,西野,268,
samart,1,,samart,268,
hirakawa,1,,ひらかわ,268,
keibleh,1,,keibleh,268,
felipe_godoy,1,,felipe_godoy,268,
azna,1,,azな,267,
soso_(chlgksk110),1,,ソソ,267,
tsunemoku,1,,ツネモク,267,
pettan_(zeez4743),1,,ペッたん,267,
hitokoto,1,,hitokoto,267,
mzrz,1,,mzrz,267,
tsukasa_(tukasa_br),1,,つかさ,267,
nekonosuke,1,,猫乃介,267,
yakaze_(yakaze1604),1,,やかぜ,267,
sarcophage,1,,sarcophage,267,
nishiki_kazue,1,,かずえ,267,
chacham,1,,chacham,267,
honeycomebear,1,,ハニカムベアー,267,
ayano_naoto,1,,綾野なおと,267,
tyrnickleback,1,,tyrnickleback,267,
rifufu,1,,りふ,267,
yabarn,1,,ヤバーン,267,
pe88y_(yu_tsugirls),1,,ぺぐ,267,
picturd,1,,picturd,267,
myowa,1,,myowa,266,
akai_(riaakai),1,,akai_(riaakai),266,
avater,1,,あばたー,266,
jean.organ,1,,Jean基恩鲸,266,
q_(oshikuraq),1,,q_(oshikuraq),266,
notgustiarp,1,,notgustiarp,266,
chroong,1,,크로옹,266,
jagoo,1,,jagoo(傑歌,266,
minahamu,1,,みなはむ,266,
nin_nin!,1,,[忍]²,266,
evan_yang,1,,Evan揚,266,
yamanakaume,1,,山中梅,266,
tachibana_omina,1,,立花オミナ,266,
b_suke,1,,bすけ,266,
kurokawa_karasu,1,,黒川karasu,265,
koyuuuuuuuuuuu,1,,koyuuuuuuuuuuu,265,
nobusawa_osamu,1,,信澤収,265,
bartolomeobari,1,,bartolomeobari,265,
azumaya_toride,1,,東屋とりで,265,
rie_(reverie),1,,イラスト,265,
yubeshi_(zecxl),1,,ゆべし,265,
ookawara_kunio,1,,大河原邦男,265,
bluekomadori,1,,コマドリ,265,
yatani_row,1,,だるた,265,
sirano,1,,sirano,264,
rancidronin,1,,rancidronin,264,
senzoc,1,,せんぞく,264,
kakaricho_dairi,1,,係長代理,264,
takisou_sou,1,,亜樹,264,
lichiko,1,,リチコ,264,
jenjen,1,,ネ貞,264,
nisp_art,1,,nisp_art,264,
fusuma_(suwaru_boom),1,,ふすま,264,
she_(morianosu),1,,she_(morianosu),264,
urabanasimati,1,,うらばなし,264,
cbgb,1,,cbgb,264,
itefu,1,,およ,264,
naoko_(naonocoto),1,,なお子,264,
xiongmao,1,,熊猫,264,
kohatsuka,1,,コハツカ,264,
jumonji,1,,十文字,263,
ringobatake,1,,りんご畑,263,
melissa_v2,1,,メリッサ,263,
kirameki_(rikukaikuu),1,,kirameki_(rikukaikuu),263,
y_(nekoyanagi),1,,ねこ柳,263,
mkt_(buizu-miki),1,,mkt_(buizu-miki),263,
riseno,1,,Adoセンス,263,
memeh,1,,memeh,263,
taiyaki12,1,,taiyaki12,262,
nieto_tokage,1,,にe,262,
anjuro_zeeku,1,,anjuro_zeeku,262,
orlek,1,,orlek,262,
gan2,1,,gan2,262,
manme,1,,manme,262,
adelie_cat,1,,adelie_cat,262,
hirosenpai,1,,hirosenpai,262,
hufy,1,,hufy,262,
yumykon,1,,yumykon,262,
momiji_(moj_0404),1,,もみじ,262,
jamesrt,1,,jamesrt,262,
substance20,1,,substance20,262,
tomatolover16,1,,tomatolover16,262,
madyy,1,,MadYY正在加载中,262,
oz_ma33,1,,おずま,262,
oninamako,1,,おになまこ,262,
kisumi_rei,1,,木澄玲生,262,
mola_mola,1,,モラモラ,262,
tetenka,1,,ててんか,261,
enarane,1,,enarane,261,
ririko_(fhnngririko),1,,粉红黏黏怪,261,
buchi_(y0u0ri_),1,,ぶち,261,
yotsuha_uni,1,,yotsuha_uni,261,
noixen,1,,ノイ,261,
rui_rui_rui0122,1,,風鳴翼＆天羽奏ファンクラブ,261,
ouge_dz,1,,浪晴鸥沙,261,
smjim1986,1,,smjim1986,261,
acedia,1,,acedia,261,
hoshizora_no_shita,1,,星空の下,261,
yurano_(upao),1,,うぱお,261,
micchan_(micchanmeido),1,,みっちゃん,261,
tsunbeji,1,,つんべじ,261,
radiostarkiller,1,,radiostarkiller,261,
shibuya_(kurokamishain),1,,成岛春,261,
shiwudesu,1,,shiwudesu,261,
mutomorokoshi,1,,無糖,261,
eds,1,,eds,261,
ebata_risa,1,,小娘,261,
indai_(3330425),1,,因太,261,
red-rum,1,,red-rum,261,
neko_kyo,1,,ダイナみてー,261,
adomi,1,,あどみーせらせら,261,
tsukiriran,1,,まぐろ,261,
shigure_(sigre),1,,時暮,261,
bishooji,1,,びしょおじ,260,
nagomu_7_56,1,,なごむ,260,
aoi_zerii,1,,零度,260,
yagidon,1,,山羊印文庫,260,
yakku,1,,竹馬,260,
nantekottawo!!,1,,nantekottawo!!,260,
kagura_yuuto,1,,神乐优人,260,
sakuya_(liao_kj),1,,ムーン,260,
r123,1,,r123,260,
azuki_(az_my),1,,アズキ,260,
7a_(se7ena),1,,7a_(se7ena),260,
vialnite,1,,vialnite,260,
dizi930,1,,占用昵称用,260,
ningmeng_jing_jing_jing_jing,1,,柠檬静静静静,260,
ranhatu,1,,乱発,260,
tera_dash,1,,テラ',260,
elphe,1,,elphe,260,
weyowang,1,,weyowang,260,
nayt_layt,1,,nayt_layt,260,
leveen,1,,leveen,260,
yuchi_(salmon-1000),1,,ゆち,260,
ivy_(675671),1,,ivy_(675671),260,
suzuki_rika,1,,鈴木理華,260,
ichidai_taisa,1,,いちだい,260,
ge_dazuo,1,,Zuo大鴿,260,
minuspal,1,,minuspal,260,
akure_ekuto,1,,吾暮えくと,260,
veyonis,1,,veyonis,260,
iris-san,1,,アイリス,259,
lengkuass,1,,レンクアス,259,
tsukumi_bis,1,,tsukumi_bis,259,
yogurt_pt,1,,yogurt_pt,259,
kamuo,1,,kamuo,259,
umberblack,1,,雨城,259,
otomeza_ryuseigun,1,,おとめ座流星群,259,
h2o_omizu,1,,h2o_omizu,259,
ganaishoten,1,,ガナイショウ,259,
abpart,1,,abpart,259,
lao_ren_xing,1,,lao_ren_xing,259,
nuka_(nukamochi),1,,ぬか,259,
wanaca,1,,wanaca,259,
asami-chan,1,,asami-chan,259,
submashell,1,,submashell,259,
ozzyart_0221,1,,ozzyart_0221,259,
oriue_wato,1,,織上ワト,259,
alten,1,,alten,259,
re_naya,1,,re_naya,259,
gotou_junji,1,,后藤润二,259,
xiao_sa_(hayatekkk),1,,SA小飒,259,
amao_miyuki,1,,アマタリ,259,
kani_(kaniya),1,,かに,259,
zer00han,1,,zer00han,258,
klopsiak,1,,klopsiak,258,
moursho,1,,moursho,258,
watanabe_tomari,1,,わたなべ,258,
tojo_aoi,1,,かちかちぴろー,258,
maruino,1,,マルイノ,258,
guumin,1,,グウミン,258,
niseneko_(mofumofu_ga_ienai),1,,偽猫,258,
osanai_sanday,1,,幻井,258,
shiro_piazi,1,,Pia子,258,
tenroy,1,,tenroy,258,
wolffeld_price,1,,きれいな梨,258,
grimmelsdathird,1,,grimmelsdathird,258,
chippai_(aioueaaa),1,,狛犬,258,
gapamopa,1,,gapamopa,258,
dan-98,1,,ダン,258,
fuka_(kantoku),1,,麩香,258,
nanjo_maya,1,,マナ,258,
mitsuashi_kurae,1,,御嗣葦昏衛,258,
the_seiji,1,,青空みどり,258,
leavv,1,,leavv,258,
andaerz,1,,andaerz,258,
south_ac,1,,夜,257,
82jhin,1,,82jhin,257,
qiu_ju,1,,秋橘,257,
ommmyoh,1,,おみょ,257,
shiba_(zudha),1,,柴,257,
knowname,1,,knowname,257,
willfin,1,,神鱈,257,
mame_komari,1,,まめ助,257,
toukan,1,,とーかん,257,
j.moon,1,,j.moon,257,
lsssssss,1,,lsssssss,257,
nekoma_hikaru,1,,猫間光,257,
lk_(lk00),1,,lk_(lk00),257,
waira,1,,猥裸,257,
anbe_masahiro,1,,安部真弘,257,
nazo_no_diaboro,1,,ナーゾ,257,
rokuya_(68_zusao),1,,うさぎの工房,257,
cotta_(heleif),1,,cotta_(heleif),257,
mamei_mema,1,,おびーんず,257,
koshigaya_tatsumi,1,,こしがや,257,
amano_(amano_miko),1,,あまの,256,
kasukasugom1,1,,ぴ,256,
yamikyon,1,,やみきょん,256,
rui_(rei_leyi),1,,rui_(rei_leyi),256,
wakaba_(wata_ridley),1,,わたりどりぃ,256,
aku0,1,,あく,256,
meoyo,1,,モヨ,256,
07nono06,1,,のの,256,
nohhun,1,,のっふん,256,
stank,1,,可持续戒烟,256,
chushou_jiang,1,,触手酱,256,
riko-m,1,,riko-m,256,
yutokamizu,1,,yutokamizu,256,
cui_pi_zha_xia_qiu,1,,脆皮炸蝦球,256,
yinzinmiemie,1,,吟子,256,
nighthawk,1,,ナイトホーク,256,
hyoe_(hachiechi),1,,ハチBEE,256,
yoshida_seiji,1,,吉田诚治,256,
ocza,1,,おしざー,256,
nixour,1,,nixour,256,
lightria,1,,lightria,255,
plentyofempty,1,,空白,255,
petako_(ptpt_k),1,,petako_(ptpt_k),255,
gravydood,1,,gravydood,255,
gorirago,1,,ごりらご,255,
diana_naitari,1,,diana_naitari,255,
tsukihi_shida,1,,tsukihi_shida,255,
kuraki,1,,座木,255,
kicchi_(tmgk),1,,きっち,255,
hold111,1,,hold111,255,
machuuu68,1,,machuuu68,255,
fukemachi,1,,ふけまち,255,
shiburingaru,1,,シブリン,255,
haz,1,,焚崎,255,
shikimi_(yurakuru),1,,しきみ,255,
ugaaaa1,1,,울보알파카,255,
macaronk,1,,まかろんＫ,255,
rosumerii,1,,rosumerii,255,
tsukasa_(tsukasa_mimizuku),1,,ツカサ,255,
jishou_210,1,,jishou_210,255,
musasabiop,1,,むささび,255,
houkai_(collapse_illust),1,,崩壊,255,
kamii_momoru,1,,kamii_momoru,254,
fi_zz_ill,1,,fi_zz_ill,254,
akasaka_yuzu,1,,akasaka_yuzu,254,
misoshiru_umai4,1,,みそしる,254,
pantheon_eve,1,,pantheon_eve,254,
gurasion,1,,ぐらしおん,254,
yzj21333,1,,八爪鱼仔仔,254,
ash_(cat7evy),1,,플랑님,254,
kakeku,1,,kakeku,254,
mizuki_riko,1,,水樹リコ,254,
kimihitsuji,1,,キミヒツジ,254,
meeeeeeco359,1,,meeeeeeco359,254,
kagemusya,1,,影武者,254,
shinori,1,,しのり,254,
0202ase,1,,0202ase,254,
kome_cola,1,,お米提督,254,
cero_rains,1,,cero_rains,254,
hakushaku_(hakus_1128),1,,伯爵,254,
barkhorn0331,1,,鳥田,254,
asakura_maru,1,,亜桜まる,254,
shiro_font,1,,白子f,254,
limart,1,,limart,254,
weeze,1,,weeze,254,
msp_sammy,1,,木下沙沙美,253,
kay-i,1,,kay-i,253,
udon_(udonalium),1,,うどん,253,
cruzvu,1,,cruzvu,253,
dclaret,1,,dclaret,253,
windmill_(windmillg),1,,windmill_(windmillg),253,
abaji,1,,アバジ,253,
futaba969649,1,,なゆた,253,
yuio58ok,1,,yuio58ok,253,
akagi_koku,1,,あかぎ,253,
oobari_masami,1,,大張正己,253,
john_(a2556349),1,,じょん,253,
moonjunk,1,,moonjunk,253,
kisaragi_koushi,1,,きさらぎ,253,
poruserin,1,,ぽるせりん,253,
ai_shou,1,,ai_shou,253,
f.w.zholic,1,,f.w.zholic,253,
gofa,1,,gofa,253,
ogata_(ogt_illust),1,,オガタ,252,
basukechi,1,,basukechi,252,
zhazhapao,1,,炸炸泡,252,
sakkan,1,,サッカン,252,
elegomosu,1,,エレゴモス,252,
talgi,1,,タルギ,252,
jfjf,1,,jfjf,252,
kaito_(kaixm),1,,海兎,252,
rosie_rosie,1,,毒薔薇,252,
yupo_0322,1,,yupo_0322,252,
toji_(y2toj2),1,,冬至,252,
yurumawari,1,,しまのpawoo,252,
anima_miko,1,,カニマグロ,252,
riffraffhellyea,1,,riffraffhellyea,252,
igashiko,1,,いがしこ,252,
yutukicom,1,,yutukicom,252,
haru_maron,1,,さぶまろん,252,
u_da_desu,1,,うーだー,252,
penguintake,1,,pen銀,252,
noa_(skae3323),1,,ノア,252,
sanuki_(kyoudashya),1,,さ抜き,252,
yuzuha_(yuzutime),1,,ユズハ,252,
shocho_(shaojiujiu),1,,砂糖,252,
hamano_yui,1,,浜野ゆい,252,
ye_dian_pikaqiu,1,,夜电皮卡丘,252,
torino_sasami,1,,T・ささみのお絵描きアカウント,252,
byuub,1,,뷰웁,251,
komanami_kawaii,1,,komanami_kawaii,251,
sach56000,1,,sach56000,251,
tabibitowayo,1,,tabibitowayo,251,
yesman_(cvbnyesman),1,,yesman_(cvbnyesman),251,
spoiledmuffin,1,,spoiledmuffin,251,
hidis0086,1,,ヒディス,251,
nishiii26miii,1,,西,251,
kanae_(cookie),1,,かなえ,251,
riokasen,1,,riokasen,251,
gachon_jirou,1,,がちょん次郎,251,
waffuum,1,,抹茶わっふる,251,
nisakusa,1,,nisakusa,251,
motono_(sakamotono),1,,サカモトノ,251,
mahcdai,1,,マッハダイ,251,
moni_monico,1,,moni_monico,251,
ushimittsu,1,,ウシミッツ,251,
hanh_chu,1,,芳幸,251,
amondetauro,1,,amondetauro,251,
awesomeerix,1,,awesomeerix,251,
tranquillianusmajor,1,,しこる,251,
jamjamstyle,1,,jamjamstyle,250,
taowu_(20809),1,,八坂犬,250,
kornart,1,,kornart,250,
jagi_(jagi_souken),1,,じゃぎ,250,
oftooon,1,,オッフトゥン,250,
jmc5221,1,,jmc5221,250,
gengoroh,1,,ごん,250,
sframboob,1,,sframboob,250,
shinohara_shinome,1,,しのはらしのめ,250,
ev_(dai00888),1,,エッヂビデオ,250,
kyo_zip,1,,狂zip,250,
baketsuya,1,,バケツ屋,250,
akagi_rio,1,,赤木リオ,250,
haun,1,,haun,250,
ninjin_(ne_f_g_o),1,,にんじん,250,
ayakaze_ryuushou,1,,綾風柳晶,250,
hara_yui,1,,原悠衣,250,
natsuishi_nana,1,,夏石名無,250,
celebelian,1,,celebelian,249,
kurochanai,1,,kurochanai,249,
di_le_to,1,,di_le_to,249,
mutsuki_(mutsuki0110),1,,睦月,249,
oishii_sasa,1,,おいしい笹,249,
vodka13,1,,vodka13,249,
trimbil,1,,trimbil,249,
jvn,1,,jvn,249,
niru_(ka_k_0517),1,,ライ,249,
yaa-kun,1,,やーくん,249,
yunsang,1,,雲桑,249,
gongbangmanchi_(daisy_cutter),1,,공방망치,249,
holeecrab,1,,holeecrab,249,
hime_(himetya105),1,,hime_(himetya105),249,
hiro_(05112423),1,,博,249,
asahisa_(jh),1,,猫ビール,249,
uraki,1,,uraki,249,
shibakame,1,,しばかめ,249,
chikafumikou,1,,ちかふみこう,249,
bf._(sogogiching),1,,소고기친구,249,
opalis,1,,opalis,249,
minami_juujisei,1,,かぜうま,249,
shen_bi_ren_(user_rjgy2824),1,,申必人,249,
sa-dui,1,,sa-dui,249,
gurenola,1,,まよ,249,
sian,1,,しあん,249,
bentouoic,1,,bentouoic,249,
miao_jiangyou,1,,喵酱油,248,
sunya_(honorin-yuunibo),1,,すにゃ,248,
koppamu,1,,こっぱむ,248,
88_(einnimnech),1,,88_(einnimnech),248,
zealyush,1,,zealyush,248,
error1980,1,,error1980,248,
ya_ta,1,,䓉荼,248,
kirisaki_reina,1,,霧崎れいな,248,
cheogtanbyeong,1,,척탄병(擲彈兵,248,
shano_hiyori,1,,茶乃ひより,248,
nendo23,1,,ねんど,248,
kiimorisame,1,,kiimorisame,248,
takemura_kou,1,,竹村コウ,248,
mizu_cx,1,,mizu_cx,248,
zeroartwo,1,,円,248,
moja_(moja4192),1,,もじゃ,248,
bacun,1,,bacun,248,
kokoro_no_koibito,1,,kokoro_no_koibito,248,
tamaru_makoto,1,,田丸まこと,248,
eriimyon,1,,eriimyon,248,
hiroyama_hiroshi,1,,广山弘,248,
kili_kilio,1,,kili_kilio,248,
egawa_akira,1,,江川あきら,248,
maton_3110,1,,羊野郎,247,
liukensama,1,,liukensama,247,
xuuikie_ashe,1,,xuuikie_ashe,247,
r-e-l-o-a-d,1,,r-e-l-o-a-d,247,
wersman,1,,wersman,247,
kein_hasegawa,1,,けいん,247,
nekomiya_mizuki,1,,ねこみや,247,
vizaz,1,,vizaz,247,
taro_(peach_taro51),1,,taro_(peach_taro51),247,
shimo_(shimo332215),1,,しも,247,
auui,1,,あううぃ,247,
shin_iroenpitsu,1,,シン,247,
wagu_neru,1,,和久ネル,247,
appleseed_(appleseed_art),1,,appleseed_(appleseed_art),247,
toraneko_2,1,,木神明乃,247,
arlizi,1,,栗,247,
momomoi_momoi,1,,momomoi_momoi,247,
runa_(nori31291404),1,,ルナ,247,
mizuiro123,1,,かずき,247,
qian_hen,1,,浅痕,247,
acomu414,1,,음악한모금,247,
takana_(nanao),1,,七生,247,
chaakusu,1,,ちゃーくす,247,
mebaru,1,,めばる,247,
rynn_(darknescorez),1,,rynn_(darknescorez),247,
monaim,1,,모나임,247,
nanja,1,,何田寒天,247,
osulan,1,,osulan,246,
runyo_(yale12312),1,,跑跑鼬,246,
suga_hideo,1,,スガヒデオ,246,
io_(onisarashi),1,,io_(onisarashi),246,
neal_d._anderson,1,,neal_d._anderson,246,
natsuhiko,1,,夏彦,246,
kwaejina,1,,kwaejina,246,
kindatsu,1,,きんだつ,246,
kein_v,1,,kein_v,246,
oyuwari,1,,おゆわり,246,
ryoku_sui,1,,緑翠,246,
simosi,1,,シモシ,246,
aiko_(kanl),1,,aiko_(kanl),246,
almualim,1,,almualim,246,
momonosuke_(u-ma991028),1,,桃之助,246,
akagi_(sk0127aho),1,,赤木,246,
tanu_(ace_ikachan),1,,たぬ,246,
shouxishao_jiuyuan,1,,寿喜烧九原,246,
creamyghost,1,,creamyghost,246,
timmy_yen,1,,timmy_yen,246,
himeliofon,1,,himeliofon,246,
eneshi,1,,へねし,245,
gurajio,1,,ぐらじお,245,
chinnpou,1,,chinnpou,245,
dai-xt,1,,ダイエクスト,245,
toma_(toma50),1,,トマ,245,
sang_sha,1,,桑沙,245,
sekijaku,1,,sekijaku,245,
sasakura_momiji,1,,笹倉紅葉,245,
kitagawa_mikio,1,,北川未树央,245,
allitell,1,,allitell,245,
uekura_eku,1,,上倉エク,245,
uwasewau,1,,上濑わう,245,
ap_cammy,1,,ap_cammy,245,
yatanukikey,1,,弥贯圭,245,
iro_(sekaixiro),1,,色さん,245,
gtunver,1,,gtunver,245,
kusagami_style,1,,草神,245,
dango_remi,1,,傲娇团子DanGo,245,
studiopokotan,1,,スタジオぽこたん,245,
zhaoyebai,1,,照夜白,245,
aircell,1,,aircell,245,
shiroi_tansu,1,,白い箪笥,245,
ishihara_(kuniyoshi),1,,石原龙也,245,
sahara1127,1,,sahara1127,245,
hiyayaako,1,,冷ややっこ,245,
mocomori,1,,mocomori,244,
tinia_etru,1,,tinia_etru,244,
defaultz,1,,defaultz,244,
suzubotan,1,,すずぼたん,244,
matcha_kingyo,1,,砂浜ラブ,244,
murano_machi,1,,村乃まち,244,
kubo_tite,1,,久保带人,244,
mayuri_kaichou,1,,まゆり会長,244,
kamaniki,1,,kamaniki,244,
numanoan,1,,numanoan,244,
welchino,1,,welchino,244,
rem_(eyes_410),1,,麗夢,244,
hwan_(mob_hwan),1,,hwan_(mob_hwan),244,
unanooo_(fthx7532),1,,うなの,244,
barry_nah,1,,barry_nah,244,
zeronis,1,,zeronis,244,
kiritani_(marginal),1,,桐谷,244,
raneblu,1,,raneblu,244,
alonemistrist,1,,芊,244,
nanimonothing,1,,何奴,244,
turbulence,1,,turbulence,244,
studiolg,1,,studiolg,244,
tobi_(kotetsu),1,,チクワブ,244,
cho!cho!,1,,チョチョ,244,
raberu_ruru,1,,らべる,244,
dopamine70,1,,김현경,244,
d_omm,1,,おみも,244,
chobi_(penguin_paradise),1,,ちょび,243,
channel_(caststation),1,,channel_(caststation),243,
totomono,1,,とともの,243,
aiharararara,1,,aiharararara,243,
pi_tayuko,1,,πたゆこ,243,
lovelobten,1,,양올,243,
seero,1,,seero,243,
mogi_yasunobu,1,,茂木康信,243,
noiretox,1,,noiretox,243,
buta_tsuzumi,1,,豚じまん,243,
kapuri_(capuriwa),1,,カプリ,243,
yuji_(fantasia),1,,第七定义,243,
dango_(uni_520),1,,団子,243,
sanshoku_dango_(shukosuko),1,,三色团子,243,
somehira_katsu,1,,染平かつ,243,
fuyudori_yukino,1,,冬鳥有希乃,243,
yutsumoe,1,,ゆつもえ,243,
akagi_natsuichi,1,,赤城ナツイチ,243,
d.y.x.,1,,一个绝望的嬷嬷,243,
d.k,1,,ディーケー,243,
renocoffee,1,,renocoffee,243,
note2000,1,,노트,243,
elocca,1,,いろか,243,
monbetsu_kuniharu,1,,門別,243,
bang_dacy,1,,bang_dacy,243,
zhen_lu,1,,珍绿,243,
kibadori_rue,1,,きばどりリュー,243,
qyzhiaiyisheng,1,,大锤醒醒老婆带了软饭来,243,
nagasawa_shin,1,,j村,243,
yu_(stdio_nameraka),1,,游,243,
14_(vision5032),1,,14_(vision5032),243,
kuri_(animejpholic),1,,栗,243,
tyrzul,1,,tyrzul,243,
hm_(mhm2592),1,,hm_(mhm2592),243,
eggplant7217,1,,そーや,243,
chariko,1,,chariko,243,
kusujinn,1,,kusujinn,242,
gulim,1,,gulim,242,
mimulishizi,1,,水稻人,242,
soesoe300,1,,soesoe300,242,
kumasteam,1,,kumasteam,242,
mituyota_76,1,,よたか,242,
pleasedbyviolet_(voice_actor),1,,pleasedbyviolet_(voice_actor),242,
zuisetsu,1,,ずいせつ,242,
yuzutei,1,,かんかぎにせんこ,242,
peter_salt,1,,ぴぃたぁそると,242,
akehi_yuki,1,,緋比,242,
fieryonion,1,,燃えるたまねぎ,242,
dio_nand,1,,だいおん,242,
kyano_(kyanora3141),1,,きゃの𓆐,242,
yami_anko,1,,みつかん,242,
amagi_shino,1,,うたげ,242,
hikawayunn,1,,内陆帝国,242,
seiryo0425,1,,清涼,242,
hana_ni_nare,1,,hana_ni_nare,242,
80isiiii,1,,八十年代落魄機,242,
wulie_errr,1,,乌列er,242,
ange_(angeban93),1,,ange_(angeban93),242,
ryuuga_shou,1,,龍牙,242,
ukei624,1,,右脛,242,
bbaltong,1,,パントン,242,
decoponmagi,1,,不知火博士,242,
rita_ya,1,,rita_ya,242,
harenchi,1,,はれんち,242,
yamane_masahiro,1,,やまねまさひろ,242,
kakiman,1,,kakiman,242,
idfer,1,,idfer,242,
cc_lin,1,,cc_lin,241,
igiroitsu,1,,イギロイツ,241,
suicabar72,1,,祐紀,241,
hitomin_(ksws7544),1,,祥哉,241,
wani_(perfect_han),1,,wani_(perfect_han),241,
zerotwenty_(020),1,,zerotwenty_(020),241,
pandoa_(mikage0495),1,,ぱんどあ,241,
minowa_sukyaru,1,,三ノ輪すきゃる,241,
akasaka_sato,1,,akasaka_sato,241,
yagisawa_teru,1,,やぎさわてる,241,
alu.m_(alpcmas),1,,alu.m_(alpcmas),241,
umehara_sei,1,,小型中和剂,241,
komatsu_(sakanae),1,,小松,241,
kuroneko_douji,1,,黒猫童子,241,
ibenz009,1,,ibenz009,241,
cinamon_(cinamori),1,,シナモン,241,
yomogi_dango,1,,よもぎ团子,241,
sierra117renner,1,,sierra117renner,241,
star741,1,,star741,241,
gertie_(poranka),1,,gertie_(poranka),241,
eshineko,1,,えしねこ,241,
nephthys2356,1,,ねふてゅす,241,
hyonee,1,,ヒョニー,241,
batta_(kanzume_quality),1,,佐山直川,241,
masshirokachi,1,,まっしろかち,241,
danboru_(jdanboru1182),1,,だんぼる,241,
senta_(ysk_0218),1,,丰桥仙太,241,
cang_(akaga204),1,,仓鼠,241,
linterteatime,1,,linterteatime,241,
yamada_satoshi,1,,山田サトシ,241,
fuwamoko_momen_toufu,1,,ふわもこ木綿豆腐,241,
91007,1,,91007,241,
sakutake_(ue3sayu),1,,咲竹ちひろ,241,
mitama_mudimudi,1,,三玉むぢむぢ,241,
butter_sugoi,1,,butter_sugoi,241,
zhili_xingzou,1,,直立行走,241,
sin_(sintrybest),1,,sin_(sintrybest),240,
nenbuta,1,,尼野じゃっく,240,
hidaruma,1,,ヒダルマ,240,
kdash,1,,疾速k,240,
madaotheory,1,,madaotheory,240,
paundo2,1,,パウンド,240,
nabeyu,1,,なべゆ,240,
hanataka_retomo,1,,はなたかれとも,240,
saine,1,,さいね,240,
hiiro_h,1,,ひいらぎひいろ,240,
my_loleeta,1,,my_loleeta,240,
z.m._(zimin),1,,子敏,240,
yknsugar,1,,ユキノシュガー,240,
nanikairu,1,,なにかいる,240,
kemonomichi_(blue_black),1,,兽道,240,
fay_(fay_axl),1,,ファイカプリコ,240,
cui_suika,1,,萃,240,
wei_(promise_0820),1,,蔚,240,
aoiabyss,1,,aoiabyss,240,
beidieryou,1,,贝迪尔又,240,
maidforge,1,,メイドフォージ,240,
obazzotto,1,,obazzotto,240,
joosi,1,,joosi,240,
shali,1,,砂粒,239,
tomatoketchup96,1,,최우재,239,
arbuz_budesh,1,,arbuz_budesh,239,
junjun_(kimi-la),1,,君君,239,
yuyu_(oiun461),1,,ゆゆ,239,
sangobob,1,,상어밥,239,
maka_(maka04021),1,,마카,239,
kaninn,1,,甘木杏,239,
nawakena,1,,なわけな,239,
ryokuno_green,1,,緑乃,239,
o-los,1,,머쓲,239,
fuyuno_yuuki,1,,冬野ユウキ,239,
mojacookie,1,,もじゃクッキー,239,
eneko_(olavcnkrpucl16a),1,,えねこ,239,
kaiduka_akuta,1,,貝塚芥,239,
kaerunrun,1,,カエルンルン,239,
@est@,1,,エスト,239,
kushinaka,1,,硯,239,
anima_(togashi),1,,anima_(togashi),239,
macbail,1,,漆田,239,
mosley_(mosleyyy),1,,mosley_(mosleyyy),239,
himitsu_(iemaki),1,,蜜酱（ひみつ）,239,
yakou_(4507770),1,,夜光,239,
scruffyturtles,1,,scruffyturtles,239,
ata_(tsumari),1,,アタ,238,
wsfw,1,,我永远喜欢让巴尔,238,
gya_rb,1,,가리비,238,
nikumaru,1,,肉丸,238,
giryu,1,,giryu,238,
asterozoa,1,,asterozoa,238,
elegant_(sumisumi4268),1,,えれがんと,238,
roncostar,1,,roncostar,238,
yukiri_(l_ii),1,,雪理,238,
john_zhang,1,,john_zhang,238,
tsuru_(thunder_tsuru),1,,つる,238,
sana!rpg,1,,sana!rpg,238,
nonddu,1,,nonddu,238,
sabisabi,1,,さびさび,238,
dokimaru,1,,dokimaru,238,
chutohampa,1,,よろづ屋tom,238,
okubatomaeba,1,,おくば,238,
laxiusart,1,,laxiusart,238,
uni_ikura,1,,うにいくら,238,
gohanduck,1,,早饭饭饭饭,238,
su_(sajo_su5),1,,su_(sajo_su5),238,
ishikawa_hideki,1,,石川ヒデキ,238,
koze_niire,1,,コゼ・ニーレ,238,
ikada_kai,1,,伊科田海,238,
akihiyo,1,,アキヒヨ,238,
ewokakukaede,1,,ewokakukaede,238,
jam-orbital,1,,jam-orbital,238,
mentei_yakuna,1,,めんていやくな,238,
cheri_zao,1,,チェリ藻,238,
oniyama831,1,,鬼山瑞樹,238,
sentter,1,,sentter,238,
shi_(kamokamo910),1,,芝,238,
mintice_(asatsukimint),1,,みんとあいす,237,
fuwafuwatoufu,1,,ふわふわ豆腐,237,
sb_lama,1,,쌍봉라마,237,
greenkohgen,1,,ぐりこげ,237,
2dswirl,1,,2dswirl,237,
shimofuri,1,,霜降,237,
ayacho,1,,綾町,237,
chandllucky,1,,chandllucky,237,
calpis118,1,,calpis118,237,
yuu_(yumezakura),1,,由宇,237,
gwan-e,1,,gwan-e,237,
amazu_(kurozu),1,,amazu_(kurozu),237,
secretfj520,1,,緋潔,237,
iwawa,1,,イワワ,237,
shio_(shiofeifei),1,,しお,237,
tobo_katsuo,1,,タダノカツオ,237,
fuzzlogik,1,,fuzzlogik,237,
yui_(niikyouzou),1,,唯,237,
suzutarou_gunsou,1,,すずたろー軍曹,237,
autumn-sacura,1,,autumn-sacura,237,
murasaki_himuro,1,,村先ヒムロ,237,
mototenn,1,,しゃもじ太郎,237,
pepsi2330,1,,ペプシ,237,
james_turner,1,,james_turner,237,
momentcorefly,1,,モコプル,237,
tyuga,1,,ちゅが,237,
seijousai,1,,seijousai,237,
mechuragi,1,,엔꽁,237,
sattinittas,1,,さっちん,237,
gogono_pan'ya,1,,午後パン,237,
oomasa_teikoku,1,,大正帝国,237,
kumamoto_(bbtonhk2),1,,くまもと,237,
yunweishukuang,1,,云尾疏狂,237,
xi_yuu,1,,穸钰,237,
sasasi,1,,sasasi,237,
lucidsky,1,,lucidsky,237,
yoko.u,1,,内田陽子,236,
niku_(hamuchang),1,,肉,236,
kenatosne,1,,kenatosne,236,
ketopon,1,,けとぽん,236,
hiroki-art,1,,ヒロキ,236,
ne2op,1,,被退掉的第三十个乐队,236,
gjh,1,,gjh,236,
moepu.,1,,もえぷ。,236,
iury_padilha,1,,iury_padilha,236,
langley1000,1,,langley1000,236,
cior,1,,ケンイチ,236,
rank_alee,1,,アランK,236,
sasabunecafe,1,,sasabunecafe,236,
natsuyiro_x,1,,夏色,236,
ayu_(ayu_illustrate),1,,あゆ,236,
ema_(kuguiema),1,,えま,236,
haruka_(rsyaooooo),1,,はるか,236,
yappariga,1,,ゆぐゆぐ,236,
sushi_(sashimise),1,,さし,236,
sarfata,1,,さふぁ太,236,
amakura_(am_as),1,,アマクラ,236,
matsubara_hidenori,1,,松原秀典,236,
saisoku_no_yukkuri,1,,最速のゆっくり,236,
linda,1,,linda,236,
nano_(nanosize),1,,nanosizeな画像保管庫,236,
andrewcockroach,1,,andrewcockroach,236,
iesonatana,1,,iesonatana,236,
aogiri_penta,1,,あおぎりぺんた,236,
ajidot,1,,아지돋,236,
clouble,1,,clouble,236,
usagimiko,1,,ウサギMIKO,236,
mogura2009,1,,藻蔵（もぐら,235,
eextrovrt,1,,eextrovrt,235,
ekoru,1,,Ekoru(エコル,235,
haro_art,1,,haro_art,235,
ye_fan,1,,葉凡,235,
katsu_(katsupainter),1,,かつ,235,
erasorpepero,1,,erasorpepero,235,
etchimune,1,,etchimune,235,
piyo_(kinkooo333),1,,ぴよ,235,
akiyama_cz4a,1,,秋山,235,
yadu_nadu,1,,やづな,235,
kunugi_miyaco,1,,クヌギミヤコ,235,
200f_(nifu),1,,200f_(nifu),235,
takepon1123,1,,takepon1123,235,
kumoru_(kumoru_145),1,,クモル,235,
asatani_tomoyo,1,,まやちせ,235,
rizu033,1,,rizu033,235,
gino_(gino_h),1,,gino_(gino_h),235,
kele_mimi,1,,可乐米,235,
tsurumi_kazane,1,,つるみかざね,235,
ezaki_bisuko,1,,江崎びす子,235,
hinemosu_notari,1,,ひねもすのたり,235,
suaman,1,,suaman,235,
uiri-na,1,,ういり,235,
momdy_(talesshinja),1,,momdy_(talesshinja),235,
iro_(mywife_sunny),1,,이연,234,
speedoru,1,,speedoru,234,
pong_(pong_o0),1,,pong_(pong_o0),234,
muke_(fz064),1,,向,234,
mekato,1,,mekato,234,
silvercandy_gum,1,,은단껌,234,
remi_(mozzaremi),1,,remi_(mozzaremi),234,
parallaxfused,1,,parallaxfused,234,
koutarosu,1,,コウタロス,234,
chunta,1,,ちゅんた,234,
kcar66t,1,,kcar66t,234,
ewn,1,,ewn,234,
blue_sealad,1,,蓝色拉,234,
yomoyama_yotabanashi,1,,四方山与太話,234,
sugarbeat,1,,sugarbeat,234,
m.q_(mqkyrie),1,,m.q_(mqkyrie),234,
omocat,1,,omocat,234,
painter-lhb,1,,懒得赶稿咋整,234,
suzuragi_karin,1,,鈴羅木かりん,234,
aoi_yun,1,,蒼井ゆん,234,
c-low,1,,c-low,234,
nekobayashi,1,,猫囃子,234,
dura_(dura110),1,,でゅら,234,
napo,1,,ナポ,234,
kiraaakira,1,,吉良いと,234,
tamase_tama,1,,玉瀬たま,234,
reia_hana,1,,黎唖,234,
hiroikara_(smhong04),1,,ひろい空,234,
krab_(fumekrab),1,,失眠老蟹,234,
emia_(castilla),1,,えみあ,234,
yukimi_unagi,1,,雪見うなぎ,234,
pioko,1,,pioko,234,
amasaki_yusuke,1,,アマサキ,234,
alecto_0,1,,alecto_0,234,
inoriac,1,,白祈,234,
tousok,1,,tousok,234,
sato_(r017xts117),1,,さと,233,
kikuchi_milo,1,,キクチミロ,233,
ryuuforkaf,1,,リュウ,233,
may.l,1,,may.l,233,
gabao_(mattari_2019),1,,がばお,233,
meltyrice,1,,meltyrice,233,
shiro_youduki,1,,葉月,233,
kakao_rantan,1,,カカオ・ランタン,233,
namyo,1,,나묘,233,
clover_dot_(clov_erd),1,,clover_dot_(clov_erd),233,
arukiru,1,,ともぞー,233,
yamada_auto,1,,山田アウト,233,
fongban_illust,1,,风杯,233,
ohta_guk_hip,1,,오타국힙,233,
fujiwara_tatsuroo,1,,藤原たつろ,233,
nanaichi,1,,七市,233,
marin_liekuriva,1,,marin_liekuriva,233,
meu203,1,,ゆーへい,233,
asdf1211950,1,,asdf1211950,233,
iroha_(nami3),1,,いろは,233,
dreamycakesss,1,,dreamycakesss,233,
mattsuu,1,,まっつー,233,
red_cucumber,1,,小黄瓜,233,
chahanramen,1,,chahanramen,233,
borumete,1,,ぼるめて,233,
nigori_(keydoor),1,,にごり,233,
elfboiii,1,,elfboiii,233,
ura_tomomi,1,,うらともみ,233,
ginseng_(xin),1,,ginseng_(xin),233,
marse_(rokudaime),1,,マーセ,233,
blackberreh-art,1,,blackberreh-art,233,
bk_(barakoodra),1,,bk_(barakoodra),233,
guuchama,1,,ぐちゃま,233,
kobun0,1,,kobun0,233,
su_reut,1,,수릍,232,
rakugaki_shitagari-ya,1,,らくがきしたがり屋,232,
flatculture,1,,flatculture,232,
ry_thae,1,,ry_thae,232,
zoirun,1,,ゾイルン,232,
takurowo,1,,タクロヲ,232,
deliciousbrain,1,,deliciousbrain,232,
yanggaengwang,1,,양갱왕,232,
papercider,1,,papercider,232,
datenshi_no_fu,1,,堕天使のフ,232,
kuno_(kc9s),1,,くの,232,
kujou_mikuru,1,,九条みくる,232,
kurumi_lm,1,,双葉くるみ,232,
aji_aji_nori,1,,のり,232,
syandega,1,,シャンデガ,232,
0jae,1,,0jae,232,
bakusai,1,,爆砕,232,
suruga_kanade,1,,するがかなで,232,
ryuhirohumi,1,,ryuhirohumi,232,
umiu_geso,1,,海鵜げそ,232,
yanagi_marie,1,,マリー,232,
amana_raika,1,,雨那ライカ,232,
sane-person,1,,sane-person,232,
yoosai,1,,葉才,232,
sushoartworks,1,,sushoartworks,232,
eringikinono,1,,えりんきのこ,232,
aomoro,1,,あおもろ,232,
gogoco,1,,ごごこ,232,
annindoufu_(oicon),1,,杏仁豆腐,232,
kourou_(kouroukun),1,,炭酸飲料水,232,
neko_no_youchuu,1,,猫の幼虫,231,
adda,1,,아따쪼까,231,
katou_itsuwa,1,,加藤いつわ,231,
horang4628,1,,호랑이구이,231,
utsunomiya_tsumire,1,,宇都宮つみれ,231,
kyapefuro,1,,きゃぺふろ,231,
kouyafu,1,,こーやふ,231,
sugapi,1,,すがぴー,231,
uns_(sdsxsoverlord),1,,uns_(sdsxsoverlord),231,
nakamura_eight,1,,中村エイト,231,
jonpei,1,,ジョン平,231,
shiki_(shiki1230),1,,色,231,
lolikaku,1,,しのぽこ,231,
neg_(101neg),1,,neg_(101neg),231,
ozzingo,1,,クラゲ,231,
kok,1,,たけえなわ,231,
rariemonn,1,,rariemonn,231,
nolia,1,,nolia,231,
banba_(jakqbigone),1,,番場,231,
koeda_(k83_4),1,,こえだ,231,
ottosfoxhole,1,,ottosfoxhole,231,
pnpk_1013,1,,きつつき,231,
yoclesh,1,,yoclesh,230,
torokko,1,,とろっこ,230,
vibrantrida,1,,vibrantrida,230,
frogsnake,1,,蛙记,230,
^jj^,1,,ぢぇいぢぇい,230,
asuka_rkgk,1,,asuka_rkgk,230,
rrtp,1,,リクルート,230,
snow234,1,,雪君,230,
izumi_kuma,1,,和泉くま,230,
mikoto_(oi_plus),1,,瀰殊,230,
namakurage_13,1,,生くらげ,230,
ikasamahideo,1,,イカサマひでお,230,
small_chair_(xiaosaiyi33818),1,,작은의자,230,
yu_hydra,1,,ゆうひどら,230,
lanzi_(415460661),1,,淡蓝蓝子,230,
t3x,1,,t3x,230,
relio_db318,1,,れりお,230,
isana615,1,,isana615,230,
hoenn_(jgm1102),1,,hoenn_(jgm1102),230,
asumi_chikyuu,1,,あすみ地球,230,
onion_(tamanegi),1,,onion_(tamanegi),230,
kurotsubete,1,,黒礫,230,
momoyama_tits,1,,ももやまかねちち,230,
ka_keo,1,,ka_keo,230,
toki_(toki_ship8),1,,トキ,230,
raru_(nanaharararu),1,,らる,230,
shirogami_seisho,1,,白紙聖書,230,
9is,1,,9is,230,
monosenbei,1,,物煎餅,230,
miyuki_(miyuki0529),1,,深雪,230,
hamadaichi,1,,滨田一,230,
arata_iri,1,,あらた伊里,230,
aonoji,1,,アオノジ,230,
mato_tsuyoi,1,,まと。,229,
mygiorni,1,,mygiorni,229,
zero_(sleepy_meltan),1,,ぜろ,229,
x4824,1,,論,229,
oioi_ainomo,1,,あいのも,229,
parkgee,1,,박지,229,
likey,1,,likey,229,
chigusa7h,1,,ちぐさ,229,
memento_vivi,1,,vivi,229,
otonoha_aika,1,,音乃葉あいか,229,
kuromiz,1,,くろみ,229,
atheko,1,,ろるディーヌ,229,
b.c.n.y.,1,,b.c.n.y.,229,
chargepro,1,,chargepro,229,
nakajima_atsuko,1,,中嶋敦子,229,
zhongye_yu,1,,中野驭,229,
izuru_(timbermetal),1,,山×2,229,
umou_(may65879),1,,陳怡穎,229,
gomashiwo_o,1,,ごましを,229,
tanishi_(hetianming11093),1,,たにし,229,
jiang_(kplrt_07),1,,將,229,
fuyubone,1,,ふゆぼね,229,
myon_(tokipi),1,,myon_(tokipi),229,
mobukichi,1,,もぶきち,229,
iwashi_80,1,,いわし,229,
johnalay,1,,johnalay,229,
ajifurai,1,,あじふらい,229,
washin,1,,わしん,229,
san_(harutuki_3),1,,黒和サン,229,
bob_(you-u-kai),1,,ぼぶ,229,
take978733141,1,,take978733141,229,
chuppa_(katotsuba),1,,ちゅっぱ,229,
wanne,1,,wanne,229,
zanya_000,1,,残夜,229,
lemonail,1,,喵咕噜,229,
chiwa_(fcwv5738),1,,ちわ,229,
sunny_(20597521),1,,sunny_(20597521),229,
shousan_(hno3syo),1,,硝酸,229,
kari_(kakko_k),1,,かり,229,
dracksart,1,,dracksart,229,
azuran0,1,,azuran0,229,
yaekaidou,1,,八重海棠,229,
momae_mac,1,,藻前まっく,229,
buko_(bukosuki),1,,buko_(bukosuki),229,
navyblue_konjac,1,,ねいぶる,229,
funnyari,1,,ふんにゃり,229,
viroa,1,,viroa,229,
zuzuhashi,1,,ずずはし,228,
kasu_(kasunohikari),1,,kasu_(kasunohikari),228,
zanpon,1,,ざんぽん,228,
alios_arvin,1,,艾利欧斯-艾文,228,
unstableboiler,1,,unstableboiler,228,
mebe_(teadia_violet),1,,めーべ,228,
yuniiho,1,,yuniiho,228,
audirenze,1,,audirenze,228,
nini_tw99,1,,nini_tw99,228,
ayacchirin,1,,ayacchirin,228,
mantan,1,,マンタン,228,
taku_michi,1,,タク道,228,
dairyo3,1,,住吉大領,228,
jorang_(jorang08),1,,조랑,228,
seirorath,1,,seirorath,228,
titiduki_(manman-ya),1,,チチヅキ,228,
mayafufu,1,,まやふふ,228,
g_ieep,1,,매터,228,
kuroda_roku,1,,クロダロク,228,
yuutarou_(fukiiincho),1,,ゆうたろう,228,
akira_miku_ver,1,,ねこばす,228,
ghosty_(xiaobai),1,,小白,228,
futaba_(anti_clockwise),1,,ふたば,228,
ina_(inadahime),1,,いな,228,
tsukiyuki_mike,1,,月雪ミケ,228,
eco,1,,eco,228,
seorang,1,,서랑,228,
kuriyuzu_kuryuu,1,,栗柚くりゅー,228,
qingli_ye,1,,情理叶,228,
shuucream_(syuichi),1,,しゅーくりいむ,228,
yokota_takumi,1,,横田拓己,228,
tokumaro,1,,とくまろ,228,
gujira,1,,ぐじら,228,
komachi_pochi,1,,小町ぽち,228,
okanoyuno,1,,大竹おかゆ,228,
enru,1,,enru,228,
soraao0322,1,,とーの,228,
kurabi_(neijitsu_biyori),1,,倉火,228,
xiaoyu_qixing,1,,小鱼七星,228,
rosu_1109,1,,ロさん,228,
terimuku,1,,てりむく,228,
teeta_j,1,,ティータ.,228,
doggo_1d34,1,,堂後イデア,228,
terebi_(shimizu1996),1,,テレビ団長,228,
ling_(chaaaaanhikari),1,,ling_(chaaaaanhikari),227,
polpol,1,,polpol,227,
rai_(sakuranbo_sugar),1,,ライ,227,
chanil_(muexlku),1,,chanil_(muexlku),227,
quichi_91,1,,くいち,227,
nagy,1,,ナギー,227,
hyakucha,1,,百茶,227,
zedd_(zedgawr),1,,zedd_(zedgawr),227,
ling_dianxia,1,,玲殿下,227,
zakimpo,1,,zakimpo,227,
rono_(lethys),1,,ろの,227,
nyxerebos,1,,捺歩,227,
yasumo_(kuusouorbital),1,,やすも,227,
pompmaker1,1,,pompmaker1,227,
touniyuu,1,,とうにゅう,227,
setsuri_(tubaki),1,,雪狸,227,
bamboo_tac,1,,ばんぶ～tac,227,
nako775,1,,ナコ,227,
yamaneko_(tkdrumsco),1,,やまねこ,227,
kasumi_komo,1,,霞隠,227,
raijuu_(bakanara),1,,らいじゅう,227,
evening_rabbit,1,,夕兎,227,
harukui,1,,春喰い,227,
zanne,1,,ざんね,227,
inari_(ambercrown),1,,稻荷,227,
keeko_(kk_0012),1,,けーこ,227,
gonster,1,,gonster,227,
li_se,1,,リス,227,
kajatony,1,,kajatony,227,
ichijou_takakiyo,1,,一条高雪,226,
canadiananiguy,1,,canadiananiguy,226,
yajiro_masaru,1,,野城まさる,226,
whonyang,1,,비팔메이,226,
elsi,1,,elsi,226,
punch121ykk,1,,ぱんち,226,
kaminokoppu_(footworks),1,,カミノコップ,226,
isu_(is88),1,,イス,226,
sade_abyss,1,,sade_abyss,226,
32zzz,1,,32zzz,226,
age_fx,1,,age_fx,226,
en_0410,1,,えん,226,
kinokohime,1,,きのこ姫,226,
sonri,1,,そんりぃ,226,
yuyi,1,,雨衣ユイ,226,
seki_(hyokosho),1,,赤,226,
ame_sagari,1,,雨下がり,226,
cat_princess,1,,cat_princess,226,
you_shimizu,1,,よー清水,226,
konmori_(kinbou_sokai),1,,こんもり,226,
uxco0,1,,uxco0,226,
elyzerda,1,,elyzerda,226,
izumi_minami,1,,いづみみなみ,226,
gu_deulmok,1,,구들목,226,
kamu_(poulro),1,,杉杉伞,226,
ebira,1,,えびら,226,
silver_meteor,1,,silver_meteor,226,
flantia,1,,芙兰剔牙,226,
alphy,1,,alphy,226,
kamisato_sora,1,,上里空良,226,
retri,1,,りどり,226,
tomato_(lsj44867),1,,tomato_(lsj44867),226,
kurogami_ma,1,,黒神ま,226,
maou_(maoudaisukiya),1,,まおー,226,
myeu,1,,myeu,226,
senchan_7,1,,senchan_7,226,
sarena,1,,百花星彩メメちゃん,226,
seo_kouji,1,,濑尾公治,226,
jet_yowatari,1,,ジェット世渡り,226,
okyou,1,,おきょう,226,
ug_(nekonekodou),1,,ug_(nekonekodou),226,
flask_(pandora),1,,ふらすこ,225,
fangs_(fangs_art),1,,fangs_(fangs_art),225,
nasu_(ilo_a5),1,,なす,225,
inuyama_konan,1,,犬山コナン,225,
yokoji_(kodai2015),1,,よこじ,225,
weri,1,,weri,225,
hoshino_reiji,1,,れじすた,225,
nanohana_kohina,1,,菜花小雏,225,
kaminokefusa,1,,kaminokefusa,225,
mikao_(eanv5385),1,,mikao_(eanv5385),225,
taiga_(ryukyu-6102-8),1,,taiga_(ryukyu-6102-8),225,
hiyo_(2016.10),1,,ひよ,225,
tsuyomaru,1,,つよ丸,225,
kuroe_(sugarberry),1,,クロエ,225,
temmie_chang,1,,temmie_chang,225,
kagami_toufu,1,,かがみ豆腐,225,
youmicitrustea,1,,羊尾柑香茶,225,
yu_3,1,,yu_3,225,
kosaki_wit,1,,kosaki_wit,225,
marutaya,1,,丸太屋,225,
torinosukei,1,,トリノスケ,225,
shapoco,1,,シャポコ,225,
gumingdi_ban,1,,古明地板,225,
ukitamilk,1,,うきたミルク,225,
iog626,1,,iog626,224,
inhoso,1,,inhoso,224,
symoca,1,,symoca,224,
xueli_shimazaki,1,,xueli_shimazaki,224,
xianyu_chuan,1,,弦余巛,224,
yowayowap,1,,yowayowap,224,
orchid_(orukido),1,,オルキド,224,
uemura_navia,1,,上村なびあ,224,
sparks_summer,1,,sparks_summer,224,
omoti_(1201208),1,,omoti_(1201208),224,
mayachi_(amuriya),1,,まやち,224,
kanbaki,1,,kanbaki,224,
uochandayo,1,,uochandayo,224,
rusellunt,1,,rusellunt,224,
takatsuki_p,1,,たか月,224,
akine_(kuroyuri),1,,彬音,224,
fruitsrabbit,1,,フルーツラビット,224,
koyansuee,1,,こゃんスイ,224,
fikkyun,1,,fikkyun,224,
motto_(night_wear),1,,もかん,224,
yamada_masaki,1,,山田正樹,224,
tamago_sando,1,,たまごサンド,224,
sakai_yume,1,,sakai_yume,224,
redshark_(t373412),1,,redshark_(t373412),224,
hmax,1,,hmax,224,
beichen_xiaobei,1,,小北,224,
borvar,1,,borvar,224,
heran_hei_mao,1,,核燃黑猫,224,
fleebites,1,,fleebites,224,
bowieknife,1,,ボウイナイフ,224,
zocehuy,1,,zocehuy,224,
driftwoodwolf,1,,driftwoodwolf,224,
zattape,1,,中村,224,
kikimi,1,,喵木君,224,
kuuru_(kuuru-n),1,,kuuru_(kuuru-n),224,
kimidori_22,1,,しきみ,224,
jan1214,1,,jan1214,224,
ume_(pickled_plum),1,,うめ,224,
stchame,1,,ストカメ,224,
kakikakilemon,1,,かなたま,224,
myticalcat,1,,myticalcat,224,
a20_(atsumaru),1,,あつまる,224,
neko-san_(dim.dream),1,,猫サン,224,
arikindows10,1,,あり筋,224,
kani_nyan,1,,かににゃん,224,
watcher_hollow,1,,watcher_hollow,223,
hanamaki_hanarou,1,,花卷花郎,223,
astg,1,,あすたげ,223,
kiana_mai,1,,kiana_mai,223,
aizheajsee,1,,aizheajsee,223,
shikina_(mochigushi_),1,,シキナ,223,
neneg,1,,neneg,223,
po-i-mu,1,,とてもむらさき,223,
hano_luno,1,,はのるの,223,
hare_(aeex5727),1,,はれ,223,
amagi_hana,1,,ばな奈,223,
danjou_sora,1,,だんじょうそら,223,
signal_1120,1,,マ,223,
shuz_(dodidu),1,,しゅじ,223,
rikose,1,,リコセ,223,
sea_nami,1,,しーなみ,223,
dl_(dl_6ix),1,,dl_(dl_6ix),223,
bloom_into_me15,1,,〆鯖,223,
ichiroku_(sakumogu-029),1,,いちろく,223,
karina_farek,1,,karina_farek,223,
asagi_nanami,1,,麻木ななみ,223,
melailai,1,,么赖赖,223,
chon_(chon33v),1,,ちょん,223,
kuroida,1,,黑哒丶,223,
namazakana_kuenai,1,,前向き前治郎,223,
yoplait,1,,どよ子,223,
suzumi_(fallxalice),1,,涼,223,
kams,1,,かむす,223,
enumiyaa,1,,えぬみやー,223,
kashiwagi_tsukiko,1,,かしわぎつきこ,223,
jirusu,1,,じる,223,
sakurabe_notos,1,,桜部のとす,223,
katsuragi_atori,1,,葛城,223,
azukiharuta_ju,1,,小豆（大概啦,223,
nil_(pixiv_53614557),1,,nil_(pixiv_53614557),223,
k-rha's,1,,k-rha's,223,
@@@_(eckzahn),1,,@@@_(eckzahn),223,
xzu,1,,狄拉克海里的X鱼,223,
d-art,1,,d-art,223,
sikisikiya,1,,총레,223,
aora,1,,暁蕾,223,
quilm,1,,quilm,223,
reihou19,1,,reihou19,223,
uninosono,1,,雲丹園,222,
ariko_(aaaaarik),1,,亜璃子,222,
kkkula_(kula),1,,kkkula_(kula),222,
shokuyou_koori,1,,しょ氷,222,
ettone,1,,えっとね,222,
tutou_jiang,1,,发条不吃披萨边,222,
unique_(pixiv12704744),1,,unique_(pixiv12704744),222,
dh-zone,1,,DH星人,222,
miyo_(user_xstn5827),1,,みよ,222,
konya_karasue,1,,绀屋鸦江,222,
theobrobine,1,,ておぶろびん,222,
maaru_(akira428),1,,マール,222,
kagome_(traumatize),1,,龙目,222,
takaha_momo,1,,高羽もも,222,
haruno_plum,1,,はるあさし,222,
yakan_(kusogaki_teikoku),1,,やかん,222,
gomeifuku,1,,けたいのこころ,222,
kanopan,1,,かのぱん,222,
asakiri_koko,1,,きり,222,
akinoji_(akiponpon27),1,,あきのじ,222,
fruit_punch,1,,フルーツパンチ,222,
deku_(dekunosu),1,,木偶,222,
wengwengchim,1,,凱汀,222,
kusaba_(kusabashiki),1,,草葉,222,
guhanshounen,1,,虞犯少年,222,
marisuke_(marippe),1,,マリ(鞠っぺ,222,
kikai_(akita_morgue),1,,ペニス,222,
mnejing30,1,,mnejing30,222,
ekibyoudayo,1,,えきびょう,222,
romana,1,,로마나,222,
sally_(luna-arts),1,,sally_(luna-arts),222,
kinomtan,1,,kinomtan,222,
kyanta5354,1,,キャンタ,222,
geo_(yukishitadou),1,,げおげお,222,
chaosexceed,1,,chaosexceed,222,
c_take0141,1,,翠茸,222,
kayanogura,1,,かやのぐら,222,
i.f.s.f,1,,i.f.s.f(イフ,222,
nukosann,1,,nukosann,222,
rasen_manga,1,,らせん,222,
a.nori,1,,a.nori,222,
owner1657,1,,owner1657,222,
huffslove,1,,huffslove,222,
ashima_(roro046),1,,アシマ,222,
hamunezuko_(nezukonezu32),1,,ぅと,222,
sasaki_sakiko,1,,佐々木さき子,222,
bottoms1237,1,,ぼとむ,222,
shion1350,1,,紫おん,222,
thernz,1,,thernz,221,
rapa_rachi,1,,ぽえる,221,
natsuki_(natsu_1936),1,,奈月,221,
inuki_(aruurara),1,,ある,221,
suraimu_(suraimuraimu),1,,スライム,221,
ika_(4801055),1,,いか,221,
sd_planb,1,,sd_planb,221,
azuma_yukihiko,1,,東ゆき彦,221,
sakuramarusan,1,,さくらまる,221,
heoningu,1,,ヒェオニング,221,
oddsnail,1,,oddsnail,221,
tohoyuukarin,1,,テコノニ,221,
hyakuya_iori,1,,百夜イオリ,221,
1046sstep_btoh,1,,1046sstep_btoh,221,
yst,1,,yst,221,
ukumo_uichi,1,,ういち,221,
momokumo,1,,桃云,221,
meola,1,,meola,221,
sima_(startwitch),1,,志真,221,
g-row,1,,g-row,221,
asane_ken,1,,朝寝ケン,221,
haguruma_c,1,,はぐるま,221,
nukkoru,1,,ぬっこる,221,
mohoshadream,1,,mohoshadream,221,
sofusan1526,1,,そふさん,221,
jnt,1,,ジェイエヌティーヘッド,221,
yagoro_kusuriya,1,,汚薬屋さん,221,
mihifu,1,,さてぃ,221,
ayo_(ayosanri009),1,,ayo_(ayosanri009),221,
haruki_reimari,1,,春樹,221,
giga-tera,1,,기가테라,221,
honkivampy,1,,honkivampy,221,
anzu0130,1,,マルコ,221,
ken-ji,1,,けんじ,221,
ruin_re_birth,1,,るいん,221,
sarashina_kau,1,,更科,221,
nogi_yasuhito,1,,乃木康仁,221,
itou_kurosuke,1,,伊藤黒介,221,
li04r,1,,li04r,221,
makiri_akira,1,,しょーちゃん,221,
tmblyeet,1,,tmblyeet,221,
yukari_(yukari21653710),1,,いかだ縁,221,
ibuki_grunt,1,,くりかわ,221,
mofu07519,1,,mofu07519,221,
bone_nigi,1,,骨二ギー,221,
mikazukimo_478,1,,ミカヅキモ,221,
crylin6,1,,crylin6,220,
riro_(breakthrough_rr),1,,へるしんかー人間りろ,220,
fukusuke_hachi-gou,1,,fukusuke_hachi-gou,220,
mikisai,1,,みきさい,220,
humugo,1,,humugo,220,
osamu_(jagabata),1,,オサム,220,
chi_gu,1,,ちぐ,220,
takoneru,1,,たこねる,220,
sazanami_(ripple1996),1,,さざなみ,220,
zaso,1,,zaso,220,
okunin,1,,おくにん,220,
muloli,1,,水アヒル,220,
aoi_tori,1,,あおいとり,220,
sakura_moyon,1,,桜もよん,220,
mukunoki_nanatsu,1,,椋木,220,
knosdeba,1,,knosdeba,220,
roena,1,,roena,220,
cwind,1,,のし,220,
oto1_030,1,,oto1_030,220,
sumi_(gfgf_045),1,,すみ,220,
kuronon,1,,黒のん,220,
sasakura34,1,,笹倉,220,
eencya,1,,ねんない,220,
kachayori,1,,徒歩,220,
nori_(norimakigumo),1,,糊,220,
shangdi_de_fa_zhang,1,,上帝的法杖,220,
ryakusun,1,,りゃくすん,220,
kumatangent,1,,熊太,220,
yakousei_a,1,,夜行性ａちゃん,220,
izumi_kei,1,,いずみけい,220,
mei_ichi,1,,名一,220,
hayan,1,,하얀,220,
sakusakusakurai,1,,さくさくさくらい,220,
zhudouzi,1,,煮豆子,220,
johnny_(braun-kan_cafe),1,,じょにー,220,
yumi_xsh,1,,夕实,219,
hotoke_party,1,,ホトケ人間,219,
mitsubachi_koucha,1,,小鈴,219,
kogome_(azalea4),1,,こごめ,219,
miruzawa_akechi,1,,见泽明智,219,
reijiro,1,,れいじろ*,219,
shigatsu_shizuki,1,,四月しづき,219,
tori_(runrunpiia),1,,トリ◯,219,
snapagi,1,,뤂,219,
kyashiyo,1,,キアシヨ,219,
baonu_de_zhanshen_caibutou,1,,暴怒的战神菜卜头,219,
arai_sumiko,1,,あぐ,219,
kamesys,1,,かめ,219,
contllenge,1,,コントレンジ,219,
suishougensou,1,,推奨幻想,219,
zasshu_nigou,1,,zasshu_nigou,219,
tenkuu_sphere,1,,すふ,219,
kokura_masashi,1,,小倉雅史,219,
cero_(last2stage),1,,cero_(last2stage),219,
hamelon310,1,,hamelon310,219,
militia_minpei,1,,みりしゃ,219,
najimi_shin,1,,馴染しん,219,
ruriri,1,,るりり,219,
shironeko_sanbou,1,,白猫参謀,219,
izu_lemon,1,,伊豆れもん,219,
jin_rou,1,,콜오브듀티,219,
akito_(d30n26),1,,あきと,219,
deto,1,,でと,219,
set7,1,,set7,219,
go-sai_tamanegi,1,,五岁洋葱,219,
tatutaniyuuto,1,,たったに,219,
152_in_can,1,,いちご煮,219,
didloaded,1,,でど,219,
threeboon,1,,threeboon,219,
ryuuno6,1,,飞翔的秀吉,219,
yuurururun,1,,ゆうる,219,
gusha_s,1,,愚者s,219,
hanbaobaobaozhu,1,,芹菜猪肉夹馍,219,
mrdotd,1,,羅刹dotd,219,
dai_yasude,1,,大馬陸,219,
kyoffie,1,,kyoffie,219,
mochikushi,1,,もちくし,219,
godiva_ghoul,1,,godiva_ghoul,219,
memeiradesuyo,1,,メメイラ,219,
pruzhka_(wardi113),1,,pruzhka_(wardi113),219,
gurumin_(gurruguru),1,,ぐるみん,218,
yukomeow,1,,野比裕子,218,
eipanguino,1,,eipanguino,218,
pic_postcard,1,,pic_postcard,218,
findoworld,1,,findoworld,218,
ajula_wachula,1,,アジュラワチュラ,218,
maho_(corotonton5150),1,,真秀,218,
1=2,1,,1=2,218,
xyanaid,1,,xyanaid,218,
somori,1,,ソモリ,218,
hirotaka0125,1,,hirotaka0125,218,
yblndr,1,,yblndr,218,
nobicco,1,,のびたろう,218,
ctd_114,1,,しべりあ,218,
spareribs,1,,スペアリブ,218,
kiyo_(kiyo_mariari),1,,kiyo_(kiyo_mariari),218,
menea,1,,メネア・ザ・ドッグ,218,
wakamochi-ta,1,,わかもち太,218,
toufu_mentaru_zabuton,1,,豆腐メンタル座布团,218,
uenae_chiyiro,1,,植苗チイロ,218,
ito_ryo,1,,井冬良,218,
yueko_(jiayue_wu),1,,yueko_(jiayue_wu),218,
biya_(1024),1,,biya_(1024),218,
gyaheung,1,,갸흥,218,
ayamo_kaoru,1,,彩云薰,218,
superiordutchsauce,1,,superiordutchsauce,218,
mocchisake,1,,もちセーキ,218,
iwse_zhang,1,,三寒鸦,218,
minazuki_suu,1,,水無月すう,218,
chunjiu,1,,春酒,218,
silanduqiaocui,1,,silanduqiaocui,218,
erufura,1,,えるふら,218,
izumi_(stardustalone),1,,和泉,218,
gozu_farm,1,,かうべる牛頭夫,218,
sher_(imnotsher),1,,sher_(imnotsher),218,
rurudo,1,,rurudo,217,
riuichi,1,,リウイチ,217,
kafeifeifeifeifeifei_jiemo_jun,1,,咖啡啡啡啡啡啡芥末君,217,
hanada_ten,1,,縹てん,217,
yorktown_cv-5,1,,幻夢界のフラワーマスター,217,
calm_mashiro,1,,真白しらこ,217,
kanzen_bouon,1,,完全防音,217,
sushi_pizza_rrr,1,,あらら,217,
finn_flint,1,,finn_flint,217,
zero_a,1,,zero_a,217,
erect_sawaru,1,,エレクトさわる,217,
uouokuma,1,,魚うお,217,
dotthebot,1,,dotthebot,217,
zakobenki,1,,杂鱼便器,217,
k3rd,1,,k3rd,217,
cinko,1,,cinko,217,
minasenagi,1,,みなせなぎ,217,
lemtun,1,,lemtun,217,
void_0,1,,void_0,217,
shiino_sera,1,,椎野せら,217,
bangom_r,1,,bangom_r,217,
bdone,1,,bdone,217,
yoshi_(crossmind),1,,四四,217,
tahita1874,1,,たひた,217,
kissai,1,,宇麗華,217,
persocon93,1,,パソコン93,217,
sohn_woohyoung,1,,손우형,217,
han-0v0,1,,han-0v0,217,
loading_(verjuice),1,,loading_(verjuice),217,
mikami_mika,1,,三上ミカ,217,
4_(nakajima4423),1,,よん,217,
akujiki59,1,,akujiki59,217,
kagami_chihiro,1,,カガミチヒロ,217,
oversleep,1,,oversleep,217,
vococo,1,,vococo,217,
inamitsu_shinji,1,,稻光伸二,217,
pin.s,1,,pin.s,217,
tostos,1,,tostos,217,
ayaki,1,,彩樹,217,
koyoi_mitsuki,1,,今宵みつき,217,
icorasama,1,,いこら,216,
h4sh1rnoto,1,,はしもと,216,
blondynkitezgraja,1,,blondynkitezgraja,216,
kumakichi_(cost-lost),1,,熊吉,216,
yun-yang,1,,yun-yang,216,
innoarukugyou,1,,逸のあるく行,216,
shourou_kanna,1,,松朧甘奈,216,
asako_(itiba),1,,あさこ,216,
nudiedoodles,1,,nudiedoodles,216,
gatsby_ssl,1,,ソボギヤッソ,216,
anoreika_tomoe,1,,あのれいか,216,
mutsuki_riichi,1,,睦月利一,216,
borushichi,1,,ぼるしち,216,
ya-ya,1,,ya-ya,216,
you06,1,,you06,216,
airool,1,,艾洛,216,
nagimiso,1,,なぎみそ,216,
akizero1510,1,,akizero1510,216,
dkou,1,,dkou,216,
kokemomo_(makesound),1,,こけもも,216,
yougenko,1,,妖幻狐,216,
unitedunti,1,,ユナイテッドうんち,216,
tarou_(komekueyo),1,,たろう,216,
jiz_(pffbq),1,,jiz_(pffbq),216,
snow_is,1,,스농이,216,
yuya_(yuya_illust),1,,熊耶,216,
ska.harumi,1,,ska.harumi,216,
susagane,1,,スサガネ,216,
wenny02,1,,人肉包子,216,
godees,1,,godees,216,
chark14,1,,chark14,216,
okera,1,,おけら,216,
jinggun,1,,징군,216,
had_(had314),1,,ハディ,216,
itou_(very_ito),1,,いトう,216,
mayo_(miyusa),1,,マヨ,216,
kgeroua,1,,利麟久,216,
tatsumi_(psmhbpiuczn),1,,巽,216,
koh_rd,1,,古弥月,216,
denaseey,1,,데나씌,216,
chunye_haruya,1,,春也,216,
haobuguniao,1,,号布谷鸟,215,
maruno,1,,まるの,215,
weimiaw,1,,尾毛,215,
akito_(sub707),1,,あきと,215,
sakon04,1,,sakon04,215,
ruhee,1,,ルヒ,215,
risyo,1,,risyo,215,
mmneko,1,,mmneko,215,
miz_(mi),1,,みず,215,
tetsu_(teppei),1,,てつ,215,
k-y,1,,k-y,215,
tevit_(tevit15),1,,tevit_(tevit15),215,
llb,1,,llb,215,
itsumizu,1,,五水,215,
soul_(tamashii),1,,soul_(tamashii),215,
hongbaise_raw,1,,红白色,215,
tyaui_(xjju4435),1,,tyaui_(xjju4435),215,
tel-o,1,,テルオ,215,
may9,1,,may9,215,
hagino_makoto,1,,萩埜まこと,215,
quuni,1,,九酱子,215,
nengoro,1,,ネんごろぅ,215,
tsurugi_(the_horizon),1,,无驮,215,
gyogyo_hjj,1,,희지재,215,
karasumi_(aiseec),1,,烏未,215,
fte_(fifteen_199),1,,열다섯,215,
nutkingcall,1,,구버맨,215,
kgt_(pixiv12957613),1,,kgt_(pixiv12957613),215,
yamataka,1,,yamataka,215,
emoi_do,1,,エモイ堂,215,
kaguura_(kagu),1,,かぐーら,215,
hinekure,1,,hinekure,215,
yogurt200,1,,yogurt200,215,
koukouya,1,,こうこうや,215,
crain1art,1,,crain1art,215,
rumo,1,,オケラ,215,
kayahara,1,,かやはら,215,
konanbo,1,,konanbo,215,
leftporygon,1,,左ポリ5ン,215,
nanju_bami,1,,난주바미,215,
yazawa_oke,1,,矢澤おけ,215,
okkobc,1,,オキアガリ魚ボシ(街灯),215,
moose_(moosemitchell2),1,,ムー鈴木,215,
naru_(andante),1,,那流,215,
ttosom,1,,또솜,215,
chenki_(chenki),1,,chenki_(chenki),214,
kuwahara_taiki,1,,久和原大季,214,
sencha_(senta_10),1,,せんちゃ,214,
kajuu,1,,果汁,214,
layer_(layer_illust),1,,layer_(layer_illust),214,
shiba_yuuji,1,,司馬ゆうじ,214,
mian_lang,1,,眠狼,214,
picoli1313,1,,とろぴか太郎,214,
mashimaro_tabetai,1,,ましまろたべたい,214,
mtkpasta,1,,ぱすた,214,
showtime775,1,,showtime775,214,
tuck_(tuck23978434),1,,三折塔,214,
26caaan,1,,きゃん,214,
oolay-tiger_(voice_actor),1,,oolay-tiger_(voice_actor),214,
cliov,1,,cliov,214,
seele0907,1,,織夏,214,
kunizaki,1,,國崎,214,
kabedoru,1,,壁どる,214,
kanokoga,1,,カノコガ,214,
anbutter_siruko,1,,しるこ,214,
hira_(nanika_no_heya),1,,平,214,
oneroom-disco,1,,oneroom-disco,214,
mi8pq,1,,ややみはち,214,
freedom_nakai,1,,フリーダム中井,214,
mucha_(muchakai),1,,むちゃ,214,
disuto,1,,でぃすと,214,
akipeko,1,,あきぺこ,214,
e-co,1,,いーこ,214,
suno_(imydream),1,,すの,214,
a-xii,1,,a-xii,214,
infinity_alpha_studio,1,,infinity_alpha_studio,214,
chin_gero,1,,ちんげろ,214,
chu_yeon,1,,スウン,214,
ben_lo,1,,ben_lo,214,
ogino_jun,1,,荻野純,214,
arnolddayo,1,,アーノルド,214,
hiyaya_(kochi_michikaze),1,,ひやや,214,
taniguchi_jun'ichirou,1,,谷口淳一郎,214,
akinoya,1,,akinoya,214,
kuga_zankurou,1,,久我,214,
kotomuke_fuurin,1,,平国風鈴,214,
seitei_(04seitei),1,,seitei_(04seitei),214,
fujishima_kousuke,1,,藤島康介,214,
akippoi_0919,1,,akippoi_0919,214,
narumi_nanami,1,,成海七海,214,
afunai,1,,afunai,214,
rsef,1,,rsef,214,
taruhi,1,,たるひ,214,
kumo_(mokumoku_warabi),1,,くも,214,
wakku_kan,1,,わっく艦,214,
wakana1327,1,,チョロあっとはにー,214,
ohkurrva,1,,ohkurrva,214,
yeomhwauranyum,1,,염화우라늄,214,
cabronpr,1,,cabronpr,214,
lost-phews,1,,lost-phews,214,
tokira_nozumi,1,,ときらのずみ,214,
ushimochi,1,,うしもち,214,
yukimaru217,1,,まるのはる,214,
msa_(fary_white),1,,みざ,213,
irkawaza,1,,irkawaza,213,
mito_soosu,1,,みーとそーす,213,
gdhs,1,,gdhs,213,
rebun,1,,れぶん,213,
suwa_(swk_kkk),1,,すわ,213,
lilshigu,1,,lilshigu,213,
takeez3,1,,咕杀了我,213,
akitsuki_(oenothera),1,,天然夏,213,
kyundoo,1,,견두/犬豆,213,
yuni_(irohasuiroiro),1,,ゆにぃ,213,
ma_tsukasa,1,,つかさ,213,
yyb,1,,三目YYB,213,
bluerabbit_gap,1,,빨간딸기,213,
lantercat,1,,猫箱-catbox,213,
kiya_hajime,1,,きやさんち,213,
kuwada_yuuki,1,,くわだゆうき,213,
mochacot,1,,ももたろ,213,
hk_(nt),1,,なぎな,213,
menthako,1,,闷茶子,213,
sonchi,1,,김손치,213,
dano,1,,dano,213,
andou_tomoya,1,,安藤智也,213,
sqloveraven,1,,辻黔,213,
pastime774,1,,サブアカ,213,
yuhi_(hssh_6),1,,ゆーひ,213,
azuma_kiyohiko,1,,あずまきよひこ,213,
toriburi,1,,トリブリ,213,
bolos,1,,bolos,213,
nishiki_areku,1,,あれく,213,
isaacchief300,1,,isaacchief300,213,
saboteri_(savot),1,,サボ,213,
shia_job,1,,sia/しあ,213,
yukari_(rihenara_doll),1,,ゆかちゅばんゆかちゅ,213,
ganassa,1,,ganassa,213,
osamada_meika,1,,おさまだ名菓,213,
ichigain,1,,一概,213,
colorjelly,1,,colorjelly,213,
nnn_lu,1,,にぼし,213,
sukaliya,1,,苏见Sukaliya,213,
fumato,1,,fumato,213,
sebon_(sebochin),1,,おふろ,213,
haniwa_(kiminozorazio),1,,ぎゅータン,213,
saruei,1,,saruei,213,
yuna_(deadawon),1,,由那,213,
lao_xi,1,,轻小说的雷电将军耶,213,
hunk_404,1,,hunk_404,212,
sataen,1,,sataen,212,
harano_kaguyama,1,,はらのかぐやま,212,
ubo_(ubo_tales),1,,ＵＢＯ,212,
jizell,1,,jizell,212,
nakano_haito,1,,中野,212,
katsu_(24791909),1,,katsu_(24791909),212,
shokobr,1,,SHOKO剣,212,
kyezzzz,1,,kyezzzz,212,
ogura_eisuke,1,,おぐらえいすけ,212,
ultr4-13,1,,ultr4-13,212,
kabu_(aparachiya),1,,かぶ,212,
k_(art71),1,,k_(art71),212,
nanachides,1,,七七,212,
suica_(agonasubi),1,,あごなすび,212,
amatukimahoro,1,,雨月まほろ,212,
devil_heavens,1,,已换号更新作品,212,
wood_cube,1,,小木蹬子,212,
kurokawa_makoto,1,,黒河真琴,212,
yue_(tada_no_saboten),1,,ゆえ,212,
tetsukuzu_tetsuko,1,,てつくずてつこ,212,
mushiro_(nijie728995),1,,莚,212,
yonema,1,,米間,212,
sos_adult,1,,sos_adult,212,
akikan_sabako,1,,あきかんさばこ,212,
xuanyuan,1,,暄kcalb,212,
gogogo_(gogogorx),1,,ゴンゾー,212,
shale,1,,页岩,212,
oota_youjo,1,,太田少女,212,
ohako_(ohako1818),1,,十八番,212,
ninochuu,1,,ninochuu,212,
jyuru,1,,じゅる,212,
notte,1,,노떼,212,
kusaremix,1,,どんぐりマン,212,
lita_(ritaomochi),1,,lita_(ritaomochi),212,
yamaha_tsui,1,,山波つい,212,
yoshida_akihiko,1,,吉田明彦,212,
senzaicha_kasukadoki,1,,幽時,212,
rabiiandrain,1,,黒ノ,212,
ryuuta_(cure_ryuuta),1,,竜太,212,
guru.zong,1,,guru.zong,212,
h2_(h20000000),1,,英知通（h2）,212,
makigirisu,1,,よ,212,
rorosuke,1,,ろろすけ,212,
pilokey,1,,pilokey,212,
kiyuu,1,,杞憂,212,
clickdraws,1,,clickdraws,212,
gaitoou,1,,がいとう,212,
tenkey2022,1,,展奇,212,
pppmepl,1,,pppmepl,211,
shisui,1,,シスイ,211,
cawl,1,,cawl,211,
lin_qing_(phosphorus_1104),1,,故事乡,211,
hisakawa_chin,1,,ちん,211,
mm_(yoromu),1,,えむえむ,211,
ashenmash,1,,シシシシcyシシシシ,211,
miss_faves,1,,miss_faves,211,
hikobae,1,,ひこばえ,211,
nekwnek,1,,nekwnek,211,
uso_(ameuzaki),1,,うそ,211,
takuan_(taku1219oekaki),1,,さぶ餡,211,
kuhuku006f86,1,,くふく,211,
iris_(tb33064667),1,,中野ニン,211,
yu_ni_t,1,,ゆーにっと,211,
naomi_(fantasia),1,,なぉみ,211,
chyan,1,,챤,211,
sadamatsu_ryuuichi,1,,龍壱,211,
ruda_(ruda_e),1,,ルダ,211,
bosstseng,1,,bosstseng,211,
akasata,1,,アカサタ,211,
maykamonin,1,,かも忍,211,
cyber_(cyber_knight),1,,cyber_(cyber_knight),211,
fraankyy,1,,fraankyy,211,
lilaccu,1,,lilaccu,211,
ninomae_ina'nis_(artist),1,,ninomae_ina'nis_(artist),211,
mukkushi,1,,むっく氏,211,
mokemoke_chan,1,,けも,211,
rushian,1,,るしあん,211,
momofuki_rio,1,,桃吹リオ,211,
miyazaki_hakkaame,1,,はっかあめ,211,
rubi-sama,1,,るび様,211,
terras,1,,洲川TERRAS,211,
yuineko,1,,くろノい,211,
fukumitsu_(kirarirorustar),1,,ふくみつ,211,
sawitou_mizuki,1,,さゐとうみずき,211,
slash-ex,1,,slash-ex,211,
se-u-ra,1,,せゆーら,211,
jojobirdz,1,,jjb月月鳥,211,
shotgunman,1,,ショットガンマン,211,
sawarakajin,1,,鰆™,211,
arou_(arrow_x666),1,,あろう,211,
yosaku_vs_hina,1,,yosaku_vs_hina,211,
plus_step,1,,＋ステップ.+step,211,
karv,1,,karv,211,
nkymyura,1,,nkymyura,211,
nene_man,1,,ねねね,211,
ashishun,1,,芦俊,211,
daigada,1,,daigada,211,
emapippi,1,,えま,211,
k.t.cube,1,,k.t.cube,211,
pkpokopoko3,1,,ぽこ,211,
eguegu,1,,えぐえぐ,211,
haruba_negi,1,,春场葱,211,
menchi_rishio,1,,めんちり塩,211,
baasaku_(balasaku24),1,,バァサク,211,
hoshii_1213,1,,허싀,210,
imkay_3,1,,imkay_3,210,
cchiii,1,,cchiii,210,
sevie,1,,sevie,210,
erotanuki,1,,erotanuki,210,
mika_miche,1,,みかミシェ,210,
abscord,1,,abscord,210,
labebebe_lee,1,,labebebe_lee,210,
onamuzi_illust,1,,onamuzi_illust,210,
iizuka_haruko,1,,飯塚晴子,210,
sansha_art,1,,sansha_art,210,
kkam-sang,1,,kkam-sang,210,
yusano,1,,ゆさの,210,
mamaprofennn,1,,mamaprofennn,210,
su_xiao_jei,1,,苏初雨,210,
kernel_killer,1,,kernel_killer,210,
mikumiku37,1,,fungus(グリエル,210,
miix777,1,,Hane翊,210,
makin_tama,1,,makin_tama,210,
zhvo,1,,zhvo,210,
pnt_0202,1,,も〜ん,210,
sanwari_(aruji_yume),1,,三割,210,
blueblossom,1,,blueblossom,210,
orange_sekaii,1,,orange_sekaii,210,
yuiki_yuu,1,,結木ユウ,210,
sushikuugo_(suisen),1,,あけのい,210,
sarhce,1,,sarhce,210,
tamahagane,1,,たまはがね,210,
deathalice,1,,deathalice,210,
hakoiri_nyanko,1,,箱入猫子,210,
rarasa,1,,라라사,210,
makishima_azusa,1,,蒔島梓,210,
xerbatt,1,,xerbatt,210,
c.honey,1,,c.honey,210,
phdpigeon,1,,phdpigeon,210,
nao97122,1,,nao97122,210,
diieru,1,,でぃーえる,210,
nao_(naoooo_a),1,,なお,210,
naka_(cheeseyeast),1,,なか,210,
igarashi_(nogiheta),1,,いがらし凪,210,
white_gorilla_(okamoto),1,,白ゴリラ(おかもと),210,
kingjoshua,1,,kingjoshua,210,
yelan_xing_xuan,1,,夜蓝星炫,210,
hakkaman119,1,,hakkaman119,210,
tadd_(tatd),1,,田手川,210,
esukee,1,,えすけー,210,
extreme_yuri_buta,1,,エクストリーム百合豚,210,
min_(120716),1,,ミン,210,
yun_(dl2n5c7kbh8ihcx),1,,芸师傅炒,210,
ikue_fuuji,1,,幾枝風児,210,
baron_(varon666),1,,富永一仁,210,
uzzy2801,1,,uzzy2801,209,
erodrunky,1,,erodrunky,209,
kuromu_shado,1,,黒夢しゃど,209,
team.achv,1,,team.achv,209,
danna_(dng_satou),1,,ダンナ,209,
numenoko,1,,ぬめのこ,209,
esther_shen,1,,esther_shen,209,
matayoshi,1,,またよし,209,
mou_tama_maru,1,,毛玉丸,209,
yenkoes,1,,yenkoes,209,
mochi_upamo,1,,うぱも,209,
joker_(jjjokerrr233),1,,晓子,209,
mikaze_oto,1,,緑風マルト,209,
tyag53,1,,茶果子,209,
gozaru,1,,ござる,209,
akkgsyk,1,,akkgsyk,209,
biyon_tran,1,,biyon_tran,209,
emne,1,,emne,209,
piaki,1,,ぴあき,209,
sayu030b,1,,おたま,209,
kuroij,1,,kuroij,209,
motsunuki,1,,もつぬき,209,
yas_(yosiyasuyasu),1,,yas_(yosiyasuyasu),209,
jiu_(sdesd3205),1,,啾,209,
ame_arare,1,,雨あられ,209,
peterhl,1,,peterhl,209,
ayatsuki_sugure,1,,綾月すぐれ,209,
cocri,1,,コクリ,209,
pepatiku,1,,ペパちく,209,
danbaofan_omuless,1,,蛋包饭,209,
yuunagi_(0217),1,,ユウナギ,209,
mimoza_(96mimo414),1,,みもざ,209,
maozi_dan,1,,maozi_dan,209,
nasaniliu,1,,ナサニエル,209,
pomesaurus,1,,ポメサウルス,209,
lonklink,1,,lonklink,209,
aosora_kamiya,1,,青空kamiya,209,
taiki_(luster),1,,大気,209,
hanako_(akatsuki),1,,クレヨン先生,209,
pyonsuke_(pyon2_mfg),1,,跳助,209,
kinoshita_sakura,1,,木下さくら,209,
neg_50asu,1,,neg_50asu,209,
hanaseto,1,,篱屿,209,
macaroni_hourensou,1,,マカロニほうれん草,209,
00047,1,,47今天搬砖了吗,209,
inumori_sayaka,1,,犬森サヤカ,209,
annrichan,1,,佐倉あんり,209,
thinker25075754,1,,MEGAシンカー,208,
mako_(makoda),1,,佩尔夏,208,
issiki_toaki,1,,一色十秋,208,
oshiri_seijin,1,,おしり星人,208,
nemo_ringo,1,,nemo_ringo,208,
kumanomi,1,,くまの実,208,
taotao,1,,特傲套,208,
flick_(sal23),1,,ホット味噌チョコレート,208,
green_tea_(matchaistasty),1,,green_tea_(matchaistasty),208,
okomero,1,,おこめ,208,
umezawa_michiko,1,,梅澤美智子,208,
jamir,1,,あいしゃ,208,
satsuyo,1,,さつよ,208,
nr_noir,1,,ノワール,208,
peteron,1,,ぺてろん,208,
indy_k,1,,indy_k,208,
l_ract,1,,糖tou,208,
lunapont,1,,小坂,208,
axleaki,1,,好吃不如香香鸡,208,
kirima_(kirim_ld_0617),1,,きりま,208,
hino_kagutsuki,1,,陽ノかぐつき,208,
echigoya_takeru,1,,越後屋タケル,208,
ai_(u_e_o_o),1,,あぃ,208,
maria_(syake-uni),1,,まりあ,208,
aibu_yue,1,,相武ゆえ,208,
motsutoko,1,,お茶助,208,
naho_(pi988y),1,,なほ,208,
kcllzas163,1,,长阳,208,
sugamo_(rainysnowy108),1,,須賀茂,208,
izumi_kirifu,1,,和泉キリフ,208,
zeru_(wisel_army),1,,ぜる,208,
manglifer,1,,manglifer,208,
chiba_sadoru,1,,千叶鞍,208,
itosu200,1,,糸洲,208,
nanao_futaba,1,,七緒双葉,208,
dido_(di_do_di_do),1,,ディドー,208,
lyrinne,1,,lyrinne,208,
mirin_(coene65),1,,みりん,208,
sakurea,1,,さくれあ,208,
hanatsuka,1,,ハナツカ,208,
lts_kakuyo,1,,lts_kakuyo,208,
yukichi_0611,1,,yukichi_0611,208,
nanananana,1,,七名菜奈,208,
ihsnet,1,,ihsnet,208,
sawara65,1,,さわら,208,
noeomi,1,,のえおみ,208,
akaiha_(akaihasugk),1,,アカゐハ,208,
kumu_zaisheng,1,,枯木再生,208,
m.tokotsu,1,,桡骨,208,
momoiro_lettuce,1,,桃色レタス,208,
evil_trevo,1,,evil_trevo,208,
nanao_itsuki,1,,七緒一綺,207,
uki_atsuya,1,,宇木敦哉,207,
sankyaku_tako,1,,三脚たこ,207,
ruby_red_(voice_actor),1,,ruby_red_(voice_actor),207,
tsuukinkaisoku_oomiya,1,,通勤快速大宮,207,
raru_buran,1,,詩瑞,207,
dgkamikaze,1,,dgkamikaze,207,
asle,1,,asle,207,
asakura_sakura,1,,麻倉桜,207,
ririmon,1,,りりもん,207,
lvlv,1,,屡屡君,207,
serelith,1,,セレリス,207,
bai_gui_hua_zi,1,,百鬼椛子,207,
kaie,1,,かいえ,207,
azisaiharumaki56,1,,紫陽花,207,
miziseimelon,1,,miziseimelon,207,
mei_(meiday_mise),1,,芽唯,207,
jasper_xandros,1,,jasper_xandros,207,
yukishima_momo,1,,雪島もも,207,
tina_(tinafya),1,,ティナ,207,
agamemega,1,,アガメ,207,
tianzhong_zhongtian,1,,tianzhong_zhongtian,207,
jokebag,1,,jokebag,207,
yozakura_souki,1,,夜桜ソウキ,207,
ultimatemaverickx,1,,ultimatemaverickx,207,
g_yuusuke,1,,あっちょんぶりけ,207,
gensou_aporo,1,,幻骚アぽろ,207,
sasetsu,1,,左折,207,
kincora,1,,金坷垃,207,
moyan,1,,moyan,207,
max_(maxlikeapicture),1,,マックス,207,
darkpulsegg,1,,darkpulsegg,207,
aramachi,1,,あらまち,207,
yamamura_umi,1,,山村うみ,207,
hyyun_ho,1,,hyyun_ho,207,
chabo_(fuketsudan),1,,茶鳥,207,
sencha_(senchat),1,,せんちゃ,207,
kanora,1,,かのら,207,
sg_(satoumogumogu),1,,sg_(satoumogumogu),207,
rff_(3_percent),1,,rff_(3_percent),207,
baozishark,1,,包子鲨,207,
ellievsbear,1,,ellievsbear,207,
ayana_mizuki,1,,綾那瑞奇,207,
shirone_(coxo_ii),1,,shirone_(coxo_ii),207,
yato_(yama0x1),1,,やと,207,
utsuhostoria,1,,うつぼ,207,
kin_mokusei,1,,道玄坂いとり,207,
tun,1,,丁ｕｎ,207,
yui_hiroshi,1,,悠井浩,207,
reiesu_(reis),1,,レイエス,207,
enni,1,,enni,207,
jima,1,,じま,207,
arin_(fanfan013),1,,阿泠,207,
krabbytheartist,1,,krabbytheartist,207,
ichiki_1,1,,いちき,207,
ayase-mio,1,,绫濑水音,207,
midoribox,1,,緑箱,207,
raiden_(raiden_labo),1,,らいでん,207,
sasapi,1,,ささぴ,207,
tota_(sizukurubiks),1,,トト,207,
yohane_shimizu,1,,ヨハネ志水,207,
makoto_ikemu,1,,マコトゥー,207,
eightyfourart,1,,eightyfourart,207,
kuroi_nyan,1,,黒井,207,
rilex_lenov,1,,rilex_lenov,207,
sato-pon,1,,さとpon,207,
gomago_magoma,1,,ごまご孫ま,206,
koisuke,1,,鯉助,206,
rotroto,1,,rotroto,206,
franlol,1,,franlol,206,
ora_(oraora_oekaki),1,,おら,206,
nyaivie,1,,nyaivie,206,
hitobashira_(1746164306),1,,人柱,206,
umi_(oneinchswing),1,,海,206,
grimgrim,1,,grimgrim,206,
mutou_mame,1,,むとうまめ,206,
head_cha_la,1,,head_cha_la,206,
digiral,1,,digiral,206,
karappo_(poket12),1,,空っぽ,206,
shinigami_kiraki,1,,死神,206,
damobelmont,1,,damobelmont,206,
keibeam,1,,포신다르,206,
midoriiro_no_shinzou,1,,緑色の心臓,206,
taachika,1,,ターチカ,206,
lit_silium,1,,lit_silium,206,
ueda_metawo,1,,上田メタヲ,206,
piaoliu_ping_ping_ping_pingzi,1,,漂流瓶瓶瓶瓶子,206,
aji_(sakanaaj1),1,,鯵,206,
zenji029,1,,ぜんじ,206,
maa_(maa1),1,,肌色ラボ,206,
ye_jji,1,,ye_jji,206,
chuzenji,1,,chuzenji,206,
chichi_guai,1,,Chichi怪,206,
hasukurira,1,,はすくりら,206,
sg_(esujii),1,,s: えすじぃ or SG,206,
namatyoco,1,,なまちょこtrk,206,
lianbiglian,1,,幼蟲,206,
nys,1,,nys,206,
yaoshi_jun,1,,鑰匙君,206,
mitsumine_raimu,1,,ぽれのゐなり,206,
s_(hdru2332),1,,s_(hdru2332),206,
natsume_(menthol),1,,夏目,206,
maru_(hachi_47923),1,,マル,206,
koryuu_(gackter10),1,,こたたん,206,
shun_(b.c),1,,shun_(b.c),206,
dyadyadya,1,,dyadyadya,206,
driftingtiger,1,,driftingtiger,206,
wabimochi,1,,わびもち,206,
kotetsu_080,1,,虎徹,206,
shiromoru_(yozakura_rety),1,,しろもる,206,
nanaheibei_3,1,,七平米,206,
hashimoto_(yanagi-momo),1,,橋本,206,
nauchi,1,,なうち,206,
pasdar,1,,ぱすだー,206,
mame_moyashi,1,,タンスの豆もやし,206,
bongnom,1,,ビエン,206,
butter_(oshi8kyoumoh),1,,ばたー,206,
senbei_(avocadochaya),1,,煎饼,206,
artisticjinsky,1,,artisticjinsky,206,
mimelond,1,,mingmao茗猫,206,
ooyama_kina,1,,大山,206,
osa_(osaosa),1,,osa_(osaosa),206,
peanut_(shokan),1,,peanut_(shokan),206,
d.koutya,1,,d･紅茶,206,
cyka,1,,cyka,206,
yoshimon,1,,よしもん,206,
puchirisu,1,,puchirisu,206,
captain_kirb,1,,captain_kirb,205,
kobi420,1,,kobi420,205,
wincalblanke,1,,wincalblanke,205,
cutescookie,1,,曲奇kuki,205,
kanji_(nievart),1,,kanji_(nievart),205,
syoma_(1026syoma),1,,ショーマ,205,
toba_hiyoko,1,,ひよこ,205,
azel_(laevateinn495),1,,azel司令官,205,
creape,1,,creape,205,
kobayashi_hiyoko,1,,こばやしひよこ,205,
jiu_ye_sang,1,,九叶桑,205,
futsu_iyu,1,,フッィュー,205,
bu3hgg,1,,꼬꼬,205,
chapa_kari,1,,チャパ仮xd,205,
kamiyama_(sayumimskz),1,,かみやま,205,
shiromaru_(maniado),1,,白丸,205,
kaohom503,1,,kaohom503,205,
xi_luo_an_ya,1,,希洛庵丫,205,
kagenoyuhi,1,,おゆひらくがき,205,
qianqianjie,1,,千千結,205,
jimsdaydreams,1,,jimsdaydreams,205,
kanisawa_yuuki,1,,蟹沢ゆうき,205,
shenqi_xiao_hong_zai_nali,1,,red神奇小红在哪里,205,
getto,1,,げっと,205,
doldol_(rkwowlqrp),1,,doldol_(rkwowlqrp),205,
kanzaki_gou,1,,kanzaki_gou,205,
uriuritei,1,,瓜てぃ,205,
gen_(unzzenasd),1,,源,205,
wako_(1194433260),1,,わこ,205,
zhixie,1,,紙屑,205,
katuko_deluxe,1,,かつこ,205,
h_(eitilog),1,,h_(eitilog),205,
himetsuki_luna,1,,姫月るな,205,
s_sho_mkrn,1,,s_sho_mkrn,205,
sweetonedollar,1,,sweetonedollar,205,
akiba_monaka,1,,秋葉もなか,205,
shooko,1,,しょーこ,205,
arashiki_mamizu,1,,嵐木まみず,205,
akutsu_(demodori),1,,阿久,205,
alina_l,1,,alina_l,205,
zuki,1,,ずき,205,
kakaobataa,1,,カカオバター,205,
ango_(f_ango),1,,ango_(f_ango),205,
uni_(unnny),1,,うに,205,
hekoningyou_(waraningyou),1,,笑人形,205,
dangan_kurabu,1,,弾丸倶楽部,205,
diptip,1,,diptip,205,
kasukabe_akira,1,,カスカベアキラ,205,
yuu_(arcadia),1,,由宇,205,
tabunshake,1,,たぶんしゃけ,205,
rockthebull,1,,rockthebull,205,
fujimna,1,,fujimna,205,
ggubii0225,1,,ggubii0225,205,
sushispin,1,,sushispin,205,
jehyun,1,,jehyun,205,
bobobo,1,,ボボボ,205,
azure-maya,1,,もちもも,205,
xaxaxa,1,,xaxaxa,205,
dobunezumi,1,,どぶねずみ,205,
telepurte,1,,telepurte,205,
ame_(metorui),1,,雨,205,
ichibi,1,,ichibi,205,
kouzuki_tsubasa_(musou_kaidou),1,,うたたねたたら,204,
nakamura_kumarin,1,,中村くまりん,204,
izumiillus,1,,izumiillus,204,
furim,1,,ふららβ,204,
uzou_(uzooooooooo),1,,有象,204,
queen_complex,1,,queen_complex,204,
fuji_tarawi,1,,藤たらゐ,204,
nishiya_futoshi,1,,西屋太志,204,
sleepyowl_(jobkung15),1,,sleepyowl_(jobkung15),204,
type-dog,1,,type-dog,204,
ptal,1,,ptal,204,
otoutogimi,1,,ギミマス,204,
koto_(shiberia39),1,,こと,204,
weiic,1,,weiic,204,
meat7955,1,,離譜,204,
aya_carmine,1,,aya/ちくわ,204,
sakifox,1,,さきつね,204,
pepoyo,1,,ぺぽよ,204,
flowerxl,1,,flowerxl,204,
zunta,1,,zunta,204,
katsukare,1,,かつかれー,204,
gagaimo,1,,ガガイモ,204,
genjitsu_o_miro,1,,二十日,204,
morisshii_(morishiey),1,,もりっしー,204,
mararu,1,,mararu,204,
rahime,1,,ラヒメ,204,
patzzi,1,,パッズィ,204,
hashiko_nowoto,1,,はしっこ,204,
lady_shin,1,,lady_shin,204,
alpaitham,1,,蕎麦味,204,
rrtion,1,,rrtion,204,
saga_inu,1,,嵯峨犬,204,
gyoukan_(jfxc),1,,行間,204,
kaoru_(gensou_yuugen-an),1,,kaoru Site name: 幻想幽玄庵,204,
pinponpaaru,1,,ピンポンパール,204,
yuutama2804,1,,yuutama2804,204,
profitwalrus,1,,profitwalrus,204,
silverrain,1,,silverrain,204,
sima_naoteng,1,,司马闹腾,204,
unya_(unya-unya),1,,으냐,204,
dekosuke,1,,デコスケ,204,
whitydragon,1,,whitydragon,204,
jane_mere,1,,jane_mere,204,
daydream_(zhdkffk21),1,,daydream_(zhdkffk21),204,
sukebewe,1,,すけすけ,204,
lordol,1,,lordol,204,
tamute_(2580rs),1,,たむて,204,
sengoku_aky,1,,千国AKY,204,
hetareeji,1,,つ,204,
uzumibi,1,,うずみび,204,
hplay,1,,hplay,204,
unxi,1,,うん,204,
beni_kurage,1,,紅月堂,204,
hanaon,1,,ウナギ,203,
dave_cheung,1,,dave_cheung,203,
sakiika0513,1,,さきいか,203,
odorukaminoke,1,,踊る髪の毛＠Skeb募集中,203,
dimos_(dawn_1945),1,,dimos_(dawn_1945),203,
cafelittle,1,,cafelittle,203,
takubon,1,,たくぼん,203,
asukaru_(magika_ru),1,,アスカール,203,
unneul,1,,운늘,203,
pasoputi,1,,パッソプチ,203,
tousaki_shiina,1,,凍咲しいな,203,
utamaro,1,,歌麿,203,
kamishiro_noa,1,,神城ノア,203,
n3moni,1,,n3moni,203,
tsukaasa,1,,つかあさ,203,
2drr,1,,トゥディル,203,
otton,1,,オットン,203,
takurada,1,,たくらだ,203,
unizou,1,,うに造,203,
i_a_n,1,,i_a_n,203,
isemagu,1,,いせマグ,203,
azu_(kirara310),1,,あず,203,
beruko14,1,,ふでし,203,
0haribo0,1,,0haribo0,203,
junny,1,,junny(お仕事募集中,203,
haishiki,1,,はい,203,
kiari_art,1,,kiari_art,203,
nootomo,1,,のおとも,203,
dantes_ward,1,,ダンテス,203,
snatti,1,,snatti,203,
noki_(affabile),1,,のき,203,
andanden,1,,andanden,203,
elf_k,1,,えるふけい,203,
shirahama_kamome,1,,白浜,203,
heilanshuimuchu,1,,黑蓝水母厨,203,
uu-tan_(hushigi10),1,,う―たん,203,
ninoude_(ninoude44),1,,にのうで,203,
okuma707,1,,ふわとろモンタ,203,
sekiyu_(spartan),1,,石油,203,
noorung,1,,noorung,203,
inre_kemomimi,1,,ズナ,203,
veryhardloco,1,,べりーはーどろこ,203,
superappleman,1,,Superappleman超級蘋果人,203,
psyche3313,1,,プシュケー,203,
inarou_(rakugakiproject),1,,イナロー,203,
kaya_rio,1,,夏谷リオ,203,
akisaka_yamoka,1,,あきさかやもか,203,
runamonet,1,,runamonet,203,
na_insoo,1,,レニック,203,
shironeko_haru,1,,白猫ハル,203,
zenoo,1,,ぜの,203,
sugar_you,1,,sugar_you,203,
raito_taisha,1,,raito_taisha,203,
suikaels,1,,suikaels,203,
inuinuo_gataken,1,,青井月,203,
fuka_(hk_nemo),1,,ふか,203,
dongye1551,1,,冬夜Yuya,203,
haruaki_(onkai_planaria),1,,明彰,203,
totte,1,,たらすく,203,
chokopaii,1,,chokopaii,203,
miyata_sou,1,,ハニカムスクワット,203,
a-nya,1,,a-nya,203,
asicah,1,,じゃこうじか,203,
longmei_er_de_tuzi,1,,ウサギコ,203,
mikuning,1,,mikuの宁,203,
anegawa_eiji,1,,anegawa_eiji,203,
takasugi_heppu,1,,ヘップ,203,
arnkun,1,,arnkun,203,
sika,1,,허브향,203,
sutoroa,1,,すとろα,203,
suecovsky,1,,スエコフ,202,
koki_(ryoushikiha),1,,技豆くん,202,
kamishiro_mai_(capti-no),1,,あいすかぷちーの,202,
koucha_indian,1,,紅茶インディアン,202,
yasunoharu,1,,やすのはる,202,
kooei,1,,こーえい,202,
69_(tranquilo),1,,にんじゃりばんばんビガロ,202,
habu_rin,1,,羽部凛,202,
rayingiri,1,,rayingiri,202,
isome,1,,isome,202,
sakamina,1,,坂井みなと,202,
white-paka,1,,しろーいパカ/風花雪月プレイ中,202,
ogura_tubuan,1,,おぐら,202,
irori_(irorixc),1,,いろはと,202,
piikeisandaa,1,,piikeisandaa,202,
kobayashi_yoshitaka,1,,アレマテオレマ,202,
xiumu_pianzhou,1,,朽木扁舟,202,
panch4989new,1,,panch4989new,202,
aiwo_o_lite,1,,あいを,202,
mimix,1,,ラル(チャッピー,202,
kibinago_(kibinago614),1,,kibinago_(kibinago614),202,
kubong,1,,kubong,202,
saruchitan,1,,さるちたん,202,
nagomurasan,1,,なご村,202,
nanana_(chicken_union),1,,ちきんゆにおん,202,
oosawara_sadao,1,,大童贞男,202,
kikkasoon,1,,ナイトウ,202,
sasanoneko,1,,ささお,202,
geneva_bowers,1,,geneva_bowers,202,
lunamoon,1,,るなむん,202,
artnip,1,,artnip,202,
shadman,1,,shadman,202,
asahi_kuroi,1,,あさひ,202,
kurumiya_(krmy_p),1,,くるみや,202,
red_leopard,1,,赤Leopard,202,
binxngchng1,1,,变形虫,202,
saikachi_(ogre_tree),1,,さいかち,202,
homare_(suzu_no_oka),1,,ほまれ,202,
nanami_ayane_(kusunoki5050),1,,七海綾音,202,
porupurucha,1,,ぽるぽる茶,202,
yoshida_on,1,,吉田音,202,
wara_(warapro),1,,ストローワーク,202,
seizou_hidzuke,1,,夜,202,
ms06s,1,,ms06s,202,
shapam_(zeepgalae),1,,shapam_(zeepgalae),202,
hatski.sin,1,,しいせん,202,
kaginoni,1,,かぎのに,202,
sese_nagi,1,,瀬世ナギ,202,
asya,1,,亞沙,202,
nuudoru,1,,ヌー,202,
yobi_(ybpac18),1,,yobi_(ybpac18),202,
you2,1,,you2,202,
seuga,1,,Just一粒谷,202,
totaku_(musha_prune),1,,兎沢,202,
arion_canvas,1,,arion_canvas,202,
mahito,1,,真人,202,
notfuji,1,,notfuji,202,
charamells,1,,charamells,202,
love_mintchoco,1,,머핀,202,
kurageso,1,,くらげそ,202,
chachi_(azuzu),1,,ちゃこ,202,
mino_tarou,1,,mino_tarou,202,
project_pochama,1,,【公式】プロジェクトポッチャマ,202,
penya,1,,ぺにゃ,202,
mozuwaka,1,,山田パン,202,
mhunter_45,1,,mhunter_45,202,
tobi_(nekomata_homara),1,,とび,202,
108_gou,1,,108号,202,
kimidorix32,1,,樹碧,201,
ozaki_(tsukiko3),1,,おざき,201,
heimu_(heim_kstr),1,,ヘイム,201,
note_nii,1,,のてにい,201,
smilesmile1312,1,,伊藤笑,201,
zer0.zer0,1,,zer0.zer0,201,
blaparky,1,,blaparky,201,
ichiryuu_tsumiki,1,,壱龍つみき,201,
reiwa_rerere,1,,reiwa_rerere,201,
asususususu,1,,あすすすすす,201,
namiki_itsuki,1,,namiki_itsuki,201,
yukimaru_nun,1,,たすく,201,
changgong8745,1,,天天睡懒觉的月影长弓,201,
kometubu0712,1,,なめこめし,201,
na!_(na'mr),1,,na!_(na'mr),201,
rra_(yj),1,,rarakunららマル,201,
han0579,1,,はの,201,
hayu_(hayu0305),1,,U宙いこう,201,
shitsugaikotsu,1,,ガチエロイキリ絵描き膝蓋骨,201,
yokoyari_mengo,1,,横枪萌果,201,
hiiragisensei,1,,柊せんせー,201,
mizutani_megumi,1,,水谷恵,201,
happyongdal,1,,happyongdal,201,
daisy_mitsumata,1,,みつまたかなめ,201,
mzet,1,,モジク,201,
wanko_sora,1,,わんこソラ,201,
sn_(sn_utu00),1,,えすえん,201,
takano_masayuki,1,,高野真之,201,
love_makira,1,,我愛雞妹(lovemakira,201,
ge_xi,1,,葛西,201,
shiono_(0303),1,,しおの,201,
nemuaki,1,,akiたん,201,
fiz-rot,1,,fiz-rot,201,
mashiro_kta,1,,真白k大,201,
ziling,1,,村崎涼,201,
ghost_(tama),1,,ghost_(tama),201,
yukimi,1,,由木弥,201,
waisshu_(sougyokyuu),1,,わいっしゅ,201,
aspara,1,,aspara,201,
illust_mi,1,,みむむ,201,
sucui_qiuqiu,1,,酥脆球球,201,
nishino_eri,1,,西のエリ,201,
miel_(lessontome),1,,miel_(lessontome),201,
tomodachi_(tomofanart),1,,tomodachi_(tomofanart),201,
ariso_kaoru,1,,ありそ,201,
sakura_(39ra),1,,樱,201,
ginji_(sakaki_summer),1,,イヌギン,201,
yukiharu,1,,にゃわて荘,201,
ryuusui_arumo,1,,あるも/バーチャル魔犬トワンダ,201,
fukuro_ooji,1,,袋大路,201,
aosaki_yukina,1,,蒼咲,201,
zasha,1,,ザシャ,201,
jinroku,1,,jinroku,201,
thxzmgn,1,,thxzmgn,201,
komowata_haruka,1,,菰绵遥华,201,
dan_nako,1,,ダナコ,201,
kirikan_(cokekiri),1,,桐缶,201,
nori20170709,1,,のり,201,
kodama_(wa-ka-me),1,,コダマ,201,
natsupa,1,,なっぱ,201,
buuwa,1,,ぶーわ,201,
emia_wang,1,,エミニャ,201,
gusu,1,,ぐす,201,
binayu,1,,びなゆ,201,
tamanegiinyo,1,,タマネギーニョ,201,
ninniku_(ninnniku105),1,,にんにく,201,
enu_illustip,1,,えぬ,201,
ookamiuo,1,,オオカミうお,201,
renian,1,,레니안,201,
mahou_kyuuri,1,,少女议会,201,
ria_(baka-neearts),1,,ria_(baka-neearts),200,
otowa_(otoha4634),1,,いろはにぽてと,200,
steb,1,,steb,200,
yakka,1,,さわーえりあ,200,
tanemaki_monaka,1,,種蒔もなか,200,
sauvignon,1,,sauvignon,200,
henoopd,1,,henoopd,200,
m_a_a_m_8,1,,m_a_a_m_8,200,
heibonkaeru,1,,平凡蛙,200,
m_alexa,1,,m_alexa,200,
kobassy,1,,こばっしぃ,200,
risai,1,,risai,200,
sazare_(sazozo0),1,,さざれ,200,
shino_duka,1,,志之塚,200,
ri_o_ne_su,1,,りおねす,200,
simon_(n.s_craft),1,,さいもん,200,
rottenpizza,1,,ろってんぴざ,200,
rcs_4,1,,rcs_4,200,
kuro_yanagi,1,,kuro_yanagi,200,
grape_(grapedraws),1,,grape_(grapedraws),200,
kiirokuma,1,,kiirokuma,200,
yah_yah_6,1,,yah_yah_6,200,
reiei_8,1,,reiei_8,200,
matsubara_tsuyoshi,1,,松原,200,
ebon,1,,えぼん,200,
ooshima_ryou,1,,大嶋亮,200,
hamahama,1,,hamahama,200,
meto_(metrin),1,,めと,200,
shoochiku_bai,1,,祥竹:苺【しょーちく：ばい】,200,
jun_project,1,,jun_project,200,
yorugami_rei,1,,夜神,200,
etsunami_kumita,1,,江津南くみた,200,
w_(1999_kyu),1,,朽,200,
emptyayya,1,,emptyayya,200,
tatapopo,1,,tatapopo,200,
meji_aniki,1,,meji置き場,200,
maydrawfag,1,,maydrawfag,200,
morncolour,1,,morncolour,200,
shirogane_(cufsser),1,,城兼,200,
orihara_(ewkkyorhr),1,,orihara_(ewkkyorhr),200,
shungikuten,1,,春菊天,200,
yuu_(masarunomori),1,,由宇,200,
ebanoniwa,1,,エバノニワ,200,
richard-kun,1,,リチャード,200,
mcbox,1,,MCBOX「ハコ,200,
chikage_(kinokodou),1,,ちかげ,200,
miyamoto_ryuuichi,1,,宮本,200,
temachii,1,,temachii,200,
komasi,1,,komasi,200,
momomo_906,1,,くろがね,200,
any_(lucky_denver_mint),1,,えにー,200,
yuno_ff,1,,ゆの,199,
zinfian,1,,zinfian,199,
chideno,1,,ちで之,199,
kazuo_daisuke,1,,カズヲダイスケ,199,
dokonjou_(odossan),1,,ドコンジョウ,199,
saruyama_ushirou,1,,申山丑郎,199,
shirayuiii,1,,早紗見,199,
shg_(hiomaika),1,,shg_(hiomaika),199,
inkspirate,1,,inkspirate,199,
noir_(nowaru),1,,noir(のわーる,199,
youbi_(0ver_sd),1,,ぷとぶりT,199,
tsuyudashimirin,1,,つゆだしみりん,199,
srro_yo,1,,srro_yo,199,
gachitamago,1,,じゃっ,199,
qurami,1,,qurami,199,
fov_ps,1,,fov_ps,199,
un_do,1,,ＵＮ＿ＤＯ,199,
bnari,1,,bnari,199,
poper_(arin_sel),1,,poper_(arin_sel),199,
sahi00000,1,,sahi00000,199,
makki_do,1,,抹希,199,
asagao_minoru,1,,朝顔みのる,199,
myumi,1,,myumi,199,
aizen_(syoshiyuki),1,,愛禅,199,
klash,1,,spend-time-waste（無敵,199,
gozaemon,1,,御座衛門,199,
tabayashi,1,,田林克姆,199,
noomaru_(nomorepeople),1,,のおまる,199,
renshirenji,1,,レンシレンジ,199,
natsumiya_yuzu,1,,夏宫柚子,199,
berryverrine,1,,berryverrine,199,
shourin_bonzu,1,,少林ボンズ,199,
grandia_koori,1,,GRANDIA冰,199,
harada_miyuki,1,,ハラダミユキ,199,
yono_neie,1,,よの,199,
morokoshi_(tekku),1,,モロコシ,199,
matsu_(fu6ide2),1,,まつ,199,
sa1k0p,1,,サ井,199,
t-okada,1,,おかだ,199,
natsuo_(720ge),1,,夏尾,199,
takutaku12364,1,,たくたく,199,
sainohikari,1,,さいのひかり,199,
yasukuni_kazumasa,1,,安國,199,
blue_notuki,1,,蒼之月,199,
gcg,1,,gcg,199,
shiwasu_takashi,1,,シワスタカシ,199,
devil_yanghyeok,1,,大魔王yanghyeok,199,
kaiaik_(zheliakaina),1,,凯AIK,199,
hrna,1,,hrna,199,
kazuboh,1,,kazuboh,199,
signo_aaa,1,,signo_aaa,199,
goth_risuto,1,,ごすろりすと,199,
amyucheu,1,,아뮤츠(amyucheu,199,
tadano_natsu,1,,とりあえずなページ,199,
shiwo_(siwosi),1,,しを。,199,
axia-chan,1,,bossフレイン,199,
touya_(konpekitou),1,,と～や,199,
axe_r18,1,,呪縛霊,199,
hirota_tsuu,1,,ひろた,199,
shirosaba,1,,白サバ,199,
aoba_(akibajun),1,,青叶,199,
kurami_(kohaku.),1,,蔵見,199,
kujira_lorant,1,,くじらローラン,199,
reit,1,,reit,199,
dizdoodz,1,,dizdoodz,199,
saino_misaki,1,,saino_misaki,199,
matsuo_(matuonoie),1,,松雄,199,
takase_kanan,1,,高瀬かなん,199,
yoshino_(q_sci),1,,よしの,199,
zuzu_(ywpd8853),1,,ズズ,199,
namu_(nurui_cha),1,,ナム,199,
snozaki,1,,Snozaki筱崎,199,
toode_rusu,1,,遠りゅ,199,
7nite,1,,响声堡,199,
yamakaze_ran,1,,山风岚,199,
rikoma,1,,璃コマ,199,
xox_xxxxxx,1,,きゆまし,199,
ponymoe,1,,ponymoe,199,
miiizuno_lbs,1,,水乃,198,
cototiworld,1,,小鳥由羽,198,
nanase_(nanataroo_7),1,,な,198,
shuri_(syurigame),1,,シュリ,198,
nn_(eogks),1,,nn_(eogks),198,
reimundpurr,1,,reimundpurr,198,
billbung,1,,빌붕,198,
soy-chan,1,,soy-chan,198,
olena_minko,1,,olena_minko,198,
akai_ringo_(eveyuno),1,,◇◆赤井林檎◆◇,198,
mellozzo,1,,mellozzo,198,
pontaro18,1,,ぽんたろ,198,
atsumi_jun,1,,渥海潤,198,
inaririn,1,,いなりりん,198,
jin_sumire,1,,堇,198,
hiro_(hirohiro_gorira),1,,博,198,
arupaka5tuki,1,,ぱか子,198,
emduck,1,,emduck,198,
tarutoru,1,,タルトル,198,
rurisuke,1,,るり助,198,
mesuosushi,1,,めすおすし,198,
kisuu,1,,奇数,198,
manda_(manda9n),1,,萬田,198,
hidari_(nanmu-left),1,,ひだり,198,
azusa_(azusa0325),1,,アズサ,198,
sardine_(kjr0313),1,,sardine_(kjr0313),198,
sinaooo,1,,しなお,198,
matatabi_maru,1,,またたび丸,198,
starkamisan,1,,星kami,198,
anzen_robo_(474zz),1,,あんぜんロボ,198,
tatuhiro,1,,たっちゃん,198,
tokomichi,1,,とこみち,198,
xibu_cai,1,,西部彩,198,
chuuou_higashiguchi,1,,中央东口,198,
itou_hachi,1,,伊藤ハチ,198,
amano_kokoko,1,,あまのこここ,198,
misooden,1,,みそおでん,198,
hu_kotora,1,,風ことら,198,
steve_zheng,1,,steve_zheng,198,
kionaoki,1,,kionaoki,198,
megame_(okbnkn),1,,眼亀,198,
manodemarina,1,,まのでまりな,198,
4me3ba_niku,1,,〆ソ,198,
fe_(tetsu),1,,鉄,198,
gyoju_(only_arme_nim),1,,ジュウ,198,
banjou_azusa,1,,万丈梓,198,
itaru_(kidomh63),1,,至る,198,
gummyrise,1,,ガミ・ライズ,198,
henkawa,1,,henkawa,198,
ichi27ichi,1,,ichi27ichi,198,
kizami_nori_to_yamaimo,1,,きざみ海苔と山芋,198,
morisawa_haruyuki,1,,森沢,198,
pen_(pen3),1,,#ペン,198,
hoshi-pan,1,,hoshi-pan,198,
sakana_(fishchunk),1,,鱼,198,
bacheally,1,,森地,198,
tabi_(tabisumika),1,,tabi_(tabisumika),198,
yamaioni_(sasakama),1,,病鬼,198,
penguin_stamp,1,,penguin_stamp,198,
dior-zi,1,,D咸鱼仔D,198,
zifletts,1,,治,198,
r0g0b0,1,,r0g0b0,198,
panatisia,1,,パナティシアー,198,
buresu,1,,ぶれす,198,
apoloniodraws,1,,apoloniodraws,198,
melings_(aot2846),1,,melings_(aot2846),198,
ark_(morita_hitomi),1,,きゃんせるダクネス,198,
aya02ka,1,,絢香,197,
redol,1,,レドル,197,
linhangwei,1,,linhangwei,197,
tatti_art,1,,tatti_art,197,
ailushin,1,,小円,197,
gwao_(_ul_13),1,,과오,197,
skrillex_li,1,,Skrillex离,197,
gonoike_biwa,1,,五ノ池,197,
nemusuke,1,,眠介,197,
ddog,1,,ddog,197,
mr_thecatman,1,,mr_thecatman,197,
ikemura_hiroichi,1,,池村ヒロイチ,197,
agemmata,1,,アジェマタ(Ajemata,197,
guaisanmu,1,,怪三木,197,
tagame_(tagamecat),1,,tagame_(tagamecat),197,
bano_akira,1,,馬野,197,
kaqo,1,,re斎藤,197,
pikazo,1,,ぴかぞー,197,
shiomi_(lowrise),1,,シオミ,197,
beancurd,1,,g.o.b.團,197,
iromeki_overdrive,1,,unity仙人,197,
kurinton,1,,久林丼,197,
sape_(saperon_black),1,,さぺ,197,
switch01,1,,P・ボックス,197,
takano_itsuki,1,,高野いつき,197,
luna_lia,1,,瑠奈璃亜,197,
kazuki-mendou,1,,kazuki-mendou,197,
tasora,1,,たそら,197,
nya_po,1,,멍멍보리킥,197,
twogie,1,,twogie,197,
watanabe_yasuaki,1,,なーべ渡辺,197,
mool_yueguang,1,,Mool月光,197,
vu_(oyavun),1,,タコパレラ星人の宇宙船,197,
nishiumi_yuuta,1,,西海,197,
kaida_michi,1,,海田路,197,
rangen,1,,[커미션받아욧]tamagopit,197,
haioku_colonel,1,,廃屋カーネル,197,
michiru_(amphibian),1,,みちる,197,
x-rabbit,1,,X・らびっと,197,
takenashi_eri,1,,武梨えり,197,
nochatea,1,,のちゃ,197,
pixie_(milkywaypixies),1,,pixie_(milkywaypixies),197,
oka_(bananashoe),1,,丘,197,
heigani,1,,兵蟹,197,
fujy,1,,fujy,197,
organ_derwald,1,,organ_derwald,197,
motoi_hiroumi,1,,motoi_hiroumi,197,
par0llel,1,,par0llel,197,
alcxome,1,,alcxome,197,
manio,1,,まにお,197,
bokyo,1,,BB乌龟,197,
kimura_shuuichi,1,,きむら秀一,197,
epic_armageddon,1,,えぴ丼,197,
donedone,1,,donedone,197,
rocomani,1,,真夏,197,
magako,1,,まがこ,197,
andrian_januar_adilia,1,,andrian_januar_adilia,197,
hisama_tomoki,1,,久間知毅,197,
ixima,1,,ぇゎみ,197,
toriyarou,1,,トリヤロウ,197,
lank_(lankdesu),1,,らんくちゃん,197,
natu_zame,1,,ナツザメ,197,
chankuro,1,,ちゃんくろ,197,
nero_hanken,1,,大倉ねろた,197,
chii_(chi_pppuri),1,,地井,197,
ibaraki_shun,1,,ibaraki_shun,197,
manli,1,,manli,197,
keine09,1,,Keine|ケイ,197,
kanyoko_(yuzukano_17),1,,かにょこ,197,
michou,1,,みちょー,197,
inari_(inariya),1,,稻荷,197,
acrux,1,,acrux,196,
naiguozi,1,,naiguozi,196,
himurohiromu,1,,弘,196,
kurosaki_kousuke,1,,うんち!(ハンドルネーム,196,
zatsu,1,,zatsu,196,
kajaneko,1,,かじゃねこ,196,
kashmir_0808,1,,kashmir_0808,196,
ebi_(shrimp_eleven),1,,えび,196,
lq_saku,1,,樱,196,
necono_(nekonosora1207),1,,猫ノ空,196,
kamiya_tadato,1,,神谷唯人,196,
afe.,1,,afe.,196,
pixel_(yuxian),1,,pixel_(yuxian),196,
chocoblood,1,,さよこ,196,
synchroaki,1,,しんくろあき,196,
alice_vu,1,,alice_vu,196,
takakura_aki,1,,高仓晶,196,
gb_(doubleleaf),1,,gb_(doubleleaf),196,
baru_(val-val),1,,ばる,196,
kanau,1,,かなう,196,
dodomori,1,,ドドもり,196,
litsvn,1,,小忍,196,
kuroki_(ma-na-tu),1,,くろき,196,
dongsa_wonhyong,1,,동사원형,196,
savan,1,,savan,196,
noel_(noel-gunso),1,,noel_(noel-gunso),196,
haruwaka_064,1,,春若のろし,196,
nami_nami_(belphegor-5812),1,,なみなみ,196,
ziki_(gkdlfnzo1245),1,,지키,196,
noe_noel,1,,乃絵のえる,196,
jivke,1,,ジブケ,196,
hyoin,1,,hyoin,196,
merxkialis,1,,メルキアリス,196,
furorina,1,,ふろりな,196,
hitomi_o,1,,拾六,196,
chaba_(hortensia),1,,茶葉,196,
gleision_adain,1,,グレイシオンアダイン,196,
defaultkavy,1,,defaultkavy,196,
scorpion5050,1,,ローチャン,196,
carimarica,1,,カリマリカ,196,
sumeragi1101,1,,皇,196,
bbabbamis2,1,,전국시,196,
ezoshika,1,,エゾシカ,196,
mameko_(mamedaifukuya),1,,まめこ,196,
neyuki_rei,1,,根雪れい,196,
fluffyebi01,1,,fluffyebi01,196,
sawati,1,,さわてぃ,196,
yanmarson,1,,ヤンマーソン,196,
suzuakks,1,,スズ,196,
suzumori,1,,铃森,196,
ykmr_(haga),1,,芳賀,196,
yuuri_(orz_commushows),1,,遊離,196,
iv_(iv70311741),1,,イブ,196,
komasawa_(fmn-ppp),1,,小松菜,196,
senbon_tsuki,1,,千本月,196,
sheryama,1,,シャーやま,196,
anglediana,1,,人在家中画到失联,196,
sundajin_asagi,1,,sundajin_asagi,196,
tanobou,1,,たのぼう,196,
isu,1,,isu,196,
fpsblyck,1,,fpsblyck,196,
yosshy,1,,yosshy,196,
sihana156,1,,死花,196,
maozi_tutu,1,,毛子兔,196,
sadarann,1,,鯛カレー茶漬け,196,
dreamoon,1,,dreamoon,196,
kanamochi_kanato,1,,叶梦,196,
jack_rockhardt,1,,jack_rockhardt,196,
hero_(10cl3),1,,ヒーロー,196,
cloudyman,1,,飞机云君,196,
kokechankokko,1,,コケ矮,195,
sharp_to_sharp,1,,샵샵,195,
iwonu,1,,寝を寝,195,
myapanpan,1,,みゃぱんぱん,195,
routo,1,,兔ろうと,195,
c_civciv,1,,c_civciv,195,
shinia,1,,shinia,195,
suntail,1,,suntail,195,
maenoo,1,,メヌ,195,
vent_vert_(kuuya),1,,cc福岡原稿中のヴァン,195,
leslyzerosix,1,,leslyzerosix,195,
suzumori_uina,1,,鈴森ういな,195,
chasai,1,,ちゃのき,195,
kotobuki_hajime,1,,ことぶきはじめ,195,
majiang,1,,mustard好几公里,195,
makaria,1,,マカリア,195,
gakubuchi_aiko,1,,額縁,195,
masamuuu,1,,マサムー,195,
komimiyako,1,,弧未都,195,
natto_soup,1,,なっとーじるこ,195,
pocari_(sq551),1,,まぐろ,195,
kourourin,1,,紅老林,195,
kihaiu,1,,木春,195,
ruka_(piyopiyopu),1,,るかぴー,195,
natsumekinoko,1,,夏目きのこ,195,
gloriash,1,,gloriash,195,
ronindude,1,,ronindude,195,
fliphrrr,1,,fliphrrr,195,
kevn,1,,kevn,195,
kamatoyu,1,,かまとゆ,195,
copituji,1,,正気,195,
minamoto80486,1,,みにゃもと,195,
astrayin,1,,日梟,195,
zoryc,1,,ゾリク,195,
fukutchi,1,,あめじすとダークネス,195,
shinae,1,,shinae,195,
mashitono_desu,1,,ましとのです,195,
hoshimame_mana,1,,星豆まな,195,
acesrulez,1,,acesrulez,195,
takto,1,,takto,195,
luminous,1,,冷凝,195,
y_naf,1,,y_naf,195,
futaba_suetsuki,1,,双葉,195,
aloe_(kenkou3733),1,,あろえ,195,
noill,1,,noill,195,
cinkai,1,,cinkai(しんかい,195,
karasuma_yayoi,1,,乌丸弥生,195,
bolze,1,,bolze,195,
kakiuchi_itsuki,1,,垣内,195,
leonzo,1,,leonzo,195,
motobi_(mtb_umk),1,,もとび,195,
arima_(arima_bn),1,,ありま,195,
eugle_na,1,,ゆうぐれ,195,
gc3,1,,gc3,195,
kozu_(bloomme1_me),1,,こず,195,
daisukebear,1,,daisukebear,195,
neumo,1,,にゅうも,195,
xity,1,,xity,195,
hydrant_(kasozama),1,,hydrant_(kasozama),195,
kazuki_seihou,1,,香月,195,
wspread,1,,すぷ,195,
ikeno_daigo,1,,池野大悟,195,
telomere,1,,telomere,195,
seol_(baconontheclock),1,,욈,195,
joker_(stjoker),1,,亡骸愚連隊,195,
sorotu,1,,そろつ,195,
satelyte,1,,satelyte,194,
kitagawa_suigetsu,1,,きたがわ水月,194,
dorianpanda,1,,たらいくらいまっくす,194,
suzushina,1,,すずしな,194,
chikichi,1,,ちきち,194,
player193,1,,player193,194,
snowcie,1,,snowcie,194,
deccatezu,1,,deccatezu,194,
ikayaki_(ikayaki4),1,,ikayaki_(ikayaki4),194,
philomelalilium,1,,PHI猫咪饲养员,194,
prixmal,1,,prixmal,194,
amaxa,1,,amaxa,194,
yukikuma_(yukikuma_018),1,,ｕ◕ฺ㉨◕ฺ)ノ,194,
chipie_0114,1,,chipie_0114,194,
kamaboko_red,1,,かまぼこRED,194,
sasaki_(dkenpisss),1,,ササキ,194,
yasehattagi,1,,ヤセハッタギ,194,
chimi_(s2yuyukos2),1,,ちみ,194,
sakuraihum,1,,哈姆姆,194,
baige0,1,,努力画画的白鸽,194,
niniidawns,1,,niniidawns,194,
jkisaradu,1,,jk更津,194,
marui_shiro,1,,四角いくろ丸,194,
iroshira_skb,1,,いろしら,194,
0_(znanimo),1,,0_(znanimo),194,
nuppunuppu,1,,ぬっぷぬっぷ,194,
poxiao_buff,1,,破晓buff,194,
mizumi_zumi,1,,ずみ,194,
pzkpfwi,1,,pzkpfwi,194,
tsubameyado,1,,燕山,194,
t_zhonglang,1,,T中郎,194,
demekyon,1,,肝臓雅茶,194,
neshia_(tsaqif0309),1,,ねしあ,194,
ankea_(a-ramo-do),1,,九.鳥,194,
kinoko_kun,1,,キノコ君,194,
tatsunokosso,1,,タツノコッソ,194,
arttoru,1,,arttoru,194,
force_(4sk_force),1,,force_(4sk_force),194,
7ife,1,,7ife,194,
miyamoto_satoru,1,,おつけもの,194,
taruya,1,,たる屋,194,
hukahito,1,,hukahito,194,
sakai_waka,1,,さかいワカ,194,
kanoji_(ni_kanojo),1,,kanoji_(ni_kanojo),194,
komuzuka,1,,こむずか,194,
21yc_(september_breeze),1,,21yc_(september_breeze),194,
723/nanahumi,1,,723/nanahumi,194,
suke_(momijigari),1,,すけ,194,
juanmao,1,,负能鲨鱼,194,
yukinojou_yakan,1,,やかん,194,
yoimon,1,,yoimon,194,
bshi_edayo,1,,ぶし,194,
misakura_nankotsu,1,,御樱软骨,194,
moshi_(0364p),1,,もし,194,
2na,1,,2na,194,
kzhu,1,,K助,194,
kendy_(revolocities),1,,kendy_(revolocities),194,
akirannu,1,,あきらんぬ,194,
shiwo,1,,しを。,194,
pondel,1,,ポンデル,194,
scarlet_(studioscr),1,,スカーレット,194,
nayuta_ggg,1,,なゆティー,194,
feng_mouren,1,,风某人,194,
kawanakajima,1,,河中島,194,
dakkalot,1,,dakkalot,194,
pension_z,1,,ぜろ,194,
yukimiya_(parupunta),1,,ゆきみや,194,
kamo_(kamonegioisi),1,,鴨,194,
gozz,1,,gozz,194,
mochinue,1,,ぶら,194,
reri,1,,レリ,194,
wb_yimo,1,,依末-Yimo,193,
pace_r18,1,,pace_r18,193,
saiykik,1,,saiykik,193,
tagyeokgam,1,,라라라,193,
hanavbara,1,,hanavbara,193,
mendo_(mend0o0),1,,めんど,193,
toto_(caaaaarrot),1,,トト,193,
pepzi,1,,pepzi,193,
untsuku,1,,うんつく,193,
hida_tatsuo,1,,飛田竜夫,193,
mel_(dodosae),1,,도도새,193,
bobamiruku,1,,bobamiruku,193,
oniiyanna,1,,oniiyanna,193,
yupiteru,1,,ゆぴてる,193,
bluecup,1,,bluecup,193,
takahiro_(crimson_bolt),1,,えちひろ,193,
nakichi_n,1,,な吉,193,
hsuliherng,1,,へるんぐ,193,
kokuto_(kurousagi1210),1,,こくと,193,
nagisa_(cxcx5235),1,,Nagisssa该摸鱼了,193,
yatomi,1,,やとみ,193,
hakimen,1,,hakimen,193,
hashibiro_kou_(garapiko_p),1,,桥广こう,193,
long28,1,,long28,193,
amepa_(ame_pinecandy),1,,あめぱ,193,
kuuus,1,,kuuus,193,
raiya_atelier,1,,二神兄弟,193,
higeneko,1,,胡子猫,193,
takeshisu,1,,タケシス,193,
kaliningradg,1,,kaliningradg,193,
jmao,1,,JMao睫毛,193,
uechin_ewokaku,1,,うえちん,193,
miike_(992058),1,,みいけ,193,
tanaka_kunihiko,1,,田中,193,
yuzuriha_(atelier_liang),1,,让叶,193,
tadano_yukiko,1,,ただのゆきこ,193,
f.b.w,1,,f.b.w,193,
pei_(sumurai),1,,ぺい,193,
ariamikukanzaki,1,,アリアミク神崎,193,
bails,1,,bails,193,
shironeruka,1,,しろねるか,193,
makumaxu,1,,makumaxu,193,
smoke_klll,1,,煙管,193,
sakura_koharu,1,,さくら小春,193,
kitsune_maru,1,,きつね丸,193,
chiji_komari,1,,ちぢこまり,193,
jiyu2,1,,磁油2,193,
parum39,1,,parum39,193,
38_(sanjuuhachi),1,,38_(sanjuuhachi),193,
konakona,1,,たお,193,
moko_(moko/moko),1,,もこ,193,
miya_nns35,1,,みや,193,
sakura_sora,1,,口毕口毕口毕,193,
kurokawa_(kurokashi655),1,,抹茶馬,193,
oyama_yoihaya,1,,尾山,193,
kanbayashi_makoto,1,,上林眞,193,
tacco_(tikeworld),1,,tacco(타꼬,193,
kaiso_(kaisooekaki),1,,かいそう,193,
zijou,1,,zijou,193,
tsukiori,1,,tsukiori,193,
amekosame,1,,雨小雨,193,
shiduki_eku,1,,汐月えく,193,
n_(dai_n_honpo),1,,n Circle name: 第N本舗,193,
lysander_z,1,,ライサンダーZ,193,
amamitsu_kousuke,1,,kousuke（絵を描きたい,193,
bikkusama,1,,bikkusama,193,
suoni_(deeperocean),1,,索尼,193,
carinae,1,,カリーナエ,193,
kazama_raita,1,,風間雷太,193,
moshihimechan,1,,もしひめ,193,
name_john,1,,なめジョン,193,
shida_kazuhiro,1,,司田一弘,193,
chan8016,1,,シユキ,193,
wakagi_repa,1,,若木,193,
otoki_raku,1,,音木,193,
bwcloud,1,,乌莫云,192,
fridaynightcat,1,,木兆子,192,
noriko_(ni_noriko),1,,のり子,192,
kuramoto_beta-carotene,1,,倉本ベータカロテン,192,
dalcom,1,,あまもち,192,
komatsuki_n,1,,komatsuki_n,192,
fenqury,1,,fenqury,192,
manjirou_(manji_illust),1,,まんじろう,192,
cokei,1,,cokei,192,
hatomugi_(user_datj4345),1,,鳩むぎ,192,
yumibakama_meme,1,,弓袴,192,
nameno92372763,1,,nameno92372763,192,
vinny_(dingitydingus),1,,vinny_(dingitydingus),192,
illian-san,1,,伊蓮,192,
gudanco_(nyanmeowzer),1,,gudanco_(nyanmeowzer),192,
ranka_(tonbo),1,,らん,192,
svet_yomi,1,,svet_yomi,192,
hatyuuruinohito,1,,とヵけ”さん,192,
kuroshiro_kanae,1,,kuroshiro_kanae,192,
yamase,1,,yamase,192,
nomura_tetsuya,1,,nomura_tetsuya,192,
poechan_chan,1,,poechan_chan,192,
hisakata_souji,1,,エソラセカイ,192,
tekuho_no_habo,1,,tekuho_no_habo,192,
egomeshi,1,,えご,192,
yinpa_(wanone500511),1,,音琶,192,
sasaki_tatsuya,1,,ささきタツヤ,192,
houden_eizou,1,,ネビヨン,192,
hoyon,1,,ほよん,192,
mukiryoku_bato,1,,むきりょくばと,192,
ishida_arata,1,,いしだあらた,192,
inma,1,,インマr,192,
ichirino_minagi,1,,一梨乃みなぎ,192,
mosui_(kori_can),1,,こりかん,192,
enpitsu01,1,,えんぴつ,192,
toujou_(toujou_ramen),1,,東條,192,
nuko_(mikupantu),1,,猫ノ瀬ぬこ,192,
yopan_danshaku,1,,よぱん准男爵,192,
soranagi,1,,空凪,192,
awa_toka,1,,粟,192,
aoma_(xuanzexuexi),1,,Aoma不想变狐球,192,
teriibol,1,,teriibol,192,
firolian,1,,firolian,192,
omochi_(omotimotittona3),1,,おもち,192,
syonosuke9573,1,,しょーのすけ,192,
keikesu,1,,ケイケス,192,
yuuki_makoto_(radiant),1,,悠樹,192,
shikimiya_life,1,,シキ三ヤ,192,
mashue,1,,エロ絵描きの奇妙な日常,192,
milramemo,1,,milramemo,192,
saiwo_(saiwoproject),1,,saiwo_(saiwoproject),192,
karakuri_musha,1,,からくり武者,192,
fuuki_(te_fuukin),1,,ふうき,192,
kyoyakyo,1,,おきょう,192,
kobi_(piliheros2000),1,,kobi_(piliheros2000),192,
kisa_(leg3043),1,,キサ,191,
wowoguni,1,,ヲヲグニ,191,
hi-go!,1,,ギルティズム,191,
shideboo_(shideboh),1,,しでぼー,191,
chukibabo2,1,,쀼엥,191,
mi_(27782900),1,,리츠,191,
pellas_(panix2383),1,,펠라스,191,
zetsumu,1,,ぜつむ,191,
yuu_(1007yu),1,,由宇,191,
yuki_4040,1,,雪チョコ,191,
arato_asato,1,,あらと安里,191,
wu_yu_wanwan,1,,婉婉,191,
liveactors,1,,liveactors,191,
oeyama,1,,大江山,191,
kawanmushi,1,,kawanmushi,191,
r-man,1,,r-man,191,
mild_(trmsasasa),1,,てんらいX,191,
koujisako,1,,小路さこ,191,
sinonomemikann,1,,しののめ,191,
mizuno_uchi,1,,はなくそ野郎,191,
hisho_(rythm_hisho),1,,むなしひしょう,191,
jazztaki,1,,たき,191,
geso_smith,1,,ゲソスミス,191,
dolldolldd,1,,ドル,191,
poppoman,1,,のず,191,
ha_(hura76752775),1,,ハ,191,
meru02295238,1,,荊棘,191,
ibara_dance,1,,ibara_dance,191,
gaman,1,,ガマン,191,
kagesaki_yuna,1,,影崎由那,191,
lilac_(k32420276),1,,랼락,191,
lsls,1,,lsls,191,
oguchi,1,,おぐち,191,
kawanishimaki,1,,あきづき,191,
wacca005,1,,wacca〇わっか,191,
sodamachi,1,,ソーダせき,191,
icetea_art,1,,赤井ちゃば,191,
secon,1,,secon,191,
mmm_(mmm623),1,,mmm_(mmm623),191,
homaderi,1,,ほまでり,191,
anna_anon,1,,anna_anon,191,
yoyokkun,1,,yoyokkun,191,
yurigera_8959,1,,ぬりえる,191,
youyoukai,1,,幼妖怪,191,
meda,1,,青柳麓,191,
ailu_elf,1,,艾露Elf,191,
hiyori_mizuki,1,,陽寄瑞貴,191,
kubota_masaki,1,,kubota_masaki,191,
yamada_koutarou,1,,コタロー,191,
hibiwa,1,,hibiwa,191,
archstreal,1,,archstreal[タマガ],191,
yunoji_(onigiri_yumi09),1,,じゃこ,191,
alpha_(alpha91),1,,有葉,191,
flying-frappuccino,1,,flying-frappuccino,191,
tera_hiroshi,1,,テラ浩,191,
anonds31,1,,anonds31,191,
flowery_peko,1,,м（えむ,191,
nekojiri,1,,ねこじり,191,
k52,1,,k52,191,
vakaosciosa,1,,vakaosciosa,191,
mia_(fai1510),1,,みあ,191,
manarou,1,,まなろう,191,
sakai_eri_(illustratoreri),1,,酒井エリ,191,
noise_tanker,1,,noise_tanker,191,
fuyuichi_monme,1,,冬壱もんめ,191,
shimatori_(sanyyyy),1,,嶌鳥,191,
koza900,1,,けーぼー,191,
fa_no_hito,1,,ふぁの人,191,
ayuayu_(chisuke_ayu),1,,ayuayu_(chisuke_ayu),191,
mikripkm,1,,mikripkm,191,
kinsenka_momi,1,,金染花もみ,191,
rebis,1,,アルセノテリス,191,
norita,1,,のり太,191,
yen-mi,1,,yen-mi,191,
tyouseki,1,,朝夕,191,
twistedgrim,1,,twistedgrim,191,
yoshida_iyo,1,,吉田 依世,191,
yamaguchi_homupe,1,,珠樹やよい,191,
toriria,1,,トリリア,191,
mutang,1,,木塘,191,
kokotetsu,1,,ここてつ,191,
watasakura,1,,ほっぺ砂糖,191,
komekura_(komeppy22),1,,こめくら,191,
solru,1,,solru(ソル,191,
empew,1,,empew,191,
zantyarz,1,,zantyarz,190,
shikniful,1,,shikniful,190,
azuu_(azuucookie),1,,azuu_(azuucookie),190,
inapple,1,,inapple,190,
muninshiki,1,,むにんしき,190,
takoroki,1,,takoroki,190,
oshiri_(o4ritarou),1,,おしり,190,
rin_0101010,1,,りい,190,
tirofinire,1,,エロリー,190,
momdadno,1,,momdadno,190,
azunyart,1,,azunyart,190,
elisbian,1,,elisbian,190,
moti_coi,1,,どすこい,190,
cheli_(kso1564),1,,멍때리는첼,190,
cheeso_art,1,,cheeso_art,190,
nisego,1,,nisego,190,
poki_(j0ch3fvj6nd),1,,poki_(j0ch3fvj6nd),190,
shimotsuki_eight,1,,ベンチウォーマー,190,
dora_v_nu,1,,どらごぬ,190,
qewie,1,,qewie,190,
kintaro,1,,きんたろ,190,
agenasu,1,,あげなす,190,
yui930,1,,yui930,190,
ibuki_pon,1,,息吹ポン,190,
keiseki1,1,,keiseki1,190,
sasago_kaze,1,,三三五風,190,
oborofu,1,,うそつきぺんた,190,
crybringer,1,,crybringer,190,
aku_(dejigiga),1,,あく,190,
kou_(garakuta_teikoku),1,,孝,190,
kansuke,1,,カンスケ,190,
ra_mun5239,1,,らーむん,190,
fechirin,1,,ふぇち,190,
tsuttsu,1,,つっつ,190,
yunouou10,1,,晕欧欧,190,
bencao_gangmu,1,,本草綱目,190,
harmonist11,1,,harmonist11,190,
hot_melon,1,,hot_melon,190,
supersatanson,1,,supersatanson,190,
rayvon,1,,カマキリ,190,
yamato_junji,1,,山取順二,190,
mochii,1,,mochii,190,
poncocchan,1,,ぽんこっちゃん,190,
epi_zero,1,,えぴ,190,
ukami,1,,うかみ,190,
hmdark-9,1,,hmdark-9,190,
riku_(melty_drop),1,,らくがき,190,
count_zero,1,,count_zero,190,
maremay0513,1,,皐月めあ,190,
sanagi_torajirou,1,,蛹虎次郎,190,
jibakurei_(elite_unchi),1,,地縛霊,190,
xi_xeong,1,,씨셩,190,
karahai_(31448823),1,,からはい,190,
emu_(emum),1,,ゑむ,190,
hakamii,1,,ハカミイ,190,
reiboubyou,1,,ドラム,190,
vania600,1,,バーニア６００,190,
kara_age,1,,あげもの,190,
xu_chin-wen,1,,白雨青,190,
kohanayuki,1,,うるる牡丹,190,
yoshiwo_(kanikama),1,,よしを,190,
kuroda_(kuro_yyy),1,,黒田,190,
xude,1,,xude,190,
senpaihawkkun,1,,hawkくんshnider,190,
gouguru,1,,ゴーグル,190,
bulbonne,1,,ぶるぼん,190,
huang_gua,1,,四重结界-瓜美丽不再肥胖,190,
nestkeeper,1,,둥지지기,190,
kirisita,1,,きりのせ,190,
u_rin,1,,佑りん,190,
ohihil,1,,オヒヒル,190,
motoi_(croa76),1,,もとい,190,
renta_(deja-vu),1,,れんた,190,
tomosuke,1,,ともすけ,190,
kimi_tsuru,1,,きみつる,190,
chirisazame1,1,,▲さん,190,
qiya,1,,qiya,190,
ryuya,1,,ryuya,190,
chochomi,1,,チョチョミ,190,
mississipping,1,,王杏花,190,
saeki_shun,1,,佐伯俊,190,
suehiroch0,1,,せぎ,190,
fumi_(fumifumi3axl),1,,ふみー,190,
sskitaco,1,,透依,190,
dodok_(gj77230),1,,dodok_(gj77230),190,
nanoda002_(saber427),1,,藤蝶,190,
lemon_t,1,,レモンt＠twitter,190,
pikurusu,1,,ぴくるす,190,
higashiyama_shou,1,,アキリ,190,
mokou_cooking,1,,ロコ/妹紅のまんぷくお料理ちゃんねる,190,
torii_yoshitsuna,1,,鸟居义纲,190,
fomnant,1,,ふぉむ,190,
patanda,1,,다탄파,189,
rinki_oohen,1,,リンキおーへん,189,
sleeptopi,1,,sleeptopi,189,
alllisso,1,,alllisso,189,
yc97,1,,yc97,189,
yuuyu_(moco20111115),1,,ゆーゆ,189,
misato_hao,1,,美里ハオ,189,
maigoyaki,1,,迷子焼き,189,
vlizz,1,,vlizz,189,
kokutan_kitsunen,1,,黒檀きつねん,189,
pharamacom,1,,pharamacom,189,
magnet_8_8,1,,まぐねっと,189,
oshimaru026,1,,おし丸,189,
fujimiya_yahiro,1,,藤宮やひろ,189,
hiragana_oufu,1,,かたかな,189,
agoto,1,,agoto,189,
mai_mugi,1,,まいむぎ,189,
mugi_(banban53),1,,mugi_(banban53),189,
nullken,1,,ぬるけん,189,
tahya,1,,他ヒャ,189,
aki_(sangetusei),1,,あき,189,
amamiya_minato,1,,雨宮水音,189,
nanabuluku,1,,ナナブルク,189,
arale_(ara1e),1,,あられ,189,
i.takashi,1,,i.takashi,189,
yangsion,1,,曽我誠,189,
red_star_(toranecomet),1,,れっどすたぁ,189,
kinagi_yuu,1,,きなぎ,189,
rimo,1,,りも,189,
kogaku_kazuya,1,,虎顎かずや,189,
nanonin,1,,なっく,189,
pika_(kai9464),1,,pika_(kai9464),189,
tokio_neo,1,,トキオ,189,
asaki_takayuki,1,,朝木贵行,189,
u_ronnta,1,,うーろん汰,189,
makino_momiji_(artist),1,,チカ,189,
sekihara_umina,1,,せき,189,
rryiup,1,,シャケ（鮭,189,
otabe_sakura,1,,おたべさくら,189,
bikkii,1,,ビッキー,189,
sakatsuki_yakumo,1,,朔月八雲,189,
poshi_(ginmokusei),1,,ぽし,189,
cafenami,1,,カフェ浪,189,
sawch_cls,1,,そーちゃん,189,
ponpon_(tosico),1,,ぽんぽん,189,
waa153,1,,waa153,189,
tere_douga,1,,てれ,189,
sukumo_(kemutai),1,,すくも,189,
nubebenbe,1,,まるまる,189,
mayutsuba_mono,1,,眉唾モノ,189,
1nilla',1,,1nilla',189,
toranosuke,1,,虎之助,189,
sakakidani,1,,宇都宮,189,
heijialan,1,,黑伽,189,
munehiro_(mune-hero),1,,ましお,189,
spacecolonie,1,,spacecolonie,189,
enajii,1,,ヱナジー,189,
okazaki_takeshi,1,,岡崎武士,189,
rainbow_goreinu,1,,レインボーゴレイヌ,189,
tsubasaki,1,,tsubasaki,189,
kodou_mikoto,1,,コドウ,189,
eichi_turnr,1,,감차,189,
krystopher_decker,1,,krystopher_decker,189,
5t_(5t_000),1,,5t_(5t_000),189,
key_(kagibangou),1,,きい,189,
diandao_qin,1,,槇島芹,189,
noneon319,1,,ねおん,189,
jako_(toyprn),1,,ジャコ,189,
lshiki,1,,lshiki,189,
iumu,1,,いうむ,189,
kuuma25_kuma,1,,くまくま,189,
calamity_brezze,1,,calamity_brezze,188,
marulire,1,,まるりれ,188,
d0600059994959,1,,d0600059994959,188,
bmkro,1,,bmkro,188,
smokerichi,1,,smokerichi,188,
underdatv,1,,티비아래,188,
kajitsu_no_hito,1,,果実の人,188,
ruppu,1,,ruppu,188,
bebetang,1,,bebetang,188,
haru_(nature_life),1,,春,188,
mikoma_sanagi,1,,美驹沙名希,188,
oomura_karasu,1,,大邑,188,
cinder_dryad_(voice_actor),1,,cinder_dryad_(voice_actor),188,
unidentified_nk,1,,미확인고양이,188,
bakasp-lilzy,1,,bakasp-lilzy,188,
lamp159568,1,,老尾,188,
wboss,1,,万老板,188,
myluche,1,,狗吠,188,
moso_(expect66),1,,もそ,188,
asuka_shirou,1,,いずみやとり,188,
inniyik,1,,inniyik,188,
asakura_haru,1,,麻倉ハル,188,
szl,1,,szl,188,
sabotensuteeki,1,,サボテン,188,
kataru_(ubw-emiya),1,,カタル,188,
kiriman_(souldeep),1,,桐萬,188,
nakamura_kanko,1,,中村カンコ,188,
nyeppu,1,,nyeppu,188,
maruchi,1,,maruchi,188,
nonon_(xenonbot),1,,ゼノン,188,
hrd,1,,hr津,188,
dodo_(yatotoyatoto),1,,DODO怪,188,
kin-san_(sasuraiga),1,,禁さん,188,
uruu_gekka,1,,閏月戈,188,
synzmayu,1,,シンツ,188,
knight_fault,1,,ダスク,188,
kizuki_erika,1,,季月えりか,188,
sue_(bg-bros),1,,sue_(bg-bros),188,
laz_gm,1,,laz_gm,188,
nanamo_yado,1,,どやモナ,188,
sieka_(piiroinardesco),1,,シーカー,188,
teemu_taiga,1,,teemu_taiga,188,
ashiyu_(ashu-ashu),1,,足湯,188,
mepikari,1,,メピカリ,188,
moiko,1,,moi子,188,
tsukasa_yuuki,1,,司由纪(司ゆうき),188,
shishinon,1,,ししのん,188,
exusiai_dust,1,,忆の尘,188,
hekicha,1,,碧茶,188,
nijimoto_hirok,1,,虹元ひろｋ,188,
funyariko,1,,ふにゃりこ,188,
sawanatsu_mikan,1,,沢夏,188,
dorua_(dollar),1,,dorua_(dollar),188,
greentanuki,1,,ぐり,188,
gloomyowl,1,,gloomyowl,188,
pegashi,1,,ペガシ,188,
littlebluemuffin,1,,littlebluemuffin,188,
kitsunebi44410,1,,キツネビ,188,
na_kyo,1,,なきょ,188,
osanpo02,1,,osanpo02,188,
satsuki_(miicat),1,,朔月,188,
uroko_(mnr),1,,うろこ,188,
sakura_hanpen,1,,桜はんぺん,188,
omochi_monaka,1,,おもち もなか,188,
pinki_o64,1,,pinki_o64,188,
acea4,1,,a士,188,
shokushi_yuu,1,,Yuu(触手卿,188,
nunu_(pixiv69145027),1,,ぬぬ,188,
radio_(mei99),1,,ラジオ,188,
kuroinu9,1,,kuroinu9,188,
suwakana,1,,すわかな,188,
io9,1,,좌끼,188,
otyumamii,1,,焼きそば,188,
kumatora_tatsumi,1,,熊虎たつみ,188,
kobuta,1,,kobuta,188,
hatsuitsumo,1,,初井つも,188,
kghazir,1,,kghazir,187,
elsevilla,1,,elsevilla,187,
poni_(poni_arknights),1,,ぽに。,187,
hijirino_yuuta,1,,秘事,187,
monaka_(gatinemiku),1,,最中,187,
yumenouchi_chiharu,1,,yumenouchi_chiharu,187,
unkimo,1,,あんきも,187,
lliissaawwuu2,1,,十三²,187,
the_quipper,1,,the_quipper,187,
chibinon,1,,チビのん☆,187,
akarinaakari,1,,akarinaakari,187,
icece,1,,ひょう,187,
anago_(tokyo_retro_gokko),1,,あなご,187,
cawang,1,,cawang,187,
soramame_(corndog),1,,そら豆,187,
ton_(ton39342104),1,,ton_(ton39342104),187,
nancou_(nankou),1,,軟膏,187,
kurobikari,1,,黒光りとまと,187,
kyomeihibiki,1,,イングラム,187,
kaekae_kaeru,1,,カエカエル,187,
kojocho05,1,,kojocho05,187,
numuhe,1,,ぬむへ,187,
petagon,1,,ぺたごん,187,
akuame_(ring3922),1,,あくあめ,187,
kakuchoshi,1,,描く調子,187,
stroma,1,,ストロマ,187,
ryuu_tou,1,,龍トウ,187,
akkunz,1,,あっくんず,187,
kinutani_yutaka,1,,たにきぬや,187,
rone_(5uno0nova4),1,,rone_(5uno0nova4),187,
suzuki_nene,1,,鈴樹ねね,187,
shizuki_michiru,1,,しづきみちる,187,
higemu,1,,higemu,187,
nekotokage,1,,nekotokage,187,
aro_1801,1,,アロ/aro,187,
my_nameisyoon,1,,윤,187,
coojisan,1,,coojisan,187,
nishigori_atsushi,1,,锦织敦史,187,
saitou_kengo,1,,さいとうけんご,187,
unknown03162,1,,unknown03162,187,
rexlent,1,,rexlent,187,
mokorei,1,,ぜろ麿,187,
shibi,1,,シビ,187,
saijou_haruki,1,,西條ゆきな,187,
sankomichi,1,,散小路,187,
zukky000,1,,zukky000,187,
genya_(genya67),1,,genya_(genya67),187,
mihan_(mihan_art),1,,mihan_(mihan_art),187,
nemunemu_(candy_paddle),1,,ネムネム,187,
kusana_(dudqja602),1,,クサナ,187,
maka_(morphine),1,,万,187,
mikage_kirino,1,,神影霧乃,187,
tsukimori_hiro,1,,月杜寻,187,
matsu_kitsune,1,,まつきつね,187,
deep_(deep4946),1,,deep_(deep4946),187,
kazuneko_(wktk1024),1,,かずねこ,187,
yuito_0,1,,yuito_0,187,
craytm,1,,craytm,187,
asari_(ikite_oshi),1,,あ,187,
salanchu,1,,サンチョ,187,
akichi_360,1,,空き地,187,
hagiya_kaoru,1,,萩谷薫,187,
mochi_(mochi444420),1,,モチ,187,
nao_(syn_eaa),1,,なお,187,
hasu_(velicia),1,,蓮キ,187,
remoooon,1,,お星,187,
vanilla_flan,1,,vanilla_flan,187,
yuu_(areruya),1,,由宇,187,
yuzuki_tsuzuru,1,,ゆつきつづり,187,
amimi,1,,あみみ,187,
momiji_oroshi,1,,紅葉おろし,187,
remise,1,,remise,187,
moko_(mokochisa),1,,もこ,187,
wakaba_(945599620),1,,若葉,187,
doku_corne,1,,毒コロネ,187,
sunakumo,1,,砂雲,187,
setteiset,1,,せってい,187,
tutsucha_illust,1,,つつちゃ,187,
essual_(layer_world),1,,エシュアル,187,
astroglia_cyte,1,,にいな,187,
mille,1,,ななみる亭,186,
jingb_dx,1,,jingb_dx,186,
genmai_komeko,1,,おふざけ,186,
dfd,1,,dfd,186,
konishiki_(52siki),1,,小弐四紀,186,
yoko-chan_(mijizukeyoko),1,,FrQZ美術,186,
billyhhyb,1,,billyhhyb,186,
nikuya_(nikuniku_nikuya),1,,nikuya_(nikuniku_nikuya),186,
pirohi_(pirohi214),1,,ぴろひ,186,
hizikit,1,,ひじ,186,
nekoyama,1,,ねこやま,186,
zetsuental,1,,絶缘体,186,
mukanata,1,,村雲かなた,186,
leaphere,1,,アレッサンドロ,186,
mint-tan,1,,mint-tan,186,
astley_(catastley),1,,あすとりー,186,
melreon,1,,melreon,186,
icedev,1,,icedev,186,
miri_(bossu_osu),1,,ミリ,186,
safutsuguon,1,,さふ亞おん,186,
chobipero,1,,ちょびぺろ,186,
noonvincent,1,,noonvincent,186,
maiko_(setllon),1,,まいこ,186,
kabosoi_mangaka,1,,かぼそい漫画家,186,
whate=3r,1,,whate=3r,186,
itoryo,1,,いとりょ,186,
yako,1,,有栖川琴音,186,
twulfs,1,,twulfs,186,
shinsaku_(stan-art),1,,しんさく,186,
pestil,1,,pestil,186,
abe_(kumayu),1,,阿部,186,
mugisepa,1,,でぱけん,186,
adelheid_(moschiola),1,,adelheid_(moschiola),186,
shikano_sumiaki,1,,かんみつ,186,
tamayume,1,,たまゆめ,186,
kuzumiya_yuyu,1,,葛宮ゆゆ,186,
ancotaku,1,,餡こたく,186,
merumeru626,1,,宮路,186,
parka_(summersketch),1,,パーカー,186,
muse_(rainforest),1,,뮤즈,186,
fuurin_(omaemona),1,,ふぅりん,186,
tea_basira,1,,tea_basira,186,
wingheart,1,,たかじん,186,
wanko_(takohati8),1,,わんこ,186,
aobara_hairi,1,,あおばらはいり,186,
tamahiyo,1,,たまひよ,186,
maeha,1,,まえ葉,186,
po_fu,1,,ぽふ,186,
kubyou_azami,1,,九猫あざみ,186,
ririkuto,1,,リリト,186,
kagura_chitose,1,,神楽,186,
mama_(mama_hiro),1,,まま,186,
muneshiro_(hitsuji_kikaku),1,,むねしろ,186,
soju_ice,1,,soju_ice,186,
pinguinkotak,1,,pinguinkotak,186,
mori_no_kaeru,1,,皐月メイ,186,
tladpwl03,1,,tladpwl03,186,
innerkey_(kgfw5338),1,,裏鑰匙,186,
ninamo,1,,ninamo,186,
asimo953,1,,asimo953,186,
hana_hebi,1,,かまぼこ,186,
misekiss,1,,misekiss,186,
diathorn,1,,diathorn,186,
iogi_(iogi_k),1,,iogi_(iogi_k),186,
ichimonme_(ichi),1,,壱匁,186,
hisama_kumako,1,,久间熊子,186,
luimiart,1,,luimiart,186,
kita_no_shinya,1,,きたのしんや,186,
shiba_(tonari_no_shiba_inu),1,,柴,186,
ozawa_akifumi,1,,織澤あきふみ,186,
rakko_(r2),1,,らっこ,186,
boqing_xiao_guafu,1,,薄黥小寡妇,186,
kaniya_shiku,1,,蟹屋しく,186,
lewdkuma,1,,lewdkuma,186,
nagehazushi,1,,なげ,186,
hariken,1,,ハリケーン,186,
hasebe_akira,1,,長谷部晶,186,
grizz,1,,grizz,186,
midocchi,1,,みどっち,186,
peeta,1,,ぺーた,186,
littleb,1,,littleb,186,
yu_pikmin,1,,yu_pikmin,186,
uni_(nico02),1,,うに,186,
pioartstuff,1,,pioartstuff,186,
nyasunyadoora,1,,ニャスニャドーラ,186,
hai_(h81908190),1,,灰,186,
kuook,1,,怅夜骨髓,186,
skull573,1,,skull573,186,
torakichi_888,1,,とらきち,186,
kayumidome,1,,かゆみ止め,186,
saijo1201,1,,西条,185,
yuno_kaihara,1,,改原ユノ,185,
kumako_(kumakonoh),1,,くま子,185,
sk_jynx,1,,sk_jynx,185,
b.d,1,,稻荷火,185,
dangerousbride,1,,dangerousbride,185,
sakaralalala,1,,あめんぼあおいな,185,
sweet_miuk_tea,1,,みうくてぃー,185,
takei_ooki,1,,タケイオーキ,185,
vo1ez,1,,うさぎ帽子,185,
uewtsol,1,,アゴヒゲロマミレリス,185,
kurosaki_coco,1,,黒崎ココ,185,
mas_square,1,,mas_square,185,
jun_daniell,1,,jun_daniell,185,
emuwai,1,,emuwai,185,
rrr,1,,rrr,185,
yanagimachi,1,,やなぎこま,185,
cailin020,1,,cailin020,185,
hayate_fish,1,,hayate_fish,185,
aluce,1,,aluce,185,
kisaragi_mizu,1,,如月水,185,
laneigu,1,,laneigu,185,
ihobus,1,,일호붓,185,
kuroihato,1,,黒い鳩,185,
sakura_(fein5862817),1,,樱,185,
eeeeee,1,,eeeeee,185,
tadashi,1,,タダシ,185,
miyakawa106,1,,ミヤ,185,
dinotodon,1,,ディノトドン,185,
ray-akila,1,,れいあきら,185,
hitotsuki_nanoka,1,,ひとつきなのか,185,
nuda,1,,nuda（fanbox始めます,185,
matsuri_(matsuike),1,,まつり,185,
mihen,1,,みへん,185,
motokonut,1,,motokonut,185,
u_u_(mooooooou),1,,u_u_(mooooooou),185,
qizhu,1,,qizhu,185,
non_(nobu),1,,のん,185,
mashinatsu,1,,q点々,185,
kimarin,1,,きまりん,185,
hawe_king,1,,ハヱキング,185,
katsura_ichiho,1,,かつ,185,
hyogonosuke,1,,ヒョーゴノスケ,185,
yuzu_modoki,1,,ゆずか,185,
rainyghostdance_(migumo),1,,南雲,185,
urokogaran,1,,鱗伽藍,185,
uru_(uru0000),1,,うる,185,
mishiro_(andante),1,,ミシロ,185,
evinist,1,,evinist,185,
kuji_(orca9ji),1,,kuji_(orca9ji),185,
manatsuki_manata,1,,愛月まなた,185,
namaonpa,1,,まさしさん,185,
banssee,1,,banssee,185,
kanipanda,1,,かにぱんだ,185,
rain_leyley,1,,rain_leyley,185,
saturn_(saturn_illus),1,,saturn_(saturn_illus),185,
chonkyorca,1,,chonkyorca,185,
agemono,1,,アゲモノ,185,
hwansang_jungdog,1,,幻想中毒,185,
mommorua,1,,ななこ,185,
cyobiro,1,,ちょび郎,185,
syokumura,1,,しょく,185,
neko_mori,1,,猫森,185,
ryouya,1,,九原,185,
moon_ldl,1,,moon_ldl,185,
kanten,1,,寒天,185,
xiaojiaju,1,,具,185,
marimarimo,1,,まりまりも,185,
mi_no_take,1,,身の丈,185,
sho_(sumika),1,,sho_(sumika),185,
erochi,1,,エロチ,185,
702_(naotsu),1,,ごまだんご,185,
crybaby_(gjgr5334),1,,crybaby_(gjgr5334),185,
ringosan2329,1,,蛍草,185,
jakeymon._.trainer,1,,jakeymon._.trainer,184,
to~fuya,1,,と〜ふや,184,
sarasara_shoyu,1,,翔遊さら,184,
ida_(idalol490),1,,ida_(idalol490),184,
bone_namu_(namu49850),1,,ボーンナム,184,
bagelbomb,1,,bagelbomb,184,
srgrafo,1,,srgrafo,184,
shichi_(7cube_ori),1,,シチ,184,
iwashi_(iwashi008),1,,いわし,184,
revtilian,1,,revtilian,184,
dizzyspells,1,,dizzyspells,184,
nancykittyu,1,,脊物,184,
ysk!,1,,ysk!,184,
mansu_(mansu113355),1,,mansu_(mansu113355),184,
onabe_no_shime,1,,お鍋のシメ,184,
ninomae_gin,1,,ニノマエギン,184,
fummy,1,,ふみー,184,
yunodon_(sugar_maple),1,,ゆのどん,184,
kouba,1,,こうば,184,
luai,1,,窗子,184,
color_neko,1,,カラーねこリクエスト始めました,184,
kochipu,1,,何某か,184,
ogata_tomio,1,,TMトミー,184,
mori_shin_risuku,1,,シンリスク,184,
yoshitani_motoka,1,,義谷,184,
shio_tou,1,,塩,184,
miso_panda,1,,みそパンダ,184,
kamiki_uutarou,1,,神木,184,
shigenobu,1,,しげのふ,184,
teruya_(6w6y),1,,テルヤ,184,
touki_matsuri,1,,藤城まつり,184,
pmmg,1,,PMMG烤卤鸽,184,
anna_o_renko,1,,anna_o_renko,184,
toiro_gawon,1,,十色がをん,184,
saki_(remainaddd),1,,またあおうね,184,
a-kiraa_(whisper),1,,aきらー,184,
tariah_furlow,1,,tariah_furlow,184,
keepout,1,,keepout,184,
delalicious3_(voice_actor),1,,delalicious3_(voice_actor),184,
korshokor,1,,korshokor,184,
2n5,1,,2n5,184,
yuran_(kuen-hien),1,,ゆらん,184,
silver_bell,1,,銀鈴,184,
miito_shido,1,,三糸シド,184,
ichiyan,1,,いちやん,184,
fenrir_(fenlil0316),1,,フェンリル,184,
sugo6969,1,,塩タン,184,
ourobot,1,,ourobot,184,
nura_(oaaaaaa),1,,ぬら,184,
sakurajima_saromako,1,,桜ロマ子,184,
aka_shiba,1,,赤柴提督,184,
alto-00,1,,alto-00,184,
suda_ayaka,1,,彩加,184,
sigurd_hosenfeld,1,,sigurd_hosenfeld,184,
moupii_(hitsuji_no_ki),1,,もうぴい,184,
yosaku_(roach),1,,ヨサク,184,
nanaume_(shichimi_tougarashi),1,,かにうめ,184,
betas_(betabetamaru),1,,ベタス,184,
nametake,1,,なめ茸,184,
inami_hatoko,1,,じゅん,184,
shika_(s1ka),1,,しか,184,
gucandiyi52092,1,,gucandiyi52092,184,
dualcosmog,1,,dualcosmog,184,
kitano_yuusuke,1,,キタノユースケ,184,
takahashi_mugi,1,,高橋むぎ,184,
ebibi_chiriri,1,,海老地理,184,
ark_john_up,1,,ark_john_up,184,
gachigachi,1,,がちがち,184,
lily0428,1,,リリー,184,
oxxo_(dlengur),1,,oxxo_(dlengur),184,
gudon_(iukhzl),1,,ぐどん,184,
doroame_(ameyu),1,,どろあめ,184,
here_(hr_rz_ggg),1,,ヘレ,184,
raichiyo,1,,ください,184,
renren_(ah_renren),1,,忍忍,184,
no_uwazumi,1,,上澄み,184,
j.h.,1,,ごり堂,184,
motojima_hakka,1,,はっか,184,
kageharu,1,,カゲハル,184,
puk_(higanbana_doujin),1,,PUK屋,184,
monegi,1,,monegi,184,
gokurin,1,,gokurin,184,
miyama_mizuki_(hoshihoshi1220),1,,深山みづきの雑談処,184,
eymbee,1,,eymbee,184,
tutinako,1,,つちなこ,184,
zeebythesea,1,,zeebythesea,184,
liulianjingrua,1,,意式浓缩老铁,184,
ramiya_ryou,1,,兰宫凉,184,
aruco_co,1,,アルコ,184,
mochiko_(uyu_omochi),1,,柏もちこ,184,
ruo_zhishi_chu_jian,1,,若只是初见,184,
moo_(umineko),1,,むー,184,
tachibana_yuu,1,,橘由宇,184,
tunapon01,1,,つな缶,184,
fight_yoghurt,1,,クールすし,184,
aonori_misuji,1,,蒼のり,184,
kasumi_6,1,,kasumi_6,183,
akasaki_koyo,1,,赤咲紅葉,183,
hibiki_mio,1,,ひびき,183,
komota_(kanyou_shoujo),1,,こもた,183,
reverinth,1,,reverinth,183,
kook,1,,kook,183,
klimspree,1,,klimspree,183,
sumustard,1,,수,183,
fluffkaiser,1,,fluffkaiser,183,
mie_xing,1,,丁丁子,183,
omaega_chan,1,,おまえが,183,
bada_(jksh5056),1,,ばだ,183,
curry_bowl,1,,curry_bowl,183,
takeno_omoti,1,,さぶのおもち,183,
dddoochi1,1,,뚜기,183,
osg_pk,1,,osg_pk,183,
uzumaki_osushi,1,,うずまき,183,
afuron,1,,afuron,183,
namihaya,1,,ジョン,183,
iori_(akaringo),1,,ゐおり,183,
kauru00,1,,kauru00,183,
hal_(haaaalhal),1,,hal_(haaaalhal),183,
moonbell,1,,月鈴,183,
kuu_nekoneko,1,,くぅ,183,
nagiyamasugi,1,,ナギ山,183,
cafe_(chuu_no_ouchi),1,,cafe_(chuu_no_ouchi),183,
tuda6,1,,tuda6,183,
seika_okawari,1,,青香,183,
kanameya,1,,かなめや,183,
girutea,1,,girutea,183,
godzillapigeon1,1,,鸽尾鬼,183,
renjian_shilian,1,,今天翻牌咩,183,
sumoffu,1,,すもっふ,183,
kuroi_enpitsu,1,,kuroi鉛筆,183,
buchi_(qooo003),1,,淵゛,183,
kapura,1,,カプラ,183,
mokichi3356,1,,しゃもきち,183,
mp150_plus,1,,mp150_plus,183,
uraki_(tetsu420),1,,うらき,183,
enoo,1,,えのお,183,
tang_ke,1,,TLK唐刻,183,
jeto_(jetopyon),1,,秋,183,
rinhee,1,,rinhee,183,
endou_masatoshi,1,,まさとし,183,
kai_yuuki,1,,甲斐,183,
fuyube_rion,1,,冬部李穏,183,
takanashi-a,1,,たかなしA,183,
kaguya_(srx61800),1,,卡估壓,183,
zhong_zi_sheliu,1,,中子射流,183,
nabeiro_kin,1,,鍋色きん,183,
watarabe_keiichi,1,,ワタラベケイイチ,183,
wulazula,1,,うらずら,183,
22kolink,1,,生姜,183,
senhappyaku,1,,せんはっぴゃく,183,
katari_(ropiropi),1,,かたり,183,
yitai_zhi_meng,1,,以太之梦,183,
domo1220,1,,山根,183,
hoshihuri,1,,ホシフリ,183,
fin_gocco,1,,fin_gocco,183,
sukesan,1,,すけさん,183,
nanashinayuzu_mochi,1,,ななしなゆず餅,183,
arsh_(thestarwish),1,,Arch黑星海刺,183,
quarterlift,1,,quarterlift,183,
aimee_(emi),1,,aimeeリア,183,
drie,1,,drie,183,
chro_(kuu),1,,くー,183,
karuta_(karuta01),1,,かるた,183,
matsusaka_gyuu,1,,松阪牛,183,
yomiya_sateko,1,,爪紅アレキ,183,
fuyuzuki_gato,1,,冬月がと,183,
elan_ouo,1,,elan_ouo,183,
inukai_mofu,1,,犬養モフ,183,
janyhero,1,,janyhero,183,
donar0217,1,,donar0217,183,
afuro,1,,あふろ,183,
zoo_(oukakumaku),1,,zoo_(oukakumaku),183,
hongshi_(13234456009),1,,紅世,183,
mochisaka_mitsuki,1,,妖精タヌモチ,183,
ohthicc,1,,ohthicc,182,
urakawa_^p^,1,,浦川^p^,182,
sabu_(sabudenego),1,,sabu_(sabudenego),182,
zenya,1,,zenya,182,
akazuan_19,1,,akazuan_19,182,
sanya_(sanya_lox228),1,,sanya昭霓,182,
suzuneiroekaki,1,,鈴音色,182,
lifeline_(sinc_emarch),1,,画师Lifeline,182,
yuj_(moemarket),1,,魚醬,182,
banjie,1,,半节,182,
rune_(rne_at),1,,るね,182,
yakimi_27,1,,yakimi_27,182,
akihitohappy,1,,akihitohappy,182,
laspberry.,1,,サブべりぃ,182,
ekkusuren,1,,ekkusuren,182,
piutahayo,1,,piutahayo,182,
hotaru_(ultraroly_poly),1,,蛍,182,
tesin_(7aehyun),1,,tesin_(7aehyun),182,
doktor_malefic,1,,doktor_malefic,182,
chuutaro_metal,1,,つけめん,182,
azulasi,1,,アズラシ,182,
b_0_rukia,1,,琉煌,182,
mayo_(oekaki_bibbi),1,,まよ,182,
peargor,1,,PEAR哥,182,
mm_(motot),1,,えむえむ,182,
kandori,1,,かんどり,182,
suumon,1,,スーモン,182,
guree_(haiiro),1,,ぐれい,182,
rehu_(mangyu),1,,マンギュ,182,
hara_id_21,1,,ハライド,182,
yonaki,1,,呼無木,182,
chame_(myyo04),1,,ちゃめ,182,
momocadraw,1,,モモカ,182,
suzu_(tg_390),1,,すず,182,
zinfyu,1,,zinfyu,182,
edaki_shin'ya,1,,えだやん,182,
shii_(kairi-t-k0317),1,,しぃ,182,
akovo,1,,akovo,182,
momo_no_suidou-sui,1,,モモの水道水,182,
kkry99,1,,kkry99,182,
thupoppo,1,,てゅぽ,182,
noyomidx,1,,ノヨミDX,182,
yamori_(yamoooon21),1,,yamori_(yamoooon21),182,
trevo_(trevoshere),1,,trevo_(trevoshere),182,
ohagi1010,1,,○はぎ,182,
darabuchi,1,,だらぶち,182,
aotan_nishimoto,1,,あお,182,
keiran_(ryo170),1,,けいらん,182,
aokihoshi,1,,aokihoshi,182,
nita_(onakatohoppe),1,,にーた,182,
kenoka,1,,けのか,182,
futatsuki_eru,1,,双月える,182,
deer60868637,1,,deer60868637,182,
kirita_(noraring),1,,キリタ,182,
malino_(dream_maker),1,,どりーむめいかー,182,
minarai_tenna,1,,minarai_tenna,182,
guard_vent_jun,1,,ガードベント淳,182,
tomoruka_mr,1,,tomoruka_mr,182,
neneru,1,,ねねる,182,
eruru_(erl),1,,"エルル, Eruru",182,
yamada_naoko_(hideko1227),1,,山田,182,
toi1et_paper,1,,といぺー,182,
kusakanmuri,1,,久坂んむり,182,
rondo_bell,1,,ろんどべる,182,
spring2013,1,,spring2013,182,
junbuug,1,,junbuug,182,
buran_(kure),1,,ぶらん,182,
jesse_(pixiv34586727),1,,jesse_(pixiv34586727),182,
shitappa,1,,したっぱ,182,
mechrailgun,1,,グリンー,182,
myon_rio,1,,りおん,182,
tonotyama,1,,tonotyama,182,
neferkitty,1,,neferkitty,182,
ametama_(runarunaruta5656),1,,雨玉,182,
sicky_(pit-bull),1,,しっきー,182,
kakifly,1,,かきふらい,182,
rimu_(kingyo_origin),1,,リム,182,
shoeguy,1,,핫크리스피,182,
plum0o0,1,,ぷらむ,182,
mugicya_world,1,,麦茶,182,
amano_hagoromo,1,,アマノ羽衣,182,
1nupool,1,,犬プール,182,
horz,1,,乐观的海绵宝宝,182,
uchuu_ika,1,,宇宙烏賊,182,
e-note,1,,泳乃うと,182,
kaneko_hiraku,1,,ゆっけ兄,182,
cbow,1,,元洲武,182,
gaako_illust,1,,がーこ,182,
shimazaki1152,1,,shimazaki＠お仕事募集中です,182,
migishita,1,,みぎした,182,
kandanchi,1,,だんち,182,
kuranosuke,1,,[b]くらのすけ[/b],182,
rasupekuto,1,,ふりかけ,182,
ootato,1,,ootato,182,
uneasywolf,1,,uneasywolf,182,
yumeto_(ym-1),1,,ゆめと,182,
sabo_(12454861),1,,sabo_(12454861),182,
puppnett,1,,puppnett,182,
nanafuton,1,,なな布団,181,
hina_(cassissoda),1,,氷菜,181,
mitsusame,1,,いぬげ太郎,181,
yonemuro,1,,米室,181,
dawalixi,1,,达瓦里希,181,
isabongos,1,,isabongos,181,
nihu,1,,nihu,181,
mitsuki_nite,1,,mitsuki_nite,181,
anygatsby,1,,anygatsby,181,
ktsis,1,,クッ,181,
zelc-face,1,,zelc-face,181,
takahashi_rumiko,1,,高橋,181,
ao_madoushi,1,,蒼惑う子,181,
alter_(kxk7357),1,,alter_(kxk7357),181,
modeseven,1,,modeseven,181,
saku_nosuke,1,,さく之輔,181,
kuro-kun_(nablack),1,,クロくん,181,
nishimiya_aki,1,,にしみやあき,181,
k@bu,1,,k@bu,181,
itsuki_nofuji,1,,イツキノフヂ,181,
shuri_yasuyuki,1,,珠梨やすゆき,181,
maguta,1,,まぐしゅんいち,181,
fankupl,1,,fankupl,181,
mon_mon,1,,悶悶,181,
argule0901,1,,らす,181,
momotarouooi,1,,桃太郎,181,
seventeencrows,1,,seventeencrows,181,
takumi_(rozen_garten),1,,タクミ,181,
tokiwa_senkei,1,,ときわじ,181,
ryo_suzuki,1,,ryo_suzuki,181,
nagi_itsuki,1,,凪いつき,181,
norazura,1,,ノラズラ,181,
hanako151,1,,はなこ,181,
nagashii_kouhei,1,,いしがな,181,
hama_(22ji_kara_24ji),1,,はま,181,
sabet_(young_ouo),1,,momo餅,181,
ichimedoo,1,,いちめどー,181,
2b-ge,1,,2b-ge,181,
infi,1,,infi,181,
aida_(aidacamelia0516),1,,aida_(aidacamelia0516),181,
shei99,1,,shei99,181,
dain,1,,だいん,181,
daimaou_k,1,,大魔王k,181,
eruthika,1,,えるてぃか,181,
sakazakinchan,1,,坂崎,181,
p_answer,1,,p-answer（パンサー,181,
toushi_ryoku,1,,闘志力,181,
egk513,1,,egk513,181,
kasa_list,1,,傘list,181,
shichinose,1,,七乃瀬,181,
hcnone,1,,hcnone,181,
blastbeat,1,,ブラストビート,181,
remiri_nicoeli,1,,れみり,181,
tsukuda0310,1,,つくだ,181,
nakazawa_aki,1,,アキョラペニョ,181,
shimaji,1,,しまじ,181,
rabbit_(tukenitian),1,,兔子不撸,181,
kishizuka_kenji,1,,木静谦二,181,
you_ni_ge_shaobing,1,,呦你个烧饼,181,
riyun_(halodark),1,,りいん,181,
kure_(kure_ng),1,,くれ,181,
youhei_64d,1,,youhei_64d,181,
yami_ara,1,,やみあらー,181,
kuma_(jk0073),1,,くま,181,
torori_toro_(oimo_kenpi),1,,あんぬい,181,
yunioshi,1,,ゆにおし,181,
mitsuki_tayura,1,,碧月たゆら,181,
tsuseki,1,,せれいてる,181,
mochimochi_(xseynao),1,,もちもち,181,
soybean_(hisoybean),1,,soybean_(hisoybean),181,
kmnk_(kumanuko),1,,くまぬこ,181,
hollomaru,1,,いむら滅,181,
onomekaman,1,,onomekaman,181,
templus,1,,TeMたす,181,
imo_bouya,1,,いも坊や,181,
ebisujima_misato,1,,戎島実里,181,
kws,1,,kws,181,
ayaoshiro,1,,沢城あやほ,181,
sakuro,1,,さくろ,181,
dokudoku913,1,,dokudoku913,181,
um_111,1,,um_111,181,
zarashi,1,,ざらし,181,
toomishou,1,,toomishou,181,
zephylyne,1,,Zephyリン,181,
mutsumura_ryuuichi,1,,そはやん,181,
ten_no_hoshi,1,,天ノ星,181,
hinata_hibari,1,,ひなたひばり,181,
cocktiel77,1,,cocktiel77,180,
whoning1,1,,오토기사랑꾼,180,
bunnyoki,1,,bunnyoki,180,
kaibootsu,1,,kaibootsu,180,
watawata22,1,,綿野レモンT,180,
zet_(twt_zet),1,,zet_(twt_zet),180,
maplesights,1,,maplesights,180,
oono_tetsuya,1,,大野哲也,180,
namako_(namacotan),1,,なまこ,180,
toorooo,1,,妥托若,180,
misa_pika,1,,misa_pika,180,
satsuki_(chaosmode),1,,朔月,180,
yoojp,1,,SU-みかづき,180,
kamizuki_shiki,1,,守月史贵,180,
rhlatm,1,,굄스,180,
ccczr,1,,橙橙橙汁人,180,
miyakooo0420,1,,日向ひま,180,
tagua,1,,tagua,180,
tokiwata_soul,1,,ときわた,180,
tomid,1,,tomid,180,
batako_(batakoart),1,,batako_(batakoart),180,
panpanmc4,1,,panpanmc4,180,
nomeoil,1,,のめおいる,180,
39_iduki,1,,イヅキ,180,
vectorek,1,,vectorek,180,
hth5k,1,,녹차,180,
kase_(ks_lys),1,,かせ,180,
edmun6969,1,,edmun6969,180,
pvc_parfait,1,,pvc_parfait,180,
salsiccia_makino,1,,黒酢,180,
monomono,1,,こたまちも,180,
kurattes,1,,kurattes,180,
saruno_(eyesonly712),1,,saruno_(eyesonly712),180,
filkia,1,,さたぼ,180,
tsurugi_hikaru,1,,つるぎ輝,180,
tapioka_chaso,1,,tapi岡,180,
xiaodi,1,,歐維斯Alway's,180,
russell_dauterman,1,,russell_dauterman,180,
kaho_okashii,1,,カホ,180,
pipi20211026,1,,じゅーはちきん,180,
zeroyon_(yukkuri_remirya),1,,ぜろよん,180,
amamiya_chiharu,1,,雨宮千遥,180,
obaoba_(monkeyix),1,,あに＿きまま,180,
suuru,1,,suuru,180,
mochiki,1,,もちき,180,
nekomu,1,,たまものあと,180,
hamada_(super_tachioyogi_kyousou),1,,ハマダ,180,
tsukikage_nemu,1,,ネム,180,
kuroba_u,1,,くろば,180,
yukiyuki_441,1,,悠希,180,
sheska_xue,1,,ユキ桜,180,
kokujuuji,1,,刻十字,180,
ookami_maito,1,,大神マイト,180,
yi_xing_luren,1,,翼行旅人,180,
nishiyama_(whatsoy),1,,西山,180,
jungon_kim,1,,ジュンゴン・キム,180,
yuno385,1,,yuno385,180,
kusumoto_shizuru,1,,凪乃しずく,180,
darkavey,1,,darkavey,180,
ruten_(onakasukusuku),1,,るてんです,180,
tie_fei_wu_mang_dashuai,1,,铁狒物芒大帅,180,
kuroya_shinobu,1,,黑谷忍,180,
souji_hougu,1,,扫除朋具,180,
mamel_27,1,,mamel_27,180,
etan14,1,,etan14,180,
nazuna_higurasi,1,,タバコ,180,
izumi_makoto,1,,泉水真琴,180,
tohoho_(hoshinoyami),1,,とホホ,180,
emlan,1,,emlan,180,
hanzaki_jirou,1,,はんざきじろう,180,
oubachiago,1,,大場チアゴ,180,
awai_(awaiwaiwai),1,,あわい,180,
roha,1,,roha,180,
nitro_(mugityaoisii),1,,ワレモノ,180,
miyage_no_nukegara,1,,宮下,180,
sirakaro,1,,しらか,180,
moru,1,,モル,180,
rururaroru,1,,るるらろる,180,
miy_001,1,,miy_001,180,
hinoe_(right-hnxx03),1,,シユ,180,
evodtonaeco,1,,evodtonaeco,180,
nihohohi,1,,にほほひ,180,
azure_meraki,1,,azure_meraki,180,
bib_(bibboss39),1,,bib_(bibboss39),180,
leochan1202,1,,leochan1202,179,
mono_mon,1,,mono_mon,179,
shikuro_(iorimiyakiyo),1,,いおり,179,
funsexydb,1,,funsexydb,179,
kirizuki_reika,1,,桐月レイカ,179,
broiler,1,,ぶろいらー,179,
echanis_enicha,1,,エカニス・エニカ,179,
hear_(kpmf4732),1,,ヒアル,179,
youhe_hino,1,,ゆっひ,179,
dev_voxy,1,,dev_voxy,179,
alex_ross,1,,alex_ross,179,
red_panda_waifu,1,,red_panda_waifu,179,
morizo_(morizoshop),1,,森ZÖ,179,
mimizubare,1,,ぐーるー,179,
po_(anhk5528),1,,ぽ,179,
kyarahiba,1,,きゃらひば,179,
natsume_suzuri,1,,保十歩,179,
furioso,1,,furioso,179,
gamarenji,1,,がまれんじ,179,
tokoni_fusu,1,,床に臥す,179,
xiaobanbei_milk,1,,Enze恩沢,179,
nishuu_miri,1,,ミリ,179,
kiyochii,1,,きよし,179,
ki_no_nekko,1,,ねっこ,179,
ritao_kamo,1,,りたお,179,
rusuban_(yakumora_n),1,,るすばん,179,
summer_tail720,1,,さまてる,179,
sylvain_sarrailh,1,,sylvain_sarrailh,179,
liaowen,1,,liaowen,179,
cocoa_s3,1,,さくらっ子,179,
toubun_teikou,1,,toubun_teikou,179,
karaage3,1,,からあげ3,179,
kenko_(a143016),1,,けんこ,179,
miyu10366,1,,miyu10366,179,
child_(isoliya),1,,챠일드,179,
karin_bluez3,1,,かりんばぶ牛乳,179,
voodoothur,1,,voodoothur,179,
asahi_(fullmetal_madness),1,,アサヒ,179,
shibuhiko,1,,しぶ彦,179,
yuki_haru,1,,ユキはる,179,
segamark,1,,segamark,179,
tsuta_no_ha,1,,つたの葉,179,
kohakope,1,,しるし,179,
tahra,1,,tahra,179,
kinako_(marubotan),1,,木なこ,179,
natsuki_(natukituki),1,,奈月,179,
mizuno_mumomo,1,,水野むもも,179,
hasaya,1,,hasaya,179,
buna_shimeji_(keymush),1,,ぶなしめじ,179,
owafu,1,,おわふ,179,
kuroneko_(kuroneko_works),1,,kuroneko_(kuroneko_works),179,
roura,1,,ローラ,179,
kurokawa_izumi,1,,黒川 IZUMI,179,
milli_little,1,,みり㍑,179,
shiba_nanasei,1,,柴七世,179,
shortofsugar,1,,Official糖分不足dism,179,
7nopi,1,,なのか,179,
minidraco,1,,minidraco,179,
peperon_(peperou),1,,ペペロン/お仕事募集中,179,
morifumi,1,,もりちか,179,
unomiki,1,,うのみき,179,
dead-robot,1,,dead-robot,179,
steeb,1,,steeb,179,
hajikkoneko,1,,ハジッコネコ,179,
hci+,1,,hci+,179,
ryuu_(ryuraconis),1,,りゅー,179,
warabino_matsuri,1,,蕨野まつり,179,
neko_danshaku,1,,猫男爵,179,
urute,1,,ミヤノウルル,179,
masaki_kei,1,,真崎圭,179,
koenza_botoke,1,,コエンザ仏,179,
watarubou,1,,渡り棒,179,
harukappa,1,,はるかっぱ,179,
funuyu,1,,ふぬゅ,179,
nira_(vira),1,,にら,179,
megu_(jim48834420),1,,咕羋,179,
vergolophus,1,,vergolophus,179,
hashiro,1,,とき,179,
mango_(mgo),1,,mangoサ,179,
yotaro,1,,yotaro,179,
yxyyxy,1,,yxyyxy,179,
sb_(coco1),1,,sb_(coco1),179,
masami_atabe,1,,まさみあたべ,178,
sechin,1,,せっちん,178,
ohayonabeno,1,,ナベノシンジツ,178,
wanderlucia,1,,ワンタルチア,178,
bu_leike,1,,咘蕾可,178,
shirasuame_shiromaru,1,,しろまる,178,
mabuta_kayumi,1,,まぶ田かゆ美,178,
kusami_toka_naku_au,1,,疲れ目がスッキリ,178,
g_home,1,,쥐홈,178,
kitou_sakeru,1,,きとうさける,178,
huucha_(cpaf5377),1,,huucha_(cpaf5377),178,
dangodes,1,,dangodes,178,
kudoukudokudo,1,,ミヅ,178,
madopen,1,,madopen,178,
milkymilkyshark,1,,milkymilkyshark,178,
izumiyamisono,1,,いずみやみその,178,
satsumi,1,,さつみ,178,
takeya_masami,1,,たけやまさみ,178,
shenanimation,1,,shenanimation,178,
togemaru34,1,,とげまる,178,
kairos+,1,,kairos+,178,
kadokadokado,1,,kadokadokado,178,
t_landolt,1,,Tランドルト,178,
msdnno_kabe,1,,msdnno_kabe,178,
nubezon,1,,ずもてん,178,
sugiyama_genshou,1,,すぎやま現象,178,
minase_(dragon_panda),1,,御奈瀬,178,
leftame,1,,東飴,178,
zhongwu_chahui,1,,中午茶会,178,
nijitama_shiyushiyu,1,,しゆしゆ,178,
ichinose_jun,1,,一ノ瀬,178,
takawoyu,1,,takawoyu,178,
minoru_(minoru_uwutemp),1,,minoru_(minoru_uwutemp),178,
chooco_(chocoshi),1,,ちょこ,178,
uriuriyukitti,1,,こくとう,178,
ryou_(ponpgo),1,,涼,178,
rowya,1,,狼屋,178,
lulu_hane,1,,lulu_hane,178,
mikan-uji,1,,みかん氏,178,
oda32t,1,,oda32t,178,
zanki,1,,ザンキ,178,
kurosh00kie,1,,kurosh00kie,178,
nikamoka,1,,にかもか,178,
torino_kawazu,1,,酉野蛙,178,
sunsun69,1,,sunsun69,178,
fuyumurasaki,1,,のなめ(軽率なバカ,178,
tanakano_(tn_kn1000),1,,たなかの,178,
shigemitsu_jun,1,,しげみつ,178,
agata_(agatha),1,,アガタ,178,
pdxen,1,,pdxen,178,
gyoubu_ippei,1,,形部,178,
hinanosuke,1,,ひなのすけ,178,
tsukuda_hayato,1,,あにき,178,
sumi_wo_hakuneko,1,,墨をはくねこ,178,
mistrail,1,,霧都,178,
kamishiro_(kmsr0302),1,,かみしろ,178,
yoshinaga_masahiro,1,,吉永雅宏,178,
nike_(nike1060),1,,nike_(nike1060),178,
haccan,1,,はっかん,178,
sunsun2812,1,,さんぺー,178,
greenaokimi,1,,きみぐり,178,
jasdavi,1,,jasdavi,178,
pepq,1,,pepq,178,
mizuno_keisuke,1,,mizuno_keisuke,178,
matasabu,1,,またさぶ,178,
mxx33,1,,明治橙壹,178,
marimo_jh,1,,marimo_jh,178,
choumi_wuti_(xueye_fanmang_zhong),1,,choumi_wuti_(xueye_fanmang_zhong),178,
ariko_youichi,1,,有子瑶一,178,
kildir,1,,伏見ゆら,178,
panpa,1,,ぱんぱー,178,
march_ab,1,,三月ab,178,
tengxiang_lingnai,1,,伶乃,178,
abukobato,1,,アブ,178,
umedama_nabu,1,,梅玉奈部,178,
tsukko_(3ki2ne10),1,,つっこ,178,
maanii,1,,マーニー,178,
kurokoori,1,,黒氷,178,
ffccll,1,,ffccll,178,
gohei_(aoi_yuugure),1,,吾平,178,
yoimoriyoru,1,,宵森よる,178,
nekosugi_(hoshi),1,,猫杉☆,178,
rain_sama,1,,雨様,178,
yukirin,1,,優希燐,178,
beiyi,1,,beiyi,178,
saebashi,1,,さえばし,178,
eihi,1,,えいひ,178,
wanke,1,,완케,178,
elina_(e2n04n),1,,紫橙エツオ,178,
sagamimok,1,,佐上もＫ点,178,
ryuushou,1,,劉祥,178,
rindou_(awoshakushi),1,,竜胆/三峯みね,178,
mayoa,1,,mayoa,178,
tomoya_kankurou,1,,友屋勘九郎,178,
tamura_hiro,1,,田村ヒロ,178,
momoko_(palemon),1,,ももこ,178,
mateus_upd,1,,mateus_upd,177,
kurotoia,1,,くろと,177,
eeju,1,,覚,177,
caseee999,1,,てらこった,177,
rashuu,1,,rashuu,177,
xkit,1,,xkit,177,
umetsu_yasuomi,1,,梅津泰臣,177,
mikuchi3939,1,,mikuchi3939,177,
jrpulse,1,,jrpulse,177,
nevercrymoon,1,,nevercrymoon,177,
hemonemo,1,,へもねも,177,
zhong_xiansheng,1,,鈡闲生,177,
hosato_mikine,1,,穂里みきね,177,
beleullin,1,,베를린,177,
miemia,1,,みえこ,177,
gu_luco,1,,gu_luco,177,
toi_(nisanrei121),1,,とい,177,
kuriimu0203,1,,kuriimu0203,177,
may_c,1,,may_c,177,
meke_(77842928),1,,meke_(77842928),177,
teikoku_jokyoku,1,,帝国序曲,177,
mexif,1,,めくしふ,177,
pingke_box,1,,涅槃重生纸箱箱,177,
kameyan,1,,又又,177,
aomon_(yuuji7604),1,,あお,177,
humi_humi,1,,humi_humi,177,
irorong,1,,뷔로링,177,
torinokawori,1,,鳥乃カヲリ,177,
uzura_kazuhisa,1,,うずらかずひさ,177,
yasuhara_roku,1,,安原禄,177,
aozora_nan,1,,青空なん,177,
asortofcolorfag,1,,asortofcolorfag,177,
robina,1,,ろび～な,177,
mushpz,1,,mushpz,177,
aorin_oekaki,1,,あおりんごりら,177,
happening18,1,,happening18,177,
159cm,1,,159cm,177,
sen_yousoro,1,,sen_yousoro,177,
kirifrog,1,,kirifrog,177,
emoto_shikeko,1,,えもとしけこ,177,
lingerie_(aki3240),1,,リンゲリエ,177,
zuttokodomo,1,,こあずま,177,
potemki11,1,,potemki11,177,
kikuchi_mataha,1,,きくち,177,
rateratte,1,,つかふぃ,177,
tonchan,1,,とんちゃん,177,
makochin,1,,まこちん,177,
pechika,1,,ぺち,177,
sirills,1,,無糖白蓮,177,
kinni,1,,きんにく,177,
kimura_(ykimu),1,,木村,177,
kobutanori,1,,kobutanori,177,
isa,1,,伊佐,177,
tomozo_kaoru,1,,ともぞカヲル,177,
misuguu,1,,ミスグ,177,
sahara_wataru,1,,砂原涉,177,
chikiso,1,,ちキソ,177,
yuasa_makoto,1,,ゆあさ,177,
ryoma_(rym_369),1,,北田龙马,177,
koru_koruno,1,,こるこるの,177,
stigma1101,1,,モメ男,177,
echiru39,1,,えちる,177,
yokoyama_naoki,1,,よこやまなおき,177,
yuki_usagi_(mofurafu),1,,雪うさぎ,177,
kikuichi_monji,1,,菊一もんじ,177,
hibimegane,1,,ヒビメガネ,177,
hiwatari_rin,1,,樋渡りん,177,
nishikikope,1,,二色こぺ,177,
nakayama_yukiji,1,,つぶあん,177,
usuba_(hatomugip),1,,薄羽,177,
muds,1,,muds,177,
zhuotian,1,,後ろ髪,177,
kurou_(bcrow),1,,九郎,177,
xiao_chichi,1,,小吃,177,
niii_(memstapak),1,,niii_(memstapak),177,
paraffin,1,,ダビ,177,
nougat_(no_9ada),1,,노가다,177,
leims_(urje8584),1,,leims_(urje8584),177,
tkbn_r,1,,高羽,177,
mikoshi_matsuri,1,,みこしまつり,177,
evulchibi,1,,evulchibi,177,
cac_itinose,1,,cac_itinose,177,
toku_(yhpv8752),1,,特,177,
h77kobato,1,,h77kobato,177,
period_(anony_83),1,,ピリオド,177,
kurasawa_kyoushou,1,,くらぽん,177,
niac,1,,niac,177,
funifuchan,1,,プに,176,
chiwa_(chiwawanwan1206),1,,千羽,176,
xiongji_z_z,1,,xiongji_z_z,176,
minakamirin,1,,ミナカミ,176,
okokorika,1,,okokorika,176,
0321smith,1,,0321smith,176,
roadi3,1,,roadi3,176,
itsuki_02,1,,いつきぜろに,176,
mr_tangsuyuk,1,,Mr.탕,176,
kageira,1,,カゲイラ,176,
karbuitt,1,,karbuitt,176,
ringring_(artist),1,,ringring_(artist),176,
dwayne_hakkai_2,1,,ドウェイン八海,176,
hizuki_miya,1,,miya(みやごろう,176,
lo_xueming,1,,rinkiの兎魂,176,
galmesh_rosewood,1,,galmesh_rosewood,176,
mamiyahara_hitoshige,1,,真宮原ヒトシゲ,176,
baichuan_baichuan,1,,白川柏川,176,
henyomen,1,,へにょめん,176,
ehart,1,,ehart,176,
komugi_(2212),1,,こむぎ,176,
yoruhoshi_owl,1,,夜星猫头鹰,176,
uve,1,,uve,176,
chitozen_(pri_zen),1,,ちとぜん,176,
puripuri_hurai,1,,puripuri_hurai,176,
hangleing,1,,miki努力画,176,
toshi_(1-147),1,,トシ,176,
usako_(usako1031),1,,ウサ小,176,
sakurato_remi,1,,さくら兎れみ,176,
kuroda_asaki,1,,mugiと猫とペンギンと,176,
sabamiso_taro,1,,さばみそ太郎,176,
nokachoco114,1,,nokachoco114,176,
solllolll,1,,ヒライ,176,
sudachi_(calendar),1,,スだち,176,
akane_yuki,1,,明音,176,
luztapiaart,1,,luztapiaart,176,
inoue_seita,1,,井上精太,176,
yitiao_er-hua,1,,一条二花,176,
doruka,1,,どるか,176,
ranko_no_ane,1,,ランコの姉,176,
makuro,1,,まくろ,176,
ecgg_(tsuji418477),1,,ecgg_(tsuji418477),176,
tsumetai_(tsurunoka),1,,つめたい,176,
saikunartworks,1,,saikunartworks,176,
hitsuji_bako,1,,しーぷぼっくす,176,
shaojiang,1,,shaojiang,176,
kobayashi_chizuru,1,,小林千鶴,176,
ryouzou,1,,椋蔵,176,
houmitsu,1,,方密,176,
bambi_surprise,1,,#鹿[Shika],176,
ayuteisyoku,1,,鮎定食,176,
ripe.c,1,,ripe.c,176,
kaeruyama_yoshitaka,1,,蛙山芳隆,176,
starfox1015,1,,starfox1015,176,
lieqi_hun,1,,獵奇魂,176,
udppagen,1,,PAGEN Pixiv nickname: 負け狗,176,
mashima_jirou,1,,マシマ次郎,176,
talnory,1,,talnory,176,
yokoyoko_(nazonazo),1,,なぞなぞ,176,
mazenda_(3378),1,,マゼンダ,176,
lubikaya,1,,卢比鸽子,176,
instant_ip,1,,그냥아이피,176,
hakuino_hakase,1,,hakuino_hakase,176,
wadante,1,,ワダンテ,176,
nanashiki_fuuka,1,,七色風香,176,
lydia_ling,1,,lydia_ling,176,
yuzuyomogi,1,,ゆずかな＊鹵,176,
castellayaki,1,,castellayaki,176,
zynxy,1,,zynxy,176,
azu_torako,1,,あず,176,
yogisya,1,,夜汽車,176,
toxxy,1,,toxxy,176,
wildcard1_4,1,,よる,176,
yukiri_takashi,1,,結桐たかし,176,
ohara_tometa,1,,小原トメ太,176,
gurukousu,1,,緑豆,176,
nagilamagykalz,1,,nagilamagykalz,176,
raidon,1,,来钝,176,
tou_cai_lao_tc,1,,偷菜佬TC,176,
kusano_houki,1,,草野ほうき,176,
mirui09,1,,mirui09,176,
sumeragi_yuusuke,1,,皇裕介,175,
7mb_yut,1,,当麻ゆう,175,
amakusa_setoka,1,,なつめ。natumeto,175,
xiaoju_xiaojie,1,,xiaoju_xiaojie,175,
doyoon_7,1,,안도윤,175,
rido_(ridograph),1,,rido_(ridograph),175,
taro_(ultrataro),1,,taro_(ultrataro),175,
vicarious,1,,ヴィック,175,
jubi_(voice_actor),1,,jubi_(voice_actor),175,
sae_naiyatsu,1,,冴,175,
kohanai_setsuna,1,,小花衣せつな,175,
bigroll,1,,大大卷,175,
miyama_(yakinikusushi_the_royal),1,,箕山,175,
vs0mr,1,,vs0mr,175,
kr_woyue,1,,kr_woyue,175,
707arisu,1,,707arisu,175,
josal,1,,조살살이,175,
sotcho,1,,sotcho,175,
ki_wa001,1,,きわ,175,
felnemo,1,,ねむけこい,175,
katoki_hajime,1,,カトキハジメ,175,
indexxryo,1,,indexxryo,175,
softhanten,1,,softhanten,175,
pankichi_anko,1,,えびの天使,175,
nandz,1,,nヱρ,175,
lvetica,1,,こもえ,175,
koutate,1,,甲たて,175,
atoatto,1,,あとあっと,175,
muyoshito,1,,ムヨシト,175,
sougishi_ego,1,,エゴ・ドーナツ,175,
sab_(sab2500),1,,sab_(sab2500),175,
blackness_(blackness661),1,,blackness_(blackness661),175,
taizo_(taizo_03),1,,taizo_(taizo_03),175,
bubble99,1,,거품,175,
dakuazu,1,,dakuazu,175,
kobayashi_ritz,1,,小林立,175,
uwded_207,1,,ウカヨーコ,175,
zinbei,1,,じんべえ,175,
yaosera,1,,せら少佐,175,
kuno_(runkunochan),1,,クノ,175,
keke_(kokorokeke),1,,ケケ,175,
renxzd,1,,人形自动点赞机,175,
rororogi_mogera,1,,露々々木もげら,175,
k.ty_(amejin),1,,k.ty(ケイティー,175,
tsuina,1,,tsuina,175,
gyaza,1,,Gyaza伽莎,175,
yamcha_(cocololi),1,,やむ茶,175,
yuzuki_(yuduame),1,,柚木,175,
akitsu_taira,1,,秋津,175,
kai_(link2262),1,,改,175,
hoshi_umi,1,,hoshi_umi,175,
fuwa_fuwa_dog,1,,白いふわふわの犬,175,
kanade_(kanadeya),1,,かなでや,175,
popoin,1,,ポポイン,175,
boro,1,,ぼろ,175,
kusano_shinta,1,,草野シンタ,175,
nanaka_mai,1,,ななかまい,175,
nako_(unclebanana),1,,なこ,175,
cain_(gunnermul),1,,cain_(gunnermul),175,
pote-mm,1,,にくろむ,175,
sudachips,1,,スダッチ,175,
k+,1,,k+,175,
kusukusu,1,,くすくす,175,
ccccc_(jpn_m0),1,,ccccc_(jpn_m0),175,
erechan,1,,ヌゥ,175,
gregorius_yamada,1,,グレゴリウス山田,175,
barasui,1,,ばらスィー,175,
tomidoron,1,,トミイマサコ,175,
zuo_wei_er,1,,サイジ,175,
atage,1,,あたげ,175,
senshiya,1,,千紙夜,175,
makako_(yume_bouei_shoujo_tai),1,,まか子,175,
wazakita,1,,わざきた,175,
kameseru,1,,kameseru,174,
crouching_start,1,,くらうちんぐスタート,174,
feikyart,1,,feikyart,174,
onimiere,1,,onimiere,174,
eliice131,1,,eliice131,174,
usachu_now,1,,うさ宙,174,
nul,1,,nul,174,
jiwon_(sj1),1,,써지,174,
hijiki_(hijiri_st),1,,ひじき,174,
mmmckayyy,1,,mmmckayyy,174,
saki_(saki_paint),1,,いろはさき,174,
aizawa_(aizawatsu),1,,相沢,174,
moonya,1,,moonya,174,
tuskryo,1,,さいちゃん,174,
raion_(raionart),1,,raion_(raionart),174,
puzenketsu,1,,puzenketsu,174,
thomason366,1,,とまそん,174,
motizou,1,,もちぞう,174,
fuminshou_(nekopan_art),1,,不眠症,174,
wuwusan,1,,伍伍叁,174,
othel_(hatimorris),1,,オーセル,174,
harakomeshi,1,,はらこめし,174,
amanone_yun,1,,amanone_yun,174,
soukitsu,1,,そうきつ,174,
flo_(guilty_hearts),1,,さみだれせつな,174,
arc_draws,1,,arc_draws,174,
jun_(rellik_&_redrum),1,,jun姫,174,
rhtkd,1,,고상,174,
kazekawa_nagi,1,,風川なぎ,174,
shironekokfp,1,,しろねこKFP,174,
qy73,1,,qy73,174,
zy_(zyyyyyyy9),1,,zy_(zyyyyyyy9),174,
yuuki_hb,1,,ユウキHB,174,
waon_(43ctw),1,,わおわおわおん,174,
uzu_(uzusio55),1,,uzu_(uzusio55),174,
inotukuhito,1,,いのつくいたる,174,
shirogane_hakuba,1,,しろがね白馬,174,
feason,1,,feason,174,
sakura_no_yoru,1,,桜の夜,174,
larugo0513,1,,オルセイン,174,
camellia_(camel_mal),1,,camellia_(camel_mal),174,
matra_milan,1,,的良米兰,174,
imo_norio,1,,いものりを,174,
fukase_ayaka,1,,深瀬アヤカ,174,
l9525,1,,エル,174,
hiryuu_(kugelcruor),1,,히류,174,
kaleka,1,,珂列卡不对称强制,174,
bannou_ippoutsukou,1,,万能,174,
s1ho_(ukiy0u0),1,,s1ho_(ukiy0u0),174,
soku_(bluerule-graypray),1,,Modra(もどら,174,
fuyukawa_(kogimiwa64338),1,,冬川,174,
osu_(osumankokuou),1,,おす,174,
suzuki-shi,1,,まりもデジタル工房,174,
motusii,1,,もつし,174,
fumeshi,1,,ふめし,174,
cloud_(lufaeris),1,,cloud_(lufaeris),174,
rikui_(rella2930),1,,日奎,174,
piku184,1,,piku184,174,
yatsuha_kanan,1,,八叶香南,174,
natsu_(rodysanp),1,,捺,174,
amenocchi,1,,あめのっち,174,
mitsuki_tsumi,1,,ぽいん,174,
ice_(ice_aptx),1,,"""ice"" Site name: 얼음",174,
dabuki,1,,だぶき,174,
da_mao_banlangen,1,,大猫板蓝根,174,
mugi_(mugit49),1,,mugi_(mugit49),174,
fuji_den_fujiko,1,,フジ子,174,
wenquangua,1,,发霉瓜,174,
setta_shu,1,,setta_shu,174,
chiyoko_(tykchiyo),1,,ちよこ,174,
pyonpyonmaru,1,,ぴょんぴょん丸,174,
miyazakisoul,1,,miyazakisoul,174,
midorino_eni,1,,pクラフト,174,
42u16,1,,ょっゅ⁴²ᵁ,174,
fujiya_takao,1,,なすび,174,
rituyama1,1,,粘土,174,
kiriu,1,,はろー,174,
hoshino_kagari,1,,星野おび,174,
nishi_(count2.4),1,,弐肆,174,
ototsu_kei,1,,乙津恵,174,
kashiwadokoro,1,,kashiwadokoro,174,
mirai_denki,1,,未来電機,174,
yuunagi_(seventh_heaven),1,,ユウナギ,174,
onion_(lemlaml),1,,オニオン,174,
giga_omega,1,,戯画オメガ,174,
maenchu,1,,maenchu,174,
samuimu,1,,サムイム＠疲れイム,174,
gomi_ichigo,1,,五味,174,
manoji,1,,まのじ,174,
gongba_laoge,1,,宫吧老哥,174,
tapisuke,1,,たぴすけ,174,
nixiaozi,1,,你晓子,174,
shirosu,1,,シロス,174,
shizukushigure,1,,時雨シズク,174,
suzuno_naru,1,,鈴乃なる,174,
sakurajyousui_nami,1,,桜上水ナミ,174,
kannon_ouji,1,,観音王子,174,
kusaka_kokage,1,,日下こかげ,174,
t-ray,1,,t-零,174,
ifuji_sakura,1,,井藤,174,
masaharu,1,,まさはる,174,
yukiyanagi,1,,ゆきやなぎ,174,
tm_(hanamakisan),1,,tm_(hanamakisan),174,
katori_(mocchidou),1,,望月,174,
r1,1,,r1,174,
choko_egg,1,,アルト,174,
downvote_(downvote_me),1,,downvote_(downvote_me),174,
higa-tsubasa,1,,higa-tsubasa,174,
kanno_izuka,1,,かんのいずか,174,
jean_(jean_sp),1,,jean_(jean_sp),173,
yumesaki_eden,1,,えでん,173,
arisa_(aren),1,,あれん,173,
futatunoniji,1,,二つの虹,173,
hido_(cherryhido),1,,hido_(cherryhido),173,
yama_tatsuo,1,,うらやまたつお,173,
cloudykeyz,1,,cloudykeyz,173,
khartemis,1,,khartemis,173,
k_katora,1,,かとら,173,
inue_ao,1,,久来青,173,
hagimorijia,1,,萩森じあ,173,
tovio_rogers,1,,tovio_rogers,173,
take20131004,1,,take20131004,173,
calamari_cakes,1,,calamari_cakes,173,
takatsurt,1,,たかつ,173,
haruto_(harut_n),1,,はると,173,
daku_k,1,,daku_k,173,
zxpfer,1,,zxpfer,173,
kanimiso30601,1,,たるとぱん,173,
shiomizu_(swat),1,,しおみづ,173,
zunda_kaku,1,,ずんだ天,173,
mikuroron,1,,みくろ,173,
yequo_(trample_rigger),1,,イエクオ,173,
dampi,1,,dampi,173,
nota_sayaka,1,,ノタ爽,173,
gesupi_(provlemsolver57),1,,gesupi_(provlemsolver57),173,
daylightallure,1,,不会画画的熊輝,173,
xandier59,1,,xandier59,173,
teo_(teorekka),1,,teo_(teorekka),173,
liking,1,,椎名深夜,173,
kenpi_(hs-totyu),1,,けんぴ,173,
art_undertaker,1,,art_undertaker,173,
kilsturgeon,1,,キルスタ,173,
mikosake,1,,みこさけ,173,
retsuto,1,,れつと,173,
benevole,1,,べねぼれ,173,
mady_(madine08260),1,,月曜日,173,
mentaiko_mamire,1,,明太子まみれ,173,
desert_(deserteagle0321),1,,えあぐれん,173,
olto_rondo,1,,ことなり,173,
ikezaki_misa,1,,池咲弥撒,173,
natsushi,1,,夏师,173,
shenqi_de_(9),1,,shenqi_de_(9),173,
hermityy,1,,隠,173,
porinki,1,,ぽりんき,173,
dojirou,1,,どじろー,173,
orie_h,1,,orie_h,173,
unu_(unucence),1,,お犬,173,
fukunoki_tokuwa,1,,fukunoki_tokuwa,173,
kamehito,1,,かめかめ,173,
shiromikan,1,,みかん,173,
yutoriko_(candy0905),1,,ゆとりこ,173,
nurami_(shouji),1,,ぬらみ,173,
lost_one_zero,1,,lost_one_zero,173,
hoshikuzu_pan,1,,おもち,173,
shira_jun,1,,シラジュン,173,
qing_yan_xia,1,,花畑琦,173,
takeuchi_naoko,1,,武内直子,173,
osamu_yagi,1,,unclebeard/ヒゲおじさん,173,
inuyayo,1,,いぬ,173,
miche,1,,ミッシュ,173,
usa_b,1,,うさb,173,
whitem_(whiteemperor2020),1,,白帝,173,
yannn,1,,yannn,173,
kirihara_you,1,,桐原湧,173,
inari1369,1,,ゆとまるÜ,173,
null_suke,1,,null_suke,173,
tabayan_jigokuhen,1,,タバやん地獄变,173,
usamin_(megumikira),1,,うさみん,173,
maegami_(daisuki_oekaki1),1,,前髪,173,
mochi_(circle_rin),1,,モチ,173,
amakusa_tobari,1,,天草帐,173,
nekonyan,1,,猫にゃん,173,
siva_(executor),1,,シヴァ。,173,
sekaiitinoki,1,,独りごと,173,
takamura,1,,タカムラ,173,
myvia_mokols,1,,myvia_mokols,173,
uraichishi,1,,uraichishi,173,
nishi_iori,1,,西安,173,
aayh,1,,ろっと,173,
sushoyushi,1,,酢醤油氏,173,
tsumitani_daisuke,1,,罪谷死輔,173,
kazami_chiu,1,,風美ちう,173,
hakou_(barasensou),1,,羽公,173,
rome_romedo,1,,rome_romedo,173,
yuuki_nobuteru,1,,結城,173,
joo_gumoon,1,,주그믐,173,
spaghe_(kyoumospaghe),1,,スパゲ,173,
mizoki_kei,1,,みぞき京,173,
koin_(foxmark),1,,こんくり,173,
ginzake_(mizuumi),1,,ギンザケ,173,
kkkaaaayyy,1,,かい,173,
tomycase,1,,tomycase,173,
doro_(sabarudoro),1,,さばるどろ,173,
jonya,1,,ジョさん,173,
ying_yi,1,,一日平水清,173,
dreaming_oor,1,,dreaming_oor,173,
dongsheng,1,,冬笙,173,
amano_tatsu,1,,＊雨乃龍＊,173,
sukima_(crie),1,,すきま,173,
sirataki_umauma,1,,しらたき,173,
mg42cat-k1ng,1,,mg42cat-k1ng,173,
kouka_(mrakano5456),1,,邑上,173,
chirun0,1,,chirun0,173,
kozou_kazaru,1,,レイモンド毒島,172,
e-bushi,1,,e-bushi,172,
rinx,1,,イネ,172,
chibana_sora,1,,知花,172,
tanba_(tanba-art),1,,ぼたんもち,172,
curio_(curiofinity),1,,きゅりお,172,
taku_(aywakutakuay),1,,タク,172,
e69465,1,,e69465,172,
hikyou_takarasou,1,,火鏡,172,
zenmaibook,1,,ゼンマイブック,172,
kazenemuri,1,,風-眠,172,
nyakkuru,1,,ニャックル,172,
kanbei_(pixiv11037490),1,,カンベイ,172,
arqa,1,,arqa,172,
bolbbangbbang,1,,bolbbangbbang,172,
nekoya_(nekodayo_22),1,,猫夜,172,
datcravat,1,,クラバット,172,
trista_(makkoivenus),1,,トリスタ,172,
sofo_soup,1,,sofo_soup,172,
tony_kuusisto,1,,tony_kuusisto,172,
alphamob200x,1,,alphamob200x,172,
nami_qi,1,,HIU-纳米柒,172,
tatsuya_(trypaint),1,,立つ屋,172,
hutaba_haru,1,,双葉陽,172,
so_dasui1,1,,そーだみず,172,
furawast,1,,furawast,172,
kaneko_naoya,1,,カネコナオヤ,172,
subob_(subobdesu),1,,subob_(subobdesu),172,
wanpaku_pixels,1,,wanpaku_pixels,172,
bailan1130,1,,摆烂,172,
jazz_grace,1,,jazz_grace,172,
awayuki_ramika,1,,淡雪らみか,172,
hitch_(perotoss),1,,히치,172,
mochitaro_(mothitaroo),1,,もちたろ,172,
nimbus_goldbrum,1,,nimbus_goldbrum,172,
narodenden,1,,なろ電々,172,
akihare,1,,嵐木走戊,172,
mikasayaki,1,,みかさやき,172,
beliatan,1,,ベリアたん,172,
hijouguti,1,,日常口＿お仕事欲しい,172,
shindol,1,,新堂エル,172,
coula_cat,1,,coula_cat,172,
4kebidayo,1,,ひとり,172,
hira-san,1,,ひらさん,172,
servachok,1,,servachok,172,
shogo_(cureshogo),1,,shogo_(cureshogo),172,
yamamoto_shuuhei,1,,マグ,172,
fang_qiao,1,,坊橋夜泊,172,
sakaki_(utigi),1,,榊,172,
shinonome_fuurin,1,,篠目迷（風凛）,172,
nobiru_(nobinobi),1,,ノビル,172,
banghwadongjopidi,1,,방화동조피디,172,
yusake_san,1,,ゆさけーさん,172,
kinoebi,1,,kinoebi,172,
kon_manatsu,1,,紺,172,
oimo_(imoyoukan),1,,おいも,172,
nagiha_kuten,1,,なぎは,172,
chii-kun_(seedyoulater),1,,ちーくん,172,
hinamatsuri_touko,1,,雛祭桃子,172,
etou_(cherry7),1,,エトウ,172,
gairou_(takakuan),1,,ガイロウ,172,
izra,1,,izra,172,
ragecandy,1,,ragecandy,172,
nasuna,1,,ナスナ,172,
toyota_saori,1,,とよたさおり,172,
kabayaki_namazu,1,,蒲焼ナマズ,172,
kalak_39,1,,唐士口,172,
mashiaka,1,,mashiaka,172,
ozkh,1,,ozkh,172,
pome_charo,1,,ポメ太郎,172,
mochizuki_ado,1,,餅月アド,172,
diepod,1,,diepod,172,
koutarou_(girl_power),1,,こうたろう,172,
oro_(zetsubou_girl),1,,おろ,172,
beppu_mitsunaka,1,,ベップミツナカ,172,
juzi_(orange8619),1,,橘子,172,
aroon,1,,あろおん,172,
linatai,1,,linataiツ,172,
koyoinacho,1,,koyoinacho,172,
otemoto_(baaaaloooo),1,,おてもと,172,
anoko_(darenokoanoko),1,,あのこ,172,
fon-due_(fonfon),1,,フォンデュ,172,
nemunemu_semi,1,,nemunemu_semi,172,
warubo,1,,わるボ,172,
misoni_(mi_so_ni_t),1,,みそに,172,
lanserongjie,1,,蓝色溶解,172,
pokesudal,1,,햄달,171,
samlatte,1,,samlatte,171,
akimiya_yamiku,1,,akimiya_yamiku,171,
gurinsensei,1,,gurinsensei,171,
yorurokujuu,1,,よるろくじゅう,171,
hadant,1,,hadant,171,
soul_(dp11),1,,そうる,171,
fujinomiya_rio,1,,富士宮りお,171,
mecha_neruko,1,,ふくおか,171,
koucha_(sr4ez),1,,みりん,171,
mk_(masatusaboten),1,,えむけー,171,
atha_(leejuiping),1,,アサ,171,
u4_99384295,1,,u4_99384295,171,
nekoshima_kaede,1,,しま猫,171,
shieriru,1,,シエリル,171,
kuhl-notes,1,,kuhl-notes,171,
serike_w,1,,せりけぇw,171,
ikaooi1,1,,ヰか,171,
tanaka_yuuichi,1,,田中雄一,171,
dro_(eveveb_414),1,,드로로로,171,
miyako_draw,1,,miyako_draw,171,
nyucha,1,,にゅちゃ,171,
matsumaramara,1,,マラ,171,
sunafuki_tabito,1,,砂吹,171,
ponnyu12,1,,ぽんにゅ(ponnyu,171,
huleito,1,,あとり玲,171,
gameso,1,,ガメソ,171,
kurimochi_chizuru,1,,栗餅,171,
metatarou,1,,めたたろう,171,
shironekoban,1,,シロネコバン,171,
yutarou,1,,ゆたろう,171,
naotin3333,1,,なを,171,
rindoriko,1,,リンドリコ/Rindoriko,171,
shiratama_dango,1,,白玉团子,171,
pingpangpongpang,1,,핑팡퐁팡,171,
miyu_(miy_u1308),1,,미유,171,
suigetsu_(watermoon-910),1,,水月,171,
3774.,1,,3774.,171,
maidcode1023,1,,crm黑月,171,
hiiragi_(karashriker),1,,ひいらぎ,171,
mine_thrower_(ore_no_bakudan),1,,オレの爆弾,171,
kinohara_hikaru,1,,きのはらひかる,171,
masso,1,,フカマツ,171,
tagu_c0032,1,,たぐ,171,
mu_tu_bu,1,,mu_tu_bu,171,
satsuki_mayuri,1,,皐月まゆり,171,
sakayaya,1,,sakayaya,171,
a-sui,1,,Aスイ,171,
pasharuu,1,,pasharuu,171,
katami_shinta,1,,形見,171,
korzynka_persykiv,1,,korzynka_persykiv,171,
nyakonro_(nekonro),1,,にゃこんろ,171,
evzeva,1,,Evzeva小骑士,171,
=_(9_yawbus),1,,トリトマちゃん,171,
nanase_miri,1,,ミリ,171,
oligogi_meoggosipda,1,,oligogi_meoggosipda,171,
teisuu,1,,TeisuuまたTẠCHしました,171,
aburi-gatana,1,,炙り刀,171,
kurodahlia18,1,,kurodahlia18,171,
kuase,1,,くあせ,171,
chi_no,1,,ちno,171,
koru_pera,1,,こるぺら,171,
bleedman,1,,bleedman,171,
mikan_tabetai,1,,みかんたべたい,171,
memuro,1,,兮眠牛奶糖,171,
mono_land,1,,mono_land,171,
pnatsu,1,,pナツ,171,
yu_yanshu,1,,于彦舒,171,
tk31,1,,tk31,171,
bebatch,1,,bebatch,171,
east_sha2,1,,ひがし,171,
mitumi_mira,1,,未鏡,171,
sara_(kurome1127),1,,皿,171,
dreamlight2000,1,,暴力にゃ長,171,
cocoperino,1,,ここぺりーの,171,
era_(erasion),1,,era_(erasion),171,
foopy,1,,foopy,171,
kitora_(kisekinonameko),1,,キトラ,171,
matsuki_(mikipingpong),1,,末期,171,
robinlovesop,1,,咩咩羊robin,171,
onigunsou,1,,オニグンソウ,171,
kurosuke_(nora),1,,黒すけ,171,
koyubi_maru,1,,結城,171,
kurusuke_(kurumi),1,,くるみ,171,
ecoman,1,,ecoman,171,
mana_kakkowarai,1,,マナカッコワライ,171,
suisen-21,1,,ゆしろ,171,
seinen,1,,青年君,171,
kuroshiro_(ms-2420),1,,クロティロ,171,
kokorozashi,1,,志,171,
chietori,1,,ちえ,171,
golgi_hon,1,,ゴルジイ本,171,
nori_senbei,1,,海苔せんべい,171,
kyuukon_(qkonsan),1,,球根,171,
takom,1,,たこすけ,171,
terasu_mc,1,,テラスmc,171,
ottie_pops,1,,ottie_pops,171,
buthikireta,1,,ぶっちぃ,171,
shuuji_(shumi),1,,しゅ,171,
terujirou_(masateruteru),1,,晃次郎,171,
raburebo,1,,ラブレボ,171,
nikism,1,,ソウスケ,171,
s_zenith_lee,1,,s_zenith_lee,171,
pierre_norano,1,,ピエールのらの,171,
nicoq_(koikoihaihai),1,,nicoq_(koikoihaihai),171,
kyouichi,1,,京一,171,
soborou,1,,ソボロウ,171,
8-gou_(mechanist08),1,,8-gou_(mechanist08),171,
boutsoftheblind,1,,boutsoftheblind,170,
glooz_art,1,,glooz_art,170,
needbee_r,1,,needbee_r,170,
white_clover_(unfy8472),1,,白詰草,170,
tachibana_shiori_(suica_112),1,,tachibana_shiori_(suica_112),170,
kotobuki_nashiko,1,,なぐ,170,
kanonari,1,,カノくん,170,
unamaso,1,,unamaso,170,
kabewski,1,,kabewski,170,
valenthania,1,,valenthania,170,
ace_glitch,1,,ace_glitch,170,
sakamoto_giulietta,1,,ジュリエッタ,170,
kusakihara_toshiyuki,1,,kusakihara_toshiyuki,170,
yotamono,1,,yotamono,170,
kurage_cc,1,,ゆのくらげ,170,
amaama_(beccyonaika1),1,,いちこ,170,
bing_huyue,1,,冰狐月,170,
murechika,1,,むれチか,170,
kurokimoko,1,,kurokimoko,170,
sakurano_rocco,1,,柏餅ろこ,170,
moriforests,1,,moriforests,170,
gentaro_(g_teall),1,,玄米茶,170,
ohhhhhhtsu,1,,大津,170,
yue_(memento1113),1,,ユエ,170,
johnholl0w,1,,johnholl0w,170,
k_hottok,1,,권호떡,170,
yomogi_9392,1,,よもぎ,170,
flareza,1,,flareza,170,
hasei_(hasei01),1,,にびー,170,
sumisumii,1,,sumisumii,170,
karasu_(jjwh2832),1,,空巢,170,
aizendai,1,,アイゼン誰,170,
otsumami_(02mami),1,,おつまみ,170,
pukonuu,1,,ぷこね,170,
tong_shui,1,,小得少當贏,170,
usagino_suzu,1,,お団子たそ,170,
blk-elk,1,,クロカ,170,
tarou2,1,,tarou2,170,
sakura_shiho,1,,紗倉シホ,170,
shimo_(seamoss),1,,いしもとようじ,170,
mofu_(mof_swimradio),1,,モフ,170,
ryota_tentei,1,,てんて,170,
sailorclef,1,,sailorclef,170,
nina_(pastime),1,,丹娜,170,
manle,1,,マンル,170,
animal_ears_(norankkori),1,,animal_ears_(norankkori),170,
penguin_frontier,1,,ペンギン屋,170,
raybar,1,,ライバー,170,
catball1994,1,,catball1994,170,
alber,1,,alber（あるばー,170,
zerokirbyarts,1,,zerokirbyarts,170,
noamem,1,,いち,170,
hachiya_shohei,1,,はち,170,
io_naomichi,1,,伊緒直道,170,
ezu_(e104mjd),1,,えづ,170,
yuki_(yukin0128),1,,雪,170,
minillustration,1,,minillustration,170,
ok-ray,1,,れい,170,
hananenmi,1,,ひなねんみ,170,
maru_usagi,1,,丸うさぎ,170,
sasi_mozzi1,1,,Sasi시호찌,170,
danbal,1,,단발,170,
edamameoka,1,,おか,170,
fpanda,1,,fpanda,170,
katto8452,1,,林Katto,170,
huyuharu0214,1,,わふお,170,
gum_(gmng),1,,ガム,170,
sasaki_(glass1138),1,,ササキ,170,
miyuki_rei,1,,みゆれい,170,
yamamura_le,1,,れぇ(gomalemo,170,
kaerunoko,1,,かえるのこ,170,
gwayo,1,,과요,170,
yokaze_japan,1,,夜風ジャパン,170,
scathegrapes,1,,scathegrapes,170,
antaria,1,,三色坊,170,
tomizuki_ichino,1,,ありがね,170,
xkirara39x,1,,きらら,170,
matsumiya_kiseri,1,,茉宫祈芹,170,
memeno,1,,memeno,170,
cha_goma,1,,茶いちご,170,
kebohan,1,,kebohan,170,
confeito000_333,1,,confeito000_333,170,
inui_nakiru,1,,犬居なきる,170,
umi_endu,1,,えんどぅ/依頼募集中,170,
chimachi,1,,すぴ,170,
kyokutsuki,1,,い〜,170,
mioda_xi,1,,Mioda息,170,
jjeom,1,,쩜,170,
goburin_second,1,,goburin_second,170,
ryochan96154,1,,ryochan96154,170,
korandamu,1,,こらんだむ,170,
yooki_(winter_cakes),1,,yooki_(winter_cakes),170,
hazumi_otoya,1,,葉住音矢,170,
hanasaki_mahiru,1,,花咲まひる,170,
chuhaibane,1,,灰羽ちゅう,170,
tawashi1623,1,,tawashi1623,170,
da_(bobafett),1,,だ,170,
asanaya,1,,あさなや,170,
unadon_(unadoom),1,,うな井,170,
ikazuchi_akira,1,,白神菊理＠晶,170,
mineta_naoki,1,,ミネタ,170,
omiya_(louise-louis-lucille),1,,お宮,170,
okazaki_oka,1,,おか,170,
nelt,1,,nelt,169,
nagisa_iori,1,,凪咲伊織,169,
andrich_galam,1,,andrich_galam,169,
mikapoe,1,,ヌー太郎,169,
heichi,1,,平地,169,
nata_kokone,1,,那多ここね,169,
youichi_(45_01),1,,よういち,169,
tamaya,1,,たまや,169,
chamomile_(kazumasa),1,,カモミール,169,
ribao,1,,日宝,169,
kawati,1,,かわち,169,
teroru,1,,〒口ル,169,
j_young,1,,ぜいよん,169,
nagikiho,1,,な,169,
koto_(colorcube),1,,コト,169,
shiwa_kou,1,,シワ公,169,
asahina_yori,1,,よりっこ,169,
bbk_(13zk),1,,bbk_(13zk),169,
shimadouma,1,,しまどうま,169,
fon_(96nokimihito),1,,黒乃キミヒト,169,
eva_dudu,1,,eva_dudu,169,
meguru_1225,1,,巡,169,
peperoncino-sama,1,,ペペロンチーノ様,169,
mizu_(lzzrwi603),1,,みず,169,
sytokun,1,,sytokun,169,
shinbashi_seiji,1,,八星黄一,169,
mk-5,1,,マークファイブ,169,
minusk9,1,,大青鱼,169,
naruse_mamoru,1,,成瀬守,169,
rhapsode,1,,コアコ,169,
yuugatou_(yuuzutu),1,,ゆうがとう,169,
iro_marimo,1,,もり,169,
fujimori_shiki,1,,藤森しき,169,
ndsoda,1,,ndsoda,169,
solipsist,1,,solipsist,169,
yuyiosang,1,,yuyiosang厂妹,169,
hassan_(sink916),1,,八三,169,
sugomori_tsuru_(hana_tsuru_wo),1,,はなつるヲ,169,
miaki_(mi_autumn39),1,,み秋,169,
baek_hyang,1,,baek_hyang,169,
kawanuma_uotsuri,1,,川沼魚釣,169,
advos,1,,advos,169,
sunmoon9994,1,,らぎ,169,
kawatiw,1,,kawatiw,169,
sinlaire,1,,sinlaire,169,
auer,1,,塩鱈おにぎり,169,
pf,1,,pf,169,
rero_(bigdoorbig2),1,,Rero貝,169,
tdk,1,,ま～らいおん,169,
chiro,1,,チろ,169,
fukunaga_kazuhiro,1,,メリット,169,
is_ii,1,,is_ii,169,
kawasaki_tadataka,1,,川崎直孝,169,
yunayuispink,1,,유나유,169,
mayonaka_taruho,1,,夜のバンド,169,
oosaki_takahito,1,,大﨑崇人,169,
marion-ville,1,,marion-ville,169,
isao,1,,真面目屋,169,
ura_(ura-tennislove),1,,うら,169,
neme,1,,糸瀬ねめ,169,
chig,1,,ちぐ,169,
zamudelin,1,,ざむでぃん,169,
healther,1,,healther,169,
kurono,1,,くろの,169,
jesse_schickler,1,,jesse_schickler,169,
wallace_pires,1,,wallace_pires,169,
akiteru_(akiteru98),1,,あきてる,169,
salmon_knight,1,,salmon_knight,169,
nakamura_tetsuya,1,,中村,169,
kazuko_(towa),1,,とわ,169,
momihige,1,,もみひげ,169,
msx_(mis4xi),1,,msx_(mis4xi),169,
kuyoumi,1,,kuyoumi,169,
sinzen,1,,sinzen(しんぜん,169,
kannoaki,1,,kannoaki,169,
okumari,1,,おくマリ,169,
shio_kouji_(shiokojii),1,,塩こうじ,169,
mming_(mmingis18),1,,mming_(mmingis18),169,
pinki_(shounenkakuseiya),1,,pinki_(shounenkakuseiya),169,
seseragi_(star4rats),1,,世世良木,169,
yasoji_(16321578),1,,やそじ,169,
nonoberry22,1,,nonoberry22,169,
grgrton,1,,よ,169,
hoishere7,1,,hoishere7,169,
kajino_(aosansai),1,,カジノ,169,
y_o_u_k_a,1,,ようか,169,
favilia,1,,回炉面包棍,169,
satou_(kuso-neet),1,,佐藤,169,
qinglai_haiji,1,,清赖ハイジ,169,
velinxi,1,,velinxi,169,
jiseki_rena,1,,次席将校,169,
koda1ra,1,,コダイラ,169,
megubiru,1,,megubiru,169,
ref_(pmxt4483),1,,ref_(pmxt4483),169,
baifeidaiwang,1,,沰,169,
rumenia_(ao2is),1,,ルメニア,169,
en@rain,1,,えなれいん,169,
ayame_iro_(toumei_dolce),1,,絢芽いろ,169,
shino_(yaruki_nai_yatsu),1,,シノ,169,
koaraya,1,,こあら,169,
spencer_sais,1,,尸骸赛斯,169,
polki,1,,polki,169,
sasakuma_kyouta,1,,ささくまきょうた,169,
xiuhuabing,1,,袖化饼,168,
zeropen,1,,zeropen,168,
lacryboy,1,,lacryboy,168,
tachikaze_miyako,1,,tachikaze_miyako,168,
esw_artca,1,,遠州しょんないウォーカー,168,
oregano_(olgn_eao),1,,オレガノ,168,
kaon_zz,1,,kaon_zz,168,
3amsoda,1,,3amsoda,168,
jingshenhuanghu,1,,担鲸受怕,168,
nogong,1,,노공,168,
wokiiarts,1,,wokiiarts,168,
muchin_jousha,1,,無賃乗車,168,
reirou_(chokoonnpu),1,,れいろう,168,
shiki_(love-saber),1,,色,168,
rable,1,,라블,168,
lewdrover,1,,lewdrover,168,
azuki-iro,1,,あずき色,168,
cr-r,1,,cr-r,168,
ivan_wang,1,,ivan_wang,168,
naegi_happy,1,,しゅき,168,
kanikama_acedia,1,,かにƸ̴ӁƷ蒲鉾,168,
mosuke1221,1,,mosuke1221,168,
tautiki,1,,文月,168,
noko_morokoshi,1,,ノコもろこし,168,
muichimon,1,,無一文,168,
hi_ye,1,,海翼,168,
inuo_(inuo_x),1,,inuを,168,
preview_(preview0),1,,preview_(preview0),168,
ibushi_(oath),1,,いぶし,168,
usapenpen2019,1,,うさぺんぎん,168,
andreas_rocha,1,,andreas_rocha,168,
emamemamo33,1,,emamemamo33,168,
tonari_(ichinichime_azuma),1,,隣,168,
menmen_(menmen13s),1,,めんめん,168,
sankyo_(821-scoville),1,,sankyo_(821-scoville),168,
ahase_hino,1,,亜羽瀬ひの,168,
shenqi_(toid310),1,,西行寺魔理沙,168,
oribe_hanako,1,,内部花子,168,
milcho,1,,みるちょ,168,
kkia,1,,KKia是寄游居居,168,
neku_oneneko,1,,ねくおねねこ,168,
i-la,1,,i-la,168,
xkl3001,1,,xkl3001,168,
itaba_atsushi,1,,いたばあつし,168,
jiujiangzi_benren,1,,酒不理绛子,168,
stars_zhangzhang,1,,STARS-張,168,
ancotsubu,1,,ぱんこ,168,
watanabe_masato,1,,watanabe_masato,168,
azuma_toh,1,,サイキケイタ,168,
95_(jiuwujiang),1,,95_(jiuwujiang),168,
dasukasuki_3g,1,,dasukasuki_3g,168,
mumumu,1,,むむむ,168,
nial,1,,nial,168,
malcorond,1,,まるころんど,168,
air_(ai_r_),1,,air_(ai_r_),168,
nikishiko,1,,nikishiko,168,
tobi_(discharge_cycle),1,,トビ,168,
burusuta,1,,ぶるすた,168,
muzuki_uruu,1,,夢月,168,
katade,1,,コアン,168,
sasaki_fumi,1,,篠木ふみ,168,
suihi,1,,すいひ,168,
kurihara_kenshirou,1,,栗原ケンシロウ,168,
mutsuba_fumi,1,,六葉ふみ,168,
ryu_(masu_nantoka-san),1,,ますなんとかさん,168,
anmita_(rarutos),1,,あ,168,
matsumoto_noriyuki,1,,松本,168,
nanno_koto,1,,南野琴,168,
hi_i_dubu,1,,듀뷰,168,
mirino,1,,みりの,168,
shoji_sakura,1,,咲良,168,
rin_ateria,1,,リン,168,
arkapami,1,,arkapami,168,
fle0423,1,,fle0423,168,
fateline_alpha,1,,フェイトリネ-アルファ,168,
rock_zinc,1,,Yan锌,168,
taker_(flamestorm),1,,ていかー,168,
retsuna,1,,れつな,168,
gelatin_(alkaloid_no_baketsu),1,,沟口明胶,168,
taka_(tsmix),1,,タカ,168,
kouhiipan,1,,コーヒーパン,168,
nokishita_negio,1,,軒下ネギヲ,168,
suahh,1,,suahh,168,
haru57928031,1,,haる,168,
sasoura,1,,sasoura,168,
renka_(sutegoma25),1,,戀歌,168,
karen_(karenendo),1,,かれん,168,
natsuki_(silent_selena),1,,奈月,168,
bababababan,1,,ばばばばん,168,
kaya8,1,,カヤハチ,168,
saki_(hxaxcxk),1,,じじ,168,
yoshida_inuhito,1,,吉田犬人,168,
jorori,1,,じょろり,168,
hotate_rayan,1,,ほたす,168,
shouni_(sato3),1,,しょうに,168,
asuta_(kinakomoti300),1,,あすた,168,
bananafish1111,1,,ばななふぃっしゅ,168,
shionty,1,,しおん,168,
sokona_(sosokona),1,,sokona_(sosokona),168,
fujita_(condor),1,,フジタ,168,
putimaxi,1,,ぷち,168,
necono_(nyu6poko),1,,necono_(nyu6poko),168,
dore_(gilles_dore),1,,まか,168,
kawakami_shuuichi,1,,川上修一,168,
borderline7839,1,,巫铭,168,
bismuth_(paravene),1,,bismuth_(paravene),168,
meimone,1,,えむえむ,168,
shishiky,1,,ししき,168,
namikawa_kuroha,1,,瀾河,168,
ness_(pjw0168),1,,네스,167,
ankoro_mochi,1,,餡ころ餅,167,
sazanami_(re_n_rentaro),1,,漣,167,
isa_(babeyxiao),1,,isa_(babeyxiao),167,
tetsuffy_(tetsulul),1,,tetsuffy_(tetsulul),167,
nepperoni,1,,nepperoni,167,
devl_ga_aru,1,,devl_ga_aru,167,
333takoyaki,1,,333takoyaki,167,
beneceadraws,1,,beneceadraws,167,
sentouryoku_5,1,,はたご,167,
ferdinandusdart,1,,ferdinandusdart,167,
shuini_xiaomao,1,,水泥小猫,167,
yakurope-moko,1,,ペンギン・ヤク,167,
takanaru,1,,たかなる,167,
jknor,1,,jknor,167,
.osari,1,,.osari,167,
deatiose,1,,deatiose,167,
morizu929,1,,さとり,167,
pepeppepe101,1,,ぺ,167,
sao7,1,,sao7,167,
gudakoguda,1,,gudakoguda,167,
9twoeight,1,,구얼,167,
peach-cup,1,,peach-cup,167,
zambiie,1,,zambiie,167,
yaise,1,,そむ゙,167,
kuma_piv,1,,쿠마/くま,167,
neki-t,1,,ねき,167,
sacanahen,1,,さかなへん,167,
valueless0000,1,,valueless0000,167,
chiu538,1,,냥나링,167,
namuko,1,,おも煮,167,
nasubin_(nasubisamurai15),1,,ナスビン,167,
isocha,1,,いそちゃ,167,
waste-man,1,,waste-man,167,
peachyp,1,,peachyp,167,
m2bou,1,,m2bou,167,
erbium,1,,erbium,167,
spice_mega,1,,Spiceメガ,167,
washiwa,1,,わしわちゃん,167,
nirako_mona,1,,もなか食,167,
daiichi_(k_daiiti),1,,だいいち,167,
yazawa_happyaro,1,,矢澤はぴあら,167,
ichika_(ichika_manga),1,,いちか,167,
yuusen_(aenka),1,,ユウセン,167,
prophecy_(rakuichimonji),1,,ぷろへしぃ,167,
i_b_(yaun2242),1,,伊B,167,
narumi_yuzurai,1,,鳴海柚来,167,
kanon_(floralcanon),1,,花音,167,
alkaloid_(alkaloid404),1,,alkaloid_(alkaloid404),167,
takanashi_shin,1,,たかなししん,167,
satoimo_chika,1,,さといも,167,
dichlorvos,1,,过期杀虫剂五毛一份,167,
cyber_(cyanceebee),1,,cyber_(cyanceebee),167,
temariame14,1,,てまりまろ,167,
projecttiger,1,,projecttiger,167,
eugenecolin,1,,柯林,167,
oshiruko_(oshiruko_s2),1,,おしるこ,167,
cirnos,1,,山枫樱,167,
ryuto7075,1,,ryuto7075,167,
hoojiro_(found1093),1,,ホオジロ,167,
suckillpak,1,,suckillpak,167,
yuanagae,1,,yuanagae,167,
takayama_kisai,1,,李星昊,167,
hoshimiya_mashiro,1,,たくみん,167,
takanae_kyourin,1,,高苗京铃,167,
anderson_m0311,1,,響です,167,
junior27016,1,,ジュニア,167,
echizen_(hvcv),1,,エチゼン,167,
tokoi,1,,とこい,167,
sinakyo,1,,しなきょう,167,
nerotarou,1,,ねろたろう,167,
solevisionarts,1,,solevisionarts,167,
usui_harusame,1,,雨水はるさめ,167,
drid,1,,drid,167,
lunarisaileron,1,,lunarisaileron,167,
katsuragi_niya,1,,かつらぎにや,167,
project.c.k.,1,,project.c.k.,167,
fujiwara_gacho,1,,さかさまクローバー,167,
iida_kento,1,,飯田研人,167,
nakamura_kusata,1,,仲村くさた,167,
pkpkpppk,1,,靑く,167,
suta_furachina,1,,スター不埒な＠まかそに,167,
yabby,1,,얍비,167,
yamai_(lsd),1,,山井,167,
shishanmo,1,,shishanmo,167,
chroneco,1,,chroneco,167,
yellow_nicky,1,,yellow_nicky,167,
yawaraka_black,1,,やわらかブラック,167,
kaita_(mokamilkcup),1,,カイタ,167,
shuu-0208,1,,猫村,167,
nine_(liuyuhao1992),1,,Nine-八雲玖,167,
suzushiro_yukari,1,,鈴々々,167,
masaki_(machisora),1,,後藤マサキの野望,167,
hometa,1,,ほめた,167,
shimana_(cs-ts-az),1,,嶋名,167,
oldlim,1,,鶇,167,
st.kuma,1,,ちっぷ,167,
kingchenxi,1,,King酱=v=,167,
tataki_tuna,1,,たたきツナ,167,
shirane_koitsu,1,,しらねこいつ,167,
emu_1316,1,,あふた〜える,167,
chris_re5,1,,chris_re5,167,
edogawa_roman,1,,江户川浪漫,167,
kiyo_(a_sam_ko),1,,kiyo_(a_sam_ko),167,
shu_kunkuokuozi,1,,嘘鲲蛞蛞子,167,
ashino_moto,1,,芦野もと,167,
hayashi_(l8poushou),1,,はやし,167,
aida_yuu,1,,相田,167,
hopepe,1,,ほぺぺ,167,
tokitsu_sousaku,1,,tokitsu_sousaku,167,
shimoda_masaya,1,,下田将也,167,
satetsu,1,,サテツ,167,
turnip_eh,1,,ターニップ,167,
doroidsan,1,,doroidsan,167,
watashiya_kaworu,1,,私屋カヲル,166,
ss_un17,1,,ss_un17,166,
sano_br,1,,sano_br,166,
1977_oj3,1,,1977_oj3,166,
moredetale,1,,漏出テル,166,
sakurami_sumi,1,,桜見ルルコ,166,
daidai_(daidai826),1,,大々,166,
sekisei_(superego51),1,,セキセイインコ,166,
rbx_lamen,1,,rbx_lamen,166,
lch,1,,吉良,166,
nakashima_(pluscolor),1,,なかしま,166,
perapera_(poruporu),1,,perapera_(poruporu),166,
sifyro,1,,sifyro,166,
maru.selinn,1,,maru.selinn,166,
nozz177,1,,nozz177,166,
wheloo3rd,1,,wheloo3rd,166,
shhilee,1,,shhilee,166,
inoguchi_minto,1,,猪口民斗,166,
kurikabacha,1,,栗,166,
okyao,1,,okyao,166,
reagan_long,1,,reagan_long,166,
toromi_(toromix2),1,,toromi_(toromix2),166,
lucifina_006,1,,lucifina_006,166,
terra_bose,1,,terra_bose,166,
midori_(310ri_21),1,,みどり,166,
toma_(asagayatei),1,,toma（トマ,166,
kujira_jio,1,,くじらジオ,166,
kamatama,1,,kamatama,166,
fujimi_nanna,1,,fujimi_nanna,166,
teisei_misagi,1,,帝政ミサギ,166,
reijing_etrn,1,,れい,166,
chris4708,1,,栗栖ゆん,166,
rudeus_(steban_sharnak),1,,rudeus_(steban_sharnak),166,
hiyada_yuu,1,,やーだよ,166,
cancer_(zjcconan),1,,cancer_(zjcconan),166,
shiao,1,,shiao,166,
kemomin_nosuke,1,,けもみん之助,166,
niyororinpayamaru,1,,にょろりんぱや丸,166,
amanagi_seiji,1,,天凪青磁,166,
kanro_ame_(ameko),1,,あめこ,166,
chirang,1,,ちらん,166,
yuutopia,1,,ユートピア,166,
polyhedron2,1,,ぽりへどろん,166,
snoozaga,1,,snoozaga,166,
ikuta_semi,1,,いくたせみ,166,
kennycomix,1,,kennycomix,166,
tsukimi_(xiaohuasan),1,,ツキミ,166,
mochizuki_nozomu,1,,望月望,166,
uzuki_aki,1,,うづき,166,
yaoto,1,,弥音,166,
aoi_tabane,1,,セレン・ヘイズ,166,
heiwa_(murasiho),1,,へいわ,166,
akitaka_akita,1,,あきたかあきた,166,
tenk,1,,tenk,166,
ishimochi_(daleka333),1,,いしもち,166,
mush820823,1,,mush820823,166,
shiro_maru,1,,白丸,166,
shuffle_(songdatiankong),1,,shuffle_(songdatiankong),166,
fumichika_mori,1,,森ふみちか,166,
tetori_(tetolisto),1,,てとり,166,
uninori,1,,uninori,166,
chadolbaegi,1,,たなか,166,
kimino_tomonari,1,,君野朋成,166,
mks,1,,mks,166,
nokaa_aru,1,,nokaa_aru,166,
nyatrix,1,,にゃ,166,
donuttypd,1,,ピーディー,166,
nyamaso,1,,なまそ,166,
yuuya_(blue_scarab),1,,むっつりスケベ,166,
kakuno,1,,フエノネ,166,
weed_(astarone),1,,잡초,166,
tsukamoto_kensuke,1,,ツカモトケンスケ,166,
hifumi_kei,1,,のあ,166,
kogame,1,,子亀,166,
marueri,1,,まるえり,166,
salt_(saltty),1,,salt_(saltty),166,
potekite,1,,ぽてきち,166,
kashima_miyako,1,,kashima_miyako,166,
paprika_shikiso,1,,パプリカ色素,166,
brandkojo,1,,こじょりん【小城徹也】,166,
uon_taraku,1,,羽音たらく,166,
tanakara,1,,タナカラ,166,
liang_cun_rakuna,1,,スプラクナ,166,
ogami_ren,1,,尾上,166,
ouka_(ra-raradan),1,,オウカ,166,
zigzagdb,1,,zigzagdb,166,
nishimi_shin,1,,西巳しん,166,
kayura_yuka,1,,かゆらゆか,166,
windart,1,,Windart Other name: 風藝,166,
oshinomiya,1,,押野,166,
lask,1,,lask,166,
tsa,1,,tsa,166,
arlonn,1,,アル,166,
unimon_e,1,,うにモン,166,
cottontail_(voice_actor),1,,cottontail_(voice_actor),166,
batatata77,1,,ばた,166,
suzuki_ritsu,1,,すずきりつ,166,
ishimari,1,,いしまり,166,
yayoi_(egoistic_realism),1,,夜宵,166,
yosuzu,1,,よすず,166,
magicians_(zhkahogigzkh),1,,MO大浪,166,
hiroshika,1,,スカイレール,166,
skylader,1,,すかいれーだー,166,
togetoge,1,,棘棘,165,
oroshi_mi,1,,oroshi_mi,165,
chijiandeyusang,1,,剣を持つ于桑,165,
hiro046k,1,,ヒロコ,165,
kopa_nishikida,1,,kopa_nishikida,165,
wanderstillart,1,,wanderstillart,165,
gyoku_seisyoku,1,,玉生殖,165,
kanafumi_(spindle),1,,カナフミ,165,
mackia,1,,mackia,165,
gutalalaman,1,,gutalalaman,165,
yumiyumo3o,1,,芋米米米,165,
wujack,1,,wujack,165,
tanjiu,1,,坛九,165,
omochi_noa,1,,のあ,165,
okashira_moppu,1,,okashira_moppu,165,
nyuunzi,1,,宇宙,165,
erotibot,1,,erotibot,165,
yablofap,1,,yablofap,165,
gemi_ningen,1,,개미인간,165,
kaauchi,1,,おたのえにっき,165,
naaga_sonomono,1,,なーが,165,
itogari,1,,ゐ透,165,
mosuroshyu,1,,もすろしゅ,165,
tsubaki09,1,,くそざこLO作家,165,
itsk_ne,1,,五日寝,165,
artsy-theo,1,,artsy-theo,165,
puchimosu_(mosu1427),1,,Re:ぷちもす,165,
monamin,1,,토마토,165,
band_(skymole01),1,,band_(skymole01),165,
yui.h,1,,由衣.h,165,
tbocart,1,,tbocart,165,
wusagi2,1,,兎丸,165,
aticsanir,1,,aticsanir,165,
celyn404,1,,眠い男,165,
meisansan,1,,叁叁暴吃香菜,165,
mani_oniniku,1,,おににく,165,
sakuramochi1003,1,,さくらもち,165,
kanae_(inorin05kanae),1,,かなえ,165,
houdukixx,1,,ホウヅキさん,165,
enoki_p,1,,エノキ,165,
heco_(mama),1,,heco_(mama),165,
sp123,1,,sp123,165,
richou_(zerozero1101),1,,richou_(zerozero1101),165,
joou_heika_(precare_deum),1,,女王陛下,165,
azuma_minatsu,1,,あずま屋のレタス,165,
big_shine,1,,ビッグシャイン,165,
kon5283,1,,kon5283,165,
mipi_(u3u_00),1,,미피,165,
nishimura_(shinchinagachi),1,,にしむら,165,
hani_haya,1,,hani_haya,165,
wl6yugi8go1,1,,おぢぃ,165,
galois,1,,김도윤,165,
yoshida_kousuke,1,,吉田亘良,165,
kokekokko_coma,1,,こけこっこ☆こま,165,
jihua_tong,1,,我浪起来自己都怕,165,
wumumu,1,,夏目尾巴,165,
fugaku_(miko_no_miyatsuguchi),1,,ふがく,165,
maru_daizu_(aqua6233),1,,丸大豆,165,
haseneko,1,,長谷猫,165,
ichikawa_noa,1,,一河のあ,165,
okuragon,1,,つけもぬ,165,
hushabye,1,,hushabye,165,
black_beat,1,,アレグロ,165,
nimirom,1,,nimirom,165,
unagimaru,1,,鳗丸,165,
hinata_mutsuki,1,,ひなた睦月,165,
painpa,1,,パインパ,165,
cherrypin,1,,체리핀,165,
kurau_kii,1,,ぴょんた,165,
miyan_(oceanmaiden),1,,miyan_(oceanmaiden),165,
chunyan,1,,村雨唯,165,
ribi,1,,りび,165,
syerii,1,,シェリー,165,
yandr4hope,1,,yandr4hope,165,
kanna_hisashi,1,,かんな久,165,
koruta_(nekoimo),1,,こるた,165,
fuyuno_taka,1,,冬野たか,165,
j_yak47,1,,ロズ,165,
caleb_thomas,1,,caleb_thomas,165,
hanetu,1,,はねつ,165,
alfred_(artist),1,,あるふ,165,
kano_(wi3028),1,,カノ,165,
mari_audio,1,,あまやどり,165,
hinamori_(18ar0),1,,hinamori_(18ar0),165,
kkuem,1,,꾸엠,165,
musanix,1,,ムサニクス,165,
amagaeru_(amapippi052525),1,,あまがえる,165,
shira_yu_ki,1,,しらゆき,165,
serin199,1,,세린,165,
hata_kenjirou,1,,畑健二郎,165,
sawarabi_(sawarabi725),1,,早蕨,165,
shutou_mq,1,,首藤,165,
naohiro_ito,1,,伊藤尚尋,165,
halorane,1,,halorane,165,
hayanye,1,,はやにぇR,165,
tian_(my_dear),1,,息吹川,165,
nuko_0108,1,,きょーぼーぬこ,165,
kumamiya,1,,くまみや,165,
musashino_sekai,1,,ムサシノセカイ,165,
moxydraws,1,,moxydraws,165,
sansan_(dongfangzhong111),1,,叁伞,165,
amagasa_higasa,1,,雨傘日傘,165,
tabe_koji,1,,たべ・こーじ,165,
uun_(uundayo),1,,uun_(uundayo),165,
okiura,1,,okiura The other name: ノシ,165,
tooru_(jux),1,,ma嶋,164,
tonton_utaro,1,,トントン兎太郎,164,
chikuzen1996,1,,白玉筑前,164,
loveloveknight,1,,ぴ,164,
ma-2_(konkon_kitakitsune),1,,シンク,164,
sugajyun,1,,sugajyun,164,
sawa_d,1,,sawa_d,164,
viclim-monou,1,,viclim-陌琉,164,
ocha_(ochappie),1,,お茶,164,
hazime,1,,はじさん,164,
hamiro,1,,hamiro,164,
hamachikichiki,1,,はまちき,164,
magaeshi,1,,courage/かれじ,164,
furauji,1,,フラウジ,164,
taedu,1,,太斗,164,
negimapurinn,1,,ねぎまぷりん,164,
temu,1,,テム,164,
senjou_no_pentsu,1,,戦場のぺんつ,164,
gentiano815,1,,枯葉,164,
tazrn1,1,,tazrn1,164,
noodlenood,1,,noodlenood,164,
eigaka,1,,eigaka,164,
4uu_(radicalmp_head),1,,4uu_(radicalmp_head),164,
martinreaction,1,,martinreaction,164,
shirasumato,1,,しらすまと,164,
takeda_yuuko,1,,たけだ,164,
atori,1,,あとり,164,
nagainosfw,1,,nagainosfw,164,
sakichka,1,,sakichka,164,
overlord_jc,1,,overlord_jc,164,
kurofude_anna,1,,b・b・station,164,
hentaly,1,,hentaly,164,
mizzterbii,1,,エズラ,164,
xlii_idk,1,,里鸦lia,164,
remedy_matome,1,,remedy_matome,164,
hirooka_masaki,1,,廣岡政樹,164,
jenshenya,1,,jenshenya,164,
shuiyemusan,1,,好吃我都吃一口,164,
yodoro_kagyu,1,,こぶうし,164,
lino_chang,1,,Lino琳諾,164,
kaniitama,1,,かにたま,164,
matsuzaki_miyuki,1,,茉崎,164,
donuqx,1,,donuqx,164,
kamaboko_senshi,1,,カマボコ戦士,164,
hiyayo25,1,,ひや,164,
ekaapetto,1,,エカー,164,
mike_luckas,1,,mike_luckas,164,
tomyoo,1,,とみお,164,
172cm,1,,172cm,164,
yamiya_(8_18dlq),1,,やみや,164,
bara_(03_bara_),1,,バラ,164,
nortuet,1,,nortuet,164,
pillosopi,1,,pillosopi,164,
hichiko,1,,ひちこ,164,
kayjae,1,,kayjae,164,
moritan,1,,もりたん,164,
nishiki_yuno,1,,にしきゆの,164,
pgm300,1,,pgm300,164,
yunar,1,,ユウナラ,164,
mirae_somang,1,,mirae_somang,164,
sasahiro,1,,笹弘,164,
akino_shin,1,,あきのしん,164,
7zu7,1,,ナズナ,164,
crystal_shoujo,1,,クリスタル少女,164,
mizuki_ryuu,1,,翠月琉,164,
loundraw,1,,loundraw,164,
esuyuki,1,,esuyuki,164,
goma_satoshi,1,,ごまさとし,164,
walhee221,1,,월희,164,
mokoke,1,,もこけ,164,
acrylicstroke,1,,acrylicstroke,164,
mongguri,1,,몽구리,164,
jiyuuyuu,1,,じゆうゆう,164,
saitou_kouki,1,,斉藤コーキ,164,
babu,1,,babu,164,
58_(opal_00_58),1,,58_(opal_00_58),164,
hana_(mew),1,,花,164,
pinb,1,,pinb,164,
wedge_(tyrl_stride),1,,無機物ウェッジ,164,
mato_(mozu_hayanie),1,,まと,164,
pudelmudel,1,,pudelmudel,164,
naba_(take_tonbo),1,,菜葉,164,
toscana20460423,1,,木,164,
harakune_(mugennero),1,,ハラクネ,164,
jo_jun,1,,jo_jun,164,
tareko,1,,たれこ,164,
mario_(mario_portal),1,,まりお,164,
chris_(mario),1,,くりす,164,
sebas_murasaki,1,,sv(紫,164,
kajiyama_hiroshi,1,,梶山浩,164,
shao_(shaorouhong),1,,木材搬运车,164,
horny_graphite,1,,horny_graphite,163,
haysey,1,,haysey,163,
1641_(chfhrtor94),1,,1641_(chfhrtor94),163,
kukuruyo,1,,kukuruyo,163,
jago_dibuja,1,,jago_dibuja,163,
462vvv,1,,よろず,163,
daiji_pt,1,,だいじ,163,
touchika,1,,とうちか,163,
yoshinao_(yoshinao_0203),1,,よしなお,163,
hachiroku_(hatirokusann86),1,,はちろく,163,
ushaku,1,,うしゃく,163,
mokujin_hornywood,1,,mokujin_hornywood,163,
amamiya_(ammymma),1,,アマミヤ,163,
qkracho_(thesdroz),1,,くからちょ,163,
nassss,1,,nassss,163,
gyou_chin,1,,gyou_chin,163,
105zz,1,,105zz,163,
gasubanana,1,,がすばーなー,163,
tyouya,1,,蝶夜,163,
daenarys,1,,ダエ,163,
kudou_makoto,1,,まこと,163,
yu_pian,1,,魚片—yoin,163,
maruneko,1,,まるねこ,163,
lazy_ant,1,,겖갬,163,
soosaresu,1,,ソーサレス,163,
haishiba_ame,1,,白柴飴(しろしばあめ,163,
minster_(dooke),1,,大臣,163,
zhongerweiyuan,1,,中二委员,163,
boko_(maniacpurple),1,,ああああ,163,
shirouzu_myuuta,1,,白水ミュウタ,163,
hoshikuzu_kizuna_(kizuna_stardust),1,,hoshikuzu_kizuna_(kizuna_stardust),163,
rodrigo_yoshimiya,1,,rodrigo_yoshimiya,163,
nagare_(flow),1,,ながれ,163,
myuga66666,1,,myuga66666,163,
rade_(rade_552),1,,らで,163,
cheonyeon-hi,1,,cheonyeon-hi,163,
nafta,1,,なふたん,163,
karasu_raven,1,,カラスちゃん,163,
zakozako_y,1,,ザコザコy,163,
anchors_(mono_eye_os),1,,名無しのマンティス,163,
drops_mint,1,,さくまdrops,163,
nekokun,1,,ねこくん,163,
kigidere,1,,kigidere,163,
cobalta,1,,コバルタ,163,
ochiai_miyabi,1,,まなび家,163,
jumbowhopper,1,,jumbowhopper,163,
arikalovesyou2,1,,アリカ,163,
mono_lith,1,,mono_lith,163,
shinonome_izumi,1,,東雲いずみ,163,
maitei_roppa,1,,みみこ,163,
dana_(hapong07),1,,dana_(hapong07),163,
kawaraya_a-ta,1,,瓦屋A太,163,
nayoshi_(r-744),1,,なよし,163,
maou_(demonlord),1,,DV絵師,163,
nakahara_(mu_tation),1,,中原,163,
mazarimon,1,,まじる,163,
oku_(okumen),1,,オク,163,
blackrabbitsoul,1,,Heytwo二黑,163,
chungu,1,,ボング,163,
shinonome_nashi,1,,東雲なし,163,
asawa_(dm_owr),1,,ア②,163,
monowe,1,,モノヱ,163,
ebi_pri_shrimp,1,,ebi_pri_shrimp,163,
kinakomoti,1,,もち,163,
ar_(maeus),1,,ar_(maeus),163,
khn_(kihana),1,,キハナ,163,
zhainan_s-jun,1,,宅男s君,163,
tamanoi_peromekuri,1,,玉乃井ぺろめくり,163,
teoshiguruma,1,,宇場義行,163,
musashiya_chougenbou,1,,武蔵屋,163,
hirota_(masasiv3),1,,廣田,163,
chelle_ingham,1,,chelle_ingham,163,
pon_(shind_997),1,,ポン,163,
miz_blank,1,,miz_blank,163,
kuromari_(runia),1,,くろまり,163,
tawapo,1,,鱈＠お仕事募集中,163,
tsubsa_syaoin,1,,Yurie-不在,163,
murano101,1,,むらの,163,
hyou_(hyouga617),1,,遠藤ヒョウガ,163,
osobachan,1,,おソバ,163,
naka_akira,1,,中彬,163,
hajime_(caramel_toone),1,,創,163,
gin_fragrans,1,,銀木犀,163,
tsuyuki_yuki,1,,つゆき,163,
inkey,1,,いんきー,163,
q-gaku,1,,たまらんち,163,
ame_usako,1,,飴,163,
oweee,1,,オッweee~^,163,
yukke,1,,ゆっけ。,163,
yoo_(tabi_no_shiori),1,,よー,163,
nana_mikoto,1,,菜々,163,
kuro-ekaki,1,,クロ,163,
geike,1,,莉々,163,
chirigami-san,1,,ちり紙さん,163,
yukizen,1,,幸善,163,
k_jin,1,,k金,163,
shangurira,1,,ぐらたん,163,
kido_(choushouya),1,,木戸,163,
kurono_nekomaru,1,,黒野猫丸,163,
nagi_mkrnpn,1,,なぎ,162,
hitsuki_(ruon),1,,ひつき,162,
hanozuku,1,,クズノハ,162,
pertex_777,1,,平田,162,
nisshisshi,1,,にっしっし,162,
kakuzatou_(cubesugar03196),1,,核座头,162,
ramuneruko,1,,らむねるこ,162,
tatsuya_(s6pillars),1,,立つ屋,162,
azuki_(azuki_azukki),1,,アズキ,162,
zetsu_red,1,,ゼツレッド,162,
e11e,1,,e11e,162,
m0_mo_momo,1,,모,162,
average-hanzo,1,,average-hanzo,162,
auhuheben17,1,,あうふふ,162,
nanaran,1,,なならん,162,
hecha_(01964237),1,,和茶,162,
uchikata_takeaki,1,,撃方武陽(ウチカタタケアキ,162,
riou_(pooh920),1,,梨央,162,
vergil_mon,1,,vergil_mon,162,
arisaka_yoshino,1,,有坂禎乃,162,
ruru_(gi_xxy),1,,ruru_(gi_xxy),162,
hirase_yuu,1,,平瀬ゆう,162,
denjyou23,1,,denjyou23,162,
dulldull,1,,dulldull,162,
arme_(cgsy7484),1,,arme_(cgsy7484),162,
mgk968,1,,エムジーケークロハチ,162,
saaki_(sa-ki),1,,さーき,162,
mizuki_sei,1,,水城聖,162,
gum_(vivid_garden),1,,ガム,162,
sugaishi,1,,すがいし,162,
mato_spectoru,1,,mato_spectoru,162,
shino_(syllable),1,,シノ,162,
natori_(natorism),1,,natori_(natorism),162,
tonmoh,1,,豚もう,162,
mitsurugi_tsurugi,1,,御剱剣,162,
yazuki_gennojou,1,,弥月,162,
wolflong,1,,╰狼龍,162,
zenritsu,1,,全立,162,
welo,1,,welo,162,
rococomm123,1,,ろここ,162,
mikeco,1,,ワクワク,162,
sayoyonsayoyo,1,,さよよん,162,
shinovi,1,,ゴールデン,162,
monobe_tsukuri,1,,ものべ,162,
kiki_(koikuchikinako),1,,こいくちきなこ,162,
gaoling_gangqin,1,,高龄钢琴,162,
touyama_soboro,1,,かぷてぃーの*,162,
nu_(qjqmfqjqmf02),1,,ぬー,162,
warainaku,1,,わらいなく,162,
usergore,1,,usergore,162,
quatthro,1,,quatthro,162,
suzuka_(rekkyo),1,,鈴華,162,
yanglao_paopaoren,1,,Hey咻,162,
hatozuki_tsumiki,1,,鳩月つみき,162,
ozreiji,1,,おずれいじ,162,
lokman_lam,1,,lokman_lam,162,
xiexie_inu,1,,謝謝いぬ,162,
tanikake_yoku,1,,たにかけよく,162,
nomu_poncha,1,,あきかぜ梅,162,
puriketsu_corgy,1,,ぷりけつコーギー,162,
kuro_(zhurunbo1997),1,,kyウリエル,162,
deviidog0,1,,deviidog0,162,
itano_chiharu,1,,「冬将軍」,162,
facominn,1,,ふぁこみん,162,
kurotsuki_(luowei99),1,,黑月,162,
irohakaede,1,,イロハカエデ,162,
chichi_band,1,,おパンツ,162,
sleepwalk_zzz,1,,しうさいだー𓁹,162,
im_(badmasa),1,,春木智,162,
simon_stalenhag,1,,simon_stalenhag,162,
tks_(526tks),1,,界,162,
yoshikawa_hideaki,1,,吉川英朗,162,
yozakurayuyu,1,,夜桜ゆゆ,162,
koishi_chikasa,1,,小石ちかさ,162,
ramuda_(guilty931),1,,らむだ,162,
fanshu,1,,番薯,162,
ganbarai,1,,かんばらい,162,
raindrop746079,1,,raindrop746079,162,
shirubaa,1,,しるばー;:;,162,
jetbrick,1,,ジェットブリック,162,
angelchama,1,,angelchama,162,
aiu404l,1,,aiu404l,162,
shion_(mirudakemann),1,,しおん,162,
nezo,1,,nezo,162,
ikaheigen,1,,へいげん,162,
ion_(on01e),1,,伊翁,162,
gao_kawa,1,,gao_kawa,162,
foifoi_(marfoyfoyfoy),1,,フォイフォイ,162,
kunikuni_(kunihiro2005),1,,クニクニ,162,
nig_18,1,,いちは,162,
rewuyuu,1,,rewuyuu,162,
grimmie02,1,,grimmie02,162,
shiromoca,1,,しろもか,162,
yayako_(804907150),1,,百夜子,162,
disorder!,1,,disorder!［sub-account］,162,
natsuba002,1,,夏場,162,
tonbi_(enbitonbi),1,,とんび,162,
mizuno-go,1,,水野後,162,
onionmay,1,,たまねぎ伍月,162,
isobe47,1,,isobe47,162,
goma1021,1,,糸巻,162,
re_lucy,1,,レルシー,161,
hiro_yoshinaka,1,,宏,161,
derpixon,1,,derpixon,161,
auguste,1,,八伝,161,
mr_goblin,1,,Mr-Goblin鸽布林桑,161,
kaikei_kei,1,,花兄けい,161,
may_(illust_man_2020),1,,may_(illust_man_2020),161,
justrube,1,,justrube,161,
huasuan69416,1,,一氧化碳,161,
usagihop,1,,usagihop,161,
a_raku,1,,阿洛,161,
mystra77,1,,mystra77,161,
tenchi_mayo,1,,tenchi_mayo,161,
quinny_il,1,,quinny_il,161,
fusazakura,1,,総桜しわす,161,
710_ao,1,,なと,161,
pomuya,1,,pomuya,161,
adeshi_(adeshi0693119),1,,アデシ,161,
menbou_(menbow3v),1,,めんぼー,161,
mugimugigo,1,,むぎちゃ,161,
kida_kuro_mu,1,,きいだくろむ,161,
hiiragi_mikoto,1,,柊,161,
mist9801km,1,,ミスト,161,
maruse_nisanosuke,1,,丸瀬,161,
hage_tashuumi,1,,ハゲ田しゅうみ,161,
suzuri_(tennenseki),1,,石见砚,161,
kinsenka,1,,金盞花,161,
nakame77,1,,なかめ,161,
tafuto,1,,タフト,161,
yoshida_hajime,1,,吉田創,161,
ugeppa,1,,うげっぱ,161,
sabujiroko,1,,うらすけ,161,
d._(ddot2018),1,,D点-走不出瓶颈,161,
nogoodlife,1,,nogoodlife,161,
kmitty,1,,きみてぃ,161,
danaka,1,,danaka,161,
cheken,1,,チェけん,161,
athrun1120,1,,athrun1120,161,
reiha_(penetrate),1,,零覇,161,
zygocactus,1,,zygocactus,161,
super_nagoyaka,1,,すーぱーなごやか,161,
saadiya74,1,,saadiya74,161,
chuckdaidai,1,,一条初代,161,
dabadhi,1,,ダバデぃ,161,
tamakaga,1,,たまかが,161,
niwata0,1,,にわ田,161,
steam_erobou,1,,ヒュースケン,161,
mallizmora,1,,么敖毛,161,
lemonade_kokoi,1,,lemonade_kokoi,161,
evolvingmonkey,1,,日々進化するモンキー,161,
haku_geroda,1,,はくちゅう,161,
fujisaka_kimihiko,1,,藤坂公彦,161,
sakura_1110ssmm,1,,櫻アイ,161,
xiaoshou_xiansheng,1,,小手先生,161,
yuichi_ishikawa,1,,カラフー,161,
sutochan,1,,すと,161,
dragoner,1,,ドラグナー,161,
ebi_(eeotoko),1,,えび,161,
nagoooon_114,1,,nagoooon_114,161,
azumaya_hironaru,1,,あずまや,161,
kanaria_(fuusenkazura),1,,フウセンカズラ,161,
michihito,1,,みちひと,161,
naop_(anything),1,,なおぴー,161,
miyoshi_(triple_luck),1,,みよし,161,
makadamixa,1,,まかだみぁ,161,
ichijou_(kr_neru0),1,,ふとんフレンズ,161,
ereraero,1,,ereraero,161,
jingulbi,1,,bell/벨,161,
marco_albiero,1,,marco_albiero,161,
twice12314,1,,少女人,161,
skyrain315,1,,라일락&헤일로,161,
laoan,1,,三千,161,
onionworkshop,1,,洋蔥本舖,161,
nymph_rhythm,1,,nymph_rhythm,161,
kosuke_haruhito,1,,虎助遥人,161,
abunaideka,1,,桜ゆきの,161,
nb_(pixiv594732),1,,nb_(pixiv594732),161,
jujunaught,1,,jujunaught,161,
shinomiya_shino_(sinosino141),1,,四ノ宮しの,161,
fuyuki_(neigedhiver),1,,冬ゆき,161,
kinoshita_neko,1,,木下猫,161,
maco_spl,1,,おやすみ．,161,
kairi_(miry666),1,,魁李,161,
kamatpit,1,,kamatpit,161,
inumoto,1,,柊)つかさrecords,161,
somei_ooo,1,,染井,161,
kantori,1,,かんとり,161,
kuroda_(nanchara_flight),1,,黒田,161,
eichi_(yashokuya),1,,エイチ,161,
haruyukiko,1,,はるゆきこ,161,
monoto,1,,ものと,161,
gekkou_(geccomajin),1,,月光,161,
shino_(shinokani),1,,シノ,161,
sooru0720,1,,もなつ,161,
yuki_touko,1,,ユキトウコ,161,
oumi_neneha,1,,淡海,161,
hibika,1,,hibika,161,
wushier,1,,五十两,161,
kiunchiku,1,,龙骨大炮,161,
ran_system,1,,ran_system,161,
elpipe_3000,1,,elpipe_3000,161,
mirta,1,,mirta,161,
pipidan,1,,仙女V-V,161,
kannazuki_genshi,1,,ろ～たり～engine,161,
unbalance,1,,あんばらんす,161,
manekineko5319,1,,ゆーき,161,
kumasan_(kumazonjp),1,,熊三,161,
usuki_(usukine1go),1,,薄稀,161,
arata_(xin),1,,アラタ,161,
ryou_sakai,1,,ryou_sakai,161,
sakurasaka,1,,櫻坂,161,
haikawa_hemlen,1,,灰川ヘムレン,161,
deitaku,1,,でいたく,161,
kurun_(kurun777),1,,くるん,161,
hanakonenne,1,,ねんね,161,
mito_(fate),1,,ミト,161,
ikamagu,1,,いかまぐ,161,
hamafugu,1,,はまふぐ,161,
roroichi,1,,roroichi,161,
nay_bb,1,,nay_bb,161,
haimei1980,1,,海妹,161,
oshizu,1,,おしず,161,
kt._(kaisou-notagui),1,,kt._(kaisou-notagui),160,
bibita_(zee_s),1,,bibita_(zee_s),160,
kechon-san,1,,ケチョンさん,160,
machulanko,1,,machulanko,160,
mini2chainz,1,,mini2chainz,160,
kokeshi_(yoi_no_myoujou),1,,鱗士,160,
utuigawa,1,,フィン,160,
atodashi,1,,あとだし,160,
shinebell,1,,shinebell,160,
nicayuko,1,,文川-Agnes,160,
ekazawa_sdvx,1,,えかざわ,160,
coco7,1,,七つ,160,
bo_(bouillustration),1,,*Bou（ばう,160,
kokodari,1,,ここだり,160,
kiliko-san,1,,人間ネム,160,
nos_(nos_tsn),1,,nos_(nos_tsn),160,
mearian,1,,うめか,160,
norixio,1,,Norixio(ノリシオ,160,
hachiware_(8ware63),1,,ハチワレ,160,
ishiusu,1,,石臼,160,
kimako_(kimako_8),1,,きまこ,160,
takarai_shunsuke,1,,宝丼,160,
marie_(pixiv59672544),1,,マリィ,160,
softshiki_oni,1,,softshiki_oni,160,
hegata_(hegatia_lapis),1,,へがた,160,
dantonphanton,1,,dantonphanton,160,
mangmoongming,1,,mangmoongming,160,
kinosuke_(pattaba),1,,きのすけ,160,
lexaiduer,1,,lexaiduer,160,
mappe_(778exceed),1,,マッペ,160,
morotade_kudou,1,,もろたで工藤,160,
tenbin_gashira,1,,鯵,160,
eko._(yzcheneko),1,,絵虎,160,
ddungddang,1,,太っちょ,160,
naoto_(yandereheaven),1,,naoto_(yandereheaven),160,
patrick_ganas,1,,patrick_ganas,160,
kerorokjy,1,,ねこえん,160,
yamiiv,1,,yamiiv,160,
simamura_hibari,1,,しまむら,160,
mittsu,1,,mittsu,160,
maisuiren,1,,屑宝王,160,
youngjoo_kjy,1,,ぷううん,160,
itsuki_tasuku,1,,いつきたすく,160,
blsh_(blshwrks),1,,blsh_(blshwrks),160,
idass_(idass16),1,,乌茶茶茶茶,160,
jfzm001,1,,jfzm001,160,
funii,1,,フ二ィ,160,
matty_(matsutomo),1,,マッティー,160,
hiro_(fluffy_palette),1,,博,160,
iv_4t,1,,iv_4t,160,
yamaguchi_satoshi,1,,山口智,160,
kariya_(mizore),1,,kariya_(mizore),160,
amakara_surume,1,,あまからするめ,160,
hanemikakko,1,,ハネミカッコ,160,
shisshou_senkoku,1,,失笑宣告,160,
kirisaki_shuusei,1,,きりさき,160,
tsubaki_tsubaru,1,,つばる,160,
shouma_(bravespiritya),1,,ショウマ,160,
jo_tuesday19,1,,ジョウ,160,
awaya_yawako,1,,粟屋やわ子,160,
gorgonzola_(paradisegom),1,,ごるごん,160,
murio,1,,きぶん屋,160,
luoman19921,1,,奇异熊吉,160,
yuuki1103,1,,yuuki1103,160,
ferdy's_lab,1,,ferdy's_lab,160,
tochi_keisuke,1,,トーチケイスケ,160,
kumio,1,,养龙的MIO,160,
rend,1,,rend,160,
shutowl,1,,shutowl,160,
akasaka_(qv92612),1,,赤坂,160,
kohakugin,1,,kohakugin,160,
tianel_ent,1,,티엔,160,
juejue_174,1,,juejue_174,160,
sawa_(snack_yoshie),1,,さわ,160,
peroncho,1,,ぺろんちょ,160,
nga_(ray_ray),1,,NGA是创世的爸爸,160,
akai_kitsune,1,,紅衣きつね,160,
rami_rz,1,,rami_rz,160,
a.hebmuller,1,,ヘブミューラー,160,
ryou_(shirotsumesou),1,,涼,160,
feel_(nasitaki),1,,ふぃーる,160,
minagiku,1,,みなぎく,160,
sin_(sin52y),1,,sin_(sin52y),160,
shouma_keito,1,,ショウマ,160,
azomo,1,,妄想咽绝,160,
tougarashi_hideyu,1,,ひでゆ,160,
aotori,1,,蒼鳥,160,
kokonoka,1,,ここのか,160,
wancho,1,,わんちょ,160,
gouda_nagi,1,,剛田ナギ,160,
angela_he,1,,angela_he,160,
shen_hai_ichigo,1,,深海ichigo,160,
atawatsho,1,,atawatsho,160,
jumpoon,1,,jumpoon,160,
yutsuka_(amyucca),1,,ゆつか,160,
shinonon_(iso_shino),1,,しののんのえろろん,159,
kisou_(kisou00),1,,kisou_(kisou00),159,
765_nanami,1,,765_nanami,159,
semi_draws,1,,semi_draws,159,
mofumanju,1,,mofumanju,159,
tokai,1,,JKとかい,159,
iruka3,1,,いるか,159,
kibii_mocha,1,,きびぃもか,159,
mochiko_tsuru,1,,もちこ,159,
greekceltic,1,,greekceltic,159,
henjiwumei,1,,恨己无妹,159,
sarkazsc,1,,萨卡兹百夫长,159,
potettoe,1,,potettoe,159,
kanpyou_(hghgkenfany),1,,かんぴょう,159,
petosu_(sunoco),1,,かんちゃふ,159,
mirui,1,,みるい,159,
tsukimura_noe,1,,おかゆ,159,
papiyon1297,1,,パピヨン,159,
hyulla,1,,血羅,159,
pinyata_(pinyaland),1,,ポポン太,159,
eri_(erikiri),1,,eri_(erikiri),159,
dokunasubi,1,,ほうぅう,159,
hollypolllyy,1,,hollypolllyy,159,
vehn,1,,vehn,159,
rindou_ringdong,1,,三峯みね,159,
toriko_(honmono),1,,デウス・エクス・ブッチッパ,159,
mischiefmiz,1,,mischiefmiz,159,
seveninks,1,,seveninks,159,
ken_sogen,1,,研そうげん,159,
roundschen,1,,roundschen,159,
moda_(mo_da_3),1,,moda_(mo_da_3),159,
m_(226mmy),1,,m_(226mmy),159,
miyai_(myai04),1,,みゃい,159,
llami_0,1,,llami_0,159,
ms._tsu,1,,つきこ,159,
mirea,1,,みれあ,159,
mnce_o,1,,mnce_o,159,
semikichi,1,,はにわどぐー,159,
seapall,1,,seapall,159,
nekoreito,1,,ねこれいと,159,
ishiki_nuru,1,,石槨ぬる,159,
myong8_0,1,,myong8_0,159,
woogi_(duguddnr),1,,ウギ,159,
monaka_(siromona),1,,最中,159,
zhenli-mari,1,,梨沙,159,
nel_dcm,1,,nel_dcm,159,
makihige,1,,まきひげ,159,
sas_(ls08b),1,,sas_(ls08b),159,
harui_(hr_x9_),1,,楠ハルイ,159,
frozen_spider_lily,1,,frozen_spider_lily,159,
chaamii,1,,チャーミー,159,
alt_0218,1,,alt_0218,159,
akke_(akke299),1,,akke_(akke299),159,
hoshina_meito,1,,星名めいと,159,
umiwashi,1,,うみわし,159,
rhan,1,,rhan,159,
hop3,1,,hop3,159,
baron_(x5qgeh),1,,バロン,159,
sharari,1,,しゃらり,159,
sushimi_(nijoujou),1,,すしみ,159,
izumi_rei,1,,依澄れい,159,
hyatsu,1,,hyatsu,159,
kishida-shiki,1,,きしだ式,159,
kesuida,1,,kesuida,159,
gotou_kenji,1,,千堂屋,159,
oruto_(ort+),1,,おると,159,
amatiz,1,,蚩尤,159,
sakurai_unan,1,,桜井,159,
maroonabyss,1,,maroonabyss,159,
kamui_natsuki,1,,かむい,159,
hinokumo_f,1,,ひのくも,159,
yatosaki_haru,1,,やとさきはる,159,
s-goon,1,,s-goon,159,
harukatron,1,,ハルカトロン,159,
shintani_tsushiya,1,,新谷つしや,159,
yamadori_yoshitomo,1,,ヤマドリヨシトモ,159,
pltnm_ghost,1,,pltnm_ghost,159,
rocha_(aloha_ro_cha),1,,露茶,159,
seireiart,1,,seireiart,159,
maitake_(kinokonabe_hinanjo),1,,まいたけ,159,
tatsubon,1,,tatsubon,159,
quro_(black_river),1,,quro_(black_river),159,
munyuu,1,,むにゅう,159,
8_(yamalu),1,,はちまるやまる,159,
migu_(iws2525),1,,みぐ,159,
neko_sensha,1,,ねこ戦車,159,
master_maichin,1,,master_maichin,159,
maruwa_tarou,1,,丸和太郎,159,
mirufuaa,1,,みるふぁー,159,
tsuka,1,,tsuka/ツカ,159,
cheromo159,1,,cheromo159,159,
b-tsukael,1,,b-tsukael,159,
yuki_maru_(yukimaru_1),1,,ゆき丸,159,
horikwawataru,1,,吉賀瀨,159,
kagura_mizuki,1,,かぐらみずき,159,
bashen_chenyue,1,,八神晨月,159,
hanazawa_ma,1,,はなざわ,159,
xezeno,1,,xezeno,159,
walfie,1,,walfie,159,
deatheach,1,,deatheach,159,
naltal,1,,なるせ②,159,
sonikey0_0,1,,sonikey0_0,159,
iqracha,1,,iqracha,159,
kuroame_(kurinohana),1,,くろあめ,159,
konoquro,1,,九肋,159,
octosoup,1,,국밥,159,
nekotewi,1,,ねこてゐ,159,
kaze_makase,1,,かぜま,159,
hinata_yuu_(atelierhinata),1,,ひなた悠,159,
tamiku_(shisyamo609),1,,たみく,159,
grune,1,,grune,159,
gokubuto_mayuge,1,,极太眉毛,159,
roku_(gansuns),1,,ロク,159,
ruki_(ruki6248ta),1,,琉希,158,
kobanzame_omo,1,,kobanzame_omo,158,
mikan03_26,1,,みかん,158,
mochimiya_(coyo),1,,餅みや,158,
tanutika,1,,きつね,158,
ichisaku,1,,一索,158,
hiiragi_syuu,1,,しゅう,158,
homunculus100,1,,homunculus100,158,
guutara,1,,ぐぅたら,158,
zhuozi_jun,1,,撸猫狂魔桌子君,158,
garbage_paper,1,,garbage_paper,158,
momochi_chia,1,,桃稚 ちあ,158,
zomzomzomsauce,1,,僵僵僵酱,158,
sankaku,1,,三角,158,
caio_santos,1,,caio_santos,158,
horo_27,1,,ほろろぉ,158,
mitsuro_illust,1,,mitsuro_illust,158,
mango_(mango0208),1,,mango_(mango0208),158,
subakeye,1,,subakeye,158,
roi_(liu_tian),1,,Ishiroroy（本物,158,
kumakou,1,,くまこう,158,
lunacats,1,,小野大貓,158,
tanaka_masayoshi,1,,田中将賀,158,
harukairo,1,,harukairo,158,
watti3600,1,,watti3600,158,
dohyo123123,1,,氷靴牛,158,
kishimoto_masashi,1,,kishimoto_masashi,158,
azuma_yasuo,1,,azuma_yasuo,158,
futomomomoe,1,,futomomomoe,158,
taro-k,1,,taro-k,158,
pikat,1,,pikat,158,
nezumidoshi,1,,ねづみどし,158,
hoshino_koucha,1,,星の紅茶,158,
akino_moku,1,,日野木,158,
inaba_reito,1,,稲葉れいと,158,
heikokuru1224,1,,クリス,158,
momoiro,1,,ぴんく,158,
kumi_(kumi86kumi),1,,kumi_(kumi86kumi),158,
dreamysuite,1,,dreamysuite,158,
zafuri_(yzrnegy),1,,ザフリ,158,
dee_(tannsumi),1,,びー,158,
te_toga,1,,てとが,158,
amane_soh,1,,雨音响,158,
kisaragi_shokuin,1,,キサラギ職員,158,
jo_an,1,,jo_an,158,
ryousuke_(tukr5384),1,,リョウスケ,158,
krin_(krinnin),1,,krin_(krinnin),158,
isaki_tanaka,1,,isaki_tanaka,158,
yuusa,1,,右左,158,
matsunaka_hiro,1,,松中祐,158,
0820_lakia,1,,라키아,158,
mosuko,1,,こまめきくこ,158,
tadokoro_teppei,1,,田所哲平,158,
chagamaka,1,,チャガマ科,158,
rice_(okome_no_naru_ki),1,,お米のなる木,158,
nihimaru,1,,にひまる,158,
mister_(black_and_white),1,,ミスター,158,
liar_lawyer,1,,liar_lawyer,158,
deliciousorange,1,,deliciousorange,158,
kisasage_kouta,1,,楸,158,
rorobomb,1,,로로봄,158,
anibache,1,,anibache,158,
cancell,1,,cancell,158,
cofepig,1,,カポ,158,
miho_(mi),1,,みほ,158,
yuki18r,1,,yuki18r,158,
garana,1,,ガラナ,158,
kinugasa_yuuichi,1,,キヌガサ雄一,158,
wakita_piyosuke,1,,わきぴー,158,
mmlyno,1,,オスティ,158,
sunagimo_(nagimo),1,,すなぎも,158,
oza_watto,1,,"""中村橋",158,
fujie-yz,1,,藤江せい,158,
danby_merong,1,,danby_merong,158,
hentaki,1,,hentaki,158,
kamishiro_ryuu,1,,神代竜,158,
mimasi_osuwari,1,,御座,158,
elina_kuroe_no_daarin,1,,elina◆クロエのダーリン,158,
nahu,1,,にゃふ,158,
batabiru,1,,ばた,158,
poncho_s,1,,ぽんちょ,158,
hanasaki_komugi,1,,花咲小麦,158,
kimagure_blue,1,,きまぐれblue,158,
hifumi_(3b_x),1,,hifumi_(3b_x),158,
anno_masato,1,,アンノウン,158,
kashiwa_(iersansi),1,,うまごや,158,
hariyama_(toubou_tengoku),1,,針山,158,
jiyu_(jiyusi),1,,jiyu_(jiyusi),158,
ozaneko,1,,oz猫,158,
kometsubu,1,,こめつぶ,158,
redundant-cat,1,,redundant-cat,158,
nekobatake,1,,ねこばたけ,158,
ryon_(ryonhei),1,,りょん,158,
saitou_kakkou,1,,斉藤カッコウ,158,
bowlp,1,,bowlp,158,
izumi_yuhina,1,,いずみゆひな,158,
onaji_(sokudo_seigen),1,,仝,158,
mini_koala,1,,ミニコアラ,158,
yao_(pixiv9482697),1,,YAO(遥,158,
koba,1,,こば,158,
unagi_sango,1,,鰻三号,158,
yuxian_youka,1,,一条余弦,158,
adochansukisuki,1,,Adoちゃん大好きおばさん,158,
hinasumire,1,,ひなすみれ,158,
morino_shoutarou,1,,いやらし型電柱,158,
gloss_(hotglossed),1,,gloss_(hotglossed),158,
kaneko_tsukasa,1,,カネコツカサ,158,
ruoganzhao,1,,若干爪,158,
oyasuminjyutsu,1,,oyasuminjyutsu,157,
mogurii,1,,いより,157,
menou_74,1,,不明な,157,
ahonoko,1,,ahonoko＠浮遊城,157,
fengqun,1,,风囷,157,
guagua977,1,,寡寡nn,157,
limelam06,1,,limelam06,157,
ehehe52921343,1,,나,157,
fumizuki_homura,1,,文月ほむら,157,
peragura,1,,ぺらぐら,157,
mitsu~,1,,mitsu~,157,
zzo0,1,,zzo0,157,
earosoligt,1,,ぞるそる,157,
seilindekos,1,,seilindekos,157,
ou_syoku7,1,,▲ぶろっ▼さめ▲,157,
kamachi_(kamati0maru),1,,かまち,157,
gunjima_souichirou,1,,軍島,157,
chorogon,1,,ちょろゴン,157,
m3_(gardevoir_m3),1,,m3_(gardevoir_m3),157,
thwillartz,1,,thwillartz,157,
liuskin,1,,liuskin,157,
chano39,1,,찬호,157,
gawawawa,1,,がわわわ,157,
medatarou,1,,めだ太郎,157,
rering,1,,れりん,157,
lkeris,1,,lkeris,157,
urata_asao,1,,うらた,157,
kamizakana_iriko,1,,紙魚いりこ,157,
kenja_panda,1,,賢者パンダ,157,
eiki_(eikityou_55),1,,えいき,157,
kuroimori,1,,黒イ森,157,
asc11,1,,乐园追放,157,
hanahanamaki,1,,花花卷,157,
haburashi,1,,ハブラシ,157,
shouz,1,,shouz,157,
elulit2,1,,elulit2,157,
artdroiiid_ii,1,,artdroiiid_ii,157,
shikyou_yoru,1,,瑞月よる,157,
kanon_(rsl),1,,花音,157,
masatoki,1,,真紗弥光一,157,
nopeys,1,,nopeys,157,
heripiro,1,,さぶ瀬金太郎,157,
mori_airi,1,,森あいり,157,
alexi_oekaki,1,,alexi＠修行中,157,
mitosansan,1,,みとさんのへさん,157,
seueo,1,,스어,157,
idashige_(walkietalkie),1,,いだしげ,157,
ribero,1,,djクララ,157,
kuma_no_bansoukou,1,,kuma_no_bansoukou,157,
kishi_takuya,1,,きし夛句弥,157,
keisuke309,1,,晴朗雁,157,
shiromiso,1,,白味噌,157,
meipu_hm,1,,ぷる,157,
suruga_dbh,1,,駿河鷸,157,
saeki_nao,1,,彩季なお,157,
katori_(quietude),1,,かとり,157,
muhi11234,1,,muhi11234,157,
hirokawa_kouichirou,1,,広川浩一郎,157,
byte_(grunty-hag1),1,,バイト,157,
yoyo_9ea,1,,yoyo_9ea,157,
duan_henglong,1,,チーズパン,157,
kagura_yuuki,1,,かぐらゆうき,157,
natsuki_shuri,1,,なつきしゅり,157,
chin_(motio7201),1,,chin_(motio7201),157,
hasegawa_shin'ya,1,,長谷川眞也,157,
kuromu_(underporno),1,,クロム,157,
thkani,1,,カニムスビ,157,
kimura_shigetaka,1,,木村樹崇,157,
inana_umi,1,,いなほ,157,
shiohachi,1,,塩八,157,
primary_stage,1,,たちばな,157,
a_jou,1,,a条q子,157,
faicha,1,,faicha,157,
zipang_(zip@ng_works),1,,じぱんぐ,157,
loli_bushi,1,,loli武士,157,
llowoll,1,,ドス,157,
daraz,1,,だらず,157,
ky.,1,,キャラメル野郎,157,
kadoi_aya,1,,门井亚矢,157,
hydrafxx,1,,hydrafxx,157,
motsuaki,1,,もつあき,157,
emma_(kumaema),1,,えま,157,
m-rs,1,,鈴木学,157,
maso_(ascii_art),1,,まそ,157,
amii,1,,網ii,157,
kinnan,1,,きんなん,157,
vvernerluniq,1,,vvernerluniq,157,
sunfight0201,1,,ひさ,157,
sanom,1,,鎖ノム,157,
nslacka,1,,nslacka,157,
karin_(100100),1,,かりん,157,
cradle_(circle),1,,cradle_(circle),157,
comeco,1,,こめ子,157,
shibakou,1,,shibakou,157,
yama_batake,1,,やまばたけ,157,
kobeya_(tonari_no_kobeya),1,,小部屋,157,
ame_usari,1,,うさり,156,
tdatnst,1,,ぽてと,156,
satsuki_(pixiv_742410),1,,朔月,156,
pekokota,1,,ぺこたろ,156,
touyu_(yuruyuruto),1,,トーユ,156,
aki_hoshino,1,,あきほしの,156,
poopy,1,,ぷーぴぃ,156,
nairisa,1,,nairisa,156,
mizumizu_(phoenix),1,,水々,156,
fuu_(koneko_no_yomeiri),1,,風,156,
nijimaarc,1,,nijimaarc,156,
oinari_(koheihei1109),1,,おいなり,156,
mamimu_(ma-mi-mu.me),1,,まあこ,156,
nekosaki,1,,に向思考,156,
misheng_liu_yin,1,,弥生六音,156,
sheyona,1,,しいよんあ,156,
rokoroko_65,1,,ろこ,156,
tan_carbonnn,1,,碳-たん,156,
kiteman442,1,,カイトマン,156,
fujisaki_subaru,1,,藤崎すばる,156,
m_mance,1,,まんす,156,
nao_(nao_eg),1,,なお,156,
bordfunker133,1,,bordfunker133,156,
h.an_(516635864),1,,十七云紫,156,
londom_(lonhomewell),1,,londom_(lonhomewell),156,
koaya,1,,小aya,156,
noir_(ibaraki),1,,Noir-木,156,
ogami,1,,ogami,156,
izanaware_game,1,,イザナワレ,156,
gupunetsu,1,,gupunetsu,156,
tellzeta,1,,テルzeta,156,
doctor_anfelo,1,,doctor_anfelo,156,
francisco_mon,1,,francisco_mon,156,
m_omoo,1,,焦每秒,156,
wow+,1,,白切鸡,156,
satsuki_misuzu,1,,皐月深铃,156,
chaciooh,1,,ほのき,156,
zonotaida,1,,ゾノタイダ,156,
marekamico,1,,まれ,156,
whispering_for_nothing,1,,whispering_for_nothing,156,
sixteenpo,1,,ろくいち,156,
blitz_predator,1,,blitz_predator,156,
rev60,1,,レヴェ.echann,156,
5tb,1,,てら子,156,
kumachi_(aikawaakeya),1,,玖町,156,
mikoshi_(user_wvyd4348),1,,みこし,156,
gootai,1,,一颗咕太,156,
tina_(pixiv37050289),1,,ティナ,156,
neon_0000,1,,정신나간놈,156,
kiirono,1,,喜いろの-kiirono,156,
mok4suke,1,,いち,156,
arepko,1,,arepko,156,
itou_ryuusei,1,,伊藤,156,
rr_(suisse200),1,,星河,156,
gingami_(giluziru),1,,银河味,156,
sangdingting,1,,桑町汀,156,
sakumichi,1,,さくみち,156,
iseshi,1,,和歌イセシ,156,
machico_maki,1,,街子,156,
enn_matien,1,,enn_matien,156,
danji_bang,1,,danji_bang,156,
befu,1,,べふ,156,
liwen520,1,,小菜姬,156,
stup-jam,1,,stup-jam,156,
tokiya,1,,アルマイーター,156,
cobe,1,,cobe,156,
vividnatadecoco,1,,vividnatadecoco,156,
mizuki_gyokuran,1,,瑞姬玉兰,156,
tatejima_uri,1,,たてじまうり,156,
hazakura_satsuki,1,,はざくらさつき,156,
shin_maboroshi,1,,深幻,156,
ng_(kimjae737),1,,ng_(kimjae737),156,
bluez,1,,bluez,156,
yasui_riosuke,1,,ヤスイリオスケ,156,
kyouna,1,,コロ助,156,
ookami_ryousuke,1,,おおかみ,156,
lrk,1,,lrk,156,
xero,1,,ぜろ,156,
maku-raku,1,,枕楽,156,
hatachi,1,,はたち,156,
kurofood,1,,くろふーど,156,
maho_(yakimorokoshi),1,,真秀,156,
maiq06,1,,むあいく,156,
pochiko_(poteko),1,,pochiko_(poteko),156,
mof,1,,せらに庵,156,
genso,1,,げんそ,156,
soumendaze,1,,みれい,156,
iseki_(kuroshura_no_tabiji),1,,いせき,156,
chakoru,1,,ちゃこ,156,
kotohatoko510,1,,言葉,156,
once_11h,1,,once_11h,156,
yucopi,1,,yucopi,156,
mirakichi,1,,やすみみらきち,156,
vyolfers,1,,vyolfers,156,
babigonice,1,,babigonice,156,
yakousei_no_kame,1,,やこうせいの亀,156,
may_(2747513627),1,,may_(2747513627),156,
rojiko,1,,路地子,156,
kibellin,1,,キルが,156,
novady,1,,novady,156,
mokkouyou_bond,1,,木工用ボンド,156,
kenzo_093,1,,ナコモ,156,
770mk,1,,770mk,156,
koubou_(cowbow_kun),1,,エ房,156,
kevcrexx,1,,kevcrexx,156,
hara_shoutarou,1,,原章太朗,156,
yoyomura,1,,夜々村,156,
machihazure,1,,都,156,
akino_subaru,1,,秋野昂,156,
shibata_masahiro,1,,柴田昌弘,156,
masayoshi_togashi_(alu379),1,,富坚正义,156,
oyasumirakko,1,,らっこ,156,
yamadori_ofuu,1,,山鳥おふう,156,
kouga_(mutsumi),1,,むつみ,156,
butakoma_300g,1,,あるミニウム,156,
tako_seijin,1,,タコ星人,156,
sha_(siasha0104),1,,しゃー,156,
mmmmmkun,1,,mmmmmkun,155,
noumu_(pixiv_46150012),1,,のうむ,155,
uma_motiyodor,1,,モチヨドリ,155,
aida_(aidia),1,,あいだ,155,
shinori_(efvbji6264),1,,しのり,155,
kiyo_(kyokyo1220),1,,kiyo_(kyokyo1220),155,
hitsujibane_shinobu,1,,羊羽 忍,155,
unarsite,1,,つきみづ式,155,
rasipan,1,,rasipan,155,
neko_gyoza,1,,ねこぎょーざ,155,
1brad,1,,빵어잉,155,
sagawa_haruka,1,,佐川,155,
tsunenorip,1,,つねのり,155,
oyatu_potage,1,,ぽたじゆ,155,
kira_ura_(kinkoku_warabeji),1,,kira_ura_(kinkoku_warabeji),155,
nobarts,1,,nobarts,155,
jimpu6,1,,jimpu6,155,
origami_gyokuo,1,,折紙ぎょくお,155,
cheekie,1,,cheekie,155,
karasu2020_8,1,,李虎,155,
aki_(yunkana),1,,あき,155,
kei_s01,1,,志月,155,
la-na,1,,la-na,155,
za1f0n,1,,za1f0n,155,
maka_(user_rryf2748),1,,maka_(user_rryf2748),155,
kosobin,1,,kosobin,155,
kawaguchi_youhei,1,,川口洋平,155,
hasunokaeru,1,,はすのかえる,155,
issign,1,,sign久,155,
kuro_hopper,1,,ホッパー,155,
miya_kazutomo,1,,三弥カズトモ,155,
tuzaixia,1,,兔仔侠,155,
nanamatsu_kenji,1,,七松建司,155,
fries_vanquisher,1,,fries_vanquisher,155,
fragir,1,,フラギル,155,
gardavwar,1,,gardavwar,155,
nik_ibi,1,,ます,155,
yuyuharu_1027,1,,yuyuharu_1027,155,
plutoray,1,,plutoray,155,
kouhara_yuyu,1,,幸原ゆゆ,155,
clynxen,1,,clynxen,155,
miko_(15476997),1,,みこ,155,
shishui_guima,1,,是水鬼吗,155,
bendedede,1,,bendedede,155,
daifuku_mame_(kageroudt33),1,,大福豆,155,
effy_neprin,1,,effy_neprin,155,
gg_dal,1,,다쟈,155,
shuragyoku_mami,1,,珠羅玉魔魅,155,
riz3,1,,riz3,155,
yuuka_seisen,1,,勇河,155,
sawtatsu,1,,そうたつ,155,
mint_nappa,1,,mint_nappa,155,
k3nnyn3v,1,,k3nnyn3v,155,
bifuteki_(bi_futeki),1,,びふてき,155,
wednesday_108,1,,百八,155,
kittona,1,,kittona,155,
kan_lee,1,,りーかん,155,
hitogome,1,,ジンベイ,155,
tikuwabu_33,1,,ちくわぶ,155,
jq3c273,1,,jq3c273,155,
tetsuwan_woopie,1,,布,155,
sharpffffff,1,,sharpffffff,155,
kuconoms,1,,kuconoms,155,
shizuki_aya,1,,しづきあや,155,
pinocchio-p,1,,ピノキオp,155,
urami0310,1,,恨み,155,
lococo:p,1,,lococo:p,155,
kashiwagi_yamine,1,,柏木ヤミネ,155,
umenodo,1,,umenodo,155,
umagenzin,1,,原人,155,
patipat_asavasena,1,,patipat_asavasena,155,
shoe-ji,1,,対馬習字,155,
lebring,1,,레브링,155,
cl_oor,1,,헬멧냥,155,
tia_(cocorosso),1,,てぃあ,155,
vani_(hisha_04),1,,vani_(hisha_04),155,
katoroku,1,,かとろく,155,
amakusa_(hidorozoa),1,,アマクサ,155,
cang_se_ye_hua,1,,苍色烨华,155,
ryudraw,1,,ryudraw,155,
kirisaki_akihito,1,,霧咲空人,155,
ponta_(velmar),1,,PoN太,155,
hazuki_kasane,1,,葉月,155,
mizuya_nao,1,,みずいろは,155,
kuri_dora,1,,栗どら,155,
miazuma_sarin,1,,みあずまさりん,155,
kabane_(rjev8385),1,,カバネ,155,
septet_(zrca_janne),1,,世鉉,155,
uchida_shou,1,,内田翔,155,
repi,1,,レピ,155,
kirikuchi_riku,1,,喪みつ,155,
herozu_(xxhrd),1,,へろづ,155,
yasohachi_ryou,1,,八十八,155,
harau,1,,払う,155,
tanemura_arina,1,,種村有菜,155,
dougan_calpis_con,1,,童顔カルピス・con,155,
urara_(sumairuclover),1,,うらーら,155,
sakofu,1,,さこふ,155,
suikakitsu_shiro,1,,西瓜吃黑白,155,
kawanabe,1,,わななべ,155,
suesan,1,,すえさん,155,
agus999,1,,agus999,155,
haura_akitoshi,1,,羽浦,155,
mikami_komata,1,,三上小又,155,
ijiro_suika,1,,居城スイカ,155,
io_takuya,1,,射尾卓弥,155,
moonywitcher,1,,moonywitcher,155,
hacko,1,,织翼之翎,155,
jing_hu,1,,みずうみ,155,
nisi_ki_no,1,,Kiiきい,154,
zero-go,1,,低浮上ぜろご,154,
snowmya,1,,snowmya,154,
dab_neko,1,,dab_neko,154,
bourbunbun,1,,bourbunbun,154,
erum_4066,1,,ネムさん,154,
oneirio,1,,oneirio,154,
nasol,1,,輪羅舌/Nasol,154,
toima_(beat0829),1,,トきん,154,
clover_(lapis_lazure),1,,もつ,154,
akatsuki_gomoku,1,,あかつきごもく,154,
m_m_pb,1,,m_m_pb,154,
rucarachi,1,,るか,154,
kopperion,1,,kopperion,154,
aida_noa,1,,愛田乃彩,154,
koyane_(silver81106),1,,児屋,154,
stayaliveplz,1,,stayaliveplz,154,
narusan_beam2,1,,ああもうそういうことになる,154,
dedorudy,1,,でどるでぃ,154,
botan_m,1,,牡丹M,154,
caffichai,1,,caffichai,154,
m0ti,1,,かがみもち,154,
kurapixel,1,,kurapixel,154,
nitaka_(fujikichi),1,,きっちん将軍,154,
syam_illust,1,,syam_illust,154,
tada_(tactical_tada),1,,TADA工廠,154,
physisyoon,1,,physisyoon(피시스윤,154,
6tnut9,1,,かじゅ,154,
aihara_(nagi),1,,あいはら,154,
shogo_(shogo70449442),1,,しょうご,154,
excella_(delltothu),1,,えくせら,154,
luyue,1,,luyue,154,
reluvy,1,,レルビィ,154,
kiwwwwwi,1,,kiwwwwwi,154,
rakugosha_(straggler_house),1,,自重戦士,154,
sora_(sky_s04),1,,ソラ,154,
furukawa_herzer,1,,ヘッツァー,154,
shiory,1,,shiory,154,
almic,1,,alみかん,154,
nanashi_maru,1,,ななし丸,154,
soubi,1,,そーび,154,
kazumi_yoshiyuki,1,,かずみ義幸,154,
sawa_jaaji,1,,沢ジャージ,154,
naginami,1,,凪波,154,
landolt_tamaki,1,,ランドルトたまき,154,
kazuchi,1,,カヅチ,154,
onaya_masakazu,1,,まさきち,154,
yoshiki360,1,,遠藤,154,
spageta,1,,spageta,154,
minase_shuu,1,,みなせ,154,
iiimirai,1,,iiimirai,154,
shirousagi_uyu,1,,白兎うゆ,154,
kumaartsu,1,,kumaartsu,154,
onimaru_gonpei,1,,鬼丸,154,
hokuyuu,1,,北熊,154,
chakuma_(yiyh1468),1,,chakuma_(yiyh1468),154,
gerotan,1,,げろたん,154,
gomio_(bb-k),1,,ゴミ男,154,
jianren,1,,人间喵喵,154,
ginmu,1,,吉姆姆,154,
chimney_(chimney0311),1,,チムニー,154,
enouchi_ai,1,,江ノ内愛,154,
alex_(alexandoria),1,,あれっくす,154,
blawn_z,1,,blawn_z,154,
shinnasuka025,1,,小黄-鸡叽叽叽叽叽叽,154,
octodeco,1,,octodeco,154,
yukibuster_z,1,,ユキバスターZ,154,
ushi_(newrein),1,,うし,154,
brodall_pixel,1,,ぶろだる,154,
miyukiko,1,,ミユキコ,154,
oxcoxa,1,,oxcoxa,154,
hage2013,1,,hage2013,154,
tatara_(alnath_may),1,,tatara_(alnath_may),154,
tenzeru,1,,tenzeru,154,
dragonmaterial,1,,グンジョウ,154,
dong_ji,1,,dong_ji,154,
muddy_mood,1,,muddy_mood,154,
hooreng,1,,후렝,154,
hikosan,1,,ひこさん,154,
m.a.o,1,,真尾,154,
fukkatsu_no_maya,1,,復活のまや,154,
meinoss,1,,围城的亚瑟,154,
nahanmin,1,,메루나,154,
ssn_(sasa8u9r),1,,ssn_(sasa8u9r),154,
gatling_santouhei,1,,がとりんぐ三等兵,154,
satou_yasu,1,,佐藤,154,
rio_(rio_067),1,,리오,154,
shichouson,1,,名宵,154,
kikuya_megane,1,,喜久屋めがね,154,
imaishi_hiroyuki,1,,今石洋之,154,
yuriyuri_(ccc),1,,yuriyuri_(ccc),154,
bnelsey,1,,bnelsey,154,
shiratakiseaice,1,,白滝SEAICE,154,
step_arts,1,,step_arts,154,
tonta_(tonta1231),1,,とんた,154,
akiha_(attract),1,,あきは,154,
semi_(p-poco),1,,蝉,154,
imasogari,1,,イマソ刈り,154,
cinu,1,,ちぬ,154,
sanmoto_gorouzaemon,1,,山本五郎左衞門,154,
uzyou_(momotk1109),1,,かんがるぅ〜,154,
kztk,1,,きづ,154,
shinki_(shinki59),1,,しんき,154,
lorddantesito,1,,lorddantesito,154,
ren_(renjiyu),1,,れん,154,
neco_meito,1,,ねこ鳴都,154,
deino_(deino3330),1,,前田幸太郎,154,
doubutsu_koujou,1,,たぬきマン,154,
vxdrq,1,,vxdrq,154,
someyaya,1,,そめやや,154,
vlfdus_0,1,,필연,154,
robusta_mania,1,,robusta_mania,154,
chris_sdd,1,,chris_sdd,154,
nisino2222,1,,nisino2222,154,
akabane_hibame,1,,あかばねひばめ,154,
yuuka_(a0240765),1,,yuuka_(a0240765),154,
zetsuei_(zetto),1,,絶永,154,
fuyoyo,1,,ゆぅ,154,
drill_bulbul,1,,どりるひよどり,154,
dsuzu,1,,dsuzu,154,
sthk,1,,sthk,153,
gattengou,1,,ガッテン号,153,
reiquant,1,,reiquant,153,
kis_sako,1,,キッサコ,153,
shinonome_(shinonome_rynn),1,,東雲,153,
kokechan,1,,苔ちゃん,153,
hatsburg,1,,hatsburg,153,
oshio_(baniniwana),1,,おしお,153,
culton,1,,culton,153,
xue_ezi,1,,雪蛾子,153,
scarfy_(scarfy_chang),1,,すかーふぃ,153,
pinkkoffin,1,,pinkkoffin,153,
kinatsu_k,1,,きなつ,153,
momomo12,1,,ちさ,153,
level-00,1,,level-00,153,
sobbi11,1,,sobbi11,153,
konabetate,1,,こなべたて,153,
helen_(helen2210hk),1,,helen_(helen2210hk),153,
utani_(punishment),1,,うたに,153,
edwin_huang,1,,edwin_huang,153,
motsuni_(lxxe1120),1,,おやき,153,
novenine,1,,novenine,153,
tsubame_tien,1,,tsubame_tien,153,
hanaberin,1,,▴はな▴,153,
umbra_(edits_umbra),1,,umbra_(edits_umbra),153,
poko_(mammypoko),1,,ぽこ,153,
michimaru_(michi),1,,道,153,
youhei_(testament),1,,アスランの魂,153,
ycyc,1,,ycyc,153,
blimax,1,,blimax,153,
nakagawa_waka,1,,中川わか,153,
doria_(p_f_dolia),1,,ドリア,153,
yoshiwo,1,,よしを,153,
susukinohukurou,1,,すすきのふくろう,153,
shinkaisoku,1,,新快速さん,153,
kauto,1,,kauto,153,
mago_(gengennikoniko),1,,mago_(gengennikoniko),153,
katase_minami,1,,カタセミナミ,153,
iuro,1,,ゆうろ,153,
buta_(uhoiiotoko),1,,buta_(uhoiiotoko),153,
eva_16-gouki,1,,eva_16-gouki,153,
mikomiko_(mikomikosu),1,,みこみこ,153,
mimori_(mimori_05),1,,ミモリ,153,
kanata_(kanade_pa),1,,奏奈多,153,
blanclauz,1,,blanclauz,153,
tewarusa,1,,てわるさ,153,
gmgt_(gggggg3),1,,ぐ,153,
inzup,1,,인접,153,
takara_joney,1,,たからジョニー,153,
logiclr,1,,logiclr,153,
amamine,1,,あまみね,153,
matsukawa_(pale_scarlet),1,,松河,153,
aru_ra_une,1,,アル・ラ・ウネ,153,
amagamido,1,,あまがみ堂,153,
shovelwell,1,,ショベル,153,
inui_sanagi,1,,乾紗凪,153,
tomoeri,1,,ともえり,153,
botantouki,1,,牡丹燈鬼,153,
shiroino_(shirayuki_mutsuki),1,,しらゆき,153,
shouhei,1,,しょーへー,153,
limeblock,1,,リメ,153,
13_(bbr584607091),1,,13_(bbr584607091),153,
fuu_fuu,1,,フーフー,153,
dx_(dekusu),1,,Gデラックス,153,
ceey,1,,梨也nroy,153,
uonuma_yuu,1,,うおぬまゆう,153,
suzuharu_toufu,1,,すずはる,153,
nama_shirasu,1,,生シラス,153,
l0e9s29p,1,,劳劳LL,153,
wangyq,1,,ケンギョウ,153,
seoji,1,,서지,153,
suhiyoru_isu,1,,すひよるいす,153,
ishida_sui,1,,そとなみ物置,153,
naitou_kirara,1,,内藤キララ,153,
kuri_choko,1,,栗チョコ,153,
chyraliss,1,,chyraliss,153,
p-nekoe,1,,p-nekoe,153,
katsura_harufumi,1,,桂ハルフミ,153,
miho_(mymiho),1,,미미미호,153,
hase_neet,1,,にぃと,153,
azuki_akizuki,1,,きづき,153,
latenight,1,,latenight,153,
hizikata398,1,,ヒジカタ,153,
mubo,1,,棉,153,
dokite_tsukasa,1,,ゆりけい,153,
23i2ko,1,,23i2ko,153,
amerika_neko,1,,米猫,153,
100387l,1,,とりさん,153,
nekoita,1,,ねこいた,153,
rammionn,1,,rammionn,153,
smart_oval,1,,smart_oval,153,
jenmin12,1,,jenmin12,153,
puto_trash,1,,puto_trash,153,
shiroi_yoru,1,,白い夜,153,
hanako_(078),1,,hanako_(078),153,
inplick,1,,inplick,153,
myuchiron,1,,myuchiron,153,
ishijimajirou,1,,イシジマ,153,
harurie,1,,コバシ,153,
12_graka,1,,キタ,153,
bell_orgel,1,,ベルオルゴール,153,
luli_(crocowolf333),1,,飞鱼DllK,153,
vuxer,1,,vuxer,153,
niizuka_(c-drop),1,,くもり時々くもり,153,
higeepon,1,,ひ~げぇぽん,153,
kakaon,1,,おかか,153,
puranetto_(vjun4748),1,,ぷらねっと,153,
ooike_teru,1,,大池照,153,
nuguri444,1,,nuguri444,153,
y_(khakiyawn),1,,y_(khakiyawn),153,
0roshioji3ran,1,,0roshioji3ran,153,
rii_abrego,1,,rii_abrego,153,
yo-co,1,,陽子,153,
dakappa,1,,駄カッパ,153,
thomas_(aoakumasan),1,,藤ます,153,
jiao_mao,1,,鲛猫,153,
segawa_luna,1,,るな,153,
hunterkay,1,,魔術魚KAY,153,
yomyompi,1,,메관메직,152,
l4wless,1,,l4wless,152,
philosophia,1,,Philo昵称已存在,152,
dtcy,1,,希外,152,
cherry_oux,1,,체리,152,
bootybear,1,,bootybear,152,
hanamaru_tsubaki,1,,花丸椿,152,
kakenari,1,,kakenari,152,
tntl_nemui,1,,たんたる,152,
ohguro_mariya,1,,大黒鞠也,152,
yasuihiruya,1,,yasuihiruya,152,
lilin_(pixiv_25958194),1,,飞翔的果狸,152,
alone_belm,1,,ベルム,152,
apopo,1,,apopo,152,
tomo0843,1,,tomo0843,152,
kio_is_here,1,,kio_is_here,152,
hwan_(verypoor),1,,환,152,
sunfish3939,1,,sunfish3939,152,
shinoo0915,1,,しの,152,
minakami_rinka,1,,水上凛香,152,
ibuki_(ibuki0118),1,,いぶき,152,
sacha,1,,さちゃ,152,
kana_(user_rkuc4823),1,,カナ,152,
iga_tamaki,1,,伊賀たまき,152,
saburou_03,1,,三郎,152,
adachi_yousuke,1,,あだち,152,
puripuri_jet,1,,プリプリJET,152,
hinainf,1,,未来みるく,152,
hongcasso,1,,hongcasso,152,
akane_(akane112234),1,,茜,152,
1388chan,1,,みら,152,
jsscj,1,,jsscj,152,
nao_(naaa_195),1,,なお,152,
hattori_masahiko,1,,しろいうま,152,
kisaragi_ichigo,1,,きさらぎ,152,
lart_art1,1,,lart_art1,152,
kurarome,1,,くらろめ,152,
yataba,1,,こやし,152,
heiyizhushenxia,1,,淼雨花香,152,
lrrer,1,,lrrer,152,
takatun223,1,,takatun（たかつん,152,
arikomen,1,,在り,152,
ayano_(ayn398),1,,あやの,152,
bba1985,1,,bba1985,152,
guriin,1,,ぐり～にんぐ,152,
inasaki_shirau,1,,稲咲しらう,152,
kyon_(kyonrp33f),1,,きょん,152,
satou_samu,1,,佐藤36,152,
uosaasou,1,,uosaasou,152,
oimo_(oimkimn),1,,おいも,152,
yappa_muri,1,,やっぱ無理,152,
hamamoto_ryuusuke,1,,濱元,152,
tamachi_kuwa,1,,たまちくわ,152,
harunoibuki,1,,はるのいぶき,152,
kumonji_aruto,1,,九門寺,152,
ginji74,1,,銀次,152,
cawchan,1,,cawchan,152,
ero_waifu,1,,ero_waifu,152,
wapokichi,1,,わぽ吉,152,
zcune,1,,zcune,152,
om_rm1101,1,,om_rm1101,152,
natsuiro_xx,1,,オウヤ,152,
kagehito,1,,カゲヒト,152,
haru_(kyou),1,,春,152,
moura_(kenyuugetu),1,,モウラ,152,
juugoya_neko,1,,juugoya_neko,152,
nori_(akusei_shinseibutsu),1,,糊,152,
yanagi_hirohiko,1,,柳ひろひこ,152,
getsuyou_yasumi,1,,月曜休み。,152,
esu_(tasoesu),1,,えす,152,
gondom,1,,gondom,152,
gyosone,1,,頓挫,152,
chaigidhiell,1,,カイギディエル,152,
crimecrime,1,,嵐系-arashi,152,
furukawa_lemon,1,,古川れもん,152,
big_o_pants,1,,big_o_pants,152,
engasaki_sakura,1,,園ヶ崎さくら,152,
kawabata_yoshihiro,1,,カワバタヨシヒロ,152,
patch_oxxo,1,,パッチ,152,
murasakio,1,,紫御,152,
miya_star_saa,1,,miya_star_saa,152,
menna_(0012),1,,サヤール,152,
mettaflix,1,,滅多矢鱈,152,
hareta,1,,晴太,152,
rinarisa,1,,うも,152,
mokyu,1,,もきゅ,152,
nuruko_(nuru55555),1,,ぬる子,152,
ankotsubumame,1,,びょう,152,
itokon300,1,,itokon300,152,
vrkdh,1,,日本h漫画協会,152,
kc-rk_sl,1,,咖啡大阪烧,152,
uminotacos,1,,すけぴく,152,
verta_(verlaine),1,,ヴェルタ,152,
krenz,1,,Krenz教學管理中心,152,
kino_haruc,1,,きの,152,
chachie,1,,茶ちえ,152,
nabunabu,1,,nabunabu,152,
aohane,1,,あおばﾆｳﾑ,152,
chiyami,1,,ちやみ,152,
donson,1,,鈍村,152,
typehatena,1,,たいぷはてな,152,
nazo_no_anime-dan,1,,謎のアニメ団,152,
eroborne,1,,eroborne,152,
siyumu,1,,伊卡SiyuMu,152,
gdn0522,1,,ゴードン,152,
uni_(oni_unicorn),1,,うに,152,
ringozeri,1,,りんごゼリー,152,
jam_(jamjam777),1,,jam_(jamjam777),152,
heiyan_shenshi,1,,黒炎紳士,152,
tasty_(dudwofla),1,,tasty_(dudwofla),152,
worimiru,1,,サブミル,151,
xuegao_ice,1,,冰糕丶ice,151,
achyue,1,,缶夬,151,
carrot_011,1,,人参,151,
fuse_ryuuta,1,,布施,151,
ponzu_(catponz),1,,ぽん酢,151,
treslech3s,1,,treslech3s,151,
zinkaa,1,,zinkaa,151,
isa-415810,1,,isa-415810,151,
nyome991,1,,にょめ,151,
kawausoman,1,,kawausoman,151,
9s0ykoyama117,1,,コヤマ,151,
360_(taiyo360),1,,360_(taiyo360),151,
yuu_(primenumber7),1,,由宇,151,
yoru_kiri,1,,夜桐,151,
lilac_(li_lac_3),1,,らいらっく,151,
raimu_(clanberry000),1,,莱夢,151,
online_neet,1,,おんらいんにーと,151,
shiki_59,1,,色,151,
chui_art,1,,chui_art,151,
garnel_(letsgotomato11),1,,가넬,151,
to_pete,1,,とぺて,151,
kurokawa_rikuu,1,,黒川律空,151,
ariekochan,1,,アリエコ,151,
panna444,1,,ぱんな,151,
champchidi,1,,champchidi,151,
ducartoon,1,,ducartoon,151,
che_sue00,1,,che_sue00,151,
diu1,1,,ぢう,151,
nao_(bestrollever),1,,なお,151,
wing228,1,,芬兰翼骑兵,151,
harin_05,1,,harin_05,151,
hyaluron_&_daruma,1,,ひあるろん&達磨,151,
goma_(u_p),1,,ごま,151,
santouka,1,,サントウカ,151,
kareya,1,,カレー屋,151,
nekomimi_sukinosuke,1,,ネコミミ好き之助,151,
redum4,1,,三土,151,
light_(lightpicture33),1,,ライト,151,
tamukoro,1,,たむころ,151,
ruoruoqiu,1,,若若秋,151,
ishibashi_yosuke,1,,ishibashi_yosuke,151,
shirow_(mha03133),1,,shirow_(mha03133),151,
byackopath_(artist),1,,さつき,151,
misuko_(sbelolt),1,,みすこ,151,
kani_etizen03,1,,越前蟹参号,151,
raythalosm,1,,つかれいthalosm,151,
warabi_mochi_(ehimedaisuki),1,,わらびモチ,151,
takasugi_kou,1,,タカスギコウ,151,
panzuban,1,,パン,151,
iranon_(new_iranon),1,,冬灯,151,
soranagi_yuki,1,,空凪ゆき,151,
jont,1,,じょんと,151,
tianliang_duohe_fangdongye,1,,天凉多喝防冻液,151,
sakanomachico,1,,酒野まち,151,
fujiwara_warawara,1,,藤原々々,151,
girotin_ginza,1,,ギロチン,151,
sanazura_hiroyuki,1,,さなづらひろゆき,151,
chiyoko_(oman1229),1,,ちよこ,151,
shirihime,1,,おもちまる,151,
nami_makoto,1,,とまとじごく,151,
miiko_(drops7),1,,ドロップス,151,
kimo_suna,1,,kimo_suna,151,
yuimari,1,,ゆいまり,151,
oomabiblogo2,1,,むみり,151,
joseph_lee,1,,joseph_lee,151,
suzumaru,1,,すずまる,151,
holmemee,1,,holmemee,151,
koukoku,1,,古宇谷,151,
sousakubito,1,,創作人,151,
takita_(takita3411),1,,takita_(takita3411),151,
chen_zi,1,,臣訾,151,
aki_(akisora_hiyori),1,,あき,151,
8083_blue,1,,8083_blue,151,
pecopecosupipi,1,,pecopecosupipi,151,
inamimi_(sheep1733),1,,いなみみ,151,
tooboshoo,1,,吐波叔,151,
rehu_(astd5787),1,,rehu_(astd5787),151,
pico_(picollector79),1,,強熱残分,151,
ishizaka_ryuudai,1,,石坂リューダイ,151,
dekosukentr,1,,デコ助,151,
bairizuomeng,1,,白痴做梦,151,
sea_scorpion_(umisasori),1,,りに,151,
ura_menu,1,,うらメニュー,151,
darahan,1,,darahan,151,
aobahosino,1,,あお*,151,
sabakuomoto,1,,サバクオモト,151,
miimach7,1,,miimach7,151,
yuyu_no_suke,1,,ゆゆのすけ．スケブ募集中,151,
myung_yi,1,,명이(myung,151,
kuroha_shinoru,1,,くろはシノル,151,
haku_(grimjin),1,,白,151,
nakikot_t,1,,nakikot_t,151,
yamano_(yamanoh),1,,やまの,151,
absolum_art,1,,absolum_art,151,
akke,1,,堅,151,
penti,1,,penti,151,
kara_aren,1,,しおざかな,151,
alcoholrang,1,,alcoholrang,151,
r_scrubed,1,,すれいど,151,
kaerunoashi,1,,kaerunoashi,151,
zombie_ke,1,,煎煎煎,151,
ajino_(sakanahen),1,,あじの,151,
riyo_(aokiwazumi),1,,リヨ,151,
sumikawa_(sumikawa8v),1,,すみかわ,151,
tuze111,1,,心⑩,151,
harukawa_moe,1,,春河もえ,151,
nagi_(exsit00),1,,なぎ,151,
hamada_pengin,1,,はまだペンギン,151,
bonno_sasu,1,,さす,151,
nishi_yasuaki,1,,西ヤスアキ,151,
3104_(3104milkshake),1,,3104_(3104milkshake),151,
tokunaga_akimasa,1,,あきま,151,
fujisawa_takashi,1,,藤沢,151,
shinzousan,1,,とともりはーと,151,
wrightia,1,,wrightia,150,
fine_9725,1,,fine_9725,150,
karanagare,1,,からながれ,150,
unmeidesu,1,,unmeidesu,150,
not_forever2w,1,,ポエ,150,
naruto_maki_(naruto05),1,,鳴門マキ,150,
aritsuno,1,,有角,150,
funakura,1,,ふなくら,150,
aoi_thomas,1,,五月病,150,
pyonteo,1,,pyonteo,150,
momiage_40,1,,もみあげ,150,
kanekan,1,,かねかん,150,
dana_(ocana_dana),1,,dana_(ocana_dana),150,
soc_nau,1,,soc_nau,150,
iren_lovel,1,,iren(イレン,150,
bakkasu150,1,,バッカス,150,
coffeeslice,1,,coffeeslice,150,
junnatsu,1,,准夏,150,
ginopi,1,,ギノピー,150,
kagi_f,1,,かめつｎ,150,
nonsensemanna,1,,nonsensemanna,150,
luzzi_(milllim),1,,luzzi_(milllim),150,
ich.,1,,ich.,150,
nekoplanetouo,1,,貓星球,150,
tori_no_shigure_ni,1,,ྀིしぐにゃ‎ྀིฅ,150,
you_yeyou0904,1,,冶玉,150,
mccheese,1,,mccheese,150,
rumwik,1,,rumwik,150,
p.i.t.d,1,,p.i.t.d,150,
chimmyming,1,,兄弟我碍你,150,
clivenzu,1,,ず,150,
karasuno_yui,1,,ウノユウジ,150,
ziroqon,1,,ziroqon,150,
carrot_summer,1,,carrot_summer,150,
sura_sura,1,,スラ,150,
nanjou_asuka,1,,南条飞鸟,150,
nishijou_myu,1,,にしじょうみゆ,150,
ice_reizou,1,,爱须冷藏,150,
yunoki_itsugu,1,,柚木いつぐ,150,
23_(candy_chapus),1,,ツーサン,150,
sousui_hani,1,,はに,150,
makita_maki,1,,蒔田真記,150,
asuna_(doruru-mon),1,,asuna_(doruru-mon),150,
kuma_(kumahoihoi),1,,くま,150,
ototobe,1,,ototobe,150,
saipin,1,,さいピン,150,
iltusa,1,,いっさ,150,
hiide,1,,ひーで,150,
mizore_arius,1,,霙,150,
kashinoki_(koaaski),1,,かしのき,150,
221_(tsutsuichi),1,,221_(tsutsuichi),150,
minyom,1,,minyom,150,
zoza,1,,ゾザゼロ(zozazero,150,
yujin_(kanouyuuto-0423),1,,yujin_(kanouyuuto-0423),150,
aoiyui,1,,青井ゆい,150,
kusakami_akira,1,,草上明,150,
hinoe_(dd_works),1,,ひのえ,150,
bellsaltr,1,,bellsaltr,150,
oshibainoticket,1,,ラルス,150,
tsunko_(9v2_q),1,,つん子,150,
ming_liu,1,,柳明,150,
nakano_(2_mannaka),1,,中野,150,
maka_(mksrw),1,,ビド,150,
masirosu,1,,住吉眞白,150,
planeptune,1,,planeptune,150,
tajima_yukie,1,,田島幸枝,150,
ginka_(gink_a),1,,ぎんか,150,
gigokku,1,,疑獄,150,
ein_lee,1,,ein_lee,150,
takeuchi_kou,1,,竹内高,150,
oozon_(ozon),1,,おおぞん,150,
doribae,1,,あめおね,150,
kaburagi_yuki,1,,鏑樹由貴,150,
aatom87,1,,aatom87,150,
moo_(moo_8986),1,,moo_(moo_8986),150,
sugi87,1,,sugi87,150,
mizushima_oonari,1,,水島☆多也,150,
rirene_rn,1,,りな,150,
kz_m_i,1,,コロリ,150,
minpei_ichigo,1,,民兵一号,150,
sanninme_no_haru,1,,sanninme_no_haru,150,
tadano_kazuko,1,,只野和子,150,
iria_(yumeirokingyo),1,,iria_(yumeirokingyo),150,
yanghua_gaizi,1,,氧化盖子,150,
tokumei_wombat,1,,匿名ウォンバッ卜,150,
nacht_(nacht_01),1,,Nacht（なはと,150,
faiz_azhar,1,,faiz_azhar,150,
ruo19,1,,ruo19,150,
yahiro_pochi,1,,八尋ぽち,150,
seiun_(hoshigumo_72),1,,seiun_(hoshigumo_72),150,
lancheu,1,,란츠,150,
leoandaslan_(leobongnana),1,,leoandaslan_(leobongnana),150,
yuukauta,1,,うたゆうか,150,
hoshi_rasuku,1,,星らすく,150,
maison_de_cante,1,,ドカンテ,150,
satsuki_kei,1,,皐月恵,150,
sakishimadara,1,,咲嶋まだら,150,
kagerou_(shadowmage),1,,陽炎,150,
ninnin_(shishitou),1,,にんにん,150,
stukov,1,,stukov,150,
higuchi_konomi,1,,樋口このみ,150,
mise_yuzuki,1,,三瀬ゆづき,150,
itou_ikuko,1,,伊藤郁子,150,
sechi_(sechihyeo),1,,ブルーセチ,150,
gz_(gyoju),1,,kラン,150,
kururu_(qqqqq59508750),1,,kururu_(qqqqq59508750),150,
enoki_3106,1,,えのき,150,
kikuchi_michitaka,1,,あさみやきあ,150,
ambasa,1,,ambasa,150,
daru_(kumakumadon),1,,だる。,150,
qinshi-ji,1,,侵蚀姬,150,
yostar_pictures,1,,yostar_pictures,150,
bocchi_(kuropom7),1,,ぼっち,149,
mizuhashi_parusui,1,,水桥,149,
takenoko_seijin,1,,たけのこ星人,149,
surfing_orange,1,,surfing_orange,149,
shidare_(youh4016),1,,うゆ,149,
yllande,1,,yllande,149,
akobeul,1,,akobeul,149,
jikasei,1,,自家製,149,
monaka_ooji,1,,モナカ王子,149,
natuumi_(jmwy5354),1,,natuumi_(jmwy5354),149,
ganet_p,1,,ganet_p,149,
mu_1_2,1,,mu_1_2,149,
kanbaru_mitsuki,1,,神原観月,149,
otsukimi,1,,オツキミ,149,
yuuma_(u-ma),1,,祐马,149,
nsb36046_(na),1,,nsb36046_(na),149,
blast-7,1,,blast-7,149,
iwakoo,1,,兎角,149,
ki2ri5,1,,KiKi蛋挞,149,
kuza_brs,1,,kuza_brs,149,
pachio_(patioglass),1,,ぱちお,149,
motoyon,1,,基4,149,
yamo_(sky2world),1,,やも,149,
smollb_nsfw,1,,smollb_nsfw,149,
yukiyana,1,,yukiyana,149,
akisuko,1,,あきすこ,149,
backscratcher777,1,,효자손,149,
mossi_(mossi0816),1,,mossi_(mossi0816),149,
basil_(wgh0anzdple3asf),1,,바질,149,
kuromu,1,,クロム,149,
yukine_0930,1,,いっしょに,149,
masaki_shino,1,,柾樹,149,
ryle,1,,ryle,149,
balut_(7676i),1,,ばろっと,149,
xiao_lin_jiu,1,,咲凛玖,149,
uyufuzi_s,1,,藤,149,
hk_nnm,1,,hk_nnm,149,
s_(y7555128265305),1,,s_(y7555128265305),149,
kuu_(user_gngs5284),1,,くうkuu,149,
de_da_xianyu,1,,DE大咸鱼,149,
strikerastra,1,,雪曼中尉,149,
yottacc,1,,悠tacC,149,
homare_(homaredai),1,,ほまれ,149,
aoiro_oto,1,,青色おと,149,
mukuba,1,,むくば,149,
andro_juniarto,1,,andro_juniarto,149,
peron_(niki2ki884),1,,ぺろん,149,
tookunomura_(son'ei_danchi),1,,とおくのむら,149,
fireblast,1,,fireblast,149,
caesty,1,,caesty,149,
arai_harumaki,1,,新井,149,
nobuyoshi-zamurai,1,,the・村井,149,
akabino,1,,あかびの,149,
miyo_(miyomiyo01),1,,miyo_(miyomiyo01),149,
kuchibashi_(9180),1,,くちばし,149,
casperrin,1,,casperrin,149,
makino_tomoyasu,1,,まきのともやす,149,
masu_gitsune,1,,ごるぺど,149,
jeremy_anninos,1,,jeremy_anninos,149,
den_(kur0_yuki),1,,デン,149,
natsu_hotaru,1,,なつほたる,149,
toromera,1,,トロメラ,149,
kumichou_(kumichoubox),1,,k組長,149,
gnai,1,,gnai,149,
caee_penguin,1,,CAEEペンギン,149,
sahuyaiya,1,,さふやいや,149,
takahashi_(k2ta7),1,,多花ハシ,149,
heiwari_kanade,1,,十月十日奏,149,
aito,1,,aito,149,
yoshiron,1,,よしろん,149,
kurokawa_(silve),1,,くろかわ,149,
robou_no_stone,1,,路傍の石,149,
ameko53133,1,,あめこ,149,
jyon,1,,しゅん,149,
kakudai_(hujikolp),1,,カクダイ,149,
yuu_(alsiel),1,,由宇,149,
endsmall_min,1,,endsmall敏,149,
yzpyn,1,,yzpyn,149,
ukai_saki,1,,鵜飼沙樹,149,
aoyashio_rin,1,,蒼八汐,149,
rooru_kyaabetsu,1,,ろーるきゃーべつ,149,
kupuru_(hirumamiyuu),1,,くぷる,149,
yuzuki_kihiro,1,,ゆずききひろ,149,
makiaato,1,,まきあーと,149,
sonsoso,1,,ソンソソ,149,
mon-chan,1,,もんちゃん,149,
morina_nao,1,,森名/杜,149,
aoneco,1,,三日月青猫,149,
soyaka,1,,そよか,149,
panbai,1,,PANBAI 旁白,149,
minikon,1,,こんぴ,149,
fuyuichi,1,,ふゆいち,149,
riki_(inushima_),1,,利木,149,
triple-q,1,,triple-q,149,
akisoba,1,,秋蕎麦,149,
na-gyou_(nunumaru),1,,な行,149,
chahei,1,,茶餅,149,
hizakake,1,,ひざ掛け奉行,149,
maniani,1,,マニアニ,149,
shouka_(ly880217),1,,山田,149,
maki_soutoki,1,,蒼月真葵,149,
hybridmink,1,,hybridmink,149,
nonoworks,1,,nonoworks,149,
tacfigure,1,,返岗复工饭馆,149,
yuki_kawachi,1,,かわち雪,149,
hirarinoie,1,,ちぃ笠,149,
pony_r,1,,ポニーR,149,
grandguerrilla,1,,grandguerrilla,149,
cocoon_(loveririn),1,,코쿤,149,
donggua_bing_cha,1,,冬瓜冰茶,149,
juaag_acgy,1,,久阿格,149,
haru_(toyst),1,,春,149,
mago,1,,まご,149,
rhasta,1,,牛乳重工,149,
spacenipnops,1,,spacenipnops,149,
morerin,1,,モレ,149,
crrn,1,,crrn,149,
hyaku_ae_mon,1,,pk垢もﾌｫﾛーｼﾃｸﾚﾀﾗ嬉しいゆも太郎,149,
kiichi,1,,きいち,149,
takanaga_kouhei,1,,高永浩平,149,
najucaju_naju,1,,najucaju_naju,149,
myuton,1,,みゅとん,149,
gribberoni,1,,gribberoni,148,
john_su,1,,john_su,148,
claireiosity,1,,claireiosity,148,
jnstudio,1,,jnstudio,148,
arada_(corsair_zero),1,,arada_(corsair_zero),148,
takoyaki032002,1,,takoyaki032002,148,
emutsuichi,1,,えむおー,148,
dreamalgia,1,,dreamalgia,148,
senryoko,1,,千凉凉凉子,148,
fake_(lord_socar),1,,fake_(lord_socar),148,
aobito_sukoyaka_bystander,1,,アオビト,148,
stktik09060906,1,,stktik09060906,148,
neophyte,1,,요오오오,148,
tarakon,1,,たらこん,148,
maruichi_pepeto,1,,丸市ぺぺと,148,
lucadark_art,1,,lucadark_art,148,
cracy_logan,1,,干煸龙眼,148,
bone_hiko,1,,骨彦,148,
aramedraw,1,,あらめ,148,
namin_(namin_star),1,,namin_(namin_star),148,
huet-pc,1,,huet-pc,148,
oda_eiichirou,1,,尾田栄一郎,148,
higeji_(higeji404),1,,ひげじ,148,
nekokobushi,1,,ねここぶし,148,
wow_(cor369),1,,wow_(cor369),148,
foxinshadow,1,,foxinshadow,148,
futoumeido,1,,普透明度,148,
octavius_(octavius_dp),1,,octavius_(octavius_dp),148,
shintyoi2,1,,ちょいしん,148,
suzuhi_(fullprayer),1,,すず氷,148,
masumofu,1,,マスもふ,148,
oxygen_mask_(oxygenmask233),1,,oxygen_mask_(oxygenmask233),148,
yoshikawa_tatsuya,1,,吉川達哉,148,
aqinorz,1,,祈予歌,148,
lessone,1,,lessone,148,
madsensei,1,,madsensei,148,
yamabuki_(yamabuki_xxxxx),1,,山吹,148,
izumi_nanase,1,,いずみななせ,148,
feng_you,1,,风柚子,148,
usamochi.,1,,うさもち,148,
karanashi_mari,1,,カラナシマリ,148,
inu_chikushou,1,,犬畜生,148,
ozu_(oz_yarimasu),1,,グゥとフウ,148,
prophosphere,1,,prophosphere,148,
kirin_(suzoke_1),1,,きりん,148,
reizouko,1,,れいぞうこ,148,
namespace,1,,namespace,148,
sonomi,1,,sonomi,148,
caisan,1,,magentasheep羊红,148,
hitohachan,1,,ひとはﾁｬﾝ,148,
metadio,1,,メタスト,148,
shinjou_takuya,1,,シンジョウタクヤ,148,
natsushiro,1,,ナツシロ,148,
kashimu,1,,かしむ,148,
capitan_(tsyoujo),1,,かぴたん,148,
dodeka_unagi,1,,どでかうなぎ,148,
nakaga_eri,1,,nakaga_eri,148,
yuxing_yuhang,1,,雨行YUHANG,148,
bouhuman,1,,かけつき,148,
robot_cat_(robotcatart),1,,robot_cat_(robotcatart),148,
shrimp_cake,1,,シュリンプケーキ,148,
n4rai,1,,ペプシ,148,
miurahha,1,,みうらっは,148,
zueka27,1,,콤,148,
yuuki_shin,1,,悠木しん,148,
irodori_warabi,1,,彩莉わらび,148,
kermittend,1,,kermittend,148,
fuyuno_kamome,1,,おうちかえる,148,
osafune_kairi,1,,長船,148,
benizika,1,,紅鹿,148,
parfaitlate,1,,パフェレト,148,
mush_(mushlicious),1,,むっしゅ,148,
hiya_gohan,1,,ひやごはん,148,
blinkblink_art,1,,blinkblink_art,148,
jyaoh0731,1,,だお,148,
bonley,1,,血水洗脚,148,
hiyoko_neneko,1,,緋横ねこ,148,
yunagi_(arukumaruta),1,,夕凪,148,
akefumi,1,,darkers＠イライラァァァ,148,
amanegi_toro,1,,ねぎとろ,148,
namakawa,1,,生川,148,
shionootsu,1,,コゾメツキ,148,
minj_kim,1,,밍도사,148,
anarchojs,1,,anarchojs,148,
niukou_kouzi,1,,扣扣啵啵奶茶,148,
aotsu_karin,1,,蒼都かりん,148,
hanyae,1,,hanyae,148,
emilio_(tetsukazu_no_ao),1,,えみりお,148,
yayoichi_(yoruyoru108),1,,夜よいち,148,
guardian-panda,1,,guardian-panda,148,
mmmilk,1,,mmmilk,148,
tarolotta,1,,tarolotta,148,
ckst,1,,しけ,148,
fujikawa_akira,1,,藤川祥,148,
itsuki_kuro,1,,伊月クロ,148,
robodumpling,1,,robodumpling,148,
lium,1,,リウム,148,
mhru,1,,mhる,148,
houkago_shounen,1,,Houkago少年,148,
usushio,1,,うすしお,148,
enryuu_(rmxs3488),1,,えんりゅう,148,
marisayaka,1,,まりさやか,148,
tomohiro_(duo),1,,ともひろ,148,
shishi_(eai_make),1,,シシ,148,
waiwa_way,1,,ワイ,148,
skullchimes,1,,skullchimes,148,
shishimaru_ken'ya,1,,ししまるけんや,148,
inui_(jt1116),1,,いぬい,148,
kushima_yu,1,,kushima_yu,148,
miebao,1,,咩煲,148,
mocha_(naturefour),1,,mocha_(naturefour),148,
chisato_(missing_park),1,,チサト,148,
chuby_mi,1,,chuby_mi,148,
nibo_(att_130),1,,にぼ,148,
sugimeno,1,,スギメノ,148,
cheunchin,1,,cheunchin,148,
kinuko_(kinucakes),1,,kinuko_(kinucakes),148,
rinrinne39_(artist),1,,りんりんね,148,
kento_(kentdrawing),1,,kento_(kentdrawing),148,
meiz,1,,meiz,148,
sugiura,1,,杉浦,148,
kusu_(moo1225),1,,玖珠,148,
briska,1,,브리스카,148,
yoshikawa_kazunori,1,,よしぞうmaro',148,
dotartnsfw,1,,dotartnsfw,148,
daysss,1,,紅ヶ紗,148,
pjmiyo,1,,ぴも,148,
annas_anya,1,,annas_anya,148,
fuugetsu_oreha_ikiru,1,,もっちり風月,148,
dobato,1,,ドバト,148,
moroyan,1,,モロやん,148,
tooi_aoiro,1,,遠い青色,148,
saejin_oh,1,,saejin_oh,148,
mingke,1,,銘刻,148,
inuga_anahoru,1,,/・ω・)/,148,
tamura_satomi,1,,おりえ,148,
aneco_(westsea1227),1,,姉子,148,
hotaryuso,1,,ホタリュソ,148,
babywipes,1,,babywipes,148,
ttt_(5274293),1,,神秘人阿T,148,
inu3,1,,inu3,148,
kemuri_haku,1,,煙ハク,148,
kikivi,1,,一筆,148,
mew_mew_chikorita_moon,1,,mew_mew_chikorita_moon,147,
chloe_angel_(voice_actor),1,,chloe_angel_(voice_actor),147,
tsunderemaids,1,,tsunderemaids,147,
hexermer,1,,hexermer,147,
blanchat,1,,ぶらんちゃっと,147,
yihan_world,1,,yihan_world,147,
stephengiannart,1,,stephengiannart,147,
bbeedol,1,,삐도ㄹr,147,
nabipenciller,1,,nabipenciller,147,
kinky_queen,1,,kinky_queen,147,
heka=ton,1,,ヘカトン,147,
ohako_miyu,1,,おはこミユ,147,
niboshidrip,1,,ニボシドリップ,147,
shokuen_(oxstl),1,,色塩,147,
takei_masaki,1,,竹井正树,147,
taitanic6242,1,,おマメ,147,
zije,1,,zije,147,
aierlaobo,1,,爱尔老伯,147,
gesoking,1,,ゲソきんぐ,147,
braco,1,,braco,147,
yurashima,1,,ゆらしま,147,
torishu_(kumataka_4867),1,,とりしゅ,147,
camel000,1,,賀茂茄子,147,
repikinoko,1,,れぴきのこ,147,
mushoku_loli,1,,かえでっこ,147,
ellie_niunai_zhuyi_zhe,1,,ellie牛奶主義者,147,
walking_nakta,1,,walking_nakta,147,
hano_haruka,1,,葉乃はるか,147,
sanada_keisui,1,,あるぱかぶろりー,147,
kkyagdoyo164972,1,,꺅도요,147,
amebrew,1,,amebrew,147,
summernight_12,1,,단야,147,
dombear,1,,ドーム熊,147,
96yottea,1,,黑茶星冰乐,147,
fujima_(k114),1,,藤間,147,
nacho_(nacho_1103),1,,nacho_(nacho_1103),147,
iceringer,1,,iceringer,147,
kobayashi_gen,1,,小林元,147,
mg_renders,1,,mg_renders,147,
suke_(share_koube),1,,すけ,147,
ajirui,1,,ajirui,147,
ushiro_muki,1,,丑露ムキ,147,
noi_(noi_pk27),1,,のい,147,
hoplitx,1,,hoplitx,147,
aiza-ku,1,,壹佰扒拾贰,147,
sainome_(imveryfinethx),1,,かろなる,147,
amano_kusatsu,1,,あまのくさつ,147,
fuji_yoshida,1,,藤吉田,147,
herheim,1,,ob红茶,147,
sw_haze,1,,김연무,147,
masami_(souzou_jinsei_sanka),1,,創造人生賛歌,147,
chai_haru,1,,チャイ,147,
inai_uchi,1,,居内,147,
wanko_(yurika0320),1,,わんこ,147,
fugota6509,1,,fugota6509,147,
hozumi_rino,1,,奏,147,
watanabe_masafumi_(masafumi_127),1,,渡辺正文,147,
divergenceok,1,,ダイバー,147,
jiro_(ninetysix),1,,jiro_(ninetysix),147,
mi2mi2_minmi,1,,卜部トキ,147,
yanwulazy,1,,yanwulazy,147,
harukey,1,,harukey,147,
eleazarmikai,1,,eleazarmikai,147,
kabutoyama,1,,かぶと山,147,
doyachii,1,,ドヤちぃ,147,
7_calpis_7,1,,あるぴす,147,
hasune,1,,はすね,147,
seishun_dendeke,1,,たろしゅん,147,
nona_moth,1,,nona_moth,147,
samacho,1,,samacho,147,
kushidama_minaka,1,,カサヒヨ,147,
xiaoluo_xl,1,,xl小罗,147,
lwmina70119,1,,lwmina70119,147,
shopyun,1,,ショウピュン,147,
bamcream,1,,밤크림,147,
itou_(mogura),1,,いトう,147,
skysign_ft,1,,skysign_ft,147,
ouran,1,,桜蘭,147,
gurifu,1,,ぐりふ,147,
gobaku_no_hito,1,,gobaku_no_hito,147,
justin_leyva_(steamy_tomato),1,,justin_leyva_(steamy_tomato),147,
honoka_chiffon,1,,萌香,147,
inu_fuji,1,,犬藤,147,
mrnn,1,,mrnn,147,
shachoo_(poco_poco),1,,わむ,147,
sugisaki_yuu,1,,すぎさき,147,
hinayuki_usa,1,,ヒナユキウサ,147,
kohaku_q,1,,こはくQ,147,
kanta_(pixiv9296614),1,,kanta_(pixiv9296614),147,
hitotose_hirune,1,,春夏秋冬,147,
konkichi_(flowercabbage),1,,绀吉,147,
ashashio,1,,あさしお,147,
ddolggol,1,,똘꼴이,147,
usuki_(graygreed),1,,薄稀,147,
myumyu431,1,,myumyu431,147,
nurugamer-kouyouju,1,,ナスビ騎士,147,
yukiaka,1,,ゆきあか,147,
ayatak0517,1,,綾たこ,147,
azit_(down),1,,azit_(down),147,
namekuji_(namekuzu),1,,なめくじ,147,
kin_niku,1,,きんにく,147,
yatsuhashi_kakera,1,,は,147,
nukekip,1,,nukekip,147,
inoue_yoshihisa,1,,井上よしひさ,147,
hoshibuchi,1,,万事休す,147,
himamo,1,,ひなも,147,
aaniko,1,,aaniko,147,
filha,1,,フィーリャ,147,
haya_taro_pochi,1,,はや,147,
ishida_mia,1,,石田みあ,147,
yumi_yumi,1,,ホッパーオーバーフロー,147,
umeboshitora,1,,ウメボシトラ,147,
oniku_(oishii_oniku),1,,お肉,147,
yuuno_(yukioka),1,,ゆうの,147,
tama_yu,1,,魂遊,147,
rianti-wong,1,,rianti-wong,147,
mao_(6r),1,,真尾,147,
haze_(ha_ze),1,,芽衣,147,
d@i,1,,そらばたけ,147,
hachinatsu,1,,はちなつ,147,
baretto_(firearms_1),1,,バレット,147,
sajittari,1,,匙足(さじたり,147,
denden,1,,でんでん,147,
itou_ayachi,1,,伊東あや,147,
aoi_hiro,1,,葵比呂,147,
itou_eito,1,,伊藤エイト,147,
nnn-ollll,1,,お,147,
yofukashi,1,,夜ふかし,147,
lozelia,1,,ことかぜ,147,
wadapen,1,,わだぺん,147,
nikke_(cherish),1,,にっけ,147,
o-nashi_neko,1,,尾無し猫,147,
takena-c,1,,たけなし,146,
kassioppia_(voice_actor),1,,kassioppia_(voice_actor),146,
yoshimizm,1,,よしみ,146,
seiran_yoroz,1,,晴嵐,146,
bikeibikei,1,,ビケイビケイ,146,
yoshizuki_kumichi,1,,よしづき,146,
nuggetkouhai,1,,nuggetkouhai,146,
goonsso,1,,goonsso,146,
gogo_(detteiu_de),1,,gogo_(detteiu_de),146,
snugglepuff28,1,,snugglepuff28,146,
bonjindaaa,1,,ぼんじんだぁ,146,
jiuyu_qame,1,,九雨QAme,146,
ohana._(komachi),1,,おはな,146,
yuuabara,1,,yuuabara,146,
mentally_deficient,1,,mentally_deficient,146,
ug333333,1,,ug333333,146,
09wave_hb,1,,そのうち,146,
coa_(35_seno),1,,coa_(35_seno),146,
kumah_dessu,1,,kumah_dessu,146,
urushiushiru,1,,漆うしる,146,
mugi_(mugimugi_9kv),1,,むぎ,146,
bupa_chila,1,,cj不怕吃辣,146,
kokomachi,1,,ここまち,146,
saekiya_sabou,1,,さえき,146,
ksksksa,1,,ksksksa,146,
dougaku_(passionpit777),1,,動学,146,
emoillu,1,,エモイラ,146,
cobwvmeti,1,,贰元桐子幸国,146,
shimiya_jin,1,,소페레,146,
sagara_riri,1,,さがらいせ,146,
hui_yu,1,,hui_yu,146,
kaoru_(h8qm9),1,,薫,146,
yoon_junggeun,1,,yoon_junggeun,146,
melt_(melt_out1),1,,melt_(melt_out1),146,
vicineko,1,,vicineko,146,
mios1225,1,,ミオ,146,
kanzaki_nyo,1,,神崎,146,
gnsn_tera,1,,森永テラ,146,
tomska,1,,tomska,146,
ame_iru,1,,とんじる,146,
mozuya_murasaki,1,,もずや紫,146,
rima_(0136),1,,리뫄Rima,146,
nanaeljustice,1,,nanaeljustice,146,
custom_(cus-tom),1,,カスタム,146,
yunmi_0527,1,,ゆんみ,146,
shiro_(octet),1,,しろ,146,
rudang,1,,rudang,146,
cio_(ciosui),1,,cio_(ciosui),146,
fian_f.n,1,,fian_f.n,146,
junjonta,1,,じょん太,146,
tatsuya_(atelier_road),1,,立つ屋,146,
sashimi_(sasihmi),1,,さしみ,146,
elias_chatzoudis,1,,elias_chatzoudis,146,
sylph_kim,1,,김실프,146,
kawarage_yatano,1,,かわらげ,146,
olyester,1,,長崎ワンダフルpolyester,146,
ruan_chen_yue,1,,阮不甜,146,
lanthan,1,,らんたん,146,
asakura_noi,1,,浅倉,146,
pinkdrawz,1,,pinkdrawz,146,
namu_(112namu),1,,namu_(112namu),146,
tworain_w,1,,二雨,146,
mofuringu,1,,もふりる,146,
noah_verrier,1,,noah_verrier,146,
maggi,1,,안정원,146,
yamamoto_kichiko,1,,山本キチコ,146,
yutian_alice,1,,热香槟,146,
pyukasshori,1,,ピュカッショリ,146,
midarin,1,,みだりん,146,
saitou_piyoko,1,,さいとう,146,
tosakaoil,1,,とさかオイル,146,
yuugiri_(u-slash),1,,夕雾,146,
hu_pi_xuan_jiao,1,,虎皮玄椒,146,
buren,1,,ぶれん,146,
linhcoris,1,,linhcoris,146,
ryncka,1,,ryncka,146,
hisaho,1,,ひさほ,146,
wnb_mark,1,,wnb_mark,146,
fukushima_masayasu,1,,ふくしま,146,
hiromaster_sinta_jh,1,,hiromaster_sinta_jh,146,
feishi,1,,菲释,146,
96dai_0313,1,,黒鯛,146,
kuro_(kuroneko_no_kanzume),1,,くぅ,146,
renew_vivi,1,,renew_vivi,146,
fukurau,1,,ふくろう,146,
ryokukablog,1,,緑花,146,
shiyue_tiangong,1,,十月天宫,146,
jiuxiaoshi,1,,jiuxiaoshi,146,
norimaki_(haru_koubou),1,,のりまき,146,
yellowseeds,1,,イエローシート゛,146,
kurarin,1,,くらりん,146,
kexue,1,,ドイツの科学,146,
shiroyukimajima,1,,あまりゆき,146,
imaizumi_teruhiko,1,,今泉昭彦,146,
qunqing,1,,群青,146,
bai_linqin,1,,ちっや,146,
rozu_ki,1,,ろづ希,146,
shino_(5no),1,,シノ,146,
miu_(angelo_whitechoc),1,,みU,146,
xiang_yu_pai,1,,香芋派,146,
ojo_(dfreak),1,,おじょ,146,
krono_tokage,1,,くろっくすた,146,
k2_(jack_lin),1,,宅狗,146,
kumaori_jun,1,,くまおり純,146,
tomoyuki_hino,1,,樋野友行,146,
togo_(korlsj1235),1,,とーご,146,
urayama_(backmountain),1,,うらやま,146,
kaburagi_yasutaka,1,,鏑木,146,
eisuto,1,,えいスと,146,
ross_tran,1,,ross_tran,146,
hizuki_aya,1,,ひづき,146,
ashita_yaru,1,,明日やる,146,
namanie,1,,生煮え,146,
myht,1,,myht,146,
ponkotsu_(ayarosu),1,,ぽんこつ,146,
eijima_moko,1,,栄島もこ,146,
sabakan_(iizuka48),1,,佐波缶,146,
oonaka_ito,1,,大仲,146,
hoshino_madoka,1,,AYA or ＡＹＡ ** Circle & site name: お嬢の浴室,146,
powzin76,1,,ポウポウ,146,
fujisaka_lyric,1,,藤坂リリック,146,
haluka_(aixioo),1,,卡斯诺特,146,
kashiwagi_kano,1,,カシワギ,146,
unpale,1,,あんぺいる㌠レインボーライブを観て,146,
my_pet_tentacle_monster,1,,my_pet_tentacle_monster,146,
shiba_(s_hi_ba_),1,,柴,146,
scharfschutze,1,,しゃるふしゅっつぇ,146,
black_cat03,1,,널포인터,146,
kazeharu,1,,風春,146,
key_kun,1,,きーくん,146,
888myrrh888,1,,ミルラ,146,
azuma_(azuma10270724),1,,あずま,146,
edkuroki,1,,edkuroki,146,
pochadon,1,,ぽちゃどん,146,
ktsecond,1,,凍屋,146,
yashikikoi,1,,yashikikoi,146,
daki_info,1,,daki_info,146,
momoda_yasuhito,1,,百田やすひと,146,
akiyasu,1,,アキヤス,146,
aimobake,1,,える,146,
kakesu,1,,懸巣,146,
gus_(clarkii),1,,gus（ぎゅす,146,
40_(0f0urw),1,,40_(0f0urw),146,
nozawa_noko,1,,のざわのこ,146,
t-asama,1,,アサマ,146,
yuki_shuuka,1,,由岐シュウカ,146,
buchi_maru,1,,ぶちマル,146,
qm,1,,qm,146,
haonfest,1,,haonfest,146,
kurai_nao,1,,仓井尚,146,
kohshibasaki,1,,こう,146,
yukifuri_tsuyu,1,,つゆ,146,
beanis,1,,beanis,146,
kiduta_cielo,1,,木蔦しえろ,146,
magari_(c0rn3r),1,,まがり,146,
uranagi_(uranaginasi),1,,浦凪,145,
riel_(rielilu),1,,riel_(rielilu),145,
kofi-mo,1,,kofi-mo,145,
sakuratoru,1,,佐倉透,145,
bu_bai_(wres2744),1,,不白,145,
dan_mora,1,,dan_mora,145,
lryutanl,1,,りゅ-たん,145,
jdpr,1,,jdpr,145,
ukichan22905846,1,,ukichan22905846,145,
sych1590,1,,거대물고기,145,
anska,1,,anska,145,
zeriko,1,,一木木鼠,145,
lumineko,1,,lumineko,145,
lunar_(lunar_815),1,,空,145,
ryoha_kosako,1,,りょうは,145,
irohasu_(sasagarasu),1,,ウサホリ,145,
zambonito,1,,zambonito,145,
fujii_rino,1,,藤井理乃,145,
batory_ken,1,,ばとり,145,
mazamuno,1,,mazamuno,145,
touyu_1210,1,,touyu_1210,145,
mrjieshisu,1,,别当傻卵二刺螈,145,
rebutsu,1,,りぶつ,145,
pikachi,1,,ぴかち,145,
dashingicecream,1,,dashingicecream,145,
shirane_nanimo,1,,白根なにも,145,
eilinna,1,,eilinna,145,
sachinyopo,1,,サチ,145,
pikuson,1,,pikuson,145,
oeilvert_fft,1,,悉くを育てるウイユヴェール,145,
mt5_014,1,,めんたいこ,145,
k3vccitq,1,,ナナ,145,
honda_takeshi,1,,本田雄,145,
sozoremi,1,,そぞれみ,145,
kaiju_ryoku,1,,怪重力,145,
joacy,1,,조보에,145,
riko_(rik0ring),1,,利行,145,
mito_tsubaki,1,,みと椿,145,
hiaburi_tokage,1,,火あぶりトカゲ,145,
huoji_(wonderturkey),1,,火鸡,145,
raja_nandepu,1,,raja_nandepu,145,
itou_kazuki,1,,イトウカズキ,145,
seura_isago,1,,濑浦沙悟,145,
edoya_pochi,1,,江戸屋ぽち,145,
anbj,1,,anbj,145,
suzunashi,1,,すずなし,145,
kuro_nezumi_inu,1,,黒ねずみいぬ,145,
cocotsuko1204,1,,たまこ,145,
kirisamede_gzr,1,,霧雨,145,
kiek_qaq,1,,kiek_qaq,145,
y.i._(lave2217),1,,y.i._(lave2217),145,
kuren_kren,1,,댕건댕,145,
namidate,1,,すじこ,145,
naoki_(endofcentury102),1,,なおき,145,
umi_suzume,1,,雨美すずめ,145,
takigawa_yuu,1,,多岐川遊,145,
ni_tamago_sando,1,,煮たまごサンド,145,
arkatopia,1,,arkatopia,145,
motto_notto,1,,motto_notto,145,
lewdlily66,1,,lewdlily66,145,
uki_(uotoradou),1,,寝るイカ,145,
hatch_(hatch_box),1,,ハッチ,145,
rena_(renasight),1,,れな,145,
shinozuki_takumi,1,,しのづき,145,
nona,1,,ノナ,145,
bangsom,1,,bangsom,145,
karosu_maker,1,,karosu_maker,145,
ryopa,1,,りょーパー,145,
netarou,1,,ねたろう,145,
zzyzzyy,1,,银咋,145,
wolksheep,1,,沃克羊,145,
matarasu_(aaaaaaaaj),1,,matarasu_(aaaaaaaaj),145,
sd_bigpie,1,,돌연사빅파이,145,
citrus_(place),1,,柑橘,145,
hifumi_chiyoko,1,,ちよ子,145,
tenmu_shinryuusai,1,,天夢森流彩,145,
hiyashi_mirano,1,,ひやしみらの,145,
iris37337,1,,ねる,145,
miyabi_(037),1,,美矢火,145,
ishii_akira,1,,石井,145,
parasite_oyatsu,1,,パラサイトおやつ,145,
piyokuma,1,,さきまる,145,
nagare_hyougo,1,,流,145,
piyomotsu,1,,ぴよもつ,145,
leon0705,1,,leon0705,145,
suzukasuraimu,1,,鈴鹿スライム,145,
satou_memeko,1,,さとうメメ子,145,
jacknavy,1,,深蓝杰克,145,
sinko_(sinsin),1,,sinko_(sinsin),145,
rko_(a470350510),1,,Kola汪,145,
svveetberry,1,,svveetberry,145,
muku_(apupop),1,,あぷぽっぷ,145,
karmaho,1,,주모,145,
dongho_kang,1,,dongho_kang,145,
nuqura,1,,ぬくら,145,
122pxsheol,1,,122pxsheol,145,
ikeda_masateru,1,,池田正輝,145,
rahato,1,,羅鳩,145,
andrew_(duel_angel),1,,andrew_(duel_angel),145,
reina_(black_spider),1,,玲奈,145,
hiyoshi_hana,1,,日吉ハナ,145,
rosebell,1,,rosebell,145,
gloamy,1,,gloamy,145,
toma_(shinozaki),1,,トマ,145,
iwai_ryou,1,,巌井崚,145,
younomiti,1,,夏風レイ,145,
mochigumo,1,,mochigumo,145,
mtyy,1,,mtyy,145,
itamidome,1,,依存,145,
oysterfried,1,,oysterfried,145,
rose_neru,1,,ローズねる,145,
meguro_fukuzou,1,,目黒腹蔵,145,
kurahana_chinatsu,1,,たたなかな,145,
kagari6496,1,,篝里,145,
etogami_kazuya,1,,干支神,145,
shinburu,1,,シンブル,145,
tsuchifumazu,1,,つちふまず,145,
kiriyama,1,,桐山,145,
akahige,1,,赤髭,145,
hatsuko,1,,hatsuko（ハツ子,145,
merry_program,1,,マリー,145,
disgustingtokki,1,,경멸하는토끼,145,
harunori_(hrnrx),1,,はるのり,145,
jinri_shijie,1,,今日世界,145,
yahiro_(epicopeiidae),1,,黑小枝,145,
m_ko_(maxft2),1,,m子,145,
noise_(mokusei),1,,カルネアデス計画,145,
yonekura_kengo,1,,米倉けんご,145,
fuchitoro,1,,ふちとろ,145,
bing_zizi,1,,餅子子,145,
noeru_(noellemonade),1,,のえる,145,
stick_jitb,1,,stick_jitb,144,
rokushiro_koushi,1,,コウシ,144,
hakusai_(hksicabb),1,,白菜,144,
monoco55,1,,モノ,144,
re_re_merry,1,,めり,144,
arikuigames1105,1,,アリクイのイカク,144,
amekudaki,1,,飴砕き,144,
lisu,1,,lisu,144,
tarayuki,1,,たらゆき,144,
ice_s_s_z,1,,ice_s_s_z,144,
zeka_(skzk_cm),1,,ゼカ,144,
shurakrgt,1,,shurakrgt,144,
hitokiwa_kenchin,1,,一際,144,
nattororo,1,,なっとろろ,144,
ritsuzou,1,,立三,144,
nikukabe,1,,nikukabe,144,
cheese_kang,1,,cheese慷,144,
fukano_youichi,1,,てとらぽっと分室,144,
usagi_poi,1,,兎oi,144,
shibansfw,1,,shibansfw,144,
nyahpa20,1,,nyahpa20,144,
zhuore_zhi_hen,1,,灼热之痕,144,
milfcookiesimp,1,,milfcookiesimp,144,
morimori_(14292311),1,,MORI森,144,
benkdjjituibot,1,,本苯泍,144,
jank365m,1,,じゃんくピーナッツ,144,
sawamin,1,,さわみん,144,
banananosongen,1,,バナナの尊厳,144,
namuhanka_tart,1,,アズライト,144,
hibachaaa,1,,てふてふふ,144,
kk0220,1,,kk0220,144,
kakmxxxny06,1,,紫のあ,144,
gorioshi0802,1,,ごり,144,
wafalo,1,,wafalo,144,
koutetu_yarou,1,,koutetu_yarou,144,
genieko,1,,genieko,144,
umirunie,1,,umirunie,144,
kohane_kun,1,,Kohane君,144,
tamomoko,1,,tamoチン,144,
hissiu,1,,ひさまる,144,
akane_kazami,1,,akane_kazami,144,
stardrop,1,,せら,144,
nin_fake,1,,偽NiN,144,
sakurai_norio,1,,桜井のりお,144,
merylemons,1,,merylemons,144,
mimoth,1,,mimoth,144,
kithera,1,,kithera,144,
aymusk,1,,aymusk,144,
raphael-lacoste,1,,raphael-lacoste,144,
chihel,1,,치헬,144,
tsukino_murakumo,1,,つきのむらくも,144,
xialuluo_(sharuro),1,,シャルロ,144,
sunege_(hp0715),1,,スネゲ,144,
echoo,1,,echoo,144,
yuiki_(cube),1,,結木,144,
kim_8thhh,1,,kim_8thhh,144,
jianshu,1,,小柴狐颗粒,144,
sorano_eika,1,,空野,144,
oyakorodesu,1,,ヤミ,144,
mirimo,1,,とっとこみりたろう,144,
kurohara_yuu,1,,うん＝食太郎,144,
maidcousin,1,,maidcousin,144,
nogi_(acclima),1,,乃木,144,
tugo,1,,tugo,144,
kaki_z3,1,,kaki_z3,144,
nakaba_(mode),1,,なかば,144,
urako,1,,うらこ,144,
zeroku77,1,,zeroku77,144,
maeda_hiroyuki,1,,ハニーマエダ,144,
hiropon_(tasogare_no_puu),1,,ひろぽん♪,144,
mcgmark,1,,mcgmark,144,
blood_hood,1,,blood_hood,144,
segaxtu,1,,せがっ,144,
miyajima_hitoshi,1,,宮嶋仁志,144,
night_known,1,,夜知,144,
sb_(akagikeai),1,,sb_(akagikeai),144,
din_(raiden),1,,アイエルエルスリー,144,
sasakama_(sasagaki01),1,,ささかま,144,
maruga_(mrg2by),1,,まるが,144,
akitsugu_hisagi,1,,スケベ絵描き㌠,144,
giraffe_three,1,,三倍长颈鹿,144,
minagi,1,,ミナギ,144,
watagashikn,1,,ワタガシk,144,
misom150,1,,ミソミソ,144,
muramura_hito,1,,むっしゅむらむら,144,
zhileng_zhil,1,,制冷Zhil,144,
kookirani,1,,kookirani,144,
mash_illust,1,,マッシュ,144,
tatsuno_newo,1,,たつの,144,
milmil7,1,,milmil7,144,
maeda_r44,1,,maeda_r44,144,
yoshino_(mfmfpng),1,,よしの,144,
anny_(yoai),1,,anny_(yoai),144,
sakai_hamachi,1,,堺はまち,144,
cactus41747280,1,,雨,144,
unno_hotaru,1,,海野萤,144,
nyaroon,1,,nyaroon,144,
enkichi_totan,1,,円吉,144,
yoru_(yowuyoru),1,,エルハン,144,
ddt_(darktrident),1,,ddt_(darktrident),144,
spacelongcat,1,,spacelongcat,144,
waramori_fuzuka,1,,waramori_fuzuka,144,
mori_(unknown.),1,,森,144,
momo_no_kanzume,1,,桃の缶詰,144,
kamoto_tatsuya,1,,カモトタツヤ,144,
umirororo,1,,umirororo,144,
yagami_hiroki,1,,八神ひろき,144,
anderain,1,,Anderain烟,144,
mo_(k40633),1,,も,144,
john_(nakoto),1,,じょん,144,
nanami_ayane,1,,七海綾音,144,
monizumi_ishikawa,1,,紋泉石川,144,
muneneko,1,,のなめ,144,
flat_(joppin_karu!),1,,flat Site name: じょっぴんかる！,144,
zakirsiz,1,,zakirsiz,144,
mizunomoto,1,,水素,144,
lumarianne20,1,,lumarianne20,144,
roonhee,1,,roonhee,144,
yadokugaeru,1,,やどけろ,144,
noritama_(gozen),1,,のりたま,144,
zuizou,1,,ずいぞう,144,
naoki_eguchi,1,,naoki_eguchi,144,
toshi_(little-fluffy-cloud),1,,とし,144,
ubizo,1,,此ノ木よしる,144,
suisa_(mizsai),1,,ミズサイ,144,
hajime_(ak-r),1,,創,144,
wakame_(vhai26uhykmqb9k),1,,wakame_(vhai26uhykmqb9k),144,
link_(aa30),1,,リンク,144,
btraphen,1,,btraphen,144,
yutou_(yutou75),1,,一YUTOU,144,
saya_(sayaya),1,,些夜,144,
esmile,1,,esmile,143,
steve_chopz,1,,steve_chopz,143,
hashiko_(neleven),1,,橋子,143,
ministarfruit,1,,ministarfruit,143,
neo_(neorarty3),1,,neo_(neorarty3),143,
srnhuyuno,1,,ふゆの,143,
sawasa,1,,sawasa,143,
umenoume,1,,うめの,143,
bunsuirei,1,,分水嶺,143,
unosaki2,1,,unosaki-鵜ノ崎,143,
sakotach,1,,sakotach,143,
itou_youichi,1,,イトウ,143,
kisaka,1,,木坂ァ,143,
ramachiru,1,,らまちる,143,
helloet11,1,,ぐなてっと,143,
nanaironokabi,1,,なないろのかび,143,
zen66574227,1,,zen66574227,143,
numazoko_namazu,1,,ee鯰,143,
yukia_(yukia_777),1,,ゆきあ,143,
siyer,1,,四叶春茶,143,
muumin_(kissling),1,,む～みん,143,
sakidesu,1,,sakidesu,143,
xiayehongming,1,,下野,143,
kurumi_kororin,1,,胡桃らい,143,
leeshin0919,1,,leeshin0919,143,
namamake,1,,なまま三兄弟,143,
pepero_(prprlo),1,,ペペ口,143,
m1_tsuru,1,,ダ𓏴!,143,
s-m-53413,1,,モブ,143,
jager,1,,薩爾·古德曼,143,
tachiinu,1,,おぱんこ（いぬのふぐり,143,
noes,1,,noes,143,
tanziya_(donzduck),1,,坛子鸦,143,
izumiya_otoha,1,,いづみやおとは,143,
suikamaru,1,,彗火丸,143,
lewdrawings,1,,レウ,143,
kurasaki_moroko,1,,倉崎もろこ,143,
matatabi_(nigatsu),1,,またたび,143,
uwon,1,,uwon,143,
aepuru_arts,1,,aepuru_arts,143,
shouhaku0512,1,,松柏,143,
motsuni_(artist),1,,もつ煮,143,
satsuya,1,,苏安Lily,143,
kintarou_(kintarou's_room),1,,金たロウ,143,
yuli_(yulipo),1,,yuli_(yulipo),143,
shokugyo,1,,冬虫カイコ,143,
rakko_(makarakko),1,,らっこ,143,
minuo,1,,cat米诺,143,
shikaya,1,,鹿屋,143,
ggz_(gguzal_95),1,,ggz_(gguzal_95),143,
shikano_keru,1,,どんよりフェスティバル,143,
sari_(zakura27502762),1,,sari_(zakura27502762),143,
mush_(fingalphoneix),1,,むっしゅ,143,
kunikune,1,,クニくん,143,
banana_oekaki,1,,ばなな,143,
task_owner,1,,タスクオーナ,143,
omiza_somi,1,,omiza_somi,143,
kiyu_rei,1,,きゆれい,143,
piroshiky,1,,あげ,143,
tomo_(ryo_i_so_),1,,ともー,143,
six_box,1,,六面,143,
cream_bread,1,,cream_bread,143,
oro9,1,,oro9,143,
cilica,1,,cilica,143,
cheese_(cheese_koubou),1,,ちーず,143,
jeon-eo_konoshiro,1,,전어コノシロ,143,
kousei_horiguchi,1,,恒星ホリグチ,143,
hiyoshipow,1,,日吉ポゥ,143,
tsuyuka_(sunny_spot),1,,露花,143,
mizuno_sao,1,,水野早桜,143,
shinjitsu_(true_ride),1,,真实,143,
mashiro_io,1,,io(いお,143,
sonaworld,1,,sonaworld,143,
takada_akemi,1,,高田明美,143,
lanlanlap,1,,らっぷ,143,
drill_(emilio),1,,えみりお,143,
nijiko_(c2cs4q),1,,虹,143,
mari0ball,1,,まり,143,
wuzhihuijia,1,,无职回家,143,
2poet,1,,2poet,143,
hechi_(hechi322),1,,へち,143,
mikan_bako,1,,蜜柑*▽▽,143,
kulolin,1,,サーモン寿司,143,
yukichin,1,,ゆきさん,143,
mg_pong,1,,mg_pong,143,
jc_shikikan,1,,jc_shikikan,143,
kobo_(cobo_0609),1,,こぼ,143,
minami_(apricot_tea),1,,みなみ,143,
kadan_(ad1999),1,,カダン,143,
koshian_(taiyaki),1,,こしあん（たいやき,143,
shion_(ajisionn),1,,しおん,143,
yizhirenben,1,,一止人本,143,
rokugatsu_t,1,,六草,143,
ura_(05131),1,,ウラ,143,
aseiusx,1,,aseiusx,143,
himaneko.,1,,ひまねこ,143,
obmas,1,,おぶ〼,143,
ushitsuchi,1,,牛土,143,
goto_(sep),1,,ごとー,143,
shuutou_haruka,1,,シュウトウハルカ,143,
ine_(ineinnen),1,,イネ,143,
sugamo,1,,すがも,143,
kamitsuki_manmaru,1,,上月まんまる,143,
azuma_seiji,1,,東,143,
nightea,1,,낫티,143,
rokushou,1,,しょーろく,143,
kourui,1,,紅涙,143,
tanaka_ken'ichi,1,,田中,143,
xiao_rui_rui,1,,るいるい,143,
jilpoong17,1,,강한주,143,
sukkirito_(rangusan),1,,sukkirito_(rangusan),143,
tsuzuchii,1,,tsuzuchii,143,
ajiriko,1,,四葉たぬお,143,
dorechan,1,,dorechan,143,
cake_mogo,1,,cake_mogo,143,
saiki_yuzuri,1,,はいり,143,
akino_takehiko,1,,秋乃武彦,143,
sunday31,1,,あと,143,
kashiwa_kiseri,1,,柏木瀬李,143,
gyuunyuu_nomio,1,,牛乳乃澪,143,
dokuro-san,1,,どくろさん,143,
ootori_subaru,1,,スバル,143,
gmot,1,,ジモティー,143,
felichiii,1,,felichiii,142,
charlie_purrito,1,,charlie_purrito,142,
romulproduce,1,,romulproduce,142,
takamatu_hajime,1,,takamatu_hajime,142,
kuraedo,1,,kuraedo,142,
hururu_game,1,,ふるーれ,142,
peruu,1,,ぺるー,142,
qtori,1,,qtori,142,
abe_tsukasa,1,,アベツカサ,142,
sleepymoon,1,,安眠兔,142,
greedice,1,,greedice,142,
chongchongbao_mushi,1,,虫虫包mushi,142,
miclipse,1,,miclipse,142,
zakuma,1,,zakuma,142,
mikey_pie,1,,mikey_pie,142,
18_yen_coin,1,,一円玉,142,
kiriaina,1,,令时焥夏KiriAINa,142,
kaiyamon,1,,kaiyamon,142,
nazawa_(nother),1,,なざわ,142,
himitsu_onigiri,1,,乌嘴柳莺,142,
dhokidoki,1,,dhokidoki,142,
aitsugawa_rui,1,,会津川るい,142,
houh888,1,,houh888,142,
kumo33,1,,kumo33,142,
firstw1,1,,첫글,142,
nakamura_hinata,1,,リップクリーム,142,
sulgi_park,1,,sulgi_park,142,
ri_cochet,1,,リコシェ,142,
hai_(haihki),1,,はい,142,
chuckuddin,1,,chuckuddin,142,
doumu_(31678316),1,,どうむ,142,
shchrit,1,,shchrit,142,
miyajima_reiji,1,,宮島礼吏,142,
shuu_illust,1,,しゅう,142,
ami_(ammy33),1,,阿見,142,
ayakase_hotaru,1,,天弥枷ほたる,142,
bombergirl_official,1,,ボンバーガール公式,142,
painnico,1,,painnico,142,
wohaimeiyou,1,,我还没有睡饱w,142,
shizuko_hideyoshi,1,,静子秀吉,142,
kash-phia,1,,kash-phia,142,
satorigame,1,,さと,142,
idolmia,1,,アイドルミア,142,
artelsia,1,,artelsia,142,
arestear0701,1,,ちぃちゃん＊祝終ヴィルFD,142,
tuzhate,1,,兔扎特,142,
hasewo,1,,裏月,142,
l_meet,1,,Lミート,142,
asaka_haru123,1,,朝霞はる,142,
shiba257,1,,绝望松鼠狗,142,
miyahana_yu_(artist),1,,きすけくん,142,
stiel,1,,すてぃえる,142,
inyuppo,1,,ぽて,142,
anchun_(quail0503),1,,鹌鹑,142,
miyagi_ratona,1,,ラパン,142,
hudeako,1,,ふであこ,142,
dywx_poison,1,,毒yao无形,142,
pepperdevil,1,,pepperdevil,142,
hosikage4040,1,,星影,142,
yufu_kyouko,1,,油布,142,
shibanme_tekikumo,1,,四番目的蜘蛛,142,
rice_(rice8p),1,,ら,142,
ritzchrono,1,,ritzchrono,142,
umi_(nana_spring),1,,羽美,142,
mouen_tw,1,,mouen_tw,142,
kitsune_(ly_howe),1,,きつね,142,
udaruyo,1,,うだるよ,142,
ryuu_(multitask),1,,瑠,142,
moruta_(sunu-pio),1,,もるた,142,
pinoko_(pnk623),1,,ぴのこ,142,
kare_huang,1,,kare咖哩,142,
zerokosan,1,,ぜ,142,
uminokaisen,1,,うみのかいせん,142,
pro-p,1,,プロピ,142,
dubeaduver,1,,dubeaduver,142,
taitai,1,,TAITAI子,142,
sekino_takehiro,1,,関野武弘,142,
kandata_nijou,1,,神多二丞,142,
liren44,1,,tips硬汉,142,
milkchaotea,1,,milkchaotea,142,
enj!,1,,えんじ,142,
uurin,1,,ううりん,142,
tri,1,,とり,142,
vloodozer,1,,vloodozer,142,
nyansky,1,,喵斯基nyansky,142,
momiji_(lucario),1,,もみじ,142,
tsengyun,1,,tsengyun,142,
himanemuitoma,1,,なかまる,142,
raijin-bh,1,,稲妻暴走族,142,
gara_(qbeuxvii22),1,,ガラ,142,
wasted_m9,1,,엠구,142,
reed_(makuri_reed),1,,葦葦,142,
just_some_guy,1,,just_some_guy,142,
achilles_(yosshyachillesd),1,,アキレス,142,
oyabuli,1,,銀,142,
kuruton486,1,,嘉山裕人,142,
hidebo,1,,ひでぼ,142,
tabuchi_(tabuchisanchi),1,,たぶち,142,
cheeseko,1,,ちーずピ,142,
mar10,1,,mar10,142,
hino_hino,1,,緋乃ひの,142,
minatosaiga,1,,minatosaiga,142,
seio_(nao_miragggcc45),1,,成央,142,
erubusubori,1,,エルヴスボリ,142,
riku_(wana),1,,戮,142,
rensei,1,,しぐれぷに子,142,
regdic,1,,れぐでく,142,
aina123,1,,りゅむ,142,
tawashi_hechima,1,,hemachi工房,142,
nippori_honsha,1,,日暮里本社,142,
teri_terio,1,,てりてりお,142,
bukiko,1,,ぶきこ,142,
2-g,1,,"つーじー, Two G",142,
ohyo,1,,ohyo Circle & site name: らっふらっふ,142,
kagemichi,1,,影道,142,
pota_(bluegutty),1,,ぽた,142,
kobanzame,1,,こばんざめ,142,
zuoteng_lucha,1,,佐藤,142,
abe_inori,1,,阿部いのり,142,
ceejles,1,,ceejles,142,
ymm007xx,1,,ゆる,142,
nekokotei,1,,ねここ亭,142,
youkai_ankake,1,,ピクルス,142,
tomomimi_shimon,1,,ともみみしもん,142,
kirieppa,1,,キリエっぱ,142,
sasamashin,1,,ササマシン,142,
suou_sakura,1,,蘇芳,142,
oga_raito,1,,大鋸屑,142,
majime_joe,1,,majime_joe,142,
monou0135,1,,真田,142,
imay3927,1,,いめい,142,
teru_cats,1,,テル,141,
aamond,1,,ああもんど,141,
pynkmouth,1,,pynkmouth,141,
33dot,1,,33dot,141,
otsu_natsu,1,,乙夏,141,
sawarineko,1,,お芋,141,
toki_(yoyobozi),1,,トキ,141,
huli_xiaobai,1,,一般路过蛇性恋,141,
cine_(wazd0183),1,,cine_(wazd0183),141,
fumomono,1,,ふももの,141,
mersoleil03,1,,むぅるもと,141,
azuresakura,1,,アズサ,141,
bullxon,1,,bullxon,141,
sharkudon,1,,sharkudon,141,
eclyart,1,,eclyart,141,
tama_amata,1,,tama_amata,141,
urrrt,1,,우르르릇,141,
wo_jiushi_kanbudong,1,,我就是丶看不懂,141,
natsuya_(natuya777),1,,夏也,141,
morugen,1,,さんしきすみれ,141,
hamanashi_(trapiorra),1,,はまなし,141,
kuromiya_sakana,1,,黒宮魚,141,
oshaka_(haguki),1,,おしゃか,141,
siyangou49,1,,爱吃辣小狗,141,
freed_turing,1,,freed_turing,141,
marcey,1,,内藤マーシー,141,
sukimizaki,1,,すきみざき,141,
k-yosinori,1,,いかしお,141,
kawaguchi_(mojacome),1,,Kawaguchi川口,141,
mizutani_kenta,1,,水谷謙之介,141,
kmos,1,,金木犀,141,
eruthu,1,,eruthu,141,
ajishio_(loli_king),1,,アジシオ,141,
ukan_muri,1,,うかんむりβ,141,
tgxx3300,1,,tgxx3300,141,
azumaya_toushirou,1,,東屋十四郎,141,
tsukimura_(d24f4z8j3t),1,,月村,141,
mochi-iri_kinchaku,1,,もきち,141,
hayaken_sarena,1,,hayaken_sarena,141,
minase_kaya,1,,水瀬佳也,141,
1991_(blz),1,,向日步行,141,
arita_mitsuhiro,1,,arita_mitsuhiro,141,
kaijiba,1,,兔耳浓汤,141,
yume_(454565427),1,,夢,141,
takani_yoshiyuki,1,,高荷義之,141,
yatagarasupen,1,,八咫烏のペン,141,
okuva,1,,奥ヴぁ,141,
mau_sakura,1,,mau_sakura,141,
sakura_shiori,1,,さくらしおり,141,
m172/minatsu,1,,m172/minatsu,141,
a888_n22,1,,あんこみ,141,
nurikabe_(mictlan-tecuhtli),1,,ぬり壁,141,
little123blood,1,,血の生贄,141,
kirimmitsu,1,,桐光,141,
fuifui,1,,ふ,141,
miroku_(kyon35),1,,きょん,141,
sgholln,1,,sgholln,141,
nuruponnu,1,,ぬるなんとか∞,141,
kujira_hebi,1,,くじらへび,141,
samon_(vxxr8575),1,,samon_(vxxr8575),141,
yuui_hutabakirage,1,,yuui（ゆうい,141,
timy,1,,timy,141,
tsujizen,1,,辻善,141,
past_desiderium,1,,past_desiderium,141,
yasuda_genshou,1,,安田現象,141,
cross_akiha,1,,夜明けまで,141,
nakasawa_kei,1,,なかさわけい㌠,141,
dirty_ero,1,,dirty_ero,141,
tokufumi,1,,tokufumi,141,
oshiruko_(oshiruco_212048),1,,おしるこ,141,
shigureteki,1,,ブルガリの歌,141,
namaata,1,,なまあた,141,
toonsite,1,,toonsite,141,
satome_setsuko,1,,サトメセツコ,141,
ol_mahonanoka,1,,まほなの課,141,
shotan,1,,しょたん,141,
d._joko,1,,d._joko,141,
zb_(dawn-blue),1,,zb_(dawn-blue),141,
morros,1,,あるろす,141,
sherumaru_(korcht06),1,,しぇる丸,141,
qingye_ling,1,,青叶凌,141,
ka_ze_na_mi,1,,かぜなみ,141,
tessaku_ro,1,,てっさく,141,
fujirin,1,,ふじりん,141,
dmt_(auburn),1,,dmt/オーバーン,141,
kotone_(kotone11152),1,,ことね,141,
tanuki_yousuke,1,,田貫庸介,141,
xiho_(xi_ho_),1,,시호,141,
ekuesu,1,,えくえす,141,
kurokoeda,1,,黒小枝,141,
gongha,1,,gongha,141,
isaya_(pixiv4541633),1,,とうち,141,
nogami_takeshi,1,,野上武志,141,
utatanecocoa,1,,ウタタネ,141,
ichifuji_nitaka,1,,壱藤弐鷹,141,
aibon,1,,aibon,141,
ontaros,1,,ontaros,141,
narin70,1,,narin70,141,
aaru_sentou_shuudan,1,,あ～る戦闘集団,141,
akisha,1,,akisha,141,
miko_machi,1,,巫女街,141,
yusa_(yusa0751),1,,ゆさ,141,
tucana,1,,tucana,141,
wataru_(zazazazazazawa),1,,渉,141,
sou_(pale_1080),1,,そう,141,
tsubonari,1,,ぴぃすけ,141,
hinata_mizuiro,1,,ひなた水色,141,
haizai,1,,haizai,141,
sameya,1,,サメ屋,141,
naoyama_masaru,1,,直山マサル,141,
mami_(apsaras),1,,まみ,141,
kaimuari,1,,kスパボン,141,
ippus,1,,ippus,141,
ooba_wakako,1,,大峡和歌子,141,
hizukiryou,1,,飛月涼,141,
leiq,1,,Leiq雷,141,
fujita_mariko,1,,藤田まり子,141,
urim_(paintur),1,,ゆりん,141,
jinmeii,1,,jinmeii,141,
glenn_andrean,1,,glenn_andrean,141,
iyou,1,,アイユウ,141,
yuu_cream,1,,ゆうくり,141,
orikuchi_hirata,1,,折口ヒラタ,141,
din_(flypaper),1,,ぢん,141,
raseruta,1,,越薪蜥蜴,141,
bitter_crown,1,,ななみやりん,141,
miri_(tobira_no_mukou),1,,ミリ,141,
kanacho,1,,かなちょ,141,
yukinoshiro,1,,ゆきのしろ,141,
sunset_nivaris,1,,sunset_nivaris,140,
niigouki,1,,千,140,
n_(nauki_11),1,,효혜순,140,
xixing_si_yao_meng,1,,西行寺妖梦,140,
li@_(rikku04),1,,li@_(rikku04),140,
velvet_noir,1,,velvet_noir,140,
muyihui,1,,MU三角皇冠,140,
uma_(ninjin_misaki),1,,ウマ,140,
minglu_(gululu),1,,咕噜噜,140,
otomerson,1,,otomerson,140,
allen_skies,1,,allen_skies,140,
maeru,1,,maeru,140,
nyarnya,1,,佛系画手奈吖吖,140,
jambread,1,,jambread,140,
deliriumcenter,1,,イドル,140,
rantia,1,,rantia,140,
kootee-on,1,,コーテー音,140,
nokkusuart,1,,nokkusuart,140,
beko_(beco_1122),1,,ベコ,140,
ninzin_88hon,1,,ninzin_88hon,140,
shimanaka_(shimanaka_sushi),1,,しまなかお,140,
parasoru_buruu,1,,parasoru_buruu,140,
patpang,1,,patpang,140,
pingkypen,1,,개성인쥬스[새계정],140,
masuki,1,,鱒木,140,
rounin_(amuza),1,,浪人,140,
takashima_shoa,1,,高嶋しょあ,140,
renka_(cloudsaikou),1,,renka＠お仕事募集中,140,
rifu002,1,,rifu002,140,
chocpocalypse,1,,チョコ,140,
ryoan_(voyagehermitage),1,,旅庵,140,
mizoshi-x,1,,ミゾし,140,
nekonyan_(inaba31415),1,,猫にゃん,140,
neige_(pixiv6850453),1,,neige_(pixiv6850453),140,
upiupisyo,1,,upiupisyo,140,
mea_(manami030),1,,メア,140,
luna_(gkluna_mas),1,,ルナ,140,
kurone_(kurone_ryuo),1,,kurone_(kurone_ryuo),140,
kaminoq,1,,kaminoq,140,
sato_(osappun),1,,さと,140,
kazamidoririnn,1,,風見鳥菻,140,
chiika_(cure_cherish),1,,ちぃか,140,
hamukiyo,1,,はむきよ,140,
annin_cha,1,,杏仁茶,140,
chongzhen_085,1,,一般路过的巴黎探长,140,
yt9676,1,,yt9676,140,
nae_(rno),1,,なえ,140,
mardjan,1,,ミリメートル,140,
puti_devil,1,,ぷちでびる,140,
73suke,1,,73suke,140,
teardrops_(teardrops489),1,,teardrops_(teardrops489),140,
akira_ituki,1,,暁,140,
acaa,1,,acaa,140,
kurodeko,1,,くろでこ,140,
tonko_from,1,,ｔ子,140,
syurimp,1,,しゅり,140,
teruriu,1,,てるりぅ,140,
asoka,1,,あそか,140,
hourai_kiriri,1,,夢歸蓬萊鄉,140,
conte_ryuu,1,,コンテ留,140,
hakano_shinshi,1,,ハカノシンシ,140,
dodosako,1,,どどうさこ,140,
kaizeru,1,,カイゼル,140,
ozu_yugurou,1,,小津ユグ郎,140,
pero_(peroneko0510),1,,ぺろ,140,
repunit,1,,repunit,140,
re:ankh,1,,りーあんく,140,
joyfull_(terrace),1,,ジョイフル,140,
kakult2017,1,,王永翔,140,
ikr_(artist),1,,통깡이,140,
saltdrawyou,1,,saltdrawyou,140,
terufuu,1,,てるふう,140,
tommer,1,,トマー,140,
spiz,1,,spiz,140,
oji-sama_(ochi4t),1,,ロントー,140,
hehehzb,1,,核核hzb,140,
cuso4_suiwabutu,1,,ハエたたきバシバシ,140,
ryuusa,1,,流砂,140,
fawny,1,,しいる,140,
jambujok,1,,jambujok,140,
aru_(citrine_drplt),1,,ある,140,
wuju59,1,,ごきゅう,140,
melanin_shikiso,1,,とみ,140,
sumari,1,,sumari,140,
mameroku,1,,豆六,140,
ramb_chop,1,,ラムチョップ,140,
nigiri,1,,にぎり,140,
goma_konbu,1,,ごま昆布,140,
uno_usaya,1,,uno_usaya,140,
p_(pm_611a),1,,p_(pm_611a),140,
torinonest,1,,鳥の原稿,140,
unexistarts,1,,unexistarts,140,
shoboimu,1,,しょぼいむ,140,
shio_ga,1,,shio_ga,140,
iyofika,1,,お絵描きピッキ,140,
usape0kyun,1,,うさぺ,140,
urasanmyaku,1,,よん,140,
kurkoboltsi,1,,kurkoboltsi,140,
natsuki_yuu_(amemizu),1,,なつきゆう,140,
yao_liao_wang,1,,尧了望,140,
sakaya313,1,,酒屋,140,
niku114514810,1,,にく,140,
yukisiannn,1,,ゆきしぁん,140,
maruta_(denmasked),1,,マルタ,140,
sibata_maru,1,,みと,140,
gond,1,,ゴンド,140,
saibashi,1,,さいばし,140,
wani_(mezo),1,,わに,140,
roshin,1,,炉心,140,
hamita_(rikopin_ika),1,,はみた,140,
shinkai_toro,1,,深海TORO,140,
ta_(tama20150125),1,,ta(女子高生大好き,140,
orga,1,,orga,140,
yamada_ichizoku,1,,もきゅ,140,
kanosawa,1,,カノサワ,140,
kid_(kidocchi),1,,僕です,140,
ngayope,1,,M→んがょぺ,140,
ichikawa_ryuunosuke,1,,壱河柳乃助,140,
calpara,1,,calpara,140,
hasekura_chiaki,1,,支倉ちあき,140,
moth1,1,,디펫,140,
bccp,1,,bccp,140,
nevakuma_(fanfanas),1,,纸钞,140,
doumou,1,,ドウモウ,140,
sakuradou,1,,桜堂,140,
pyytato,1,,pyytato,140,
flukhan,1,,flukhan,140,
minahoshi_taichi,1,,水星たいち,140,
akiamare,1,,あきあまれ,140,
gohpot,1,,gohpot,140,
penguin_maru_(penginmaru),1,,ペンギンまる,140,
creat_(kuribeni),1,,くりべに,140,
sh1n_chan,1,,野良猫しんしん,140,
itsuki_sayaka,1,,一葵,140,
tsujigiri,1,,つじぎり,140,
bugi_33,1,,bugi_33,140,
abaratani_kurou,1,,助谷クロウ,140,
yoriyuki_chiyo,1,,頼千代,140,
kojiki-life,1,,りんご,140,
utakata_(azaka00),1,,泡沫,140,
kiru_(m_putorius),1,,きる,140,
w55674570w,1,,w55674570w,140,
kisaragi_chiyuki,1,,如月ちゆき,140,
kazahari_kazuho,1,,かずほ,139,
moko_eaka,1,,moko_eaka,139,
tesu,1,,てす,139,
nbrush19,1,,十九把刷子,139,
chaisia_art,1,,chaisia_art,139,
clero_(viprimo),1,,clero_(viprimo),139,
hadaparuka,1,,hadaparuka,139,
dobostorte,1,,도슈dobostorte,139,
equal_(heartstrings),1,,イコール,139,
bobok,1,,bobok,139,
chaban_eroi,1,,Chabanの裏,139,
wo_mingzi_bei_qile,1,,我名字被起了,139,
drawing_flover,1,,들풀,139,
jiman,1,,jiman,139,
siribang1215,1,,방실이,139,
greypidjun,1,,greypidjun,139,
ryanreos,1,,ryanreos,139,
kouzuki_(majc8345),1,,甲月,139,
kuma_daigorou,1,,熊中野だいごろう,139,
milk_puppy,1,,milk_puppy,139,
mizusaki_(kn27),1,,みずさき,139,
leona_(leona48),1,,leona_(leona48),139,
aopanda,1,,アオパンダ,139,
kooriais,1,,ice冰,139,
ikeda_jun_(aquaqua),1,,池田淳,139,
konato_k,1,,konato_k,139,
moezi,1,,moezi,139,
erikvarts,1,,erikvarts,139,
birdman46049238,1,,birdman46049238,139,
phloxberry,1,,phloxberry,139,
iku2727,1,,iku2727,139,
edajima_denki,1,,江田岛电气,139,
oito_(bowstringsmall),1,,O絃,139,
hahakigi,1,,ははきぎ,139,
ahhgik,1,,ahhgik,139,
ozaki_domino,1,,尾崎ドミノ,139,
tofu1601,1,,豆腐,139,
yoshinatsu,1,,ふゆのふくろ,139,
yangge,1,,阳戈,139,
kevin_arthur,1,,kevin_arthur,139,
seto_tinami,1,,瀬戸千波,139,
francisco_fonseca,1,,francisco_fonseca,139,
pienahenggou,1,,九十度无限嘿,139,
mokkori9,1,,おんたまスタイル,139,
ye_(ran_chiiipye),1,,ye_(ran_chiiipye),139,
h.pn,1,,흐펭,139,
jia_wenyuan,1,,假文苑,139,
starember,1,,starember,139,
taki_(a313131333),1,,taki_(a313131333),139,
oirin,1,,王維林,139,
akiakane,1,,秋赤音,139,
komepan,1,,こめぱん,139,
redpoke,1,,redpoke,139,
yamamura_saki,1,,やまむらさき,139,
tokaki,1,,奎,139,
waonaolmao,1,,waonaolmao,139,
yata_masahara,1,,八咫まさはら,139,
sonjow4,1,,アスフィルトライドラ,139,
pppppknw,1,,おさしみ,139,
happy_(happi_illust),1,,happy_(happi_illust),139,
tenteko_mai51,1,,てんてこ,139,
wakaho_riku,1,,wakaho_riku,139,
arapanchi,1,,arapanchi,139,
crescentia_fortuna,1,,crescentia_fortuna,139,
hime_gyo,1,,ひめぎよう,139,
aimitsu_(ibityuttyu),1,,あいみつ,139,
yufeng_kaete,1,,玉枫kaete,139,
kkaebing,1,,kkaebing,139,
keikei_(kitty_colors),1,,啓々,139,
tondamanuke,1,,狼,139,
leilin,1,,leilin,139,
east_(east_0o0),1,,east_(east_0o0),139,
kokouno_oyazi,1,,孤高のオヤジ,139,
hoshiibara_mato,1,,星茨まと,139,
cona_kinaco,1,,小奈きなこ,139,
huacai,1,,花菜,139,
aburisamon,1,,炙りサーモン,139,
krazehkai,1,,krazehkai,139,
sin_seishun,1,,월요일아침,139,
morishita_miyu,1,,森下みゆ,139,
takoongyi,1,,takoongyi,139,
landl,1,,landl,139,
nemoga,1,,ネモガ,139,
inaco,1,,いなこさら,139,
akaneman,1,,明寝マン,139,
nyuu_(pixiv12143565),1,,にゅう,139,
rylaera,1,,rylaera,139,
yuki_hotaru,1,,ユキホタル,139,
lun7732,1,,lun7732,139,
hare_(tetterutei),1,,はれ,139,
futapi,1,,ふたつのピーナツ,139,
lord_guyis,1,,lord_guyis,139,
furorida,1,,風呂,139,
sayousuke,1,,さようすけ,139,
genmon,1,,げんもん,139,
asahi_(uwa),1,,アサヒ,139,
shuru_y,1,,しゅ,139,
xi_oshir1,1,,xi_oshir1,139,
mikan_(ama_no_hakoniwa),1,,みかん,139,
crystalherb,1,,수정약초,139,
justsomenoob,1,,justsomenoob,139,
lunia,1,,lunia,139,
komiya_kuniharu,1,,小宮国春,139,
yaigi,1,,やいぎ,139,
kodama_(mmt_uf),1,,木霊,139,
bishi_(bishi),1,,鼻屎,139,
ryusei_(ryusei_b),1,,リューセイ,139,
yotti,1,,띵,139,
az_9649,1,,抹茶ラムネ,139,
nekorin_chu,1,,しえる,139,
kiriririn,1,,きりりりん,139,
sekaineko_001,1,,セカイネコ,139,
nakukoroni,1,,あわかわ,139,
tiankong_yiji,1,,世中之理纷争,139,
meyou_0319,1,,meyou_0319,139,
dhiea,1,,小玉袋,139,
shimofuri_kaeru,1,,霜降,139,
takeda_kanryuusai,1,,武田還流斎,139,
yukiyoshi_mamizu,1,,ゆきよし真水,139,
maeda_risou,1,,前田,139,
kunaboto,1,,クナボト,139,
smile_(rz),1,,smile_(rz),139,
terry_(pixiv3274443),1,,則井,139,
nr_(cmnrr),1,,nr_(cmnrr),139,
hermmy,1,,hermmy,139,
hi-na1,1,,hi-na1,139,
theta_(ponkotsu_works),1,,しーた,139,
kakeami,1,,カケアミ,139,
arakure,1,,あらくれ,139,
mia0309,1,,ミア,139,
takeponi,1,,たけぽにあん,139,
maki_(maki_pei),1,,まき,139,
kokono_coco,1,,此処之,139,
suru_(ksoo420),1,,suru_(ksoo420),139,
kuronezumi,1,,くろねズみ,139,
yuki_hime_haruka,1,,yuki_hime_haruka,139,
tomiwo,1,,とみを,139,
hua_hua_de_meme,1,,画画的么么,139,
hono,1,,ほの,139,
ohse,1,,桜瀬,139,
3u,1,,みゆ,139,
harumaki,1,,はるまき,139,
izuna_nie,1,,飯綱,139,
zihad,1,,z(更新停止,139,
ginzuki_ringo,1,,銀月,139,
asa_(swallowtail),1,,あさ,139,
nebbeli,1,,nebbeli,139,
mage_(harumagedon),1,,はるまげどん,139,
black_mutou,1,,ぶらっくむとう,139,
luuxiriver,1,,泸溪河葛三叔,138,
gy5hjtmlvu22471,1,,世を照らせ無限月読,138,
y4mori_gekko,1,,夜モリ,138,
ryofuhiko,1,,りょふ彦,138,
imamuu_(imamoon),1,,いまむー,138,
oni_kanzei,1,,oni_kanzei,138,
tettora,1,,tettora,138,
gabai,1,,ガーベイ,138,
trap_(drthumt),1,,trap_(drthumt),138,
natsu_(927013),1,,捺,138,
roku_aya_fuyu,1,,ろくあやふゆ,138,
railroadlion,1,,railroadlion,138,
suta_(clusta),1,,スタ,138,
jhony_caballero,1,,jhony_caballero,138,
naguno-0713,1,,なぐの,138,
shinatsukou,1,,しなつこう,138,
abab_xiaxia,1,,abab蝦蝦,138,
shain,1,,社員,138,
okudo61,1,,おくど,138,
wfa5051,1,,wfa5051,138,
maroame,1,,まろあめ,138,
naka_(buttergirl_02),1,,なか,138,
cel_da_lin,1,,cel_da_lin,138,
uchiuchi_keyaki,1,,内々欅,138,
bahao_diqiu,1,,bahao_diqiu,138,
teruisi,1,,てるいし,138,
lyusiola,1,,lyusiola,138,
katou_teppei,1,,加藤徹平,138,
tokisaka_makoto,1,,時坂まこと,138,
hikuchi_riku,1,,樋口りく,138,
uranosebi,1,,うらのす海老,138,
akiyomi,1,,秋詠,138,
usazirou539,1,,兎次郎,138,
arl,1,,五日,138,
toufu_0626,1,,凝固剤,138,
inaka_44,1,,なかしよん,138,
there2007,1,,there2007,138,
seeshin_see,1,,박시신,138,
alpaca_carlesi,1,,alpaca_carlesi,138,
olecafe2,1,,かふ絵,138,
demi_co,1,,デミ子,138,
shen_shipi_(agil548g6h6),1,,Shipi沈蛇皮,138,
yeonwa,1,,yeonwa/ヨナ,138,
wn_(wani-noko),1,,wn_(wani-noko),138,
gimseol,1,,김설,138,
kejuasin,1,,kejuasin,138,
yang_miemie_benti,1,,羊咩咩大司祭,138,
fdrc,1,,フレデリカ,138,
mizuki_tsukimori,1,,月森水貴,138,
wszkii,1,,wszkii,138,
terumi_rumi,1,,てるみるみ,138,
blaulilie110,1,,ちひろ,138,
basher,1,,basher,138,
aizenpochi,1,,愛染ぽち,138,
yuuki_shushu,1,,結希シュシュ,138,
hei_lang,1,,黑狼,138,
yariika,1,,やりいか,138,
bobotatamu,1,,キネタム,138,
usurai_rairai,1,,うすらい,138,
natsui_tuna,1,,なついツナ,138,
ssm_(ssm82048039),1,,ssm_(ssm82048039),138,
ochazuke,1,,お茶漬け,138,
hukahire0120,1,,しまぬん,138,
tomare_(akashingou),1,,とま,138,
shinonoko_(tubamecider),1,,shinonoko_(tubamecider),138,
iwako_(eiken3kyuboy),1,,いわこ,138,
reizou,1,,レイゾウ,138,
dkaism,1,,dkaism,138,
torano,1,,아리쁜이,138,
lie_lack1080,1,,世絵,138,
satoshi_(peso727),1,,はなぶささとし,138,
virgo76612871,1,,virgo76612871,138,
shadches72,1,,shadches72,138,
oki_kuro,1,,くろ,138,
fumirumochigashin,1,,不見餅臥真,138,
minamiya_mia,1,,三奈宮みあ,138,
bingkuaihei,1,,HtwoO过凝固,138,
odyk,1,,おだやか,138,
necomilk,1,,ねこみるく,138,
hinata_hirune,1,,ひなたひるね,138,
kenken_(keuken),1,,kenken_(keuken),138,
khoaphan96,1,,khoaphan96,138,
saolin_(wudangx),1,,武裆,138,
simoumi_217,1,,しもうみ,138,
odeko_yma,1,,odeko_yma,138,
cosmikaizer,1,,cosmikaizer,138,
usuba_kagerou_(shougyouchu),1,,薄羽陽炎＠修行中,138,
cccacademia,1,,cccacademia,138,
yasutak1192,1,,yasutak1192,138,
xianyu314,1,,沙雕工具人,138,
siya_ho,1,,siya_ho,138,
jinpaitugounan,1,,噶蛋,138,
astraea_(atelierastraea),1,,アストレア,138,
arado_balanga_(xchd7538),1,,アラド=バランガ,138,
noumin,1,,農民,138,
kurono_kito,1,,区宇,138,
oomura_yuusuke,1,,大村祐介,138,
nemu_(nora),1,,ねむ,138,
kachima,1,,kachima,138,
sysen,1,,sysen,138,
tsukino_omame,1,,つきのおまめ,138,
mottsun_(i_40y),1,,もっつん,138,
ryuu_ryuu,1,,龍竜,138,
chellyko,1,,chellyko,138,
psaber97,1,,psaber97,138,
dofresh,1,,dofresh,138,
asa_(1asa-0-asa1),1,,あさ,138,
kashiwagi_chisame,1,,柏木ちさめ,138,
akura514,1,,akura514,138,
toaruocha,1,,とあるお茶,138,
ikusotsu,1,,いくそつ,138,
hataraki_ari,1,,ハタラキ有,138,
fua_yuu,1,,風亜ゆう,138,
train_90,1,,trainでgo!!,138,
simuyutou,1,,死目魚頭,138,
antatica11,1,,南极之巅,138,
chernyyvo,1,,chernyyvo,138,
kaneblob,1,,kaneblob,138,
pelican_(s030),1,,pelican_(s030),138,
tamakorogashi,1,,たまころがし,138,
yuuka_(o.t.kingdom),1,,夕霞,138,
kowiru,1,,コヰル,138,
sherryqq,1,,sherryqq,138,
kao_ru05,1,,kao_ru05,138,
aizawa_chihiro,1,,藍沢ちひろ,138,
kazumasa,1,,カズマサ,138,
nekoi_hikaru,1,,猫伊光,138,
kishi_torajirou,1,,岸虎次郎,138,
sakuragi_kei,1,,櫻木けい,138,
katsuragi_nantoka,1,,葛木ナントカ,138,
deyuyama,1,,でゆ山,138,
koi_han,1,,koi_han,138,
natsu_narumi,1,,夏鳴海,138,
murasame_(sword_of_nmkr),1,,むらさめ,138,
aruva,1,,不確定空間,138,
cirima,1,,ちりま,138,
surumeri_(baneiro),1,,するめり,138,
meron_nouka,1,,メロン農家,138,
soeda_ippei,1,,添田一平,138,
byakuya_reki,1,,白夜ReKi,138,
al_(ahr),1,,Aruデニー,138,
kuma20151225,1,,白熊icecream,138,
yone_z,1,,よね,137,
q_haoyu,1,,ZaKo-哈尼喵,137,
qingfeng_canying,1,,清風殘影,137,
taku_artworks,1,,taku_artworks,137,
hei_tai_(kyaputen1),1,,黒汰,137,
rottenweiler,1,,炊飯器かえして,137,
ch_walnut,1,,초행,137,
al_guang,1,,al光,137,
paashe,1,,paashe,137,
twinklelitchii,1,,twinklelitchii,137,
kozzzy,1,,コスモス,137,
nokchamint,1,,녹차민트,137,
syxh,1,,syxh,137,
yuunagi_seshina,1,,夕凪セシナ,137,
izumida_fuyuki,1,,イズミダフユキ,137,
u_5ham0,1,,を。浦木田,137,
alien_888,1,,alien_888,137,
dr.lamina,1,,dr.lamina,137,
lucyfer,1,,lucyfer,137,
ochiaki,1,,おちあき,137,
catgirl0926,1,,catgirl0926,137,
nasubi_illust,1,,なすび,137,
leonardo_16sei,1,,れオナるド16世,137,
chubb,1,,包包,137,
keibi_inu,1,,警備犬,137,
deekei,1,,deekei,137,
kazekami_chino,1,,白百合学院委員会,137,
muis0802,1,,muis0802,137,
brulee,1,,brulee,137,
onimushi_hyogo,1,,鬼虫兵庫,137,
kyl490,1,,kyl490,137,
soriya,1,,세이쿄,137,
okiq,1,,おきく,137,
imtmcomics,1,,imtmcomics,137,
aya_shobon,1,,アヤ(´・ω・｀,137,
c-kyuu,1,,c級,137,
ao_(chung0u0),1,,蒼,137,
rqm55,1,,英菱伊出,137,
constellor,1,,constellor,137,
tarte_(hodarake),1,,タルト,137,
fan_mu_zhang,1,,番木章,137,
shibaebi_(yasaip_game),1,,▶竹,137,
tsuchi_(sh_spica1),1,,土,137,
natsume_koji,1,,なつめ糀,137,
yui_ko,1,,結,137,
yaya_chan,1,,yaya_chan,137,
daikinbakuju,1,,daikinbakuju,137,
hibino_000,1,,hibino_000,137,
shikisokuzeku76,1,,色,137,
nacht_musik,1,,夜々木なはと,137,
jyaco,1,,jyaco,137,
norio_(noriosub),1,,のりお,137,
shinkaiobake,1,,shinkaiobake,137,
kumanz,1,,イラスト,137,
xubai,1,,虚,137,
ohagetty,1,,ohagetty,137,
nyanmilla,1,,ｐｉで,137,
kotobuki_toro,1,,寿トロ,137,
jiu_fanglianhua,1,,久方,137,
tavi_(hosheezus),1,,tavi_(hosheezus),137,
sebunsu,1,,十惨,137,
dorkdragoon,1,,dorkdragoon,137,
koba_(kobako42),1,,あ,137,
satosi,1,,satosi,137,
bakko,1,,跋扈,137,
denfunsan,1,,電瘋扇,137,
kunimine_yuzuki,1,,国峰ユズキ,137,
e_(you33ou),1,,已沉寂,137,
renzu_(lens_02),1,,れんず,137,
chain's,1,,chain's,137,
zhu_fun,1,,渚fun,137,
zhumojian,1,,竹墨笺,137,
hyurisaki,1,,hyurisaki,137,
haru_no_manji,1,,春ノ卍,137,
kirino_souya,1,,きりの,137,
rapameri,1,,メリ,137,
oono_kanae,1,,オオノ,137,
kisaragi_kokoro_(hazuki),1,,如月心,137,
no6_gnsn,1,,no6_gnsn,137,
u_emper,1,,こうてい,137,
genniax,1,,genniax,137,
yabacha,1,,やば,137,
lanxjourney,1,,lanxjourney,137,
2c=galore,1,,2c=galore,137,
azami_masurao,1,,マスラオ,137,
waneella,1,,waneella,137,
iat-418,1,,iat-418,137,
toraya_(doujintraya),1,,とらや,137,
c3_piyo,1,,c3_piyo,137,
kusoyuridanchi,1,,ジョンソン,137,
zk_(zk_gundan),1,,zk軍団,137,
shibainu,1,,柴犬,137,
minishell,1,,minishell,137,
kouichi_eiji,1,,伊野瀬エイジ,137,
reido_(reido_c),1,,れいど,137,
muunai,1,,muunai,137,
morita_yuu,1,,ユウtmtm,137,
kawasumi_(japonica),1,,かわすみ,137,
meiji_(meizi493),1,,めいじ,137,
nekopantsu_(blt),1,,ねこパンツ,137,
doveking,1,,天空丿爱,137,
yulei_yuuuuu,1,,魚雷人,137,
kikunosukemaru,1,,菊のすけまる,137,
utomo,1,,ｕ朋,137,
thalia,1,,thalia,137,
pinchi,1,,ぴんち/Pinchi,137,
berg-yb,1,,博哥,137,
urkt_10,1,,よだ,137,
shinonoko,1,,シノノコ,137,
yamane_akira,1,,山根,137,
ayakase_riberi,1,,綾枷りべり,137,
asatte_3z,1,,あさって,137,
yeneny,1,,ビジー,137,
ox_(baallore),1,,ox(オックス,137,
kitsunebi_v3kokonn,1,,狐火,137,
matsuo_shogo,1,,ショゴ(shogo,137,
tsuki_suigetsu,1,,月水月,137,
ikei,1,,ikei,137,
shigeryun,1,,しげりゅん,137,
chaosringen,1,,ハイド,137,
hu_sea,1,,ユラユラ,137,
koza_game,1,,こざ,137,
gumilkx,1,,グミ,137,
inui_nagi,1,,犬居なぎ,137,
natsuk,1,,なつｋ,137,
kawaseki,1,,川関,137,
xue_lu,1,,雪璐,137,
youshu_ohepe,1,,チョビ,137,
shiying_no_yao,1,,诗莺の遥,136,
minoru_minoru,1,,穣々,136,
misaka_(missa),1,,御坂,136,
maewenmitzuki,1,,maewenmitzuki,136,
bochishiraita,1,,墓板,136,
sanami_(sanami_t_38),1,,さなみ,136,
kkghost_tv,1,,백일호,136,
komeko_(strikek-lvvjm27),1,,komeko_(strikek-lvvjm27),136,
fukujin,1,,fukujin,136,
princess_ailish,1,,princess_ailish,136,
feiwusheng,1,,朽绳,136,
keki_chogyegi,1,,けき,136,
venn_(vebonbon),1,,venn_(vebonbon),136,
omizu_(h2o),1,,おみず,136,
seisyuntarotto,1,,CODEーLLS,136,
kakuremino7928,1,,隠蓑,136,
tarutaru_yamaoka,1,,タルタル山岡,136,
hotechige,1,,ほてちげ,136,
nanase_chiori,1,,ちおり,136,
liyart,1,,liyart,136,
cyjalway,1,,small逆,136,
zest_(lossol),1,,ゼスト,136,
ame_miya_ta,1,,アメみや,136,
coco_(setawar),1,,coco_(setawar),136,
nanaumi_awono,1,,七海アヲノ,136,
hototogisu_(hot_to_gis),1,,とぎす。亭,136,
nogi_lief,1,,乃木lief,136,
epakim,1,,epakim,136,
wazawai_(isotwen),1,,災,136,
natu_a0z0ra,1,,青,136,
liwendala,1,,穿浪型狸纹猫,136,
doidamon,1,,どいだもん,136,
rosumini,1,,rosumini,136,
natsuko_(bluecandy),1,,夏子,136,
inoue_kouji,1,,すたじおいのp,136,
neggoartz,1,,neggoartz,136,
fukuiii0110,1,,ふくい,136,
bakaking,1,,ばかきんぐ,136,
konno_akikaze,1,,とりにく実験室,136,
yua_(yua0116),1,,夕海,136,
lion_space,1,,lion_space,136,
momone_cco,1,,もも寝子,136,
anba_kohaku,1,,庵葉こはく,136,
bizan_zan,1,,ざん,136,
teppu_tora,1,,てっぷとら,136,
susukawa_(susucawa),1,,煤川,136,
chigu,1,,ちぐ,136,
huo_ji_wu,1,,火継屋,136,
linglanjunying,1,,铃兰,136,
aer7o,1,,aer7o,136,
woppero_prpr,1,,をっぺろ,136,
1010_(wuthering1010),1,,1010_(wuthering1010),136,
koukashita,1,,koukashita,136,
momiahair,1,,モミア毛,136,
sa_ka_(sakanoya),1,,さか,136,
miemiebei,1,,咩北,136,
tobias_wheller,1,,tobias_wheller,136,
mona_kkkk,1,,mona_kkkk,136,
shishin_(shishintei),1,,紫心,136,
kyel_hyde,1,,カイル,136,
zhui_ming_jin_ge,1,,椎名金鸽,136,
fuyuhino,1,,ふゆひの,136,
itou_tatsuya,1,,fleda伊藤,136,
ksfactory,1,,ksfactory,136,
nakura_hakuto,1,,なくらはくと,136,
miruki,1,,はべみる,136,
hayashi_naoharu,1,,林,136,
eerr,1,,eerr,136,
aa44,1,,aa44,136,
habara_meguru,1,,羽原メグル,136,
numaguro_(tomokun0808),1,,沼黒,136,
gray_bear,1,,gray_bear,136,
b_(kana0816),1,,b_(kana0816),136,
noba-tan,1,,noba-tan,136,
herunia_kokuoji,1,,ヘルニア国おーじ,136,
paintedmike,1,,paintedmike,136,
kinjero,1,,kinjero,136,
suga_leon,1,,すがれや挑戦,136,
gimnang,1,,gimnang,136,
gotica,1,,gotica,136,
suteinua,1,,尾粥,136,
haruhitooo,1,,春人,136,
minazuki_mizu,1,,水無月みず,136,
baobei_(baobei_bu),1,,baobei_(baobei_bu),136,
okoge_senbei,1,,おこげ煎餅,136,
boogbogex,1,,布哥-BOOG,136,
octahooves,1,,BACHIバチ,136,
aikawa_ruru,1,,藍川琉々,136,
kita_(7kita),1,,キタ,136,
sengwaa,1,,新鲜山葵,136,
sogabe_shuuji,1,,曽我部修司,136,
azarashi6,1,,あでりーぬ,136,
sumeragi_tomo,1,,スメラギ,136,
lom_(lom_lom_8),1,,lom_(lom_lom_8),136,
qontamblue,1,,qさま,136,
arin_(1010_ssu),1,,arin_(1010_ssu),136,
piyo_(piyo8415),1,,piyo_(piyo8415),136,
tokita,1,,鴇田,136,
stellarspin,1,,stellarspin,136,
bm94199,1,,bm94199,136,
gotointhepark,1,,gotointhepark,136,
lin+,1,,林普拉斯,136,
yamano_rita,1,,やまのリタ,136,
ayyh,1,,spc.アヤ,136,
yasutange,1,,やすたんげ,136,
utatane_hiroyuki,1,,うたたねひろゆき,136,
sishenfan,1,,sishenfan,136,
asakawa_remon,1,,朝川,136,
dethmaid,1,,dethmaid,136,
icwine,1,,アイスウワン,136,
tribute_(tributism),1,,tribute_(tributism),136,
megakura_kinshi,1,,めがくらきんし,136,
tugmix,1,,tugmix,136,
yanutorie,1,,とり,136,
sebakanken,1,,セバカンケン,136,
watashishi,1,,watashishi,136,
henz,1,,henz-亨子不罗,136,
adpx,1,,adpx,136,
kotsu,1,,kotsu,136,
matsuno_canel,1,,松乃かねる,136,
kyanduru,1,,宵街綾乃節,136,
onao,1,,onao,136,
ujuro,1,,ujuro,136,
tamaki.,1,,環,136,
nihei_tsutomu,1,,nihei_tsutomu,136,
mistermagnolia,1,,mistermagnolia,136,
cizzi,1,,시찌,136,
mkm_(mkm_storage),1,,mkm_(mkm_storage),136,
dacchi,1,,だっち,136,
hitokuirou,1,,hitokuirou,136,
yuuki_sonisuke,1,,ゆうきそにすけ,136,
qiongsheng,1,,茕生,136,
karasawa-40,1,,唐沢四十,136,
yaki_mayu,1,,焼まゆ,136,
kurosujuu,1,,クロス十,136,
snale,1,,snale,136,
gao_tongren_wanjiebufu,1,,搞同仁万劫不复,136,
tainosuke,1,,鯛之助のリアル絵,136,
sethxzoe,1,,赤兵尉seth,136,
inon,1,,いのん,136,
moor,1,,moor,136,
fragrance_(freakyduck9000),1,,fragrance_(freakyduck9000),136,
aruti,1,,あるてぃ,136,
yukiyanagi_raki,1,,ラキ（くろえ,136,
mikuni_mizuki,1,,みくに瑞贵,136,
voruvoru,1,,ぼるぼる,136,
yk_(pixiv43531291),1,,yk_(pixiv43531291),136,
tenseiani,1,,転生くん,136,
dave_rapoza,1,,dave_rapoza,136,
xiaosamiao,1,,小颯猫,136,
moketto,1,,モケット,136,
digdug006,1,,堀専,136,
rakkyhappy,1,,rakkyhappy,136,
akanesanzou,1,,さんぞう,136,
caibao_return,1,,菜包return,136,
kurage1,1,,kurage1,136,
lowlight_kirilenko,1,,海貓氫彈庫,136,
eka_eri,1,,絵家,136,
nagumo_(nagumon),1,,なぐも,136,
mugitarou,1,,七緒つむぎ,136,
pump_(pumpqmuq),1,,pump_(pumpqmuq),136,
teba_motoko,1,,てばもとこ,135,
linear_71,1,,linear_71,135,
kurowanjjyang,1,,kurowanjjyang,135,
naru_0,1,,naru_0,135,
bingwei_huang,1,,黃柄緯,135,
uzr_akira,1,,斿明Akira,135,
yunomi_(yunomi1129),1,,yunomi_(yunomi1129),135,
mogupon,1,,モグぽん,135,
nearreya,1,,ニアレヤ,135,
blobcg,1,,blobcg,135,
miviy19,1,,miviy19,135,
yumeme_818,1,,夏鹿,135,
furiba_794,1,,降羽,135,
stem_(roam),1,,stem_(roam),135,
pingo,1,,pingo,135,
suzuno_(suzuno3110),1,,suzuno_(suzuno3110),135,
cotan_(actancyaga),1,,cotan_(actancyaga),135,
uta_guipiy,1,,uta_guipiy,135,
matsuu_(akiomoi),1,,松卯,135,
nikov,1,,nikov,135,
furisuku_(gerbera),1,,ふりすく,135,
satoyama_meu,1,,さとさん,135,
eco_376124,1,,エコ,135,
hanjuku_choco-pai,1,,半熟ちょこぱい,135,
acecore2k,1,,acecore2k,135,
bollzzalguy,1,,밥도둑-(짜장마스터,135,
raichi_(ddq0246),1,,らいち,135,
wang-xi,1,,哆啦小熙,135,
rome_(shiratama_house),1,,ろめ,135,
madaosw,1,,まだお,135,
takano_saku,1,,嵩乃朔,135,
ringopan,1,,あっぽー,135,
border0715,1,,ボダックス,135,
clea_(geee13),1,,clea_(geee13),135,
sasha_khmel,1,,sasha_khmel,135,
jidao_huashi,1,,極道畫師,135,
osmium-76,1,,osmium-76,135,
kumabachi315,1,,熊蜂,135,
keziedra,1,,keziedra,135,
massan,1,,まっさん,135,
tooku0,1,,tooku0,135,
ancolatte_(onikuanco),1,,プラリネ,135,
irodori_drawpic,1,,いろどり,135,
zu_tonatuyasumi,1,,zu_tonatuyasumi,135,
tama_sakura,1,,たまさくら,135,
o_ko_ge2024,1,,オコゲ,135,
hisui_(syarute),1,,翡翠石,135,
infinity_(kkx132),1,,infinity_(kkx132),135,
sawamura_aoi,1,,沢村,135,
toga_(toganawa),1,,トガナワ,135,
sakusya2honda,1,,sakusya2honda,135,
ryouto,1,,ryouto,135,
akatsuki_(aktk511),1,,あかつき,135,
fresa_pie,1,,毒腺,135,
hana_(h6n6_matsu),1,,花,135,
getsuyoshi,1,,げつよし,135,
rossciaco,1,,ロス,135,
aiyan,1,,あいやん,135,
karasu-san_(syh3iua83),1,,iasan（鴉参,135,
myam_(123ab456c),1,,먐,135,
megumi_kei,1,,啓蘭,135,
myrain56991013,1,,myrain56991013,135,
koikeya_(keroro7),1,,ドリル子,135,
rin31153336,1,,りん,135,
staryume,1,,星遥ゆめ,135,
silver-index,1,,樽猫のっと,135,
koppe_koppe,1,,コッペコッペ,135,
xinzhizhu,1,,锌之助QAQ,135,
kurumitsu,1,,くるみつ,135,
champi,1,,champi,135,
fpminnie1,1,,みにー,135,
ckln,1,,ckln,135,
konarofu,1,,こなろふ,135,
gihuta_hiroshi,1,,ぎふたひろし,135,
same_kujira_(challenger_310),1,,さ,135,
takahashi_masaki,1,,高橋まさき,135,
kazukingu,1,,かずきんぐ,135,
sifserf,1,,sifserf,135,
kawanami_eito,1,,江波,135,
koutarou_(plusdrive),1,,こうたろう,135,
yoru_aruki,1,,うぇるど,135,
potion_(moudamepo),1,,ぽ～しょん,135,
tetetsu,1,,tetetsu,135,
kasumi_seiki,1,,霞成貴,135,
hiyori_(20hiyori727),1,,ひより,135,
verslll,1,,verslll,135,
tanaka_hirotaka,1,,ウサ見,135,
kabocha_usagi,1,,かぼちゃ兎,135,
cotoji,1,,琴慈,135,
oimo_(14sainobba),1,,おいも,135,
maki_(letusgomaki),1,,まき,135,
wing_(aiastor),1,,髙橋つばさ,135,
meziro001,1,,シロハラ,135,
otsuki_(tm3n),1,,大槻,135,
ochano,1,,小秋奶茶,135,
nanakura_nanane,1,,七座菜々音,135,
koiori,1,,koiori,135,
yaya_hiyayaka,1,,ヤヤカ,135,
harino646,1,,harino646,135,
aikawa_tatsuki,1,,相川たつき,135,
ping_zhong_yu,1,,瓶中鱼,135,
aburaeoyaji,1,,油絵オヤジ,135,
same_(sendai623),1,,さめ,135,
irokari,1,,いろかり,135,
toichi_(11mtri),1,,トイチ,135,
mingchun,1,,明春,135,
gamerag,1,,松果,135,
hakuurei_amano,1,,ハクウレイ,135,
kobayashi_tetsuya,1,,コバヤシテツヤ,135,
mocha_(snowflake),1,,mocha_(snowflake),135,
messikid,1,,トルQ,135,
futaba_hazuki,1,,双葉はづき,135,
baimeme,1,,撸着撸着就,135,
m_(neteitai10),1,,エム,135,
keito_(keito-ya),1,,圭斗,135,
pige_pig,1,,屁葛Pig,135,
suzuki_jirou,1,,次郎,135,
aoi_(yooo009),1,,あおい,135,
kemigawa_mondo,1,,検見川もんど,135,
aono_(aonocrotowa),1,,あおの,135,
toron_(mino106),1,,νトロン,135,
benimura_karu,1,,红村かる,135,
kirisame_oreo,1,,あけぼのシルエット,135,
morinaga_kobato,1,,森永こばと,135,
cgator,1,,cgator,135,
tznb_last,1,,tznb_last,135,
rozea_(graphmelt),1,,こもれびどおり,135,
tousaki_umiko,1,,わだつみ,135,
jt_dong-agyoku,1,,ドン・アギョク,135,
63roku63,1,,63roku63,135,
xiaosan_ye,1,,小三爷,135,
d_tomoki,1,,d_tomoki,135,
scalizo,1,,scalizo,135,
talunilu_uu3,1,,たるにる,135,
meimi_k,1,,meimi_k,135,
ryuntack,1,,とも丸,135,
suzumetarou,1,,suzumetarou,135,
darkereve,1,,darkereve,135,
nigelungdayo,1,,{니게룽다요,135,
ru_(famia),1,,Ru鸽鸽嗝,135,
deg_(deguana),1,,deg_(deguana),135,
sungwon,1,,성원,135,
lovelovemaid,1,,衛星屋さんの地上ロボット製作,135,
zebrablack,1,,黒縞馬,135,
yamato_damashi,1,,大和,135,
violetshit,1,,バイオレットシット,135,
kizaki_(volvox),1,,キザキ,135,
potaaju,1,,ぽたーじゅ,135,
fuju,1,,fuju,135,
sukiyo,1,,スキヨ,135,
rugo,1,,るご,135,
esaka,1,,江坂ていあ,135,
nyazui,1,,にゃずい,135,
matahei,1,,またへい,135,
phat_smash,1,,phat_smash,135,
koriarredondo,1,,koriarredondo,135,
yuzuzukushi,1,,ゆづる,135,
natsuki_nori,1,,おちょのり,135,
kinakomochi_(kazuna922),1,,きなこもち,134,
heta,1,,heta,134,
satou_nui,1,,ぬい,134,
shinonome_zakuro,1,,ざくろ,134,
koshka_pic,1,,koshka_pic,134,
suzushiro_atsushi,1,,铃城敦,134,
tachibana_wataru_(123tsuki),1,,一二三月,134,
tirtyturtle,1,,tirtyturtle,134,
flatshi,1,,flat氏,134,
liita_(dusk_snow),1,,梨伊荼,134,
kurochomo,1,,黒長モ/Kurochomo,134,
shimizu_en_(shimizuen3310),1,,清水円,134,
matsunaga777,1,,matsunaga777,134,
nt_26,1,,チルコ,134,
eiryu33,1,,永龍,134,
mors_gn,1,,mors_gn,134,
yahan_(mctr5253),1,,yahan_(mctr5253),134,
bibimbub,1,,bibimbub,134,
mochi_(hanamaruudondesu),1,,モチ,134,
inada_roku,1,,いなだ,134,
legzy,1,,legzy,134,
ringo_no_usagi,1,,林檎,134,
shoko_(gs_music11),1,,shoko_(gs_music11),134,
soooooook2,1,,ソンスギ,134,
shanlieart,1,,shanlieart,134,
thrux,1,,thrux,134,
rio_(rio0v0o),1,,りお,134,
yabu_q,1,,ヤブq,134,
aomattya,1,,aomattya,134,
anniechromes,1,,anniechromes,134,
kuradrawings,1,,kuradrawings,134,
shirokuma-kun,1,,しろくまくん,134,
xlscaler,1,,xlscaler,134,
ikasoba,1,,イカそば,134,
sawaki_ken,1,,アマルダ,134,
abysswatchers,1,,abysswatchers,134,
07touka25,1,,とうか,134,
kabutomushi_s,1,,kabutomushi_s,134,
okeyadeokya,1,,おけや,134,
noshima,1,,しまの,134,
ceroccb,1,,ceroccb,134,
miharu_(cgsky),1,,美春,134,
delta_9,1,,delta_9,134,
yan-baru,1,,やんBARU,134,
yachi_(fujiyasu0616),1,,ヤチ,134,
susu_(ysy),1,,susu_(ysy),134,
tatsumi_yashiro,1,,たつみやしろ,134,
movik,1,,movik,134,
jura,1,,樹羅,134,
keyun,1,,塞小林,134,
rassie_s,1,,らっす,134,
yykuaixian,1,,仰望星空,134,
hako_momiji,1,,もみじb,134,
generic_ooban_yaki,1,,ジェネリック大判焼き,134,
yonchan,1,,yonchan,134,
eyokiki,1,,eyokiki,134,
gurumo_(twitter),1,,gurumo_(twitter),134,
giganticbuddha,1,,giganticbuddha,134,
hanabi_(ocha),1,,お茶,134,
eimizzzzz,1,,eimizzzzz,134,
nills,1,,nills,134,
sakurello,1,,sakurello,134,
ichi_kq,1,,イチカ,134,
yananang,1,,yananang,134,
albyee,1,,albyee,134,
youlizi-yuri,1,,游离子-Yuri,134,
iwasaki_masakazu,1,,いわさきまさかず,134,
kamitsuki_shion,1,,神月紫苑,134,
meltted,1,,meltted,134,
nakanishi_tatsuya,1,,中西達哉,134,
songdu,1,,松渡,134,
a_maru,1,,ウニティ,134,
kounoike_tsuyoshi,1,,鴻池,134,
kyuu_umi,1,,九海,134,
99akt1031,1,,酒気帯びの丘サーファー,134,
sasamaru_chimaki,1,,笹丸,134,
ryaru_ryaru,1,,りゃるりぃ,134,
punished_pigeon,1,,punished_pigeon,134,
sandcasks,1,,sandcasks,134,
eteru,1,,以太,134,
sola_(solo0730),1,,sola_(solo0730),134,
monsuu_(hoffman),1,,もんすー,134,
arthurlogansdps,1,,arthurlogansdps,134,
osage_gankyou,1,,おさげ眼鏡,134,
tsukuru_(seki_sabato),1,,作,134,
youchi123,1,,youchi123,134,
tomatika,1,,tomatika,134,
jing84672940,1,,舞弊大王,134,
suliavtuber,1,,suliavtuber,134,
mo_(pixiv9929995),1,,Momo千层,134,
kabocha_head,1,,かぼちゃヘッド,134,
morinosuke,1,,森之介,134,
chachi_(soulga),1,,备用盾构机,134,
yan_jhia,1,,菸宅,134,
nair_(mindcreator),1,,nair_(mindcreator),134,
ggli_(yuine_wantan),1,,ggぃ,134,
cryptidhermit,1,,cryptidhermit,134,
mo_(mocopo),1,,も,134,
bobobong,1,,bobobong,134,
ek_masato,1,,ekマサト,134,
cheschorv,1,,cheschorv,134,
kamekoya_sato,1,,サト,134,
ojyomu,1,,오죠무,134,
zummy,1,,zummy,134,
kigan'eiji,1,,きがんえいじ,134,
luna_(reclaimed_land),1,,屡,134,
yusao,1,,納亜納亜椎ユサオ,134,
pasikon,1,,ぴコ,134,
teletelo,1,,teletelo,134,
takenaka,1,,竹中,134,
yako_(pzy),1,,yako_(pzy),134,
nasakene,1,,だめなさ,134,
korisei,1,,孤裡精,134,
awei_(aweirua),1,,阿猥,134,
kisei2,1,,kisei2,134,
mrhunking,1,,mrhunking,134,
ryuno,1,,りゅうの,134,
sinobi_illust,1,,しのび,134,
ame_yamori,1,,雨屋森,134,
henkuma,1,,变熊,134,
chocola_vt,1,,chocola_vt,134,
howhow_notei,1,,ホー川,134,
hosoda_naoto,1,,細田直人,134,
doromame,1,,うぃうぃ,134,
kosuke_(bb),1,,小助,134,
ravenhart,1,,ravenhart,134,
pemu,1,,pemu,134,
bekkourico,1,,べっこうリコ,134,
ushas,1,,ushas,134,
lelioz,1,,lelioz（リロズ,134,
hagetapo,1,,ほぼ毎,134,
yuubararin,1,,yuubararin,134,
miyamae_porin,1,,宮前ぽりん,134,
lino-lin,1,,西西里渔夫,134,
takatsu_keita,1,,高津ケイタ,134,
remotaro,1,,れもたろ,134,
neekosiah,1,,neekosiah,134,
bondson,1,,bondson,134,
mishiro_shinza,1,,みしろしんざ,134,
sidarim,1,,시다림,134,
ninonuko,1,,にのぬこ,134,
kukatsuma,1,,くかつま,134,
sasurai_susuki,1,,流離薄,134,
mrkg_(arsfatuus),1,,mrkg_(arsfatuus),134,
telaform,1,,雷切,134,
weasel_(close-to-the-edge),1,,いたち野郎,134,
bonkiru,1,,bonkiru,134,
muusn,1,,hd拉跨,133,
kuzumotsu,1,,kuzumotsu,133,
enoki_(megaclam),1,,えのき,133,
xiisalt,1,,xiisalt,133,
matu_(matu19),1,,マツ,133,
tatami_kami,1,,たたみ神,133,
matsudo_aya,1,,いちろう,133,
fui_(fui29493452),1,,一一凫一一,133,
hsh7955,1,,황탼퓽닙챠,133,
ashimi_fugo,1,,葦海ふご,133,
veridraws,1,,veridraws,133,
yawdeone,1,,ぽゎーぉ,133,
unusualpie,1,,パイ,133,
drawink,1,,drawink,133,
midnight_(midnightstream3),1,,みっどないと,133,
shishio_(shishio5431),1,,洗洗球洗球球,133,
pandakorya,1,,ぱんだこりゃ,133,
chiyosuke_(nosuke21),1,,ちよすけ,133,
senri_(senri_sen),1,,千リ,133,
dai3,1,,dai3,133,
anzu_(01010611),1,,庵ズ,133,
littlecloudie,1,,littlecloudie,133,
nakuta,1,,ｎあくた,133,
shirai_tanuki,1,,しらいたぬき,133,
cola_(gotouryouta),1,,コーラ,133,
ahiru_tokotoko,1,,あひる,133,
usetsusakon2,1,,usetsusakon2,133,
ryusa_(gjgd7445),1,,ryusa_(gjgd7445),133,
lucasyecla99,1,,ルーカス,133,
yago8_pp3,1,,蜂やごはち,133,
greenu,1,,greenu,133,
zundamochi_(sera),1,,ずんだ餅,133,
kujira_gunsou,1,,くじら軍曹,133,
heijitsu_(paapuu),1,,たはる,133,
sky_wbo,1,,漆黑的势,133,
setakman,1,,洗濯メン,133,
midori_no_baku,1,,みどりのバク,133,
ierotak,1,,クレイト,133,
yagi_(yagi5art),1,,山羊,133,
antinese,1,,三世,133,
drdr_ao_midoro,1,,あおみどろ,133,
t_jiroo_(ringofriend),1,,tじろ,133,
charathegay,1,,charathegay,133,
buqiyong,1,,不器用,133,
rageman709,1,,rageman709,133,
geregere_(lantern),1,,淡水犬,133,
uza_(hellme),1,,폭스야밥먹어,133,
ximu_shilang,1,,【RE】くずやの久六【BOOT】,133,
tefutene,1,,tefutene,133,
takano_suzu,1,,えすゆうゼット,133,
jiaopiupiu,1,,匹匹匹匹匹匹匹,133,
mania_(fd6060_60),1,,マニア,133,
velahka,1,,velahka,133,
null_maru,1,,nullまる,133,
fanta_(the_banana_pistols),1,,ザ・バナナピストルズ,133,
nozora_yuzu,1,,望宙ゆず,133,
mangshuo,1,,芒朔,133,
kurohal,1,,ゑ,133,
old-night,1,,老宵,133,
komomo_(2899),1,,こもも,133,
shi646,1,,原稿シロ,133,
miyama_(kannsannn),1,,箕山,133,
norada,1,,のらだ,133,
nikulas_cage,1,,にくらすけいぢ,133,
yoshimizu_kagami,1,,美水,133,
kesiks0616,1,,消しKS,133,
honseie,1,,SEIEほんせいえ,133,
dou_(mame_eee),1,,豆吉,133,
ushidaihuku,1,,いれぐ白黒,133,
virgoart,1,,virgoart,133,
tamano_nae,1,,珠乃なえ,133,
morizo_cs,1,,モリゾー,133,
tepenchi,1,,てぺんち,133,
meowwniz,1,,meowwniz,133,
lolo_(kemonono),1,,ロロ,133,
shenmi_de_xigua,1,,不吃大米吃洋芋,133,
dramus,1,,ドラムス,133,
kashi,1,,華師,133,
arablue,1,,arablue,133,
lithographica,1,,リトグラフィカ,133,
sorairo_len,1,,空色れん,133,
shigure._(tennensui),1,,時雨,133,
shuuichi_(gothics),1,,shuuichi_(gothics),133,
katoryu_gotoku,1,,ゴトク,133,
bbizim03,1,,점심,133,
xini_m,1,,恭喜你,133,
hirokazu_(analysis-depth),1,,hirokazu_(analysis-depth),133,
sutei_(giru),1,,sutei_(giru),133,
emil_(fafa),1,,トマト（仮,133,
bebeneko,1,,べべねこ,133,
kuki_panda_(wkdwnsgk13),1,,空気パンダ,133,
kurumi_tsuchi,1,,くるみ餅,133,
ratto_(mobilis_1870),1,,やた,133,
chan1moon,1,,chan1moon,133,
carcass_(artist),1,,carcass_(artist),133,
n-mix,1,,えぬみぬみ,133,
sakuragi_rian,1,,桜木李杏,133,
dark_jewel_(gem_oblivion),1,,ダークジュエル,133,
shirai_yu,1,,ゆう,133,
uni_(maru231),1,,うに,133,
nemu_(ut_kakinotane),1,,ねむ,133,
binware,1,,瓶はワレモノ,133,
lodbyy,1,,ろどびい,133,
t_tsudaka,1,,t_tsudaka,133,
culotte_(hosenrock),1,,きゅろ,133,
kujo_awenn,1,,阿文KujoAwenn,133,
pak_ce,1,,pak_ce,133,
punto,1,,punto,133,
prtn_(ttnx),1,,prtn_(ttnx),133,
konohanaya,1,,此花宫詩久真,133,
roku_(rokkrn),1,,ロク,133,
ezaki_papiko,1,,ぱぴこ,133,
karo-chan,1,,カロ,133,
chiroron,1,,ちろ,133,
mei_ren,1,,眉稔,133,
karipaku,1,,かりぱく,133,
narae,1,,narae,133,
nanakusa_amane,1,,七草天音,133,
uzutanco,1,,うずたんこ,133,
kuon_yashiro,1,,久遠,133,
akizuki_ritchan,1,,にくてんｐ,133,
mugen_ouka,1,,夢幻桜花,133,
greenteaa,1,,綠茶茶,133,
natsunagi_takaki,1,,なつなぎ,133,
shikou_sakugo_(qqap9gt9k),1,,試行錯誤,133,
bbybluemochi,1,,bbybluemochi,133,
4690_(tkpbsk),1,,4690_(tkpbsk),133,
nyakelap,1,,にゃけらっぷ,133,
sc_naru,1,,scjcnalkcなる,133,
curry_gohan,1,,カレー御飯,133,
kim_kwang_hyun,1,,김광현,133,
takamiya_ren,1,,高宮蓮,133,
doku-chan_(dokkudokudoku),1,,dy＠お仕事募集中,133,
yuu201023,1,,ゆ宇,133,
archlich,1,,archlich,133,
tatata,1,,たたた,133,
smlltb,1,,smlltb,133,
cl_(summer_sama),1,,シーエル,133,
aa2233a,1,,秋貓,133,
nako_(nonrain),1,,なこ,133,
junajuice,1,,ジュナジュナジュース,133,
natsukawa_sarasa,1,,なつかわさらさ,133,
kujuu_shikuro,1,,しくろ,133,
albrt-wlson,1,,albrt-wlson,133,
mura_kuroe,1,,ムラ,133,
tsumuri_mai,1,,つむりまい,133,
abiko_yuuji,1,,"天""霽""晴",133,
taka_(taka_wo_kukuru),1,,タカ,133,
eriyama_e,1,,江利山,133,
foreign_blue,1,,foreign_blue,133,
komugiko_(bitte_komu),1,,こむぎこ,132,
aroha_j,1,,あろ,132,
panyatteria,1,,ぱにゃまりあん,132,
azezazel,1,,azezazel,132,
bureoeve,1,,ごいなし,132,
73sitimi,1,,73sitimi,132,
nagoshi,1,,夏越,132,
shan23852196,1,,shan23852196,132,
silver116,1,,silver116,132,
yuuge_(hangoban),1,,夕餉,132,
yano_akane,1,,矢野茜,132,
sasasa_(nashi),1,,沙々々,132,
tsunakawa,1,,つなかわ,132,
haowei_wu,1,,玫臼惹,132,
skullworms,1,,skullworms,132,
ei_tantan,1,,えーたん,132,
sha_(nz2),1,,샤,132,
massoukei,1,,マッソウ,132,
kiora06,1,,kiora06,132,
baesong,1,,귀여운게로켓배송,132,
seoki_(hi3031),1,,seoki_(hi3031),132,
edpan,1,,edpan,132,
snowcake47,1,,私期,132,
mag_(magburubon),1,,まぐ,132,
manabe_jouji,1,,真锅让治,132,
pirochi,1,,ぴろち,132,
aeon_ion,1,,イオン,132,
telu_(teluscarlet),1,,てる,132,
izumo_eoekaki,1,,izu藻,132,
reiruka,1,,れいるか,132,
reika_(reikadraws),1,,零花,132,
keyliom,1,,keyliom,132,
batchgooya,1,,バッチゴーヤ,132,
950magi618,1,,マギテ,132,
rumic_0620,1,,がきを,132,
korokoro_nekoz,1,,いぬころ,132,
akatsuki_(ggsy7885),1,,あかつき,132,
yataneko_(echigo),1,,ヤタネコ,132,
mawaridi,1,,mawaridi,132,
kabi_(zcwd8845),1,,kabi_(zcwd8845),132,
buket_pudding_i,1,,バケツプリン,132,
seion,1,,セイオン,132,
john_zerowb,1,,john_zerowb,132,
himagosan,1,,himagosan,132,
hua88331,1,,えび,132,
shinonome_neko-tarou,1,,東雲,132,
waku2kitchen,1,,わくわくキッチン,132,
zakro,1,,さんぐりあ,132,
airagency1005,1,,せんご,132,
hinatsu,1,,ひなつ,132,
amakawa_tamawo,1,,テンノン,132,
ada_badguy,1,,ada（´皿｀,132,
chamba,1,,chamba,132,
kabashima_yousuke,1,,かばば,132,
toeri_(rococo),1,,toeri_(rococo),132,
midnamana,1,,midnamana,132,
tyenka7728,1,,チェンカ,132,
matsu_84,1,,matsu＠例大祭欠席？,132,
hua_ha_jiazi,1,,花蛤夹子≮,132,
reo_adriano,1,,reo_adriano,132,
serafleur,1,,serafleur,132,
itsumi_(itumiyuo),1,,逸見,132,
kagurachi,1,,kagurachi,132,
takurou,1,,たくろう,132,
zbobo,1,,深空泽络络,132,
yuzhi,1,,羽織haori,132,
tyabesu,1,,ちゃべす,132,
toy(e),1,,toy(e),132,
fujioka_yatsufusa,1,,やつふさ,132,
kongari_tokei,1,,こんがり時計,132,
sushiuma_m,1,,モズ,132,
xintianou,1,,丁点,132,
rabb_horn,1,,うさぎのつの,132,
yi_lee,1,,yi_lee,132,
enomoto_hina,1,,榎本ひな,132,
kamon_rider,1,,kamon_rider,132,
yoruneko_yashiro,1,,夜貓社,132,
danpu,1,,DANPUの魂の器,132,
hallo_(rltkdydrltk),1,,hallo_(rltkdydrltk),132,
kim_da-yoon,1,,kim_da-yoon,132,
yatsumeunagi,1,,ヤツメウナギ,132,
natsugu72,1,,ナツグ,132,
drowsyww,1,,持續昏睡中,132,
nomio,1,,のみお,132,
whistlerx,1,,土撥,132,
minimilieu,1,,minimilieu,132,
tabao,1,,tabao,132,
moemoepiano,1,,音ノ羽萌,132,
paintale,1,,paintale,132,
jazz_(fukukan),1,,jazz/副官,132,
sirfy,1,,sirfy,132,
denkaisui,1,,電解水,132,
kurusu_tatsuya,1,,来栖,132,
dalrye_v3,1,,dalrye·ルペ,132,
ansy09080527,1,,阿一骨,132,
sicle,1,,シクル,132,
masuku_(saint_mask),1,,ますく,132,
mgomurainu,1,,もぐち,132,
liu_lan,1,,七月子書,132,
irotsuya,1,,いろつや,132,
ratise,1,,라티세,132,
nonono_nagata,1,,ののの永田,132,
ichinose_(sorario),1,,いちのせ,132,
yashemao_qishi,1,,鸭舌帽骑士,132,
shadeofshinon,1,,shadeofshinon,132,
cowengium,1,,こーえんじうむ,132,
lji_321,1,,lji_321,132,
aliceblue,1,,aliceblue,132,
akiba_hideki,1,,秋葉秀樹,132,
miitoban,1,,みぃとばん,132,
jouvru,1,,jouvru,132,
kate_(alice_catharsis),1,,少女カタルシス,132,
irono_(irtyu),1,,ゐろの,132,
pokkora,1,,ぽっこら,132,
akanasu,1,,赤なす,132,
natsu_(sinker8c),1,,捺,132,
nikka_(cryptomeria),1,,日花,132,
yonemura_kouichirou,1,,米村孝一郎,132,
wane_(ruki),1,,瑠軌,132,
orimiya_mai,1,,おりみや舞,132,
itsukia,1,,いつきあ,132,
saiko_(saisaka),1,,采子,132,
toasty_scones,1,,toasty_scones,132,
hasegawa_keita,1,,はせがわけいた,132,
satsuma_age,1,,さつま揚げ,132,
merry_(diameri),1,,メリー,132,
mizukami_ryouma,1,,前原ゆう,132,
kugi_ta_hori_taira,1,,钉田堀平,132,
fylus,1,,フィラス,131,
rodecchi,1,,rodecchi,131,
agm,1,,agm,131,
akiko54124,1,,akiko54124,131,
crazy02oekaki,1,,くれいじー,131,
eltir,1,,eltir,131,
saburo_des,1,,サブロです,131,
citizen_k_(pngj5475),1,,citizen_k_(pngj5475),131,
mr1thonk,1,,ガロウ,131,
xinhao,1,,信號,131,
akama_chlorine,1,,赤間,131,
jindogod,1,,진도갓,131,
umi-be-to,1,,うみべ,131,
makitoshi0316,1,,マキトシ,131,
piao_mao,1,,飘猫,131,
valhalla0707,1,,ぽん,131,
maymaru,1,,めーまる,131,
oekaki_taro,1,,oekaki_taro,131,
1340smile,1,,1340smile,131,
tkc_(user_snjd8547),1,,tkc_(user_snjd8547),131,
nikku_nana,1,,nikku_nana,131,
nasubi_no_manjiu,1,,なすびのまんじう,131,
nokino,1,,のきの,131,
jira_(ziraiya26),1,,じら,131,
djloops,1,,djloops,131,
siva-siva,1,,鱧,131,
fukamiki_kei,1,,深幹ケイ,131,
lori_hagami,1,,lori_hagami,131,
tosaka_(tosaka0001),1,,とさか,131,
itacho_(itasha_draws),1,,itacho_(itasha_draws),131,
the_raineman,1,,the_raineman,131,
srbready,1,,srbready,131,
shiomugi_(shio_mugi1107),1,,汐麥,131,
swainathan,1,,swainathan,131,
geometrie,1,,geometrie,131,
whitter,1,,whitter,131,
gi_ra1,1,,gi_ra1,131,
ap04astral,1,,ap04astral,131,
tsukudani_(ore624),1,,佃煮,131,
yukikawa_sara,1,,雪川桜空＠お仕事募集中,131,
col_person,1,,col_person,131,
panda_0035,1,,pan田,131,
chanmura,1,,ちゃんむら,131,
moai_(moai_world),1,,モアイ,131,
ebihurai,1,,えびふらい,131,
fortysansan,1,,戯画四十郎,131,
daweykun,1,,大卫,131,
sangsoo_jeong,1,,sangsoo_jeong,131,
momobug22,1,,发粪涂墙猫猫虫,131,
star-ring,1,,star-ring,131,
wanatsu_15,1,,わなつ,131,
hrk_(dxez4457),1,,hrk_(dxez4457),131,
yano_(edbr1022),1,,やの,131,
supersugar,1,,슈퍼슈가,131,
yoshio_296,1,,ヨシヲ,131,
prolatte,1,,不好喝的摩卡,131,
tamaki_iori,1,,暁民莉緒,131,
muraicchi_(momocchi),1,,むらいっち,131,
ameinu,1,,起ID无能,131,
inukkomaru,1,,いぬっこまる,131,
nm222,1,,とぉ,131,
hirai_chika,1,,平井ちか,131,
tomoe_(tomoe_200),1,,巴萌,131,
roku_(ntbr_fate),1,,ロク,131,
gurukorian,1,,グルコリアン,131,
takku,1,,たっく,131,
konori_(ahurerukuiizi),1,,このり,131,
9474s0ul,1,,9474s0ul,131,
sbbs,1,,오에엑구에엑,131,
lari_lab,1,,四方山,131,
fukuinu,1,,福犬,131,
gunsou1350,1,,群藻,131,
mitsukayurie,1,,mitsukayurie,131,
hachikuji,1,,かんな,131,
yozo_(stanky),1,,スモモ,131,
annidrw,1,,annidrw,131,
zack_(haiuinndo),1,,ザック,131,
kohaku_(csacu),1,,こはく。,131,
niko_kusa,1,,ニコくさ,131,
akatsuki_(kuon),1,,あかつき,131,
anju_(mocomocousagi),1,,あんじゅ,131,
hashiguchi_takashi,1,,ハシスタジオ,131,
niur,1,,niur,131,
eo_masaka,1,,EOまさか,131,
show_chiku-by,1,,名梨,131,
eru_(l_illust45),1,,える,131,
kirarin369,1,,kirarin369,131,
iskaydi,1,,iskaydi,131,
bokuya,1,,bokuya,131,
archvermin,1,,archvermin,131,
laceysx,1,,laceysx,131,
roivas,1,,救世主,131,
yuuri_(fukuroudou),1,,遊離,131,
satyuas,1,,satyuas,131,
archinoer,1,,archinoer,131,
ashina_merou,1,,すりおろしれんこん,131,
ru-pe_(gstm_0915),1,,ru-pe_(gstm_0915),131,
toru_k,1,,戸流ケイ,131,
sashima,1,,sashiま,131,
k0nfette,1,,k0nfette,131,
totesfleisch8,1,,totesfleisch8,131,
apoidea,1,,apoidea,131,
sinnra_art,1,,森羅,131,
zhixie_jiaobu,1,,止血胶布,131,
kasanui,1,,s: 笠,131,
lewdishsnail,1,,lewdishsnail,131,
poponko,1,,ぽぽんこ,131,
totororo,1,,春助,131,
arlene_(ju),1,,橘,131,
f.k_(hs225kr),1,,훠킹(f.k,131,
makarou,1,,まかろー,131,
neichiru,1,,ねいちる,131,
bintz,1,,bintz,131,
ashino,1,,あしの,131,
kokko_(kokko3045),1,,コッコ,131,
ryuuki_(hydrangea),1,,あわかさ,131,
kz_nagomiya,1,,和屋,131,
take_(draghignazzo),1,,タケ,131,
chokin_tsucho,1,,貯金通帳,131,
kemoyuri,1,,ゆりはやれ,131,
yayuyoyayuyo,1,,やゆよやゆよ,131,
hataya,1,,はたや,131,
nanana_narang,1,,nanana_narang,131,
shiawase_hougan,1,,幸せ砲丸,131,
rodney_(melagal),1,,メラガル,131,
kihane_atsusane,1,,あつさね,131,
ooyama_imo,1,,おおやまいも,131,
nichibotsu_(kitaziman),1,,ニチボツ,131,
mimitoke,1,,ミミトケ,131,
rias-coast,1,,リアス,131,
kasuga_souichi,1,,カスガソウイチ,131,
ikuya_koimori,1,,いくや,131,
onceskylark,1,,onceskylark,131,
mikicat,1,,麋鰭,131,
maruku,1,,まるく,131,
yomean!,1,,よめあん,131,
genshi,1,,玄師,131,
zukki_(suzukio),1,,すず木,131,
spade-m,1,,spade-m,131,
kansuke_(kansuke_717),1,,カンスケ,131,
itachi_kanade,1,,itachi_kanade,131,
fukujima_kiwi,1,,ぬるまゆ緑茶,131,
tsukise_miwa,1,,月瀬みは,131,
kotaka,1,,kotaka,131,
souryuu_(double_dragon),1,,双龙,131,
an-chan_(ananna0315),1,,あんちゃん,131,
yoongonji,1,,尹坤志,131,
ohoho,1,,おほほ,131,
berukko,1,,べるっこ,131,
zivmf,1,,zivmf,131,
sorono,1,,ソロノ,131,
yuelight,1,,yuelight,130,
seilidare,1,,seilidare,130,
minamit,1,,汀良,130,
drawloverlala,1,,drawloverlala,130,
file112056,1,,file112056,130,
tktkhappymchyru,1,,夜餡,130,
rinna_(xxrinna),1,,rinna_(xxrinna),130,
ling_huanxiang,1,,零的幻想,130,
von.franken,1,,von.franken,130,
skaarl_(artist),1,,skaarl_(artist),130,
mita_chisato,1,,実田千聖,130,
wuwuwu_(kriswu555),1,,巫嗚巫,130,
sei_8220,1,,sei_8220,130,
exiadoon,1,,えくしあどん,130,
isuke_(isuke_now),1,,いすけ,130,
yazu_(zoddiacz),1,,yazu_(zoddiacz),130,
semi_colon,1,,せみころん,130,
dramz,1,,전혁준,130,
cruzango0510,1,,cruzango0510,130,
dullahan_(alekey_art),1,,dullahan_(alekey_art),130,
millet_pepper,1,,ミリペパー,130,
roku_6,1,,ろく,130,
delta_nonbiri,1,,でるた,130,
nomu_(29_nom),1,,ノム,130,
samael_(5211),1,,えろすっす,130,
g_tsurius,1,,じつリス,130,
kumanou22,1,,くまの巣,130,
tokkieee_qian,1,,千千菟,130,
yyy_(zelda10010),1,,全班最菜嘤嘤嘤,130,
suamaru,1,,すあまる,130,
kurotea,1,,くらげっしょ,130,
majiro_(mazurka),1,,まじろ,130,
enporion,1,,enporion,130,
littiecy,1,,橘红色芭菲,130,
tamitami,1,,たみ,130,
uniunimikan,1,,うにみかん,130,
kenken28937178,1,,kenken28937178,130,
chef_no_kimagure_salad,1,,ヤマウチシズ,130,
shinchou_ni_kansuru_kousatsu,1,,伸長に関する考察,130,
ubwmitekure,1,,イッコウ,130,
david_nakayama,1,,david_nakayama,130,
kohaku_rinne,1,,琥珀りんね,130,
kurosawa_kazuto,1,,kurosawa_kazuto,130,
eichisu,1,,エイチス,130,
towatowa114,1,,十輪towa,130,
hayun,1,,hayun,130,
urtk07,1,,うらい,130,
masuda_(yousaytwosin),1,,枡田,130,
ikadamo,1,,いかだも,130,
nemuta_muu,1,,三郎＠睦月,130,
huade_xiami,1,,房太东,130,
sumisu_(rinsumi),1,,すみす,130,
yazawa_mana,1,,やざわまな,130,
lento_(glamour_works),1,,蓮斗,130,
bngb_love,1,,大眾琴人,130,
lancer24,1,,らんさー,130,
kemonya777,1,,けもにゃ,130,
zarory,1,,zarory,130,
dateya_torahachi,1,,伊達屋,130,
pen_guin15,1,,ぺんぎん,130,
eightman,1,,えいとまん,130,
miso-ha_(ukyuu),1,,味噌派,130,
inoue_warabi,1,,イノウエワラビ,130,
a_nzi_end,1,,安斎いよ,130,
mizuki_yuuma,1,,みずき佑真,130,
fatcat_booster,1,,capoki(カポキ,130,
saki_hajime,1,,サキ,130,
big.g,1,,big.g,130,
uyalago,1,,uyalago,130,
bluekalmia,1,,bluekalmia,130,
41_(taskmaster41),1,,41_(taskmaster41),130,
doskoinpo,1,,アトリエマゾ,130,
tsukizuumi,1,,月澄花奈,130,
kuroino_(kuroyashiro),1,,クロイノ,130,
cocoa_(cafe-hotcocoa),1,,ここあ,130,
kanimura_ebio,1,,蟹村虾夫,130,
riyo_(riyontoko),1,,リヨ,130,
nagiko_(mangalove1111),1,,凪子,130,
ell_0314,1,,エル,130,
okitafuji,1,,okitafuji,130,
ci4,1,,ci4,130,
domu_(hamadura),1,,domu_(hamadura),130,
clam_curry,1,,Asariカレー,130,
luzi,1,,luzi,130,
na_(sodium),1,,な,130,
icedango_(dpopic3),1,,icedango*黒潮麻紀,130,
kokokashira_(koko_ni_iru),1,,ここかしこ,130,
3suisousui,1,,3suisousui,130,
oskar_vega,1,,oskar_vega,130,
tenartistt,1,,tenartistt,130,
nadaka_harutsugu,1,,南高春告（梅干）,130,
nomayo,1,,野マヨ,130,
ok_ko19,1,,チョリソ〜,130,
luke_(kyeftss),1,,luke_(kyeftss),130,
nitarindx,1,,にたり,130,
tanaka_gorbachev,1,,田中ゴルバチョフ,130,
kzouzou,1,,ケイゾウ,130,
haruno_shuu,1,,ごみ,130,
miso_(b7669726),1,,味增,130,
morinomiya_ruri,1,,勘解由小路ルリ,130,
hourai_ninjin,1,,蓬莱人参,130,
yomotsuki_road,1,,ひろ,130,
uiroutsuji_yumihiko,1,,ういろうかい,130,
5saiji,1,,ごさいじ,130,
sewenan,1,,せヱなん,130,
mohei,1,,mohei,130,
shinabita_nasubi,1,,あおば,130,
pineapp_panda,1,,鳳梨ぱんだ,130,
ik18166181ik,1,,三吕口木,130,
chitose_(usacan),1,,ちとせ,130,
iincho_(airi8751),1,,いいんちょ,130,
doi_masayuki,1,,土居政之,130,
cglas,1,,cglas,130,
hiiro_yuki,1,,緋色雪,130,
lili_mdoki,1,,猫もどき,130,
isosceles_triangle_(xyzxyzxyz),1,,二等辺三角形,130,
shino_(r_shughart),1,,シノ,130,
chyoling,1,,千代,130,
doora_(dora0913),1,,ど〜ら,130,
sun-3,1,,"reading is given as み, Mi",130,
takeuchi_aya,1,,竹内アヤ,130,
lif_(lif_&_ref),1,,リフ,130,
kosaka_donten,1,,にっけるめたる,130,
unyon,1,,うにょん,130,
roang,1,,roang,130,
tenhiro_naoto,1,,天広,130,
sakura_hanatsumi,1,,佐倉はなつみ,130,
yotsuboshi-imai,1,,いまいともゆき,130,
kazuaki,1,,カズアキ,130,
tsukimoto_aoi,1,,月本葵,130,
kawai_rou,1,,朗,130,
yatatashira,1,,やた,130,
zhuxiao517,1,,木子翔,130,
poko_chin,1,,ポコちん,130,
alariko,1,,alariko,130,
mabera,1,,mabera,130,
rk_(cc15915r),1,,rk_(cc15915r),130,
xuu_shi_times,1,,虚蒔times,130,
xiangtu,1,,夢咲うさぎ,130,
iwanori,1,,いわのり,130,
haniwagi_(hal),1,,ハニワギ,130,
skym_(kumei),1,,skym_(kumei),130,
guttary,1,,野,130,
yaruwashi,1,,yaruwashi,130,
xkittyzx,1,,xkittyzx,129,
rco_as,1,,瀬川,129,
megrocks,1,,megrocks,129,
emesan_desu,1,,エメさん,129,
aki_maple,1,,aki_maple,129,
jen_bartel,1,,jen_bartel,129,
nekoya_minamo,1,,猫弥みなも,129,
zoolpal,1,,zoolpal,129,
ehirorotoon,1,,ひろろ,129,
miyayoki,1,,みやヨキ,129,
ten_(tentojidon),1,,貂,129,
bumcha,1,,bumcha,129,
usayaki_soba,1,,うさやきそば,129,
yadoo,1,,yadoo,129,
clov3r,1,,clov3r,129,
pockiseisont,1,,pockiseisont,129,
ryairyai,1,,ryairyai,129,
n2midori,1,,n2midori,129,
rhymewithray,1,,rhymewithray,129,
inasa_orange,1,,いなさ,129,
arcachii,1,,arcachii,129,
milkytiddyboy,1,,milkytiddyboy,129,
idasu_(hyun9164),1,,idasu_(hyun9164),129,
chickenuma_0,1,,TK(本物,129,
niss_oekaki,1,,niss_oekaki,129,
kmkz-art,1,,kmkz-art,129,
umihal,1,,やきとり海春,129,
yoir,1,,yoir,129,
amano_yoshitaka,1,,天野喜孝,129,
reinoni,1,,でゅある,129,
dasoin,1,,dasoin,129,
muaooooo,1,,muaooooo,129,
mintz912,1,,mintz912,129,
pinesphere,1,,パインスフィア,129,
quanx70909457,1,,quanx70909457,129,
yoshishi_(yosisitoho),1,,yoshishi_(yosisitoho),129,
gyuunyuu_pack_(tanaka),1,,牛乳パック,129,
seigo_suzuki,1,,鈴木セイゴ,129,
hoshi_(star-name2000),1,,ほし,129,
nametakeko,1,,なめたけこ,129,
dudeunderscore,1,,dudeunderscore,129,
k-d,1,,k-d,129,
imai_tomohiro,1,,imai_tomohiro,129,
kuzen,1,,Joranz狍,129,
li-mi,1,,リ-ミ,129,
dthmns,1,,dthmns,129,
021_shiro,1,,021_shiro,129,
nino_(shira),1,,大堀ユタカ,129,
adylaineart,1,,adylaineart,129,
okome_0628,1,,okome_0628,129,
anzu_1026,1,,あん豆,129,
juerucj,1,,書記官鳥ジュエル,129,
hasu_175,1,,みゃいど,129,
kuroume_(aihikarikuroume24),1,,くろうめ,129,
riko_(k_riko),1,,利行,129,
h.carrrrrrot,1,,カロロット,129,
memmemme,1,,めえる,129,
masamika10086,1,,マサミカ,129,
alpha_zwei,1,,alpha_zwei,129,
inaka_keikou,1,,イナカケイコウ,129,
tsukimoto_reiji,1,,つきもと,129,
gnarlypzofbread,1,,gnarlypzofbread,129,
seboneko,1,,背骨貓/せぼねーーこ,129,
minami_(minami373916),1,,みなみ,129,
shi_draco,1,,shi_draco,129,
mei_mezu,1,,mei_mezu,129,
ikusagawa,1,,轟,129,
waimoniku,1,,わいもにく,129,
motoi_ayumu,1,,基井あゆむ,129,
amayomiyu,1,,天夜みゆ,129,
ryugisa,1,,류기사,129,
kutabiretainu,1,,くたびれた犬,129,
kiyokura_meru,1,,きよ,129,
juniper_(artist),1,,juniper_(artist),129,
pg_(pgouwoderen),1,,PG小老弟,129,
jw_(wrdawrda),1,,jw_(wrdawrda),129,
ninjin_nouka,1,,人参農家,129,
sugac,1,,sugac,129,
sheya_chen,1,,丁丁框,129,
monja_(monja0521),1,,Monja(몬자,129,
mihato_senba,1,,おいひぇー,129,
woruta_(soloistlist),1,,うぉるた,129,
natucurage,1,,なつくらげ,129,
minato_yoshihiro,1,,湊良弘,129,
tiamat_(momokuri_mannen),1,,RYOー,129,
masatoshi_1219,1,,まさとし(仮,129,
zootan,1,,zootan,129,
black_bean,1,,黒豆,129,
cangchen,1,,蒼辰,129,
elvandec,1,,elvandec,129,
smile_(mm-l),1,,smile_(mm-l),129,
cpk_prd,1,,しいびけえ,129,
hitachi_sou,1,,ひたち,129,
4tb_(4tera_byte),1,,よんてら,129,
bion_(insomn_bion),1,,bion_(insomn_bion),129,
maneki-neko_(fujifuji),1,,マネキ猫,129,
bbul_horn,1,,bbul_horn,129,
tudurimike,1,,綴三毛,129,
amrkdrw,1,,amrkdrw,129,
tiri_man,1,,ちりまん,129,
kuma_king,1,,くまキング,129,
6maker,1,,6maker,129,
neko_blow,1,,呜呜猫吹,129,
hinabu,1,,ひな部,129,
danemaru,1,,堕ねまる,129,
supurai,1,,すぷらい,129,
chiyo_goya,1,,chiyo_goya,129,
sigangsan,1,,四分之三怪人re,129,
chiruto,1,,ちると,129,
yoshikawa_hiro,1,,yoshikawa_hiro,129,
hit_by_hit,1,,hit_by_hit,129,
nicca_(nicca11y),1,,猊卡,129,
nasakixoc,1,,のもと,129,
aruma_(sawayaka_tokuko_miruku),1,,あるま,129,
tsukimochikuriko_(tsukimochi_k),1,,つきもちくりこ,129,
soba_chatarou_(tita),1,,茶侘,129,
keyfanjun,1,,keyfanjun,129,
the_freakin_yui,1,,ザフリーキングーゆい,129,
7fuji_06,1,,ナナフジ,129,
shiraki_shiori,1,,白木栞,129,
kuronoiparoma,1,,クロノイ,129,
shouno_kotarou,1,,しょうのこたろー,129,
ichijou_hitoshi,1,,いちじょう ひとし,129,
shadowgrave,1,,shadowgrave,129,
shamisen_(syami_sen),1,,三味線,129,
kanmuri_(hanyifan30338),1,,かんむり,129,
zbura,1,,えもやま,129,
danhu,1,,danhu,129,
vient,1,,ふうらいどう,129,
natsuko_(summer_525528),1,,夏子,129,
yakumo_nanahara,1,,八雲,129,
infraton,1,,インフラトン,129,
akuma_(kishikaisei),1,,あくま,129,
hun_(uyonis),1,,らくがきおきば（仮,129,
kawamura_toshie,1,,川村敏江,129,
madara_sai,1,,まだらさい,129,
yoshizoe_eiko,1,,吉添瑛子,129,
kyoku_tou,1,,曲登,129,
matsushita_makako,1,,松下まかこ,129,
rei_(ilust9999),1,,ひ,129,
otogi_kyouka,1,,おとぎ狂化,129,
nobamo_pieruda,1,,のばも☆ピエルダ,129,
beru,1,,ベルシャリオン,129,
robographer,1,,robographer,129,
akatsuki_hiro,1,,暁ヒロ,129,
tori_(10ri),1,,トリ◯,129,
myung-jin_lee,1,,이명진,129,
mikami,1,,ミカミ,129,
sawara_noa,1,,早良のあ,129,
tsurupy,1,,つるぴー,129,
supernew,1,,슈퍼뉴/supernew,129,
yeurei,1,,yeurei,129,
saturndxy,1,,むーん,129,
7001,1,,ななせんいち,129,
yuumin,1,,ありすがわさゆき,129,
takigawa_geenito,1,,たきがわげえにと,129,
usa_(dai9c_carnival),1,,ウサ,129,
fukunaga_yukito,1,,福永ゆきと,129,
araki_kanao,1,,あらきかなお,129,
nagi_(shunsuke-manage),1,,ナギ,129,
tsunsuki_(naobe009),1,,ツンスキ,129,
metindone,1,,むせる,129,
liyuliyuzhou,1,,躺在路边的炸薯鱼条,129,
touryou,1,,touryou,129,
coba_(coba_xp),1,,キセ,129,
nin_nakajima,1,,nin_nakajima,129,
ixmmxi,1,,ixmmxi,129,
bonifasko,1,,bonifasko,129,
allosauc,1,,allosauc,129,
pura_(aiueo256375),1,,プラ,129,
chocomirukuaji,1,,狂犬,129,
aboude_art,1,,aboude_art,129,
moriguchi_nao_(naonao),1,,門口ナオ,129,
amemasu79,1,,アメマス,129,
asakura_kukuri,1,,アサクラククリ,129,
sstthei,1,,sstthei,129,
mao_yu,1,,猫鱼,129,
lanubis,1,,lanubis,129,
bingansuan_jiamouren,1,,丙氨酸甲某人,129,
libero_art_studio,1,,狸啵儿Libero,129,
azu_(azusayumix),1,,あず,129,
chiizu_ore,1,,ちぃずオレ,128,
yamada_sakura,1,,山田桜,128,
zukululuu,1,,zukululuu,128,
doriane_dojin,1,,ドリアーヌ,128,
d_(delt4),1,,d_(delt4),128,
tokujou_mino,1,,tokujou_mino,128,
sigmart03,1,,sigmart03,128,
rinki_(rink2),1,,rinki_(rink2),128,
ryusei2u,1,,ryusei2u,128,
saucybrtt,1,,saucybrtt,128,
lueduar,1,,lueduar,128,
ldd.ek,1,,ldd.ek,128,
huiqian,1,,事彗茵,128,
famepeera,1,,フェーム,128,
madori_(sayuri5),1,,眞酉,128,
takotakoagare85,1,,たこ,128,
m1rimorinku,1,,m1rimorinku,128,
sierit,1,,릿,128,
mitarashi_(5333069),1,,みたらし,128,
razillon,1,,razillon,128,
miaoyeza233,1,,星埜猫,128,
akaneko016,1,,akaneko016,128,
vidoakdame,1,,唯度,128,
amugea,1,,amugea,128,
aem01,1,,aem01,128,
tkr_241,1,,たくろう,128,
rizleting,1,,アデリット,128,
mugripley,1,,mugripley,128,
tetsukuzu_(yajirushi_shita),1,,テツクズ,128,
andreypavlow,1,,andreypavlow,128,
yuasa_akira,1,,湯浅,128,
yunon_oto_mad,1,,yunon_oto_mad,128,
qinnye,1,,来跟着叫试试？,128,
tabii,1,,たびー,128,
dusk_ming,1,,Dusk冥,128,
youamo,1,,柱柱,128,
arekishi_raiho,1,,あれきしらいほ,128,
rori_chuushin,1,,拉麵企鵝,128,
shiratsuyu_mone,1,,あかちゃんにんげん,128,
jovei,1,,Jovei蟹老板,128,
pirukusu,1,,ぴるくす,128,
kyuusui_gakari,1,,給水係,128,
kuragesensei,1,,くらげ先生,128,
vmat,1,,vmat,128,
gyu_chul,1,,리규철,128,
eureka_814,1,,ゆーりか,128,
dryseaweed,1,,dryseaweed,128,
holiday_(pangjelly),1,,パンゼリー,128,
kannagi_rei,1,,神薙丽,128,
cell_(fu_cell),1,,cell_(fu_cell),128,
yomesuket,1,,やゆよめ,128,
gamyuu_(gamyu),1,,ガミュー,128,
moriyama_shijimi,1,,森山志美,128,
oka_3776,1,,おかあ,128,
sumire_shisei,1,,sumire_shisei,128,
lunarscent,1,,lunarscent,128,
yangyaozigo,1,,yangyaozigo,128,
shirako_love,1,,煮込美,128,
wang_man,1,,王漫,128,
shumai_il,1,,shumai_il,128,
roshiakouji-chan,1,,roshiakouji-chan,128,
xiao_bo_kuai_kuai,1,,消波块块,128,
youpofen,1,,油潑粉,128,
wtparadise,1,,wtparadise,128,
aoya_(ayoyame18),1,,アオヤ,128,
haihaiera,1,,haihaiera,128,
gumi_(fwjn7284),1,,ぐみ,128,
horocca,1,,ほろっか,128,
chabaneko,1,,茶葉猫,128,
roborobocap,1,,roborobocap,128,
senri_(hrydy_o),1,,せんり,128,
nekopurin_(nyanko_prin),1,,ネコプリン,128,
ki_rin_9,1,,방순이마라탕,128,
yoni.,1,,ヨに,128,
nagitofuu,1,,凪兎ふう(ﾅｷﾞﾄﾌｳ,128,
pepedraws,1,,pepedraws,128,
mmu,1,,mmu,128,
sofa_(enogunomu),1,,のろむ,128,
nemun_(tamizzz),1,,ねむん,128,
rokukarashi,1,,六辛子,128,
arayuki_(sakurafubuki),1,,沐雪Arayuki,128,
nakura_haru,1,,なくらはる,128,
himadarou,1,,ひまだろう,128,
kirihara_aki,1,,渡边秀则,128,
tsugumi_(tgm_615486),1,,月海,128,
nonosaki,1,,ののやまさき,128,
blue_vert,1,,べる,128,
yukkyon_kyon,1,,ゆっきょん,128,
taki_rentaro,1,,瀧（たき,128,
hachita_(odangoya),1,,さぼ犬,128,
skn_1027,1,,skn_1027,128,
wucandan_de_gangtanke,1,,无残弹的钢坦克,128,
nonoa,1,,nonoa,128,
aria_pkmn,1,,aria_pkmn,128,
cementite,1,,セメンタイト,128,
kawamura_tsukasa,1,,川邑司,128,
nicole_pmonachi,1,,ぷも山にこ一郎,128,
manno_(kanpi2100),1,,まんの,128,
zuikillme,1,,zuikillme,128,
2t_(vmyz7342),1,,2t_(vmyz7342),128,
mo_(nmnme),1,,も,128,
hotel01,1,,hotel01,128,
shanqianqian_377,1,,山千迁,128,
ivory_(25680nico),1,,あいぼりー,128,
nat_latework,1,,奈津,128,
smurtz,1,,smurtz,128,
dobure18,1,,dobure18,128,
katzeh,1,,かっつぇ,128,
anago_nia,1,,ボウゼンメイデンアール,128,
ncww_rinichi,1,,オオ柴,128,
hokutoro64,1,,ホクトロ,128,
izumi_(nagashi),1,,和泉,128,
name_(oiuio),1,,なめ,128,
byefrog,1,,byefrog,128,
ootani_mikoto,1,,大谷みこと,128,
nyorotono,1,,にょろとの,128,
fgsketch,1,,fgsketch,128,
arsyky14,1,,arsyky14,128,
macciatto_(aciel02),1,,まきあっと,128,
reon_(dainagon_azuki),1,,ダイナゴン小豆,128,
saucer_(saucer752),1,,降落在你身上的雨终会停止,128,
an_yb,1,,an_yb,128,
tetsu_tissue,1,,鉄ティッシュ,128,
its2h35,1,,its2h35,128,
ozeu0916,1,,おぜう,128,
meron,1,,めろ,128,
kiragera,1,,kiragera,128,
koji_(wildlhz),1,,日常晃二,128,
fumi_(fumibeing),1,,ふみー,128,
kaeru_(kaerism),1,,小松菜屋,128,
neukkom,1,,neukkom,128,
najar,1,,najar,128,
pan_korokorosuke,1,,パンコロコロスケ,128,
gakuon_(gakuto),1,,楽音(がくと,128,
jg&solin,1,,极光&solin,128,
miyanome,1,,みやのめ,128,
habkart,1,,habkart,128,
nameless_(rynono09),1,,ネームレス,128,
takoyaki_neko-san,1,,タコヤキネコさん,128,
micho,1,,みちょ,128,
massigura,1,,まっしぐら,128,
momo_hiki,1,,momo_hiki,128,
0916psy,1,,0916psy,128,
ikawa_waki,1,,わき,128,
bong_(0u0bon),1,,bong_(0u0bon),128,
husagin,1,,フサギン,128,
waltz_(tram),1,,わるつ,128,
delica,1,,デリカ,128,
kuzu_(miduhana),1,,屑,128,
kasaneko,1,,けものなべ,128,
cat_with_a_brush,1,,イリヤ,128,
machinosuke,1,,マチノスケ,128,
zannen_hero,1,,ざんひー,128,
ritateo,1,,はるまげりたぷり���,128,
iga_tomoteru,1,,伊賀,128,
marisu,1,,まりす,128,
shiozaki_yuji,1,,塩崎雄二,128,
hario_4,1,,ハリオ,128,
uzuki_sena,1,,卯月せな,128,
pearl7,1,,pearl7,128,
hisakawa_riho,1,,緋紗川,128,
go-it,1,,go-it,128,
yuya_(oshidori),1,,熊耶,128,
kinketsu,1,,kinketsu,128,
ramochi_(auti),1,,裸餅,128,
butakun,1,,豚くん,128,
nyaou,1,,nyaou,128,
nezulet,1,,nezulet,127,
adramallih,1,,adramallih,127,
ome_(mercury_cigarette),1,,しぐぅ,127,
alva_(artofalva),1,,alva_(artofalva),127,
anti_kumo,1,,あんてぃー雲,127,
artofmiin,1,,Mïïn敏,127,
kuromasu,1,,黒鱒,127,
kitsunetenma,1,,kitsunetenma,127,
rozuberry,1,,rozuberry,127,
ishida_(segu_ishida),1,,いしだ,127,
juno_son,1,,juno_son,127,
cyacyacyacyaki,1,,メビウス·茶木,127,
lmg7811,1,,lmg7811,127,
kurage_(kurage19),1,,くらげ,127,
generalcanon,1,,じぇねらる,127,
sonech,1,,sonech,127,
disney_o626,1,,くるぶし,127,
tsukimi_mumi,1,,つきみむみ,127,
erua_(_8eru),1,,エルア,127,
nanop38,1,,菜乃はな,127,
takobutter,1,,たこバター,127,
wankosoba_(wanwan_soba),1,,わんこそば,127,
yu-y_(824412),1,,二值笔战士,127,
sakanaflyer,1,,skyfish.(天下の魚,127,
udonpan,1,,udonpan,127,
892_(atpz3848),1,,八9二,127,
honoca6190,1,,ほのか,127,
haru_(haru04316618),1,,春,127,
teng_zhai_zi,1,,藤宅仔,127,
sen_jin_chen,1,,森瑾晨,127,
chahiro,1,,茶尋,127,
watashitachino_kareshi,1,,ボンド,127,
migimiya_yoru,1,,みぎみや,127,
bigxixi,1,,BIG玺子,127,
nemu_(zutto_oyasu3),1,,ねむ,127,
nm_(nmnmlnln),1,,nm_(nmnmlnln),127,
shou_illust,1,,shou_illust,127,
okonon_(kado_colda),1,,木炭電池,127,
eumi_114,1,,ウミ,127,
oboro_keisuke,1,,いさ子,127,
takemi_kaoru,1,,タケミカオル,127,
wuubaiwan,1,,乌白,127,
toketa_neko,1,,とけたねこ*,127,
shelldy,1,,シェルディー,127,
tomura_amane,1,,雨,127,
by_mirin,1,,by_mirin,127,
yazato_ichimushi,1,,夜里一抹紫,127,
e_buki,1,,e武器,127,
m4rjinn,1,,m4rjinn,127,
akio_(akio1124),1,,あきおくん,127,
titanartx,1,,titanartx,127,
mizuki_gai,1,,水樹凱,127,
tamago_tomato,1,,たまごトマト,127,
jong_tu,1,,兔爷,127,
g7cdpdto2i6hot6,1,,嗯,127,
chama_(painter),1,,茶間庵,127,
ohn_pkmn,1,,おはね,127,
lechiennoir,1,,黒狗,127,
po_musubi,1,,ぽむすび,127,
kuzuno_ha,1,,りこぴん,127,
hachiya_nanao,1,,ハナ,127,
websake,1,,websake,127,
minawa,1,,みなわ,127,
harusame-r,1,,はるさめ,127,
feifu,1,,FEIFU家,127,
ikisugi_shokudou,1,,イキスギ食堂,127,
d-ryuu,1,,d-ryuu,127,
moro_precure,1,,moro_precure,127,
umiru,1,,うみるぽけ,127,
matsu_arts,1,,matsu_arts,127,
niko20223,1,,にこ,127,
eborel,1,,eborel,127,
meirong,1,,谜溶,127,
nishi_itsumi,1,,nishi_itsumi,127,
murasame_shia,1,,村雨,127,
tongari,1,,とんがり,127,
plusout,1,,plusout,127,
jiao_chang,1,,绞肠,127,
denpa_rasaito,1,,‡電波らさいと‡,127,
ekidona,1,,エキドナ,127,
choikfu,1,,choikfu,127,
kushami_deso,1,,まよねーず,127,
aki_inu,1,,あきいぬ,127,
balladeluce,1,,トンネルぬけたらスカイライン,127,
milephunter,1,,milephunter,127,
toki913710,1,,とき,127,
ggab0621,1,,ggab0621,127,
the_mad_mimic,1,,the_mad_mimic,127,
kuro_lee,1,,kuro_lee,127,
yoko_(nz_g),1,,横,127,
tendoshi,1,,てんどし,127,
tb_(spr1110),1,,tb_(spr1110),127,
ukiwakisen,1,,浮輪汽船,127,
kelinch1,1,,kelinch1,127,
indo_curry,1,,印度咖喱,127,
naruse_ill,1,,なるなるなるせ.ill,127,
yutsuki_warabi,1,,結月わらび,127,
takanashi_hiyori,1,,小鳥遊,127,
parapetto,1,,ぱらぺっと,127,
kanazawa_shinnosuke,1,,金沢真之介,127,
musicatopos,1,,musicatopos,127,
n9+,1,,n9+,127,
citrusmikan,1,,あいぎす,127,
ryker,1,,ryker,127,
garutaisa,1,,がるた,127,
m78_zaitaoaotezhanshi,1,,m78_zaitaoaotezhanshi,127,
oniku_(o29sukizero),1,,お肉,127,
mesushio,1,,雄塩,127,
tarabagani,1,,たらばがに,127,
mouyimouyi,1,,依只雀,127,
yuuta_(yuuta0312),1,,湯唄,127,
tmo-cat,1,,tmo-cat,127,
harutimu,1,,はるてぃむ,127,
takeu,1,,たけう,127,
sorashima_(117),1,,そらしま,127,
sanada_ina,1,,真田イナ,127,
breikka,1,,breikka,127,
shiliu_xian_xian_xian,1,,十六弦,127,
horiizumi_inko,1,,インコ,127,
devin_elle_kurtz,1,,devin_elle_kurtz,127,
marionette_(excle),1,,marioneッto,127,
wendao,1,,玟祷,127,
loveycloud,1,,loveycloud,127,
mikaku,1,,味覚,127,
futase_hikaru,1,,二瀬ひかる,127,
miito_(meeeeton333),1,,みーと,127,
getsumen_suibaku_ver._a(c),1,,雨雪ゆう,127,
aimi_(aimia492),1,,アイミ,127,
k_toast,1,,k_toast,127,
chiyonekoko,1,,ちよねここ,127,
kuromitsu_(9633_kmfr),1,,くろみつ,127,
arch_a4,1,,arch_a4,127,
miya_ur,1,,みやur,127,
orniflop,1,,心善金蟾,127,
teasmacker,1,,teasmacker,127,
hirose_madoka,1,,広瀬まどか,127,
rinko_(mg54),1,,こ,127,
wi-z_garage,1,,うぃー,127,
bailknight,1,,bailknight,127,
playzholder,1,,playzholder,127,
einheadt,1,,einheadt,127,
mudo_(saji),1,,むど,127,
frs2,1,,宋曼梦圣,127,
tekkowang,1,,北天野犬,127,
wazukani,1,,あくざぅ,127,
neko_mata,1,,ぢょん,127,
envyvanity,1,,envyvanity,127,
raineru_(gryffindor131),1,,ライネル,127,
novelance,1,,novelance,127,
menoziriath,1,,menoziriath,127,
weshika,1,,ヱシカ,127,
kokoyashi,1,,ここやし,127,
chikaya,1,,ちかや,127,
red-p,1,,赤p,127,
xuedaixun,1,,雪代薰,127,
deadprince,1,,Anthony小王子,127,
ludens_(inonaka_koubou),1,,不屈のLU,127,
odo_7ta,1,,オド,127,
kinoko_(hkn),1,,きのこ,127,
mikami_(mkm0v0),1,,みかみ,127,
tamakko,1,,たまっこ,127,
narumi_yuu_(bunbukudou),1,,成海优,127,
kaishaku,1,,介錯,127,
ootsuka_mahiro,1,,大塚まひろ,127,
hentai_oyaji,1,,変態おや痔,127,
murani,1,,むらに,127,
esoragoto,1,,えそらごと,127,
riftgarret,1,,riftgarret,127,
nut_megu,1,,夏メグ,127,
gigi_d.g.,1,,gigi_d.g.,127,
chataro1412,1,,茶太,127,
darnell,1,,darnell,127,
ookashippo,1,,大岡尻尾,127,
angel31424,1,,雪漣月,127,
taru_neko,1,,たるねこ,127,
nyantiu,1,,はちまる,127,
fujiwara_minaho,1,,藤原水穂,127,
okazuwa_shake,1,,いぬがみ,127,
zel-sama,1,,zel-sama,127,
miso_tanuki,1,,た,127,
laika_(sputnik2nd),1,,らいか,127,
nanotaro,1,,なのたろ,127,
komachi_narota,1,,なろた,127,
tanaji,1,,単味,127,
throat_(artist),1,,throat_(artist),127,
homare_(g_hmr88),1,,ほまれ,127,
siguya,1,,siguya,127,
ieiieiiei,1,,尻,127,
parallelrey,1,,parallelrey,126,
coppepan,1,,コッペパン,126,
z_(knkr1025),1,,トルエン,126,
koio,1,,koio山猫,126,
ruint,1,,砸坏室,126,
aygoftenover,1,,aygoftenover,126,
otabaaa,1,,おたば,126,
possama_(possama_no_inugoya),1,,ぽっ様,126,
dintoge,1,,dintoge,126,
rutorifuki,1,,rutorifuki,126,
3kuma,1,,3kuma,126,
nekroz7,1,,nekroz7,126,
igarashi_kenji,1,,ケンジ,126,
samess_333,1,,SSS[사메스],126,
kame_(nokonoko10271),1,,かめ,126,
bm_(bm364364),1,,bm_(bm364364),126,
mayotsunamayo,1,,mayotsunamayo,126,
ogawa_maiko,1,,小川麻衣子,126,
jelmul,1,,젤물,126,
lucidkana,1,,lucidkana,126,
4kimizuki,1,,水城,126,
usukawa_(uskw_sr),1,,うすかわ,126,
meru_(mer_milky77),1,,メル,126,
lyrie_luna,1,,lyrie_luna,126,
sakuratani_hane,1,,桜谷羽,126,
huaronanago,1,,huaronanago,126,
chabi_(amedama),1,,ちゃび,126,
cottage,1,,cottage,126,
majin_(marcia),1,,デビルダンス,126,
yanapy,1,,やなぎ,126,
riboshika,1,,リボシカ,126,
tanupon,1,,tanupon,126,
ppolar,1,,ppolar,126,
doruzou18,1,,ドルゾ,126,
ama_rei,1,,ドカ,126,
deyo_(nicijyou),1,,でよ,126,
maoh_yueer,1,,MAOH玥儿,126,
sion_(9117),1,,sion_(9117),126,
i10_ksw,1,,いと雲,126,
niwako,1,,にわ,126,
madotsuki_ren,1,,madotsuki_ren,126,
chamame,1,,茶豆,126,
aonogura,1,,蒼乃ぐら＠お仕事募集中,126,
nnnn,1,,nnnn,126,
eve_on_k,1,,いぶおんけ,126,
aoria,1,,라스,126,
jinou_rakugaki,1,,じ・の,126,
haruka_(haruka_channel),1,,はるか,126,
linfi-muu,1,,linfi-muu,126,
kimukimu,1,,キムキム,126,
sorrowny,1,,sorrowny,126,
baiguiyu,1,,ふゆ,126,
omiyacha,1,,かねこ,126,
frontrivers_kae,1,,frontrivers_kae,126,
mazu1kan,1,,잇칸⌬,126,
piatin,1,,ぴあてぃん,126,
doenji_(auto7233),1,,doenji_(auto7233),126,
yairo_ju,1,,やいろじゅ,126,
sanjinmogufufu,1,,sanjinmogufufu,126,
psidubs,1,,psidubs,126,
ideksams,1,,ideksams,126,
mimizuku_(mmiganaru),1,,みみずく,126,
a_kun,1,,aくん,126,
t-lex,1,,t-lex,126,
aoraine,1,,あおらいね,126,
kumo_tabetai,1,,雲食べたい,126,
ueharu,1,,うえはる,126,
konagi_(konotuki),1,,こなぎ,126,
slammo,1,,slammo,126,
ainezu,1,,ainezu,126,
shigurio,1,,シグマリオン,126,
machi_(wm),1,,Machi馬吉,126,
kagto_(alterna),1,,嗅人,126,
makingtawawa,1,,たわわ製麺所,126,
explosion_psycho,1,,あやたんく,126,
kir_(khw66136132),1,,kir_(khw66136132),126,
hakuuyori,1,,白雨より,126,
fuyukayui,1,,冬佳ゆい,126,
synn032,1,,synn032,126,
rong_yi_tan,1,,冗ー談,126,
hys-d,1,,ひすでー,126,
yaoshan_shi,1,,尧山岩,126,
wataichi_meko,1,,綿市めこ,126,
mr.takealook,1,,mr.takealook,126,
daeraeband,1,,nyamdol/お仕事募集中,126,
surie,1,,すり餌,126,
toratora_(nanahaba),1,,つかさ,126,
e-suke_(esk_illust),1,,えーすけ,126,
shiona_(siona0625),1,,汐那,126,
haru_ichigo,1,,はるいちご,126,
mokyuko,1,,もきゅこ,126,
supershrimpcakes,1,,supershrimpcakes,126,
hitsuki_(hiidukii),1,,ひつき,126,
dennryuurai,1,,電竜ライ,126,
etama_quomo,1,,etama_quomo,126,
kanase_(mcbrwn18),1,,金瀬,126,
greetload,1,,贺崽Load,126,
yuritamashi,1,,百合魂,126,
abarai_(abarabone),1,,アバケン,126,
hishigata,1,,ひし形,126,
soare_lucien,1,,soare_lucien,126,
narijade,1,,narijade,126,
serika,1,,セリカ,126,
suterisu,1,,すてりす,126,
ohigetan,1,,尾髭丹,126,
mei_ford,1,,mei_ford,126,
win_opz,1,,うぃお,126,
lalatia-meai,1,,左边的蛋有点痒,126,
kagura_kurosaki,1,,黒崎神楽,126,
mel6969,1,,めり,126,
bilibilida,1,,加速腐败,126,
ase_(nigesapo),1,,汗,126,
aopix_001,1,,aopix_001,126,
taroimo_(00120014),1,,たろイも,126,
yuki7128,1,,yuki7128,126,
nuo_(fttv3255),1,,糯,126,
konogi_nogi,1,,コノツギ,126,
youtian_(youtiange),1,,友天TED,126,
ruriwo_(ruriwo1894),1,,ルリヲ,126,
pillow_(nutsfool),1,,ぴ,126,
takuyarawr,1,,takuyarawr,126,
takehide,1,,武英,126,
torinoko_(miiko_draw),1,,torinoko_(miiko_draw),126,
mikuro,1,,mikuro,126,
bannouyakunta,1,,万能薬んた,126,
atltax_00,1,,あとるた,126,
fuyutuji,1,,フユ,126,
migumigu,1,,みぐみぐ,126,
arapi,1,,あらぴ,126,
pippi_(pixiv_1922055),1,,ぴっぴ,126,
joakim_sandberg,1,,joakim_sandberg,126,
uta_25,1,,uta_25,126,
bity3155660241,1,,是白缇哦,126,
ah_yoshimizu,1,,よしみず,126,
tekuteku_(yuuhodou),1,,てくてく,126,
moegi0926,1,,萌葱,126,
zerocastle,1,,浮世塵,126,
pos_(shiratama-ya),1,,あいざきせん,126,
to_camellia,1,,ポプリ,126,
uhouhogorigori,1,,ゴリラ,126,
renakobonb,1,,れなこぼんぶ,126,
kagehara_hanzou,1,,影原半蔵,126,
yokkora,1,,ヨッコラ,126,
h@ll,1,,えろえぼっとくん,126,
canape_(canape0130),1,,canape_(canape0130),126,
zaitsu,1,,ザイツ,126,
sawamura_hikaru,1,,澤村,126,
yki,1,,yki,126,
amicis,1,,あみきす,126,
nennen,1,,nennen＠お仕事募集中,126,
tabun_(osoracu),1,,たぶん,126,
matsunaga_garana,1,,松永がらな,126,
xiaoyin_li,1,,小音.里,126,
atsumisu,1,,あつみす,126,
uncle_rabbit_ii,1,,uncle_rabbit_ii,126,
kotake_standard,1,,小竹スタンダード,125,
syyn_(syyndev),1,,syyn_(syyndev),125,
shin_(shnnnnrn1),1,,真,125,
kosubi_(tsuneta328),1,,こすび,125,
eonyan_(chaeyang),1,,eonyan_(chaeyang),125,
masamune_mino,1,,マサムネ,125,
lupinu5,1,,lupinu5,125,
sena_chifuyu,1,,瀬奈茅冬,125,
ahageao49,1,,ahageao49,125,
jinusi,1,,地主,125,
sonzhondaya,1,,sonzhondaya,125,
myomomoo,1,,메추리빵,125,
karasuro,1,,からすろ,125,
narusawa_(njzc2582),1,,成沢,125,
heiz_illust,1,,heiz_illust,125,
shinoillust,1,,吉木シノ,125,
magnolia-baillon,1,,magnolia-baillon,125,
takamame,1,,たかまめ,125,
kuru_(4rfw7),1,,くる,125,
ian_olympia,1,,ian_olympia,125,
jacknife,1,,奈夫,125,
hoodier,1,,HoODieR(フーディエ,125,
tasogare_yanio,1,,黄昏,125,
toms,1,,toms,125,
garrett_hanna,1,,garrett_hanna,125,
yuuki_(yukko7474),1,,悠宇树,125,
shin_oooooo,1,,释-SHIN,125,
samaru_(seiga),1,,さまる,125,
px-tea,1,,ティー,125,
kise_inaka,1,,木瀬いなか,125,
yokuto,1,,よくと,125,
kuchibiru_keisuke,1,,山口びる,125,
nikusenpai,1,,nikusenpai,125,
amanda_kenny,1,,amanda_kenny,125,
hej_510,1,,hej_510,125,
qi_chuang_she,1,,七创社,125,
devonrex,1,,デボンレックス,125,
mokew,1,,mokew모큐,125,
moonb3702,1,,엔푸enfu,125,
katsura_masakazu,1,,桂正和,125,
kasumi_yuzuha,1,,kasumi_yuzuha,125,
rang_go,1,,순무,125,
kisaragi_yaya,1,,如月,125,
hahyaha,1,,하햐하,125,
lacampanule,1,,lacampanule,125,
katsuragi_(webmaster909),1,,かつらぎ,125,
orn,1,,orn,125,
surume01417,1,,ろくえもん,125,
yoru_uyo,1,,よるうよ,125,
funi_xd,1,,funi_xd,125,
sparrow_(jj2oxx),1,,雀,125,
huqu_(huqu45712),1,,九卿,125,
sonokare,1,,sonokare,125,
yumuto_(spring1786),1,,yumuto_(spring1786),125,
mo:oku,1,,mo:oku,125,
azazel1944,1,,黑暗王朝,125,
kama_(kama_ovo),1,,kama_(kama_ovo),125,
dudul,1,,dudul,125,
knightfang,1,,knightfang,125,
gouka,1,,ごおうか,125,
yukaa,1,,yukaa,125,
tamura_masafumi,1,,田村正文,125,
katanashi_(ktnsh_popu),1,,鶫,125,
sabi_(6535841),1,,sabi_(6535841),125,
keienu0,1,,けーえぬ,125,
linjie,1,,linjie,125,
uni_gyoza,1,,uni_gyoza,125,
remote_controller_4,1,,remote_controller_4,125,
sakuma_sanosuke,1,,sakuma_sanosuke,125,
nekonika_(e102k),1,,ネコニカ,125,
arch_05x,1,,arch_05x,125,
roko_roko_(doradorazz),1,,ロコ・ロコ,125,
cocolo_(co_co_lo),1,,cocolo_(co_co_lo),125,
huyunokure,1,,フユ,125,
cha_hanare,1,,cha_hanare,125,
ylceon,1,,ylceon,125,
smallpine_7,1,,すまるぴん,125,
tsukijitums,1,,tsukijitums,125,
jamrolypoly,1,,jamrolypoly,125,
shibano_kaito,1,,柴乃櫂人,125,
suigetu26,1,,翠月,125,
jotti,1,,ジョッチ,125,
chika_(06chimika13),1,,千翔,125,
mimi_n,1,,mimi_n,125,
darkness_yuma,1,,ダークネスゆま,125,
aaeru,1,,aaeru,125,
vogel_schwein,1,,フォーゲル,125,
kedama_(ughugjydthjdf),1,,けだま,125,
okayusonmu,1,,おかゆそんむ＠リクエスト募集中,125,
nikubou_maranoshin,1,,肉棒魔罗之进,125,
waterswing,1,,水ブランコ,125,
sugiyama_ichirou,1,,杉山,125,
tezy8art,1,,tezy8art,125,
knight_of_cydonia,1,,knight_of_cydonia,125,
kanibasami,1,,かにばさみ,125,
nnn_yryr,1,,nnn_yryr,125,
kanon_(sinto),1,,花音,125,
mike_(mikeneko),1,,ミケ,125,
maribou_(supermaribou),1,,maribou_(supermaribou),125,
samukzz,1,,samukzz,125,
aoinu_(aoinu_99),1,,あおいぬ,125,
tom_q_(tomtoq),1,,トムq,125,
chano_hinano,1,,茶乃ひなの,125,
zumi_tiri,1,,あええ,125,
traveler_(artbbt),1,,ある旅人,125,
otamashimai,1,,おたま姉妹,125,
sakura_ab,1,,さくらAB,125,
meolucky147,1,,meolucky147,125,
umeno,1,,うめの,125,
slm,1,,索罗萌Official,125,
psuede,1,,psuede,125,
loped,1,,로페드,125,
tony_(tonyworkroom),1,,招風引月,125,
kirou_(kiruyuu1210),1,,きるう,125,
hanami_haru,1,,花見はる,125,
sgt-jz,1,,sgt-jz,125,
violence_kumahina,1,,バイオレンスクマ雛,125,
ramen_(ooishi_kou),1,,らーめん,125,
kanlamari,1,,kanlamari,125,
h2o_(dfo),1,,h2o_(dfo),125,
mameyanagi,1,,豆やなぎ,125,
paco,1,,ぱこ,125,
dhfz181,1,,dhfz181,125,
konoe_yuba,1,,九重,125,
wakum,1,,낮잠자는방울이,125,
2sham,1,,パンジ,125,
nyaasechan,1,,ななせ,125,
donpa,1,,どんぱ,125,
ari_hinoko,1,,ありヒノコ,125,
maruchan.,1,,丸ちゃん,125,
whaleoil,1,,whaleoil,125,
oekakiboya,1,,oekakiboya,125,
konohana_saku,1,,井戸川より,125,
yatsuki_yura,1,,かなづきれん,125,
an_fyhx,1,,ふゆひ,125,
noppo,1,,noppo,125,
tenpura_(tenpura621),1,,てんぷら,125,
chiba_shuusaku,1,,千葉秀作,125,
mitsugi,1,,ミツギ,125,
tora_jun,1,,虎順,125,
hanarabiwarco,1,,はならびわるこ,125,
iyakun,1,,いやくん,125,
nazal,1,,ナザール,125,
fue_(tsuzuku),1,,笛,125,
aco_(koaya_ako),1,,コアヤアコ,125,
kutori_pan'ya,1,,九鳥ぱんや,125,
nanopai_kakumeikokonoyu,1,,ココノユ,125,
marin_(myuy_3),1,,まりる,125,
towako_(10wk0),1,,あぐり,125,
tofumang,1,,tofumang,125,
eihire,1,,うちゅうくらげ,125,
rsk_(tbhono),1,,rsk_(tbhono),125,
yatsune_rika,1,,ヤツネリカ,125,
shinano_yura,1,,しなのゆら,125,
oka_kojiro,1,,岡虎次郎,125,
mizunashi_hayate,1,,水無,125,
tomono_rui,1,,友野るい,125,
alisia0812,1,,alisia＠お仕事募集中,125,
yamahara,1,,やわはら,125,
toshima19699496,1,,toshima19699496,125,
kochoko,1,,こちょこ,125,
hamoto,1,,hamoto,125,
pontasu,1,,ぽんたす,125,
ecell,1,,ecell,125,
miyazawa_tsutomu,1,,宮澤努,125,
dellie,1,,dellie,125,
chiri_(o9o9),1,,ちり,125,
utsugi_(skydream),1,,空木,125,
edwin_(cyberdark_impacts),1,,エドウィン,125,
nbo,1,,んぼ,125,
nagidango,1,,なぎだんご,125,
4th_lol,1,,4th_lol,125,
sakura_szm,1,,櫻スズメ,125,
enjelicious,1,,enjelicious,125,
hevn,1,,hevn,125,
areuwuu,1,,areuwuu,125,
tarayama,1,,たらやま,125,
ekus_(xo_ekus),1,,ekus_(xo_ekus),125,
machipachi1901,1,,machipachi1901,125,
ponnetsu,1,,ぽんねつ,125,
aken,1,,あけん,125,
marui,1,,まるい,125,
daruia_(sabitare),1,,だるいあ,125,
kasugano_tobari,1,,春日野トバリ,125,
yoicha,1,,宵茶,125,
m4skedboi,1,,m4skedboi,124,
mugitoro_(dsfv2277),1,,むぎとろ,124,
smitty,1,,smitty,124,
pon_tanuki_(ga7fsrge9jxblaw),1,,ポンたぬき,124,
mia_(mianolog),1,,みあ,124,
pye_yyy,1,,派pye,124,
nicel,1,,nicel,124,
takekawa_shin,1,,武川慎,124,
dime-san,1,,dime-san,124,
hexaa,1,,hexaa,124,
homa_kura,1,,ホマ蔵,124,
agyou_sonokou_l,1,,ア行,124,
pluvium_grandis,1,,pluvium_grandis,124,
hibikissmoon,1,,黑羽,124,
oimo_imoo,1,,おいも,124,
onigiri_po_0205,1,,onigiri_po_0205,124,
evan_stanley,1,,evan_stanley,124,
rocni,1,,ろくに,124,
noshiro_tomoya,1,,ともや,124,
amatsu_amaguri,1,,イラストぽんぽん戦車,124,
mattang,1,,살구,124,
wadachi_yon,1,,わだちよん,124,
melciort,1,,めるきお,124,
opuricheri,1,,オプリチェリ,124,
myao_(o3o333),1,,メイリン,124,
yumejidake,1,,ユメジダケ,124,
motti_(motthi0711),1,,モッチー,124,
awii,1,,awii,124,
tan05,1,,ゆた,124,
aoneko4ao_(edwf7745),1,,あおねこ,124,
ramuri,1,,ラムリ,124,
newmoonshira,1,,newmoonshira,124,
luan_teng,1,,乱藤,124,
kotojima_motoki,1,,琴島もとき,124,
kugi_baketu,1,,クギバケツ,124,
the_dark_mangaka,1,,the_dark_mangaka,124,
kuro_namako,1,,なまこ,124,
wagariro,1,,わがりろ,124,
koeda0111,1,,こえだ商店,124,
aka6,1,,aka6,124,
gensuke_(ryun),1,,ゲン助,124,
greenapple,1,,アップリン(Appurin,124,
fcc_(fengcheche),1,,疯捏风車車,124,
haruchimo,1,,はるちも,124,
full_burrrrrrst,1,,フルバースト,124,
tomi27,1,,tomi27,124,
kimassi,1,,キマッシー,124,
latte_(latte_daruta2),1,,らて,124,
ing_(ing205509),1,,ing_(ing205509),124,
aya_chan1221,1,,aya_chan1221,124,
fyama,1,,まー九郎,124,
arc2urus,1,,arc2urus,124,
syachiiro,1,,syachiiro,124,
ashi_(dongshi389),1,,阿逝,124,
yorozuya_(yoroz_ryobi),1,,萬屋,124,
epitaph_(1122),1,,ハイリスクたかし,124,
dandandanholo,1,,dandandanholo,124,
baileymcpatty,1,,baileymcpatty,124,
hito_(maruhito),1,,hito_(maruhito),124,
bottle_(bottle1234),1,,bottle_(bottle1234),124,
lattes2,1,,ラテちゃん,124,
gen'en_(sioherashi),1,,げんえん,124,
teyoid,1,,teyoid,124,
qqqne,1,,QQ球球秋秋丘,124,
otosume_ruiko,1,,恋スル乙女,124,
furui,1,,古い,124,
onomiya,1,,おのみや,124,
iwai_ku_tsuki,1,,祝く月,124,
nashida_bell,1,,梨田べる,124,
otoo_(izanagi),1,,ぉとぉ,124,
tetsu_no_samurai,1,,唐浩雲,124,
myu-po,1,,美遊穂堂,124,
kashiwase_karune,1,,柏瀬かるね,124,
mikami_saka,1,,三香見サカ,124,
takamune_mm,1,,隆宗,124,
rinku_(rin9),1,,りんく,124,
ekina_(1217),1,,ekina(에키나,124,
kachin,1,,kachin,124,
gotoo,1,,ゴトー,124,
maga_mok23,1,,모기,124,
renka_(renkas),1,,蓮禾,124,
muranisaki,1,,もちゃん,124,
sunao_(souis),1,,スナオ,124,
ecchi-o,1,,ecchi-o,124,
miniru,1,,みんぐ,124,
verien,1,,verien,124,
natsumi_chorisuke,1,,夏海ちょりすけ,124,
bingchuan_xian_yu_huang,1,,冰冻鱼粽,124,
navybluesparrow,1,,紺雀ナノ,124,
karin_(a62826704),1,,かりん,124,
youkan_(tako),1,,ようかん,124,
4040_(abonriya),1,,あぼんり,124,
xiaoxiaoyifan,1,,小小依帆Zzzz,124,
yippee,1,,yippee,124,
tamafurin,1,,tamafurin,124,
fasnakegod,1,,燃烧的基毛,124,
hakurogi,1,,hakurogi,124,
pinkmarine,1,,핑크마린,124,
kado_51,1,,あぼかど,124,
toyoi_yuuta,1,,豊井祐太,124,
wakuseiy,1,,惑星,124,
tomcat_(moconeko),1,,トムキャット,124,
ryuuji_teitoku,1,,りゅうじ,124,
rikihana_momo,1,,もも,124,
hachimi,1,,はちみー,124,
kainkout,1,,kainkout,124,
shimo_shiina,1,,椎名Shimo,124,
azuma_sawayoshi,1,,アズマサワヨシ,124,
kabe_piko,1,,ピコ,124,
p_(flavorppp),1,,p_(flavorppp),124,
hitsuji_takako,1,,ひつじたかこ,124,
asagi_(banzoku210),1,,浅戯,124,
hiyopuko,1,,ひよぷこ,124,
mchiefy,1,,mchiefy,124,
13-gou,1,,13-gou,124,
kasseus_maximus,1,,kasseus_maximus,124,
yuzuki_(hmr813k),1,,柚木,124,
logknn,1,,logknn,124,
ashraely,1,,ashraely,124,
mikurun,1,,みくるん,124,
rbfnrbf_(mandarin),1,,귤,124,
baicha,1,,梅茶,124,
kep_(ahokep),1,,kep_(ahokep),124,
6_yin,1,,6_yin,124,
nabenko,1,,かにむし,124,
potetos7,1,,potetos7,124,
rumiko_(rmeco),1,,るみこ,124,
porkjinta,1,,刃太,124,
jigoku_meguri,1,,地獄巡り,124,
siniy,1,,ルルベル,124,
bushinofuji,1,,ぶしのふじ,124,
sjw_kazuya,1,,sjw_kazuya,124,
aubz,1,,aubz,124,
kuroshima_kurishiro_(muyi24108414),1,,黒岛菠萝派,124,
denchu_(kazudentyu),1,,でんちゅー,124,
nontao,1,,のんたお,124,
kaiware-san,1,,かいわれ,124,
takahashi_ren,1,,takahashi_ren,124,
irouha,1,,伍郎八,124,
earlgrey,1,,アールグレイ,124,
moriya_naoki,1,,守屋直樹,124,
redlight,1,,花よりつぼみ,124,
shirota69,1,,shirota69,124,
yun_ling,1,,yun_ling,124,
kurozero,1,,クロゼロ,124,
urokozuki,1,,ウロコヅキ,124,
cheunes,1,,츠넷,124,
milin_(orange_maru),1,,milee/전미리,124,
sumi_kichi,1,,角角吉,124,
miyatsuki_itsuka,1,,美弥月いつか,124,
kimuti-g,1,,kimutiのひみつのお部屋,124,
takanashi_akihito,1,,ひつじ,124,
arudebido,1,,アル,124,
uka_(color_noise),1,,雨花,124,
muro,1,,むろ,124,
takamoto_akisa,1,,上下右左,124,
illusionk,1,,八百景御夢,124,
abriel00,1,,亞,124,
isou_nagi,1,,いそう凪,124,
arakumachikano,1,,荒熊ちかの,124,
yo_mo,1,,よ,124,
yeero,1,,yeero,124,
sivamaron,1,,柴まろん,124,
velia,1,,velia,124,
maru-sun,1,,まるサン,124,
yukihama,1,,yukihama,124,
shino-o,1,,あおい,124,
big_ddos,1,,big_ddos,124,
bea_lenoir,1,,bea_lenoir,123,
senada37,1,,새나다,123,
cedric_(gear_art),1,,cedric_(gear_art),123,
idemi,1,,idemi,123,
tagosaku_(tatsukiuma0329),1,,タゴサク,123,
furanh,1,,furanh,123,
tabun_ningen,1,,うぽ,123,
jandare,1,,じゃんだれ,123,
akaiguarts,1,,akaiguarts,123,
noa_pisces,1,,野明(ノア,123,
aoi_(aoisaka),1,,あおい,123,
akarinnndesu,1,,アカリン,123,
sayaka_ikku,1,,sayaka_ikku,123,
leer.meer,1,,leer.meer,123,
sanatsuki_(user_cgxu2455),1,,さなつき,123,
miji_black,1,,miji_black,123,
tententuyu,1,,tententuyu,123,
miyu_10969,1,,mi゜,123,
puyopiku,1,,てとる,123,
silegesi,1,,丝了个丝,123,
creamboyo,1,,creamboyo,123,
meda_cha,1,,めだまやき,123,
blackstick128,1,,Scorpena/スコルペーナ,123,
kotowaza,1,,ことわざくん,123,
sa-fu_(sfmk39),1,,サフ,123,
sinpadart,1,,sinpadart,123,
ushiina,1,,ushiina,123,
saitou_rokuro,1,,斉藤ロクロ,123,
garter-velvet,1,,がたべる,123,
tkugane,1,,tkugane,123,
muju,1,,muju,123,
yuyumatsu,1,,ゆゆまつ,123,
natsuki_(2917),1,,奈月,123,
mokkyo_(motkyo),1,,もっきょ,123,
asakoline,1,,asakoline,123,
cariboy,1,,卡叔,123,
gimyogi,1,,gimyogi,123,
sudeni_sokurou,1,,既既,123,
kusarigama_sshimi,1,,鎖鎌の刺身,123,
coruthi,1,,コルティ,123,
rat_nkmi,1,,ねずみ,123,
404no2929,1,,ヨン,123,
ginias,1,,纪年Ginias,123,
hattouissenbaka,1,,hattouissenbaka,123,
zephyr164,1,,zephyr164,123,
nanase_young,1,,小杨同学,123,
hcstyrus_ii,1,,hcstyrus_ii,123,
matsuno_opa,1,,matsuno_opa,123,
himura_anzu,1,,樋村あんず,123,
chikinan_tarou,1,,ちきなん,123,
mini_mamu,1,,みにまむ,123,
nap_muntarou,1,,お昼寝むん太郎,123,
tsukira_kira,1,,きらつき,123,
kujya,1,,くじゃ,123,
ninyo_(user_pddg5877),1,,ニーニョ,123,
tomoe_(pixiv_53856103),1,,巴萌,123,
zcx,1,,Zcx在摸鱼,123,
qingming_tiaohetu,1,,清明跳河图,123,
sakuragi_raia,1,,桜木,123,
a-king,1,,石の家,123,
shrimperini,1,,shrimperini,123,
goya_(xalbino),1,,蜜姫モカ,123,
ling_yun_(amadare0803),1,,零韻,123,
miyaka_(58305841),1,,miyaka_(58305841),123,
molingxiang_chimangguo,1,,猫屋团子,123,
mugita_(mokankan),1,,麦田,123,
chikabe,1,,かべ,123,
pnk_crow,1,,pnk_crow,123,
rakinegimagi,1,,瀞川くぇ,123,
nabe0721,1,,nabe0721,123,
remapack77,1,,remapack77,123,
kayuu_(hikentai0112),1,,かゆう,123,
123456dyom,1,,둄十郎,123,
ogi_non,1,,おぎノン,123,
paranoid.droid,1,,paranoid.droid,123,
ontake2009,1,,ontake2009,123,
yurosuke,1,,ゆろすけ,123,
teti,1,,てち,123,
muteki_soda,1,,无敌苏打,123,
arawi_keiichi,1,,あらゐけいいち,123,
drag009,1,,drag009,123,
nueegochi,1,,nueegochi,123,
ugura_(ugurax),1,,うぐら,123,
yghm,1,,yghm,123,
komi_shin'ya,1,,古味,123,
gobou_1000,1,,ごぼう,123,
hachimitsu_hinako,1,,蜂蜜ヒナ子,123,
badluck2033,1,,badluck2033,123,
oshake,1,,おしゃけ,123,
torisanff14,1,,じぇいみー,123,
chocolate_(jitong),1,,a痛,123,
vesperia,1,,ふ～りん,123,
pjman,1,,pjman,123,
kotomi_(happy_colors),1,,かくたすくらふと,123,
bloody0rabby,1,,bloody0rabby,123,
bonjourdraws,1,,봉주르,123,
hachiman_(douno),1,,緑の狸,123,
narukan,1,,なる缶,123,
bowknot_huhu,1,,娜娜米的蝴蝶结,123,
konfuzikokon,1,,こんふじ,123,
tachinori_buranko,1,,tachinori_buranko,123,
irisu-chan_(yumemiruk),1,,irisu-chan_(yumemiruk),123,
higashizukihi_sei,1,,東月陽西,123,
rererere_mon,1,,Reモン,123,
kuroten,1,,くろてみゆ,123,
yumeko_(yumeyana_g),1,,夢子,123,
gufu_(guffuumu),1,,ぐふ,123,
inu777,1,,ほっへ!!団,123,
mirakururu,1,,みらくるる,123,
sanae_(satansanae),1,,いも米,123,
fujino_(yoshi9798174),1,,バグ,123,
mizuki_takehito,1,,みづきたけひと,123,
fujimaru_(green_sparrow),1,,藤丸,123,
zky_(oekaky),1,,ざきぃ,123,
neko_yume,1,,neko_yume,123,
dm_(dai_miao),1,,DM袋喵,123,
shupita,1,,shupita,123,
shiika_sadamasa,1,,椎香貞正,123,
yuukichi,1,,ユウきち,123,
saiko_dagashi,1,,サイコ駄菓子,123,
jajala,1,,ジャジャラ,123,
poteimo_(poteimo622),1,,おいものたいたん,123,
shihou_haru,1,,志方ハル,123,
popuru,1,,ポプル,123,
urayamashiro_(artist),1,,うらやまごろう,123,
mono_(mono60),1,,モノ,123,
hasu_no_shiro,1,,莲城小刘,123,
nekomimipunks,1,,nekomimipunks,123,
catsubun_(kkst0904),1,,catsubun_(kkst0904),123,
kouzuki_(reshika213),1,,煌月,123,
ameno_shigure,1,,雨野时雨,123,
hiyamizu_yukie,1,,冷水由紀絵,123,
haya_s2,1,,早矢矢,123,
hikimaru,1,,ひき丸,123,
sinccubi,1,,sinccubi,123,
warg_game,1,,あるふぁ/（わーぐ,123,
locon,1,,ヤドクガエル,123,
yukimiya_yuge,1,,ゆきみや湯気,123,
botamochi_(exwelder),1,,ぼたもち,123,
noe_aoikaba,1,,noe_aoikaba,123,
max58art,1,,max58art,123,
attyon,1,,アッチョン,123,
azuazu_0405,1,,azuazu_0405,123,
kyle_(kysizzle),1,,kyle_(kysizzle),123,
kyufe,1,,kyufe,123,
nana_(nanalog76),1,,奈々,123,
tansan_daisuki,1,,炭酸だいすき,123,
jaysoysaucee,1,,jaysoysaucee,123,
samedonburi,1,,サメ丼,123,
furai,1,,ふーらい,123,
goten_(510gensoku),1,,goten_(510gensoku),123,
shiguri,1,,あわち,123,
thisuserisalive,1,,thisuserisalive,123,
yoiti,1,,涼白,123,
kentairui,1,,倦怠類,123,
sebijy,1,,sebijy,123,
touma_kisa,1,,あヴぇりあ,123,
yukinon_(tsuki_koubou),1,,雪乃ん,123,
meiro_(yuu),1,,迷路,123,
fukuda_shinichi,1,,福田晋一,123,
oshino_yeye,1,,忍野,123,
risshu,1,,秋果,123,
kazakura,1,,夏樱,123,
roamu_65,1,,ろあむ,123,
mono_(bluesky),1,,mono_(bluesky),123,
komugiko_no_mori,1,,こむぎこの森,123,
mo_mo_mo79,1,,mo_mo_mo79,123,
maca1227,1,,まか,123,
sen_(daydream_53),1,,セン,123,
kistina,1,,kistina,123,
karasu_btk,1,,カラスbtk,123,
krs_(karasu),1,,カラス,123,
okiautumn,1,,秋某,123,
congqian_you_ke_xing,1,,congqian_you_ke_xing,123,
munseonghwa,1,,문성화,123,
tomura2maru,1,,兎村まる,123,
animahakim,1,,animahakim,123,
makino_harumaki,1,,makino_harumaki,123,
akechi_shizuku,1,,明地雫,123,
tawaketch,1,,うつけ,123,
a-shacho,1,,a舎長,123,
nishikino_kee,1,,nishikino_kee,123,
mud_(artist),1,,mud_(artist),123,
yagi_(shiro_yagi),1,,やぎ,123,
sochin_douji,1,,粗珍童子,123,
eeppa,1,,ええっぱ,123,
to_maru,1,,トマル,123,
hoshi_mikan,1,,星みかん,123,
lcron,1,,えるくろん,123,
kinaco_4738,1,,きなこ,122,
godtail,1,,godtail,122,
mekill215280,1,,ゼンホレン,122,
nikunopengin,1,,綿体粉,122,
crow0cc,1,,土鸦C,122,
ramphastostella,1,,ramphastostella,122,
korra_down,1,,コッラ,122,
mat_(matdesenheiro),1,,mat_(matdesenheiro),122,
hizzacked,1,,hizzacked,122,
elite_yokan,1,,エリート羊羹,122,
yukia_1128,1,,*雪愛*,122,
ditienan_ddn,1,,地鐡男ddn,122,
gevuxx,1,,gevuxx,122,
nachoz_(nachozart),1,,アイ,122,
hanji_(hansi),1,,飯時,122,
yosik,1,,yosik,122,
lily_(shio1006),1,,天才三明治,122,
dr-alu,1,,dr-alu,122,
kobayashi_nyoromichi,1,,にょろらぼ,122,
cyclecircle,1,,cyclecircle,122,
nii-san,1,,にーさん,122,
xuan_xuan_xuan_za,1,,两芝士包夹旋子,122,
rob_(robarts),1,,rob_(robarts),122,
cheenosuke,1,,チー之介,122,
3ma_can_omochi,1,,3ma_can_omochi,122,
waniwani_(wasabiwaniwani),1,,わにわに,122,
karubi_(karubi465558),1,,karubi_(karubi465558),122,
dootmoon,1,,dootmoon,122,
maz_515,1,,maz_515,122,
guri_otoko,1,,グリ男,122,
itsudzumi,1,,イツズミ,122,
ankekkai,1,,杏/an,122,
muutsu_(maxwell0916),1,,muutsu_(maxwell0916),122,
takahashi_myojin,1,,高橋冥神,122,
yarashi_thought,1,,yarashi_thought,122,
ameng_(katena1990),1,,ameng_(katena1990),122,
kokowoch,1,,kokowoch,122,
narukahana,1,,ナルカハナ,122,
yuzukiyo,1,,yuzukiyo,122,
suineco,1,,suineco,122,
silenzuka,1,,silenzuka,122,
root001,1,,root001,122,
psypolo_d,1,,psypolo_d,122,
4ddd,1,,4ddd,122,
momimaki,1,,もみ巻,122,
jiuri_jiuhao,1,,九日九号,122,
key747h,1,,帝都炉心,122,
motonaga_hiroya,1,,元永,122,
funamori,1,,funamori,122,
vetania,1,,一夕觞咏,122,
bingbingzi,1,,冰冰子,122,
sukuna136,1,,sukuna136,122,
hiro_(phese),1,,博,122,
reneua,1,,reneua,122,
kuyokuyo,1,,kuyokuyo,122,
m.i.y,1,,m.i.y,122,
lic_617,1,,立青liching,122,
0_onibi,1,,オ二ビ,122,
hitoba,1,,ひとば,122,
negiuma,1,,ねぎうま,122,
paruno,1,,ぱる野,122,
ryu_seung,1,,ryu_seung,122,
nomanota,1,,のまのた,122,
momoyoru1,1,,momoyoru1,122,
mohimohinosiri,1,,うー,122,
oofxyphxia,1,,ウーシフシャ,122,
segami,1,,セガミ,122,
akisame_rizu,1,,リズリリ,122,
haidollo,1,,haidollo,122,
sabou_san-shitsu_kokoro,1,,左侧三房心,122,
aroevela,1,,aroevela,122,
sora_(silent_square),1,,ソラ,122,
todoroki_masaru,1,,おもち,122,
haimaotuanzi,1,,海猫团子,122,
kitsune23star,1,,kitsune23star,122,
wo_habum,1,,범개,122,
koonowen,1,,koonowen,122,
cqcnorthfish,1,,cqcnorthfish,122,
2naom8q6gt87292,1,,2naom8q6gt87292,122,
sinobali,1,,sinobali,122,
kamita,1,,かみ田,122,
aquilar,1,,aquilar,122,
rapid17,1,,rapid17,122,
austsue,1,,austsue,122,
shgngzhngdeyti1,1,,施工中的宇田川亞子,122,
inoitoh,1,,なかむら,122,
nyako_(2446_ny),1,,にゃこ,122,
fatalbug896,1,,fatalbug896,122,
matsuharu_(lip-mil),1,,りぷみる,122,
kappa_modoki,1,,カッパモドキ,122,
hinata_kokage,1,,こかげちゃん,122,
yamikota,1,,やみこた,122,
hahm0106,1,,hahm0106,122,
zhou_huan_(dgpe2833),1,,弭杞,122,
eita_789,1,,ゑいた,122,
harushio,1,,ぽち子,122,
agaki_anko,1,,レーズンうどん,122,
em_s,1,,イえむずん,122,
yumi_(careca398),1,,ゆみ,122,
rynn_(rynn_cube),1,,rynn_(rynn_cube),122,
madai_(mappy),1,,madai_(mappy),122,
aimpoleume,1,,아임포르메,122,
orqz,1,,呉野,122,
chukachuka,1,,ちゅうか,122,
hogey_nk-2000,1,,hogey_nk-2000,122,
oka_(umanihiki),1,,oka_(umanihiki),122,
potatomochii,1,,远,122,
esan_(llamaesan),1,,eの保管庫(仮,122,
manekinekoppoi_inu,1,,アイスの棒的なアレ,122,
kotomozou,1,,コトコト,122,
adyisu,1,,ゆーま&ゆらぞ〜,122,
yugo_(yugotme97),1,,yugo_(yugotme97),122,
jpc,1,,jpc,122,
sannio,1,,Sannio今天画画了吗,122,
ini_(mocomocccos),1,,イニ,122,
bioroid_hei,1,,日下部つかさ,122,
haconeri,1,,花菱,122,
momoko_(momoko14),1,,ももこ,122,
mahan_(clock_hearts),1,,まはん。,122,
toi_(number8),1,,toi_(number8),122,
mito_itsuki,1,,三登いつき,122,
hilamaru,1,,ひらまる,122,
nsfwolf,1,,nsfwolf,122,
iwao_(pixiv258710),1,,いわお,122,
astrarunia,1,,astrarunia,122,
en_(enxxx),1,,袁,122,
rikopin,1,,よもぎｃｈ,122,
dogbrooo,1,,披着狼皮的旺财君,122,
master_(4th),1,,生天目ユカリ,122,
tuziki_sang,1,,tuziki兔子or熊劳斯,122,
youyueyue,1,,幼月月,122,
kyoka_hatori,1,,匈歌ハトリ,122,
shirosaki_london,1,,ロンドン,122,
herigaru_(fvgyvr000),1,,へりがる,122,
pizza_man,1,,ピザ萬,122,
monteriakitto,1,,もんてり,122,
momoya_show-neko,1,,桃屋しょう猫,122,
neytirix,1,,neytirix,122,
ryuu_(tsukinoyuki),1,,竜,122,
ebi_tendon,1,,海老天丼,122,
dekasudachin,1,,でかすだちん,122,
tatsuta_age,1,,滝田ちひろ,122,
takamachiya,1,,キ村由宇,122,
satobitob,1,,里人b,122,
libbyframe,1,,libbyframe,122,
sasuga_kei,1,,流石景,122,
wikate,1,,wikate,122,
makise_minami,1,,牧瀬南,122,
akai_ronii,1,,赤井,122,
sprout_(haji_s),1,,새싹(Sprout,122,
aro_(charged_time_out),1,,あろ,122,
kevin.g.tuck,1,,kevin.g.tuck,122,
danfer3,1,,danfer3,122,
tsukikanade,1,,月奏,122,
toma_tokage,1,,人影,122,
tsumetsume_zerii,1,,つめつめゼリー,122,
ph.,1,,thEcube(玖辺かぐら,122,
yayaziiii,1,,ZG-亚亚子,122,
minutachi,1,,みぬたち,122,
amagai_yukino,1,,天海雪乃,122,
nuneno,1,,ぬねの,122,
takeuma,1,,竹馬,122,
7aka_ne11,1,,7aka_ne11,122,
renatus.z,1,,沉默术士吴一里,122,
nujima,1,,ぬじま,122,
rikumoto_yoshiyuki,1,,陸本よしゆき,122,
misashi_(raichi821),1,,ミサシ,122,
fuji_tsugu,1,,藤,122,
ein_(long_cake),1,,Ein/あいん,122,
kikurina,1,,夏目,122,
cosmic_bear,1,,よろしくお願いします,122,
wang-pac,1,,わんぱく,122,
herokick,1,,herokick,122,
34no404,1,,34no404,122,
con_sonne,1,,コンポタ,122,
geerux,1,,geerux,121,
yamame_jinja,1,,yamame_jinja,121,
barufoa,1,,バルフォア,121,
deepspace,1,,deepspace,121,
ultragruntyy,1,,ultragruntyy,121,
madoro_q,1,,まどろ,121,
himitsu_ni_shitoite_ageru,1,,秘密にしといてあげる,121,
yasuta_kaii32i,1,,ヤス,121,
neroma_shin,1,,ねろま,121,
touko_(toko12_tooko),1,,東子,121,
takayama_dan,1,,摩耶方弾,121,
viper18,1,,viper18,121,
ppxdq,1,,ppxdq,121,
regua,1,,regua,121,
kabomeel_lse,1,,かぼみーる,121,
junmin,1,,junmin,121,
gileu,1,,gileu,121,
sumi_ojie,1,,純,121,
kiegenshin,1,,kiegenshin,121,
lanlllan,1,,蓝了了,121,
arialla_draws,1,,arialla_draws,121,
satolive20,1,,サ↑ト,121,
hurumero,1,,フルメロ,121,
muton_(muton82),1,,む〜とん,121,
kakuzatou_(satousatotototo),1,,核座头,121,
hihiyama_yokikana,1,,比比山よきかな,121,
sia_6767,1,,sia_6767,121,
oniku_(oniku029029mm),1,,お肉,121,
sato_iori,1,,佐藤イオリ,121,
kimagurain,1,,気まぐれいん,121,
7enn,1,,简简简简简,121,
ll_0109,1,,ll_0109,121,
kansoku,1,,ポイズンガード,121,
cipozhong_yundepeitela,1,,佩城,121,
kinubari_nerune,1,,絹針ネルネ,121,
shirousagi_(user_erwx7425),1,,しろうさぎ,121,
manew,1,,Manew/マニュー,121,
bekus,1,,bekus,121,
meipasuye,1,,めいぷるぱすた,121,
gadeung_hye,1,,가등혜,121,
onkona_minazuki,1,,温厚な水無月,121,
rrrhigemegane,1,,ペ,121,
nekomimi_kanon,1,,猫耳花音,121,
mushiao,1,,ムシアオ,121,
sakanagi_(a_r_co),1,,sakanagi_(a_r_co),121,
absent,1,,absent,121,
ponpochi,1,,ぽんぽち,121,
yoyohachi,1,,めがろぱ,121,
mji_(emucchi),1,,m吉,121,
misuta710,1,,かん咲,121,
nekosama_shugyouchuu,1,,nekosama仕事募集中,121,
mamo_(user_jjca7524),1,,mamo_(user_jjca7524),121,
niea,1,,にえあ,121,
kaisake_(utp),1,,さけ,121,
lilithbloody,1,,lilithbloody,121,
secretbusiness,1,,비밀업무중,121,
yusi_vishnu,1,,yusi_vishnu,121,
mr0x0,1,,mr0x0,121,
putcho,1,,ぷっちょ,121,
tigern,1,,とらん,121,
okkimon,1,,오키몬,121,
sandman_(gm4zfijcwbz3g4y),1,,サンドマン,121,
rota_kokko,1,,ろたこ,121,
io_(maryann_blue),1,,イオ,121,
kh_(tanakananataka),1,,たななな,121,
heckler_kai,1,,heckler乄kai,121,
yu_lan,1,,迂蓝,121,
campbell_xx,1,,campbell_xx,121,
coffeechicken,1,,coffeechicken,121,
taorotana,1,,taorotana,121,
takahara,1,,たかはら,121,
gm_(ggommu),1,,gm_(ggommu),121,
kawaku,1,,かわく,121,
ethan69_(anhuzart),1,,ethan69_(anhuzart),121,
ritence,1,,ritence,121,
rain_(tonight_862),1,,今夜も雨,121,
wk_(low-f),1,,だぶるけー,121,
kunitori,1,,クニトリ,121,
ichikawa_saasha,1,,市川小紗,121,
amagimei,1,,あまぎめい,121,
hadacra,1,,羽田暮,121,
momikyo,1,,モミ兄弟,121,
akizuki_hakuto,1,,彬月白兎,121,
soono_(rlagpfl),1,,そおの,121,
cocoablue23,1,,ここあぶるー,121,
teru_(teru3sei),1,,てる,121,
yang_lizi,1,,氧氧氧离子,121,
yukamikayu,1,,yukamikayu,121,
pera,1,,pera,121,
shimoguchi_tomohiro,1,,下口,121,
paskmel,1,,パスクメル,121,
sushitarou,1,,おすしやさん,121,
yunagi_(yng_hoti),1,,なつき,121,
amazou,1,,あま,121,
fuuna_thise,1,,諷奈ティセ,121,
muryo,1,,다이,121,
hollow_mimikyu,1,,hollow_mimikyu,121,
baozouyeguai,1,,暴走野怪,121,
youtanhuayuan255,1,,优昙华院,121,
awai_shiro,1,,淡井シロ,121,
vegetablenabe,1,,ゔぇじたぶる,121,
tadeno,1,,tadeno,121,
inika,1,,inika,121,
busujima_(kusahana),1,,毒島,121,
nohtuy,1,,nohtuy,121,
creeeen_jjang,1,,creeeen_jjang,121,
not_on_shana,1,,からしと,121,
pretty_mundane,1,,無水エタノール,121,
ruohire,1,,ruohire,121,
ari_(bleum),1,,蟻,121,
shirane_taito,1,,白根戴斗,121,
yuutousei,1,,優等生,121,
lyoo_(gajyago),1,,류lyoo,121,
hatori_piyoko,1,,羽鳥ぴよこ,121,
toba_kuti,1,,とっ卜こトバ夕口ウ,121,
bobokuboboku,1,,bobokuboboku,121,
nexas,1,,nexas,121,
nazo_(mystery),1,,謎,121,
212_(kisaragi),1,,212_(kisaragi),121,
ginka_sima,1,,ぎんす,121,
denki,1,,電鬼,121,
moruga,1,,moruga,121,
yeonwu08,1,,인연,121,
aaoshigatoutoi,1,,ああ推しが尊い,121,
suisen_toire_(moko924),1,,えんや,121,
dade_ne,1,,dade_ne,121,
yottan,1,,ヨッタン,121,
iroha_tooko,1,,iroha_tooko,121,
duca,1,,duca,121,
aoinu,1,,青犬,121,
sao_(0060),1,,sao_(0060),121,
moekyon,1,,凶,121,
tk4,1,,tk4,121,
yu_arima,1,,yu_arima,121,
tsuki-shigure,1,,ジョータ,121,
ibukichi,1,,いぶきち,121,
memory_mie,1,,Memory咩,121,
anoa,1,,あのあ,121,
yano_(zri_088),1,,yano_(zri_088),121,
flarefox,1,,flarefox,121,
nara_watercolor,1,,張学平,121,
rakkidei,1,,rakkidei,121,
po_ppe,1,,ポッペ,121,
hibi_tsuna,1,,日々ツナ,121,
yeun,1,,yeun,121,
mitsu_yomogi,1,,ちょこ,121,
hamaru_(s5625t),1,,はまる,121,
etomai,1,,えとまい,121,
veilrain,1,,まく,121,
haine,1,,如月,121,
kawasaki_kazuhiko,1,,カワサキ,121,
kawa683,1,,kawa683,121,
ritsuki,1,,梨月,121,
vanillahare,1,,vanillahare,121,
moyachii,1,,もやちぃ,121,
rupinesu,1,,ルピネス,121,
reroi,1,,レロイ,121,
yj_(yojo_san),1,,yj_(yojo_san),121,
maitora,1,,maitora,121,
matoba_ryou,1,,的場りょう,121,
kisekisaki,1,,希咲のあ,121,
niwano_7hoshi,1,,庭野ななほし,121,
huybu51,1,,huybu51,121,
atatatatame01,1,,あた,121,
asakura_hayate,1,,朝倉はやて,121,
orientalzenzai,1,,オリエンタルぜんざい,121,
kyabakurabakufu,1,,乳ふぇいす,121,
sazanami_shione,1,,さざなみしおね,121,
nise_nanatsura,1,,仁瀬,121,
take_toshiaki,1,,武俊彰,121,
frischenq,1,,ｎｑこめ,121,
gfpebs,1,,焼肉どん次郎,121,
murakami_meishi,1,,メイジ,121,
himemura_saki,1,,ひめむら紗季,121,
rj_(lingshih10),1,,切玉,121,
shirokuro_(erisnoa),1,,いれぐ白黒,121,
ray_peng,1,,るうい,121,
coffee-break,1,,九蓮宝燈,121,
ao-shiba,1,,青芝,121,
ikzw,1,,ikzw,121,
healer_(healerart),1,,healer_(healerart),120,
ikura_(downdexp),1,,いくら,120,
harumi_(harumix),1,,春海,120,
tori_(labyrinth_fft),1,,トリ◯,120,
azumishard,1,,azumishard,120,
minamo_(minamoto_minamo),1,,みなも,120,
hanayama_(inunekokawaii),1,,はなやま,120,
itou_(ankocha-mgmg),1,,いトう,120,
kenji_(suisounobeta),1,,けんじ,120,
rabe26k,1,,라베,120,
meme_(penpengusa_no_meme),1,,めめ,120,
max-k,1,,北島K,120,
eico,1,,eico,120,
hally,1,,hally,120,
norimori,1,,norimori,120,
kuki_tan,1,,kuki_tan,120,
far_side,1,,八方Yakata,120,
takefu_jiin,1,,タケフ寺院,120,
futa_yuri_ryona,1,,ためぞう,120,
naoyuki_arts,1,,パラミ,120,
misuzugon_(voice_actor),1,,misuzugon_(voice_actor),120,
eriol_s2,1,,eriol_s2,120,
pine_(angel4195202),1,,따왕!!,120,
shinigami_(shironism),1,,シニガミ,120,
melonpan134,1,,もんじゃ焼き,120,
leppib,1,,leppib,120,
asaikeu,1,,朝池U,120,
delfino,1,,でるふぃー,120,
houki_(tonburi),1,,ほうき,120,
suinose,1,,うもうる,120,
madou_zakura,1,,Jayden・魔堂ざくら,120,
lastmatch500,1,,マッチ,120,
mikan_29344886,1,,みかん,120,
kanna_(minamozuki),1,,かん奈,120,
murasaki_(murasakiiro_no_yoru),1,,むらさき,120,
alt_(ctrldel),1,,alt_(ctrldel),120,
nokia_(nm),1,,ノキア＠ゲーム,120,
kayoi,1,,佳宵,120,
kentotto,1,,kentotto,120,
asukamama89,1,,asukamama89,120,
miyashiro_sousuke,1,,宮社惣恭,120,
uu0000322,1,,uu0000322,120,
kozuka_yasushi,1,,まん肉プニットマン,120,
aogiyuki,1,,aogiyuki,120,
dekasuji,1,,でかすじ,120,
rabies-t-lagomorph,1,,rabies-t-lagomorph,120,
yubbiidraw,1,,yubbiidraw,120,
mukouyama_mu,1,,向山,120,
chen_bingyou,1,,chen_bingyou,120,
kukoi,1,,kukoi,120,
fujisawa_kamiya,1,,藤沢カミヤ,120,
jimwh37,1,,イブリオン,120,
armcho,1,,암초,120,
asama_(drift_in),1,,あさま,120,
torjun_111,1,,torjun_111,120,
zawabug,1,,マックス,120,
seiya_(iiseven),1,,せいや,120,
ap_bar,1,,ap_bar,120,
nakamura_nagare,1,,中村流,120,
auraaa,1,,auraaa,120,
akipopopopoon,1,,天理不容卷心菜,120,
10ttruck,1,,10ttruck,120,
atamonica,1,,atamonica,120,
arrcticc_fish,1,,钢笔的命也是命,120,
mashiro_ka,1,,ましろか,120,
ahozur_dayo,1,,駄陽,120,
gene_(gear_gene),1,,ギアゲネ,120,
tonyneely,1,,tonyneely,120,
chiyo_akira,1,,千代akira,120,
tarutaru193,1,,tarutaru193,120,
yutaan,1,,yutaan,120,
uchako,1,,うちゃコ,120,
amemiya_arikapu,1,,ありかぷ,120,
sophie_(693432),1,,ソフィー,120,
thus0thus,1,,thus0thus,120,
raamensusure,1,,raamensusure,120,
pig_ggul,1,,pig_ggul,120,
tekitou_nimo_hodo_ga_aru,1,,適当にもほどがある,120,
inori_(xyz5568),1,,いのり,120,
kinakon,1,,きなこあめ,120,
zenmai_(cyenmi3),1,,ぜんまい,120,
nijou_katame,1,,二条かため,120,
heartsix,1,,heartsix,120,
instanttnoodle,1,,instanttnoodle,120,
clona,1,,ナルコレプシー,120,
un_nm5sy,1,,おーたむ・わーふ,120,
jamgom,1,,jamgom,120,
cismlyri,1,,けい,120,
wogura,1,,をぐら,120,
mikuni_(open-ranka),1,,みくに,120,
kuroussa,1,,黒うっさ,120,
rourouki,1,,rourouki,120,
mifuta,1,,みふた,120,
kamitani_george,1,,神谷盛治,120,
maizken,1,,maizken,120,
io_(io_oekaki),1,,io（あいお,120,
uruo,1,,ウルオ,120,
ochakai_shin'ya,1,,おちゃかいしんや,120,
jinjide_shaonian,1,,进基的少年,120,
gomoro_(nsfwgomoro),1,,gomoro_(nsfwgomoro),120,
eda_(prsy3),1,,江田,120,
purasu_(puni101010),1,,ぷらす＋＋＋,120,
takara_(takara0508),1,,たから,120,
kashi_kosugi,1,,kashi_kosugi,120,
ginko_(nico),1,,銀児,120,
sugi_214,1,,sugi_214,120,
thekaiyip,1,,thekaiyip,120,
u-joe,1,,u-joe,120,
yas_(35373),1,,yas_(35373),120,
futamotu,1,,フタモツ,120,
aogaeru_(pixiv46613656),1,,あおがえる,120,
harikamo,1,,はりかも,120,
mitsukazu_(nijigen_complex),1,,みつかず,120,
piston_ring,1,,ピストンリング西沢,120,
kitano_tomotoshi,1,,北乃,120,
tomifumi,1,,トミフミ,120,
noname_(nowhere),1,,noname_(nowhere),120,
kohaku_muro,1,,琥珀,120,
noumiso,1,,脳みそ,120,
qianqiu_wanxia,1,,千秋万夏,120,
horoyuki_(gumizoku),1,,ほろ雪,120,
imachireki,1,,居待暦,120,
denpaken_pochi,1,,バルサミコス,120,
wasabisuke,1,,わさびすけ,120,
sakurasawa_yukino,1,,さくらさわゆきの,120,
karmiel,1,,karmiel,120,
sirosoil,1,,白土,120,
rankasei,1,,らんかせい,120,
fori,1,,fori,120,
mp100days,1,,mp100days,120,
sirurabbit,1,,시루떡토끼,120,
shangzi,1,,殤子sz,120,
maitou,1,,マイトウ,120,
gr_greeze,1,,gr_greeze,120,
tsukioka_kirio,1,,ツキオカキリオ,120,
hazuki_kyou,1,,葉月梗,120,
stack_(sack_b7),1,,stack_(sack_b7),120,
etyaduke,1,,お茶漬け,120,
tony_man+,1,,トニーマン＋,120,
hageshii_nakano,1,,激しい中野,120,
go-lurk,1,,go-lurk,120,
dotsuco,1,,どつこの連絡アカウント,120,
mati100311,1,,まち,120,
regition,1,,器根g刃,120,
hisayoshi_(hisa),1,,ひさよし,120,
tamagogogo,1,,卵かけご飯,120,
kayama_benio,1,,べにぃ,120,
no53_(pixiv_77486930),1,,no53_(pixiv_77486930),120,
kakinoki_mikan_(kari),1,,かきのきみかんかっこかり,120,
arykei,1,,ありけい,120,
sizma,1,,sizma,120,
koya,1,,可弥,120,
minapo,1,,みなぽ,120,
chimaki_(impressiveanarchy),1,,インプレッシブアナーキー,120,
masgamjya,1,,맛감쟈,120,
timo_wei95,1,,timo_wei95,120,
pekoneko,1,,ペコネコ,120,
arutarika_(ri_kaoekaki),1,,arutarika_(ri_kaoekaki),120,
souno_kazuki,1,,souno_kazuki,120,
urishima,1,,urishima,120,
hino_(2nd_life),1,,ひの,120,
romo827,1,,ころ,120,
kamisuki,1,,紙好こ,120,
cocodar,1,,c/城,120,
takeko_spla,1,,コタケ,120,
magnum_feering,1,,magnum_feering,120,
chuuta_(+14),1,,ちゅー太,120,
shake_sawa,1,,腐沢,120,
jyura,1,,じゅら,120,
panoramango,1,,いけだあくり,120,
kyouno_aki,1,,京野秋,120,
takepon,1,,たけぽん,120,
danshaku,1,,男爵,120,
jaemin107,1,,jaemin107,120,
minted,1,,minted,120,
koomoi,1,,心想,120,
valentina_tavolilla,1,,valentina_tavolilla,120,
smaragdus_viridi,1,,smaragdus_viridi,120,
gravitydusty,1,,gravitydusty,120,
minazuki_tooru,1,,水无月彻,120,
yugake_(mrnmrm),1,,うた岡,120,
mochitsuki_kagami,1,,もちつきかがみ,120,
yinhepongpong,1,,五灼WUZO,120,
yomogi_komegura,1,,よねぞう,120,
mitsukuni,1,,ミツクニ,120,
to_e,1,,to_e,120,
tomonx,1,,とも,119,
tomatomagica,1,,tomatomagica,119,
toba_yuga,1,,跳马游鹿,119,
mitsuha_(bless_blessing),1,,みつは,119,
p1_fcoyaa,1,,ベネシアン,119,
alpha_beast,1,,alpha_beast,119,
kise_itsuki,1,,木濑树,119,
shadow_(modeler3622),1,,シャドゥー,119,
mochiii-s,1,,櫻もち,119,
ogata_zen,1,,尾形全,119,
pasuta928008,1,,pasuta928008,119,
hyouenn,1,,冰焰芝士雪豹,119,
hazel_(hzlform),1,,hazel_(hzlform),119,
chrispy_tuna,1,,chrispy_tuna,119,
maorisu_henkyo_haku,1,,マオリス辺境伯,119,
koasku,1,,koasku,119,
st-147,1,,st-147,119,
shuni_valentine,1,,shuni_valentine,119,
youlili,1,,幼鲤鲤,119,
n0_image,1,,n0_image,119,
yom_(yom4_e),1,,よむ,119,
amane_hikari,1,,小湊,119,
nameko_houshi,1,,nameko_houshi,119,
yuyu_(spika),1,,ゆゆ,119,
omodaka_(nitera1041),1,,おもだか,119,
rchella,1,,rchella,119,
yukiko_(leovioykk),1,,雪子,119,
kagemoe1003,1,,あんどん,119,
robomito,1,,robomito,119,
new_(new_gnsn),1,,新,119,
4me_4ma,1,,〆洲,119,
kano_hito,1,,蚊野人,119,
ryouryou,1,,ryouryou,119,
mu_ri003,1,,しなない,119,
ikuya_kawaii,1,,ねこ,119,
mato_kuroi,1,,mato_kuroi,119,
yuyuzuki_(yume_usagi),1,,ゆゆづき,119,
yonoki,1,,Worldlessせひま,119,
neko_no_hige,1,,にしま,119,
ryusei_(coupling_maker),1,,ryusei_(coupling_maker),119,
meru_merume603,1,,meru_merume603,119,
tonan_(l0l0l0l0l0l),1,,tonan_(l0l0l0l0l0l),119,
shule_de_yu,1,,幼稚柿,119,
five-fall,1,,伍秋,119,
tsuruma_ikada,1,,つるまいかだ,119,
yuzu_sato,1,,ゆつ゛さと,119,
banbanban_li,1,,北阪涣,119,
hidel,1,,hidel,119,
taiger,1,,タイガ,119,
daroon5,1,,daroon5,119,
lasts,1,,あお,119,
kazuyuki_hashimoto,1,,はっしー,119,
sadieyule,1,,sadieyule,119,
2323astronomy,1,,みみっく,119,
aiamu_iamu,1,,逢編いあむ,119,
kujiramaru,1,,鯨丸,119,
furutori,1,,ふるとり,119,
kisaragi_hina,1,,いりじうむ,119,
dasi_(kwts3227),1,,dasi_(kwts3227),119,
iwa_(iwafish),1,,いわ,119,
sana_(sanaa653),1,,さな,119,
sakamoto_ahiru,1,,坂本アヒル,119,
soap_(user_kghh4755),1,,soap_(user_kghh4755),119,
suzumori_(su2525),1,,铃森,119,
elina_(eri15),1,,elina_(eri15),119,
suzuya_(maru),1,,スズヤ,119,
enomoto_nao,1,,榎本尚,119,
nemari_(nemaru_0907),1,,ねまり,119,
internet_(1_netnet),1,,インターネット/인터넷,119,
piyosuke_tmg,1,,piyosuke_tmg,119,
bordeaux_black_(voice_actor),1,,bordeaux_black_(voice_actor),119,
riri_(dgra3272),1,,おうきむ,119,
diving_penguin,1,,潜水企鹅,119,
yoshidadon,1,,よしだ,119,
yashimo_1875,1,,やしも右回り,119,
sakurayu_haru,1,,さくらゆう,119,
ahti,1,,ahti,119,
marnie_(marnielovesyou),1,,marnie_(marnielovesyou),119,
mofucoffee,1,,mofucoffee,119,
deko_isu,1,,デコいす,119,
sio_pasta,1,,sio_pasta,119,
mailixiang,1,,埋理郷,119,
hawk_till,1,,hawk_till,119,
okumoto_yuuta,1,,澳本悠太,119,
shiromaru_illust,1,,しろまる,119,
satoyasu,1,,さとやす,119,
ringodrawing,1,,ringodrawing,119,
mochizuki_inochi,1,,望月いのち,119,
evie_(baoxiao),1,,evie(爆笑,119,
pepeo,1,,ぺぺお,119,
eha7y,1,,eha7y,119,
suika_aji,1,,スイカ味,119,
rekka_shinai,1,,劣化しない,119,
graveweaver,1,,graveweaver,119,
taplaos,1,,taplaos,119,
22_rink,1,,あんさぶ,119,
bypos,1,,bypos,119,
mikokomiyazawa,1,,mikokomiyazawa,119,
niwatori_panda,1,,ガチ眠,119,
arisugawa_bii,1,,有栖川びぃ,119,
go_e_0000,1,,ご,119,
gloggy,1,,gloggy,119,
nimo_(b45ui),1,,にも,119,
yukirenga_noel,1,,雪煉瓦noel,119,
tsuduki_neko,1,,都筑禰己,119,
meidosan,1,,めいどさん,119,
mune,1,,胸,119,
sui_(petit_comet),1,,彗,119,
purumetal,1,,ぷるめたる,119,
nakta,1,,nakta(낙타,119,
burustandin,1,,burustandin,119,
5health,1,,5health,119,
guruten3347,1,,ぐるてん,119,
itou_takeshi,1,,伊藤岳史,119,
meri-san,1,,メリサン,119,
ikag,1,,快喵佛跳墙,119,
shiratama_(siratama_ll),1,,白玉,119,
shiraishi_(siraisi00),1,,しらいし,119,
okuda_yousuke,1,,奥田陽介,119,
keiryuu_seo,1,,パーヴチ,119,
piisu,1,,ぴーす,119,
remora180,1,,remora180,119,
gar_(gagaga_honpo),1,,ガー,119,
tanamachi_yoshihiro,1,,棚町宜弘,119,
mimamui,1,,みまむぃ,119,
ellipsis_(mitei),1,,ココア,119,
gegera,1,,あだちすいさんしけんじょう,119,
fizz_(pixiv34498626),1,,fizz_(pixiv34498626),119,
kyoichi,1,,kyoichi,119,
aioi_u,1,,aioi_u,119,
goriyaku,1,,ごりやく,119,
fushimi_asuha,1,,あすは,119,
tunamayochan,1,,ちゅなまよ,119,
paopa_ship,1,,paopa_ship,119,
onoe,1,,キジルシ,119,
ogera_okera,1,,おげら・おけら,119,
orange_bullet,1,,花犬,119,
fujisaka_kuuki,1,,藤坂空树,119,
maro_(lij512),1,,maro_(lij512),119,
tsuti,1,,ツティ,119,
amasa_mitsunaru,1,,天砂晃成,119,
makirin,1,,まきリン,119,
kurosawa_karura,1,,黒澤カルラ,119,
nitoya_00630a,1,,にとや,119,
nakamura_sandayo,1,,中村煌,119,
nichiru,1,,にちょる,119,
xes_(xes_5377),1,,ジェス,119,
cr72,1,,cr72,119,
mgx0,1,,mgx0,119,
guttia,1,,guttia,119,
banboro_(technobot),1,,バンボロ,119,
shimanoji,1,,しまのじ(ダッシュぷらす,119,
kava,1,,らぶらどーる,119,
minato_(robin),1,,ミナト,119,
irisli0224,1,,すずや,119,
kasasasagi,1,,鵲,119,
haruyonoto,1,,春四音,119,
ashiya_hiro,1,,あしやひろ,119,
kanda_aya,1,,神田あや,119,
muneyuki,1,,白麦魚,119,
zan_nekotama,1,,zan_nekotama,119,
azmodan,1,,azmodan,119,
numae_kaeru,1,,沼江蛙,119,
makoto_ono,1,,makoto_ono,119,
kooemong,1,,kooemong,119,
arnold_tsang,1,,arnold_tsang,119,
endou_tatsuya,1,,遠藤達哉,119,
non_tarou,1,,のん太郎,119,
c8oyk,1,,きりきり,119,
dingding_(chongsangjun),1,,dingding_(chongsangjun),119,
yoshino_momiji,1,,吉野紅葉,119,
yamigo,1,,ヤミーゴ,119,
mono9ron,1,,mono9ron,119,
pandarou,1,,pandarou,119,
taniya_raku,1,,谷屋,119,
j.raido,1,,j.raido,119,
aiv,1,,えいよん,119,
suzushi_moruto,1,,すずしもると,119,
if_f,1,,if_f,119,
quezify,1,,quezify,119,
niwaka_potato,1,,にわかポテト,119,
riki6,1,,riki6,119,
ytoy,1,,ytoy,119,
ootani_nonno,1,,おおたにのんの,119,
take_tonbo,1,,お竹,119,
murabito,1,,村人,119,
azukilib,1,,あずき小枝,119,
tallgeese_(lgeesel),1,,tallgeese_(lgeesel),119,
hidakarumen,1,,ひだか,119,
mizz_peachy_(voice_actor),1,,mizz_peachy_(voice_actor),119,
dende_(dndn222),1,,でんで,119,
yutapon,1,,ゆたぽん,119,
ikaikakka,1,,いかり,119,
mabataki,1,,小島祥太朗,119,
tekona0,1,,tekona0,119,
minaisu,1,,minaisu,119,
hsrmangakichi,1,,スタレマンガ秘密基地,119,
shiodanx,1,,塩男X,119,
suzuiro_(chocolatte),1,,すずいろ,119,
mangamaster,1,,mangamaster,119,
enukee,1,,えぬけぇ,118,
kkuekkue_(chifer1958),1,,앵꾸,118,
amesawa_mokke,1,,ぽて,118,
shiohari_kanna,1,,汐張,118,
semokan,1,,semokan,118,
ludinsketches,1,,ludinsketches,118,
atom_b,1,,atom_b,118,
thaumana,1,,thaumana,118,
miyazero,1,,ひのかげよし,118,
cromwaits,1,,cromwaits,118,
chiyo_kami,1,,千代纸,118,
dizzyisdizzy,1,,dizzyisdizzy,118,
yoshiyuki_(14330975),1,,ヨシユキ,118,
ink_(inksgirls),1,,ink_(inksgirls),118,
mika_dawn,1,,mika_dawn,118,
hat_babo,1,,햇살,118,
sorairo_meronpan,1,,そらいろめろんぱん,118,
bisaiiiii,1,,bisaiiiii,118,
tatika714,1,,胡中たちか,118,
peaceablecolt,1,,peaceablecolt,118,
kijikoru,1,,kijikoru,118,
gyorui_(katsuwo_drawing),1,,魚類,118,
floomf,1,,floomf,118,
youren117,1,,youren117,118,
hamuhamu,1,,ハムハム,118,
kirisame0729,1,,しゃり,118,
goa1126,1,,ごあ,118,
mizumok1,1,,みずち,118,
hakase_yurisuki,1,,はかせ・百合スキー,118,
samusara,1,,さむさら,118,
ie_(pixiv_101298631),1,,家,118,
tehhank,1,,tehhank,118,
shimeji_take,1,,しめじたけ,118,
haruharu_sensei,1,,はるはる先生,118,
naruchiku_(naruchikukai),1,,なるちく,118,
mizupuruta,1,,栗花落ぷるた,118,
sakuzo,1,,sakuzo,118,
moya_(toatomoot),1,,もや,118,
syukurin,1,,シュクリーン,118,
pyosunyi,1,,ぃにすょぴ,118,
sasakure_(mogunonbi),1,,ささくれ,118,
hichi,1,,안희철,118,
virtuware,1,,virtuware,118,
bak_pep,1,,박펩,118,
bachumaro_xo,1,,ばちゅまろ,118,
nukoxx_02,1,,らび,118,
hiroside,1,,hiroside,118,
showhey!!,1,,showhey!!,118,
euzh266,1,,euzh266,118,
kotoha_(kotoha65),1,,琴葉,118,
e_draw_paint,1,,いー,118,
marimo_daifuku,1,,まりだいく,118,
reon_(saikyou),1,,mr.最境,118,
enipa_28,1,,えにぱ,118,
iz_(izit_unk),1,,iz_(izit_unk),118,
natch_imaycz,1,,natch_imaycz,118,
haska_(user_gure4787),1,,haska_(user_gure4787),118,
nako_(nekono_shippo75),1,,なこ,118,
hanejidyna86,1,,ハネジダイ,118,
shant_07,1,,チュチュ,118,
wrainbow13,1,,wrainbow13,118,
kiki-yu,1,,ききゆ,118,
tubuan_oisii,1,,森永,118,
nyang-kaz,1,,nyang-kaz,118,
proton,1,,proton,118,
asurada_yui,1,,あすらだ,118,
lemonrou,1,,れもん郎,118,
hiragi_ringo,1,,柊林檎,118,
se34tai,1,,se34tai,118,
isobe_toast,1,,108 The other name: 矶部トースト,118,
haruruhaharur,1,,ハル,118,
geonjeonji,1,,건전한닉,118,
aichinaigai,1,,爱吃奶盖,118,
fanteam,1,,幻梦fanteam,118,
noisykoala,1,,noisykoala,118,
pyonsan,1,,ぴょんさん,118,
niwasane_(saneatsu03),1,,にわさね,118,
aka_kan,1,,フクロウ,118,
taragraphika,1,,taragraphika,118,
kyaroru,1,,キャロル,118,
iinagi_(kashiwa_keira),1,,伊凪iiinagI,118,
nabe_(nabe_otome),1,,nabe_(nabe_otome),118,
kodamazon,1,,kodamazon,118,
buhbuhbored,1,,buhbuhbored,118,
tyokugekidato,1,,おーのー,118,
asakura_masatoki,1,,阿桜まさとき,118,
aimi_(mimi_nii2),1,,アイミ,118,
ewaaawa,1,,えわ,118,
shiro_tsugumi,1,,しろつぐみ,118,
nininininil,1,,니니니닐,118,
shuangbatian,1,,霜天,118,
eu_(euspia),1,,이유,118,
gatchapowa,1,,gatchapowa,118,
jiyasu,1,,ジヤス,118,
midori_aoi,1,,みどり葵,118,
nip_to_chip,1,,トメ,118,
babeldj,1,,babeldj,118,
shougo-akira,1,,くろか,118,
lengchan_(fu626878068),1,,冷蝉,118,
aarokira,1,,aarokira,118,
kusaka_io,1,,kusaka_io,118,
yahiro_(heartseek000),1,,黑小枝,118,
suzuki_nago,1,,铃木和,118,
simplecar,1,,simplecar,118,
ttf,1,,ttf,118,
akasaka_asa,1,,朱坂明紗,118,
carchet,1,,DIX/딕스,118,
abe_tomomi,1,,阿部,118,
rikuwo,1,,たなか,118,
mary_felizola,1,,mary_felizola,118,
konsu_(konsu1182da),1,,コンス,118,
shiosato_jun,1,,潮里,118,
namamugi_(yuroom),1,,なまむぎ,118,
hiiragi_akio,1,,a生,118,
hijo_(nakare2845),1,,非常食,118,
shun_no_shun,1,,shunノ峻,118,
kozy,1,,コジィ,118,
zzo_(chorizzzzo),1,,zzo_(chorizzzzo),118,
tylor_hepner,1,,tylor_hepner,118,
touhourh,1,,touhourh,118,
touma_rui,1,,とーまるい,118,
prophet_chu,1,,Prophet初,118,
lee-taro,1,,lee-taro,118,
aco_peda,1,,aco_peda,118,
r1zen,1,,r1zen,118,
q18607,1,,二蛋也忘了之前叫啥总之先这样吧,118,
sentape,1,,せんたぺ,118,
kinutaku,1,,きぬたく,118,
kensight328,1,,ケンサイトウ,118,
ippo,1,,ippo Circle name: カオスの原理,118,
uedrk_yamato,1,,ダリク,118,
dakkusu,1,,だっくす,118,
matsuoka_michihiro,1,,松岡倫寛,118,
squidsmith,1,,鱿鱼,118,
akitaka_mika,1,,明贵美加,118,
tachi_(gutsutoma),1,,タチ,118,
cucchiore,1,,くっきおーれ,118,
yan000,1,,彦,118,
sasuke_(sasuke_no_sato),1,,sasukeの里,118,
gluca,1,,gluca,118,
fu_yukari,1,,fu_yukari,118,
joypyonn,1,,ジョイピョン,118,
starshell,1,,starshell,118,
yuksi,1,,yuksi,118,
ringo_komachi,1,,林檎小町,118,
u-sukio.,1,,すきお,118,
mobu_45,1,,スペルマ流星群,118,
rato,1,,rato,118,
kimblee,1,,金ブリ,118,
hironii_(hironi3),1,,ひろにい,118,
klegsart,1,,klegsart,118,
harunoseki0414,1,,塊,118,
migu_(migmig),1,,みぐ,118,
soveno,1,,soveno,118,
an-telin,1,,an-telin,118,
100percent_park,1,,100percent_park,118,
kisa_(k_isa),1,,キサ,118,
hirako,1,,ヒラコ,118,
ukita_uuko,1,,うき田,118,
bayashiko,1,,ばやしこ,118,
nanam_(nanam_sk),1,,nanam_(nanam_sk),118,
aki_eda,1,,秋★枝,118,
mito_(calcomer),1,,ミト,118,
togusa_masamu,1,,いのの,118,
asasow,1,,沈黙の浅間プリンス旅館,118,
okaya_(blackjokecompany),1,,おかや,118,
mepo_(raven0),1,,mepo_(raven0),118,
annlu_vazzel,1,,annlu_vazzel,118,
hikabe_sakuho,1,,ひかべさくほ,118,
ttnoooo,1,,辰乃,118,
jin_nai,1,,ジンナイ,118,
kousa_(black_tea),1,,こうさ,118,
kiiro_kimi,1,,きいろ君,118,
nash_(na-si),1,,nash_(na-si),118,
niwabuki,1,,庭吹,118,
jenson_tw,1,,jsn繪,118,
amg_(nwmnmllf),1,,amg_(nwmnmllf),118,
komi_(komiking),1,,Komi修行中,118,
yoshizane_akihiro,1,,好実昭博,118,
siwasunohige,1,,師走のヒゲ,118,
royalwatts,1,,royalwatts,118,
awatake_takahiro,1,,粟岳,118,
okomeuma,1,,ぞめ,118,
hidezi,1,,ヒデズィ,118,
hobak,1,,ケンピン,118,
nectar_(fujiya),1,,ねくたー,118,
mihatarou,1,,みはたろう,118,
meago,1,,meago,118,
marmaladica,1,,マーマレード,118,
dododo_dadada,1,,どっかの誰か,118,
bomi,1,,あのにむ,118,
akusamu,1,,卡Q因,118,
takenoko_mgrc,1,,たけのこ,118,
kitazume_kumie,1,,北爪久美恵,118,
moge-hera,1,,へらへら,118,
aidoruhakase,1,,aidoruhakase,117,
morishima_noriko,1,,森島範子,117,
lunarisbloom,1,,lunarisbloom,117,
noruren,1,,ひよし,117,
jiro_26,1,,三郎,117,
spleeny,1,,spleeny,117,
ari_don,1,,アサリイロ,117,
ronopu,1,,ronopu,117,
robokeh,1,,robokeh,117,
gin_(gin937),1,,ぎん,117,
to_i_to_io,1,,to_i_to_io,117,
okayu_(okayuyuyu2),1,,おかゆ,117,
bibixart,1,,bibixart,117,
suweeka,1,,suweeka,117,
chilong_(heronas),1,,치롱,117,
shishirui_san,1,,shishirui_san,117,
shee_take,1,,しぃたけ,117,
haiyuan182,1,,海与,117,
corvocaotico,1,,corvocaotico,117,
oyashiro_ooo,1,,ねこわ〜,117,
toastiepumpkin,1,,toastiepumpkin,117,
solmyr2000,1,,solmyr2000,117,
hirwannew,1,,hirwannew,117,
zargaz,1,,zargaz,117,
yushima,1,,ゆしま,117,
zap-nik,1,,zap-nik,117,
jjigong_chigon,1,,jjigong_chigon,117,
gabriel_carrasquillo,1,,gabriel_carrasquillo,117,
nasuuni,1,,なすうに,117,
rain_rkgk,1,,rain_rkgk,117,
shinonome_mozuku,1,,しんじ,117,
ronpu_cooing,1,,론푸/ロンプ,117,
esto_0079,1,,esto_0079,117,
tomawarinosuizou,1,,アジカリブドスキラ,117,
centi_mnkt,1,,せんち,117,
scrapy,1,,scrapy,117,
soezy,1,,ソエジー,117,
zerobarto,1,,zerobarto,117,
hoshi_tea_party,1,,星屑喫茶時間,117,
mustblove,1,,mustblove,117,
mimi_utlove,1,,mimi_utlove,117,
orini,1,,orini,117,
hayasaka_mebawe,1,,はやさかめばゑ,117,
kuro_(blackpgmickey),1,,鬼の修羅,117,
zutsuyaku,1,,ずつうやく,117,
unk_kyouso,1,,UNK教祖,117,
shoggoth_(sirens20211),1,,shoggoth_(sirens20211),117,
red-eyes_macadamiachoco,1,,真紅眼のマカダミアチョコ,117,
lehcar,1,,Lehcar*りか,117,
catfish05,1,,阿鲶,117,
ao_(aymr6215),1,,蒼,117,
honami_(yths4221),1,,ほなみ,117,
numachi_doromaru,1,,沼地,117,
yachimata_1205,1,,やちこう,117,
saylamars,1,,saylamars,117,
ura_dora,1,,裏ドラ,117,
meettheton,1,,meettheton,117,
hitanu,1,,ぬたひ,117,
ginotty,1,,ginotty,117,
leoiruga,1,,leoiruga,117,
sib_(9obsl),1,,sib_(9obsl),117,
khrnnfz,1,,khrnnfz,117,
sentarou,1,,金ノ森,117,
elias2art,1,,elias2art,117,
lendivere,1,,lendivere,117,
tadano1129,1,,ただの,117,
narita_tamezou,1,,成田タメゾウ,117,
zetsuriinu_(kairyougata),1,,ぜつりーぬ,117,
jin_jin_jin_jin,1,,金妗妗妗,117,
neru5,1,,す茶,117,
humo,1,,ユーモ,117,
wano_(azayakam),1,,wano_(azayakam),117,
hashi84e,1,,hashi84e,117,
meadow_(morphinecaca),1,,meadow_(morphinecaca),117,
yuuki_tom0,1,,yuuki_tom0,117,
mochiyuki_(gigfor1),1,,餅雪,117,
deal360acv,1,,でぃ,117,
emile_aoi,1,,青い狼,117,
roku_no_hito,1,,ろくの人,117,
hcz_n,1,,叡智v病ん太郎,117,
yu_zhezhe,1,,九折尾,117,
katoributa_a,1,,katoributa_a,117,
tk_(butakuma),1,,トンベア,117,
ryou_(ryoutarou),1,,涼,117,
supullim,1,,supullim,117,
kuzumi_taiyou,1,,久住太陽,117,
rein_creamsoda,1,,rein_creamsoda,117,
dovepopon,1,,どべぽぽん,117,
notnoe_(dxcl),1,,notnoe_(dxcl),117,
b9pqpy,1,,b9pqpy,117,
uzukinoko,1,,うづきのこ,117,
kag_tsukimi,1,,つきみかぐ,117,
caba_(caba091),1,,caba_(caba091),117,
zawar379,1,,zawar379,117,
toranoe,1,,トラノエ,117,
suoniko,1,,suoniko,117,
seikatsu,1,,仮設,117,
gomo,1,,ごも,117,
roah,1,,roahの屋,117,
chikuwa_fan973,1,,おでん好きです,117,
iceky,1,,アイスキ,117,
miyakoji_(plokmtamako),1,,都路,117,
kurumiyasan_ns,1,,くるみ屋さん(n's,117,
sumassha_t_t,1,,sumassha_t_t,117,
peps_art,1,,peps_art,117,
duto,1,,듀토,117,
sena_kizahashi,1,,瀬名階,117,
ishii_takamori,1,,石井高森,117,
hari611,1,,はり,117,
kaneko_(bblogtinhan),1,,華猫,117,
ace_rocket,1,,エース,117,
kitsune-tsuki_(getter),1,,狐憑き,117,
pierorabu,1,,pierorabu,117,
fabri,1,,丨fabri丨,117,
yonerinoko_(banberabu),1,,ヨネリノコ,117,
mechiru,1,,みちる,117,
shiina_aoi,1,,就这样好啦w,117,
umemaneneco,1,,夢魔ねこ,117,
hidarikiki,1,,左利き,117,
zhiyou_ruozhe,1,,只有弱者才睡觉,117,
sylphine,1,,シルフィン,117,
masaya_ichika,1,,磨鞘一佳,117,
ten_piboshi,1,,てんぴぼし,117,
touge_hiro,1,,峠比呂,117,
oreshika,1,,おれしか,117,
numako,1,,山吹ぬまこ,117,
jaga_note,1,,そういち,117,
dbz_(misaki339),1,,dbz_(misaki339),117,
sui_(tsuruhibiki),1,,スイ,117,
akamtvahosi,1,,ホシタ,117,
tetopetesone,1,,テトペテソーン,117,
ikura_hato,1,,伊倉鳩,117,
nekoneko,1,,猫猫,117,
lim_jaejin,1,,lim_jaejin,117,
9nojo,1,,9nojo,117,
sasagawa_(haikaiki),1,,いこ,117,
mary_is_mine,1,,淋めあり,117,
kankurou,1,,かんくろう,117,
redforge,1,,redforge,117,
meihemu,1,,めいへむ,117,
suzuki_moeko,1,,普通,117,
pmlial,1,,お肉,117,
mitu_yang,1,,迷途羊,117,
goripan,1,,ごりぱん,117,
yada_(xxxadaman),1,,矢田,117,
gen_(genetrix),1,,源,117,
shenaidi,1,,神挨滴,117,
ran_(9ens2000),1,,ran_(9ens2000),117,
amei_sumeru,1,,あめいすめる,117,
apple_ringo,1,,apple_ringo,117,
tuoer,1,,TUOER.托兒,117,
mario_kaneda,1,,まりお金田,117,
kotarou_(rakugaki_shirushi),1,,小太郎,117,
poho,1,,poho,117,
q98780409,1,,q98780409,117,
ngo_(ngo_dandelion),1,,ｎｇｏ（んご,117,
honoji,1,,ホノジ,117,
jinjin,1,,じんじん,117,
sunaya_yanokura,1,,矢乃倉,117,
bobomaster,1,,bobomaster,117,
kuri_(shibimame),1,,栗,117,
shinryou_rei,1,,新涼,117,
ryp,1,,Ryp(りむ,117,
asahi_(zabaniyan),1,,アサヒ,117,
akai_999,1,,akai是不是阿凯,117,
sudou_noboru,1,,須藤のぼる,117,
idora_(idola),1,,いどら,117,
okiza_yuuri,1,,オキザゆうり,117,
marsen,1,,マルセン,117,
fujinohara_akihira,1,,藤乃原あきひら,117,
hao_tongxue,1,,hao_tongxue,117,
hotondo_shindeiru,1,,ほとんどしんでいる,117,
cp9a,1,,cp9a,117,
takapiko,1,,たかぴこ,117,
nakachiruno,1,,なかちかな,117,
luren_max,1,,そよかぜドリーム,117,
da_(datako),1,,だ,117,
iino_(isnyong),1,,iino_(isnyong),117,
rean_(r_ean),1,,りーん,117,
shimesaba_kohada,1,,染鲭小鳍,117,
joka_(night_gate),1,,ジョカ,117,
haho,1,,haho,117,
uramoto_kouji,1,,とどはがね,117,
yugami_gooshu,1,,由上,117,
kawajuu,1,,平野河重,117,
erospanda,1,,erospanda,117,
ziz_(pandora707),1,,ziz_(pandora707),117,
wusem0108,1,,物黍,116,
mitsubachi_(roundbee),1,,ミツ蜂,116,
hovaku,1,,hovaku,116,
tatsumi_(panneko),1,,辰巳,116,
hato_(n_hat_mu),1,,hato_(n_hat_mu),116,
yozu_(yozu0420),1,,よーず,116,
kuromoro,1,,kuromoro,116,
soutou,1,,くるくる,116,
hatsu_(hatsumiilkshake),1,,hatsu_(hatsumiilkshake),116,
kasuokasuto,1,,かすおかすと,116,
keke_(xfxyuio),1,,ケケ,116,
betei,1,,betei,116,
shippori,1,,しっぽり,116,
rosheil,1,,rosheil,116,
potu_sabu,1,,ぽつ,116,
suta0822,1,,suta0822,116,
rovintus,1,,rovintus,116,
bindonkan,1,,bindonkan,116,
umeno_ryuuji,1,,梅野,116,
nk-43g,1,,なっぱ,116,
udo_(akn_otk),1,,うど,116,
rakuga_kiya,1,,ラクガ・キーヤ,116,
oxy_(ho2),1,,おきし,116,
ga_is,1,,ga_is,116,
chaoxibumian,1,,潮汐不眠,116,
cuivre,1,,云雾里,116,
kohe_billialot,1,,kohe_billialot,116,
slope_(check238),1,,きゃろ,116,
rijeka1918,1,,rijeka1918,116,
bergoq,1,,bergoq,116,
kekeken,1,,kekeken,116,
ha_en,1,,ha_en,116,
revvie,1,,revvie,116,
orusun,1,,orusun,116,
innosick,1,,innosick,116,
ui_uiiiiiiiii,1,,ui_uiiiiiiiii,116,
yoppy,1,,yoppy,116,
zieru,1,,zieru,116,
tillots,1,,tillots,116,
istriri,1,,梨梨,116,
meijiichigo,1,,今村一期,116,
clash_kuro_neko,1,,クラッシュ黒猫,116,
uzuradobin,1,,うずら土瓶,116,
enuzoushigaya,1,,N蔵,116,
didac_fantasy,1,,迪达克·范特西,116,
paperpillar,1,,paperpillar,116,
kamejiro_(sasakame),1,,かめじろ,116,
norori,1,,ノロリ,116,
zehuij,1,,zehuij,116,
oicchikun,1,,oicchikun,116,
ikuta41,1,,いくた,116,
noochan_chonoda,1,,ﾉｰﾁｬﾝちょのだ,116,
rifleman1130,1,,소총남자,116,
yanjem,1,,yanjem,116,
k.j.,1,,k.j.,116,
galadysp,1,,galadysp,116,
sylphy_fe,1,,シルフィ,116,
jaxdrawz,1,,jaxdrawz,116,
suirandanshihao,1,,茶茶,116,
eni_(yoyogieni),1,,eni_(yoyogieni),116,
dogoronumber3,1,,dogoronumber3,116,
kokolokokomika,1,,kokolokokomika,116,
ryono,1,,りょーの,116,
mizune_(winter),1,,水音,116,
manabe_mana,1,,愛辺マナ,116,
makinakid,1,,makinakid,116,
tea/pot,1,,よざくらくらぶ,116,
yue3621,1,,故,116,
mdzs_official,1,,魔道祖师AC官微,116,
qwertame,1,,qwertame,116,
sutaneko,1,,スタネ粉,116,
azumo_momo,1,,あずももも,116,
masuo,1,,ますお,116,
ryein,1,,ryein,116,
cavalry_(maslow),1,,軽騎兵,116,
fatzhai,1,,fatzhai,116,
kobayashi_kabura,1,,小林蕪,116,
jun_wei,1,,jun_wei,116,
ruebird,1,,ruebird,116,
phyriaxi,1,,phyriaxi,116,
yuhata_(yuh4t4),1,,弽,116,
re:rin,1,,re:rin,116,
leng_wa_guo,1,,冷蛙鍋,116,
nnnmmg0725,1,,七生麦,116,
hua_ming_wink,1,,花名,116,
youtho,1,,Y悠嗖O,116,
umeno_shii,1,,umeno_shii,116,
benzbt,1,,benzbt,116,
aosora_neko,1,,青空ねこ,116,
thejunebug,1,,thejunebug,116,
27-nichi,1,,27-nichi,116,
macaronijail,1,,macaronijail,116,
surume_aburi,1,,するめ（炙,116,
ae_iueo,1,,ae_iueo,116,
poroze,1,,ポロゼ,116,
gubbi_on,1,,gubbi_on,116,
nouka,1,,小僧B,116,
.cho_(ten_chou),1,,テンチョー,116,
gio_(maroon0924),1,,gio_(maroon0924),116,
zenyu,1,,zenyu,116,
hanada_(cobalt003),1,,のハ,116,
metallican,1,,めたりかん,116,
herayoshi,1,,herayoshi,116,
peshita,1,,ぺし太,116,
mamemo_(daifuku_mame),1,,まめ藻,116,
roro_(chshpp),1,,ロロ,116,
fuji_166,1,,トウノ,116,
truffleduster,1,,truffleduster,116,
rarigo,1,,ラリったゴリラ,116,
kouguchi_moto,1,,こうぐちもと,116,
takai_isshiki,1,,鷹井,116,
bear_boss,1,,bear_boss,116,
hakuto_(28syuku),1,,ハクト,116,
kaori,1,,かおり,116,
azumawari_(azumofu),1,,あずまわり,116,
runaru,1,,るなーる,116,
omo_(saindoc),1,,동해물과백두산,116,
xukong,1,,拉菲兔,116,
mokottsu,1,,もこっつ,116,
pippin_(pippin_sol),1,,pippin_(pippin_sol),116,
ildy,1,,ildy,116,
juke,1,,早緑なな,116,
sleepdeadme,1,,义意无,116,
no_(xpxz7347),1,,no_(xpxz7347),116,
meisharan,1,,めいしゃらん,116,
pisoshi,1,,pisoshi,116,
kutatsu_(kutatsu7),1,,くうたつ,116,
sazanka,1,,ガヴドロはgdpと略す派のさざんか,116,
metal_man10,1,,メタまん,116,
dokomilk,1,,どこ?,116,
wasabi_shoujo,1,,わさび少女,116,
kaeha,1,,かえは,116,
kedama_(kedama_akaza),1,,けだま,116,
nagul,1,,해오,116,
hato_no_suisou,1,,ハトの水槽,116,
pulp_piroshi,1,,stone堂,116,
feiton,1,,ふぇいとん,116,
kaminary,1,,kaminary,116,
kururi,1,,おやすみくるり,116,
reio_reio,1,,reio_reio,116,
meicha,1,,冥茶,116,
kaieda_hiroshi,1,,カイエダヒロシ,116,
cheong_ha,1,,청하,116,
akikazu_mizuno,1,,akikazu_mizuno,116,
mogupuchi,1,,もぐぷち。,116,
morimiya_masayuki,1,,森宫正幸,116,
ibuki_(abuki),1,,い吹,116,
aoihitsuji,1,,蒼羊,116,
mishuo_(misuo69421),1,,禰朔,116,
minatoya_mozuku,1,,湊屋もずく,116,
idawnrunner,1,,idawnrunner,116,
kami_tora,1,,紙虎,116,
hosaka_dx,1,,保坂たけまる,116,
philtomato,1,,philtomato,116,
sakebuotoko,1,,sakebuotoko,116,
arata_toshihira,1,,あらたとしひら,116,
sakurato_tsuguhi,1,,桜戸,116,
pyooon_pyooon,1,,ぴょんぴょん,116,
ueda_katsuhito,1,,上田,116,
emu_(toran),1,,ゑむ,116,
mozuno_(mozya_7),1,,鵙野,116,
kinty,1,,kinty,116,
donnpati,1,,みどり,116,
sk02,1,,冷凍うどん工場,116,
potechi_norisio,1,,ノコ,116,
taihengold,1,,taihengold,116,
karen_(navy_42),1,,karen_(navy_42),116,
monpuchi,1,,もんぷち,116,
satou_satoru,1,,satou_satoru,116,
neon_(hhs9444),1,,neon_(hhs9444),116,
balance_(superdust),1,,バランス,116,
tel,1,,朝峰テル,116,
yamadori_seika,1,,山鳥煙火,116,
iroenpitsu_xxx,1,,iroenpitsu_xxx,116,
hino_ryutaro,1,,hino_ryutaro,116,
colis_(regunm772),1,,こりす,116,
katou_kaiou,1,,かいおう Homepage,116,
oono_imo,1,,おおの,116,
homutan_(syjg2733),1,,吼姆碳,116,
mo_(aabx315),1,,藻,116,
k_kanehira,1,,金平和茂,116,
tibino,1,,ふしみ彩香,116,
01_0219,1,,01_0219,116,
yashichii,1,,やしちぃ,116,
sakake_asobi,1,,sakake_asobi,116,
maemi_(maemi12),1,,maemi_(maemi12),116,
uguubear,1,,uguubear,115,
ri_~yoku,1,,りょく,115,
backsine,1,,backsine,115,
fune_(nkjrs12),1,,舟,115,
hontani_toshiaki,1,,hontani_toshiaki,115,
irogomi,1,,色gomi,115,
zhenming,1,,真名,115,
hikkio,1,,hikkio,115,
numata_zombie,1,,沼田ゾンビ,115,
arril100,1,,arril100,115,
koyo2023,1,,こよ山,115,
otogisum3,1,,御伽墨,115,
ojisan_rbt,1,,ojisan_rbt,115,
chamu_(chammkue),1,,雅茶木HZ,115,
kai_(shell),1,,改,115,
kampuzu,1,,kampuzu,115,
harumaking,1,,はるまきんぐ,115,
frider,1,,frider,115,
kurimako,1,,kurimako,115,
jaaku_(ra_9rara),1,,邪悪,115,
kenzenchan18,1,,kenzenchan18,115,
sasha_chii,1,,ササちい,115,
meliach,1,,meliach,115,
akamirai,1,,アカミ,115,
look4_osagashi,1,,ヨルク,115,
suaynnai_wanzi,1,,圈圈芝麻糊,115,
emanonta,1,,えまのんた,115,
yononaka,1,,yononaka,115,
leotab12,1,,곽임,115,
yuzuttan,1,,ゆずった,115,
shimada_azusa,1,,嶋田梓,115,
hiromumaru,1,,hiromumaru,115,
hato_popo_37,1,,白鳩,115,
sasasa_r_23,1,,佐々木良平,115,
porary,1,,porary,115,
ogura_hiroko,1,,小倉裕子,115,
jip,1,,ジープ,115,
625light,1,,light光光,115,
ovasayuri,1,,▼鰐ドフbbaくゆり,115,
ryuh_(asahina_neru),1,,ryuh_(asahina_neru),115,
qaq_baiguang,1,,qaq白光,115,
nira_(nira_box),1,,イガラシ,115,
tom_higgins,1,,tom_higgins,115,
narita_rumi,1,,成田るみ,115,
sakura_kanawo,1,,左倉かなを,115,
zen_(jirakun),1,,ぜん。,115,
satofuji_masato,1,,了藤诚仁,115,
yuuryuu_nagare,1,,裕龍ながれ,115,
drakente,1,,drakente,115,
irarei_(araisanblog),1,,イラレイ,115,
hirune_(suiminbusoku118),1,,昼寝,115,
junji_17,1,,junji_17,115,
yotsuba_haru,1,,たいやき,115,
bouhatei_(t-back),1,,防波堤,115,
awnw,1,,むか,115,
jhonnpro,1,,jhonnpro,115,
blhazx,1,,blhazx,115,
kinagi_(3307377),1,,きなぎ,115,
dice_coffeedox,1,,dice_coffeedox,115,
nai_gai_hongcha,1,,原味奶盖红茶,115,
yeosi,1,,猫ゆん,115,
yabunshi,1,,ぶんし,115,
morris1611,1,,morris1611,115,
mooofoo,1,,米饭是菜,115,
misuke_(gyouran),1,,み介,115,
karo_(karohroka),1,,カロ,115,
ricke_2002,1,,米糕,115,
tigern_(tigern28502735),1,,tigern_(tigern28502735),115,
fig_(lchijiku),1,,いちじく,115,
nyanyanoruru,1,,猫々野るる,115,
funyo_(masa),1,,きよまさ,115,
marine_(confeitokobo),1,,マリネ,115,
metae,1,,めたえ,115,
shugo19,1,,shugo19,115,
karasuma234,1,,小烏丸,115,
sihyun25,1,,하햠,115,
yazuka,1,,ヤヅカ,115,
cl_(h-sys.),1,,シーエル,115,
komerina,1,,こめりな,115,
sashimi_oniku,1,,義貞,115,
kemuri_(etep3372),1,,けむり,115,
yamada_yama,1,,山田やま,115,
dalanxia,1,,大蓝虾,115,
shishamo_712,1,,ししゃも,115,
gekhuay,1,,gekhuay,115,
shakkiyi,1,,しゃっきー,115,
yuzuyunagi,1,,ゆずゆなぎ,115,
kanikatsuya,1,,かにかつや,115,
damao_(kiwa777),1,,だまお,115,
comet_(teamon),1,,코멧,115,
karpin,1,,カルピン,115,
naga-agan,1,,明太マヨ,115,
regurusu_(nagarevosi),1,,大理石植物淵,115,
brick_st,1,,罗勒墓场重建版,115,
tpi_ri,1,,り,115,
gin_(tttetu123),1,,ぎん,115,
hoicyo,1,,hoicyo,115,
takahan,1,,タカはん,115,
dyresbroom,1,,いと,115,
dr._gero_(staedtler_0508),1,,dr.ゲロ,115,
pfalz,1,,pfalz,115,
hatsune_negame,1,,はつねネガメ,115,
camao,1,,茶猫,115,
elmo_(st_elmomomo),1,,elmo_(st_elmomomo),115,
natsukari_na,1,,なつかりり,115,
mzyk,1,,みずゆき,115,
unagi_(nakaelric),1,,うなぎ,115,
hsch,1,,乾燥クラゲ,115,
katachi_noboru_nishikino,1,,Nishikino形昇,115,
kimuwaipu,1,,キムワイプ,115,
akasia,1,,akasia,115,
amau_(kosmos),1,,あまう,115,
koujima_shikasa,1,,降島ツカサ,115,
clich51368861,1,,クリシェ,115,
sano_sanoko,1,,佐野,115,
kyouyasai4423,1,,キョウ屋斎,115,
hinazuka_ryou,1,,はんぺん,115,
abusoru,1,,あぶそる,115,
saltyicecream,1,,saltyicecream,115,
rindou_(rindou_annon),1,,竜胆/三峯みね,115,
sekitaku,1,,セキタク,115,
marumi,1,,丸美,115,
kage_yuu,1,,鹿毛夕,115,
miyashita_miki,1,,宫下未纪,115,
takahashi_umori,1,,高橋うもり,115,
noveske_n4,1,,noveske_n4,115,
pokopi,1,,ぽこぴ,115,
shinsono_shiroko,1,,新園,115,
wei_miao,1,,魏喵,115,
sanegesan,1,,さねげ,115,
osaragi_mitama,1,,おさらぎ,115,
rasukusekai,1,,らすく,115,
nekololisama,1,,nekololisama,115,
hanazuka_ryouji,1,,良治,115,
rion_(glayjirobass),1,,りおん,115,
mutsuno_hekisa,1,,六ツ野へきさ,115,
haishi_kakyo,1,,哈希卡桥,115,
myuto_(advent_retribution),1,,ミュート,115,
akesaka_iku,1,,明坂いく,115,
moekon,1,,迷子宇宙,115,
murasaki_saki,1,,murasaki_saki,115,
tangerine_(dudu),1,,최강궁디두두,115,
kurappii,1,,くらっぴい,115,
tsukiji,1,,月路,115,
147,1,,147,115,
yshjsw,1,,yshjsw,115,
samo_(shichun_samo),1,,サモ,115,
rifu_(643763873),1,,リフ,115,
hiragi_rin,1,,園庭想空,115,
dainatsu,1,,けいかちんしゅ,115,
isshoku_(shiki),1,,一色,115,
psychopath_idiot,1,,サイコパス･イディオット,115,
cocopalm,1,,cocopalm,115,
mintchoco_(orange_shabette),1,,민트쵸코,115,
fuku_kitsune_(fuku_fox),1,,福きつね,115,
fhang,1,,fhang,115,
mimuni362,1,,電幻ライナー二番線,115,
ingi,1,,ingi,115,
porougon,1,,porougon,115,
kwsby_124,1,,ととのめ,115,
hoshi-toge,1,,星峠,115,
kiyakyuu,1,,几八九,115,
913kousatu,1,,絵を描く人,115,
yaegashi_(muzzuleflash),1,,八重樫,115,
kuramochi_kyouryuu,1,,アトリエとびうお,115,
lirseven,1,,加油立旗,115,
naru9,1,,nキャミィ,115,
moai_(aoh),1,,석상,115,
krakrignmr,1,,機巧ぐんまる,115,
yuria_(kittyluv),1,,ゆりあ,115,
ichihachiyon,1,,いちはちよん,115,
besi_(besidoesart),1,,besi_(besidoesart),115,
tennouji_masamichi,1,,天王寺,115,
tanabe_(studio_tiamat),1,,タナベ,115,
labotamochi,1,,らぼたもち,115,
zhi_zhi/zu_zu,1,,ズズ,115,
nono_(norabi),1,,のの,115,
watasi_tokimi,1,,watasi_tokimi,115,
kurosawa_tetsu,1,,クロサワテツ,115,
ria_(rilpoppo),1,,りあ,115,
nanakusa,1,,七草,115,
popcorn_91,1,,popcorn_91,115,
kinoshita_kou,1,,木ノ下コウ,115,
shinkawa_youji,1,,新川洋司,115,
omoyu_(nakyu715),1,,お燃油,115,
calmgreentori,1,,calmgreentori,115,
oretsuu,1,,oretsuu,115,
felielle,1,,felielle,115,
iamthekingofegg,1,,iamthekingofegg,115,
greave_(asterism),1,,グリーヴ,115,
n7grey,1,,n7grey,114,
shiranui_(wasuresateraito),1,,しらぬい,114,
sasa_fune,1,,ささ舟,114,
celtreny,1,,celtreny,114,
minuolin,1,,米诺林,114,
urizaku3,1,,ウリザク,114,
satsuki_atan,1,,satsuki_atan,114,
kodak_painter,1,,kodak_painter,114,
bowsan,1,,ぼうさん,114,
ookiitora128706,1,,ookiitora128706,114,
kio_shimoku,1,,木尾士目,114,
daltokki34,1,,달토끼,114,
reiji_tsukimi,1,,月見零二,114,
fella_(vpffk0731),1,,fella_(vpffk0731),114,
hswoimuxk0pwr0h_(bbdan),1,,ｂｂ団,114,
wiwo,1,,ゐを,114,
kaomoji_(sagor00237),1,,かおもじ,114,
mariabowl,1,,まりあ丼,114,
nemimin,1,,眠ミン,114,
yotsutsu428,1,,四葉,114,
uyouu19,1,,uyouu19,114,
noko_(nco029685627),1,,乃子,114,
ororooops,1,,オロロ,114,
mya-zawa,1,,mya-zawa,114,
yuzugoori,1,,ゆずごおり,114,
mrr_05,1,,톡기농장,114,
tamaru_tokihiko,1,,タマルトキヒコ,114,
ryokukoucha,1,,緑茶,114,
ishikoro24,1,,イシコロ,114,
waterstaring,1,,明日みめい,114,
ttegi_(ddeck_dg),1,,떼기,114,
104_(luins104),1,,104_(luins104),114,
takki_(takkiko),1,,takki_(takkiko),114,
mugumo_24k,1,,むくも,114,
mira_hidume,1,,水鏡ひづめ,114,
ronna,1,,ろんな,114,
hirocchi,1,,ひろっち,114,
liuyun_(liuyun73492),1,,柳筠,114,
moriyama_meiko,1,,司稽不想画画,114,
maido_mido,1,,maido_mido,114,
ilsksh,1,,ilsksh,114,
bo_(bocky0w0),1,,bo_(bocky0w0),114,
naoel_(naoel_art),1,,naoel_(naoel_art),114,
mamebato,1,,しるこサンド,114,
oimo_0imo,1,,oimo_0imo,114,
matsuda_juukou,1,,松田重工,114,
gamel_120,1,,がめる,114,
pann_(1202zzzx00),1,,pann_(1202zzzx00),114,
tsumeki,1,,詰め木,114,
geosmichi77,1,,シル,114,
sikosiya,1,,しこと種付け,114,
soo_kazahana,1,,そー,114,
kluverdesigns,1,,kluverdesigns,114,
hall_jion,1,,HALLジオン,114,
aru_(arudes),1,,ある,114,
sawan_cutman,1,,左腕切断中毒,114,
furumeta,1,,ふるめた,114,
uuron_(nkktmrrr),1,,まめた,114,
kijibato_123-gou,1,,kijibato_123-gou,114,
toriyufu,1,,とりゆふ,114,
t-track,1,,t-track,114,
sei_(bigaa),1,,ビガー,114,
nemu_(nemurakka),1,,ねむ,114,
u-sama_(u_summer0719),1,,うさまー,114,
ohako,1,,十八番,114,
3_ma_me,1,,3_ma_me,114,
ruoguiling,1,,若歸陵,114,
eleaaa,1,,饿了,114,
yamasina009,1,,やましな,114,
musaki_(msaki666),1,,むさき,114,
yoruniyoruyoshi,1,,よるによるよし,114,
yakibuta_(shimapow),1,,焼豚,114,
pochi-a,1,,pochi-a,114,
samejima_retro,1,,鮫島レトロ,114,
arisu_syndrome,1,,アリスを見て○○する症候群,114,
xelgot,1,,xelgot,114,
bbolalus,1,,bbolalus,114,
tasuku_(tusktouhou4),1,,助,114,
araki_hirohiko,1,,荒木飛呂彦,114,
scarletsky,1,,scarletsky,114,
raichita,1,,らいちた,114,
beru_popooo,1,,べ,114,
mushi_mushi_ex,1,,蟲虫,114,
cerevevisiae,1,,cerevevisiae,114,
meeee_hitsuji,1,,meeee_hitsuji,114,
uhai,1,,uhai,114,
kaedeno_yuu,1,,kaedeno_yuu,114,
fy_fei_xiao_ya,1,,fy肥小鸭,114,
pr_quote,1,,pr_quote,114,
ikiyouz,1,,自作ぎゃてコラ保管用アカウント,114,
yamu_(yamu_030),1,,やむっ,114,
hayasaka_(a865675167774),1,,はやさか,114,
toki0830,1,,toki0830,114,
hoe-l,1,,吠L,114,
jo_shin_ogi,1,,徐振荻,114,
pokashi,1,,pokashi,114,
saijou_satoru,1,,みゃぁん,114,
zhuowang233,1,,灼忘,114,
4ding,1,,포딩님,114,
yabuka_shiwa,1,,しわ,114,
odaneru_apart,1,,おだねるapart,114,
nikon_(user_aznh7528),1,,にこん,114,
maimuu,1,,まいむぅ,114,
kawamoto_toshihiro,1,,川元利浩,114,
chan_(akuty_ikkot),1,,ちゃん,114,
chocofish,1,,chocofish,114,
sino_sakisaki,1,,しの,114,
ishinoyari,1,,石の槍,114,
k_(sktchblg),1,,k_(sktchblg),114,
manjiduka,1,,卍束,114,
nishida_yume,1,,西田ゆめ,114,
ito_fumi,1,,いとうふみあき,114,
nico-tine,1,,nico-tine,114,
nablange,1,,ナブランジャ,114,
erlisa_takanashi,1,,erlisa_takanashi,114,
fangwan,1,,fangwan,114,
yueyueyue_yao,1,,月月月妖,114,
yogukasu,1,,お,114,
iikoao,1,,いい子青,114,
sakuma_shiki,1,,さくましき,114,
saw272,1,,saw272,114,
teeniika,1,,テニカ,114,
magiace,1,,片卑,114,
shiori_(moechin),1,,しおりん,114,
dudunia,1,,dudunia,114,
mochi_(mochiokomet),1,,モチ,114,
janload1ng,1,,janload1ng,114,
pokeeti,1,,おけえち,114,
kumoi_takashi,1,,菅野タカシ,114,
ri-ko,1,,利行,114,
odoro_(nicoseiga81184094),1,,オドロ,114,
malvar,1,,malvar,114,
zanshi,1,,残滓,114,
mnkr98,1,,mnkr98,114,
inkoinko7,1,,inkoinko7,114,
mathiamo13,1,,そらす蛇,114,
adachi_shingo,1,,足立慎吾,114,
chiyaya,1,,雑貨荒物屋,114,
hoshino_lily,1,,星野リリィ,114,
yakisoba_ohmori,1,,やきそばおおもり,114,
okamura_(okamura086),1,,okamura_(okamura086),114,
supobi,1,,スポビ,114,
tobio_illust,1,,tobio_illust,114,
nehitsuji_(syatihokoga),1,,ネヒツジ,114,
tylwing,1,,tylwing(ティルウィング,114,
golmonggu,1,,골몽구,114,
laovaan,1,,laovaan,114,
hanasawa062,1,,hanasawa062,114,
slowfrost,1,,慢霜煦,114,
ximsol182,1,,ximsol182,114,
shafurakafusha,1,,赦不螺カフシャ,114,
laejjo,1,,laejjo,114,
yuzuno_wagiri,1,,柚ノ輪霧,114,
sushizanmai_(sorahaaoi7),1,,すしざんまい,114,
takatsuki_kahiro,1,,宇月かひろ,114,
uzuki_tsukuyo,1,,卯月つくよ,114,
kiyose_akame,1,,清瀬赤目,114,
agovitch,1,,アゴニキ,114,
kock_k,1,,kock_k,114,
hide_oo,1,,はしば,114,
kotobuki_utage,1,,寿宴,114,
yukiiti,1,,餡乃,114,
hiiro_(kikokico),1,,ひいろ,114,
koi_drake,1,,koi_drake,114,
hiro1984,1,,河犬、,114,
umeyama_(toma23),1,,うめやま,114,
arai_hiroki,1,,荒井洋紀,114,
london_inu,1,,London犬,114,
coo_(coonekocoo),1,,くー,114,
anapom,1,,あなぽん,114,
shize_(coletti),1,,シゼ,114,
makita_(vector1525),1,,牧田,114,
kakiha_makoto,1,,柿葉,114,
paperfinger,1,,paperfinger,114,
vreparty,1,,vreparty,114,
siriuflong,1,,siriuflong,114,
yellowshark601,1,,小黄biu,114,
rin_(fuwarin),1,,Riん,114,
niji_(nijioki),1,,niji_(nijioki),114,
dani-ikapi,1,,だに,114,
senka-san,1,,閃架さん,114,
buta-don,1,,ぶた丼,114,
molly_yancey,1,,molly_yancey,114,
kohige,1,,こひげ,114,
ushihashiru,1,,ウシハシル,114,
ddddecade,1,,ddddecade,114,
eruichi_(redphantom),1,,エル壱,114,
eerisyn,1,,eerisyn,114,
twoframe,1,,ツーフレーム,114,
mizuyoukan_(mikususannda),1,,水ようかん,114,
oritako,1,,おりたこ,114,
ijac_ray,1,,ijac_ray,114,
mountain_pukuichi,1,,マウンテンプクイチ,114,
fura,1,,ふかふか天職,114,
somejima,1,,ソメジマ,114,
cink-knic,1,,セキチク,114,
polorinken,1,,ポロリン軒,114,
a.t._zero,1,,はるあと,114,
hirabaru_kenji,1,,平原,114,
inoue_koharu,1,,イノウエ,114,
unohana_pochiko,1,,卯花ぽちこ,114,
mochi_(chain_csn),1,,モチ,114,
sterben,1,,sterben,114,
spdcooler,1,,spdcooler,113,
yamanata,1,,yamanata,113,
tensen_(dotted_line),1,,異常なし,113,
7_phi_3,1,,7_phi_3,113,
tujiu_sama,1,,兔玖SAMA,113,
miyako_(mongcocoa),1,,みやこ,113,
t0nys,1,,t0nys,113,
super_hellrat,1,,super_hellrat,113,
sakuraiisui,1,,いすい,113,
siglk,1,,siglk,113,
yuec,1,,月尘预测Yuce,113,
beatlo_(rodrigo38658978),1,,beatlo_(rodrigo38658978),113,
ununtied,1,,ununtied,113,
elegia,1,,elegia,113,
dsfr,1,,dsfr,113,
life_is_pi,1,,life_is_pi,113,
yoru_usagi,1,,夜兎*,113,
coteri,1,,コテリ,113,
sunako_(veera),1,,sunako_(veera),113,
mikoko1,1,,いーたん＆mikokoたん,113,
my_(my_6633),1,,my_(my_6633),113,
the_antin,1,,the_antin,113,
iguana152588,1,,イグ,113,
asagiri_ai,1,,朝霧愛,113,
ppyong,1,,ppyong,113,
kakincho,1,,かきんちょ,113,
moyashi_baasuto,1,,もやしばーすと,113,
mokuroo,1,,もくろ,113,
ykshelter,1,,ykshelter,113,
kuma_jet,1,,クマジェット,113,
yaoyaobae,1,,yaoyaobae,113,
hamazi_aki,1,,はまじあき,113,
trileo405,1,,trileo405,113,
milssak,1,,milssak,113,
kankitsurui_(house_of_citrus),1,,柑橘類,113,
cocytus_(wind_master),1,,こきゅーとす,113,
prock,1,,prock,113,
yotsugi,1,,よつぎ,113,
duoyun_de_tiankong,1,,多云的天空,113,
orange-pengin,1,,オレンジペンギン,113,
tobildesu,1,,ヤモリ,113,
cbb_(tuucoo),1,,愿你我似这鱼和水,113,
geckobara,1,,geckobara,113,
sakurada_nana,1,,桜田なな,113,
rikkii_(likito_yuzu_is),1,,りっきー,113,
mokotoko9,1,,mokotoko9,113,
wge,1,,wge,113,
fantasydolce,1,,黒霧,113,
axl_crow,1,,axl_crow,113,
egg_(cknlun),1,,egg_(cknlun),113,
oiro_ik,1,,おいろ,113,
laoyepo,1,,laoyepo,113,
maabo_harusame,1,,麻婆はるさめ,113,
aleo,1,,ALeo维,113,
nameco_(nameco_h),1,,nameco_(nameco_h),113,
shakeeeeeeeee,1,,シャケ,113,
sakuyabm,1,,さくや,113,
24mbb,1,,たぬき,113,
pun-rii,1,,pun-rii,113,
narakuuu,1,,奈骡咕咕子,113,
mirumiruchan,1,,mirumiruchan,113,
kiro_(kirotayu),1,,ヤテモヤ,113,
nara_nakiri,1,,ナラなきり,113,
neamosub,1,,neamosub,113,
carin_(c_arin1012),1,,きゃりん,113,
dr_altruist,1,,dr_altruist,113,
takami_akio,1,,高見明男,113,
dice_gt,1,,だいす,113,
yu_lei,1,,羽泪,113,
vincent-san,1,,vincent-san,113,
rega,1,,rega,113,
nakazawa_ayami,1,,nakazawa_ayami,113,
furuno_(furuno132nw),1,,ふるの,113,
takuan_(takuanlunch),1,,たくあん,113,
kamihine,1,,こよりデルタ,113,
junshiki,1,,junshiki,113,
nid417,1,,ニド,113,
anjerain,1,,アンジェライン,113,
kaneda_mitsuko,1,,みつこ,113,
amehatobook,1,,飴鳩本屋,113,
yellow_glasses_(odivichno),1,,yellow_glasses_(odivichno),113,
napata,1,,なぱた,113,
kaudon,1,,かうどん,113,
yamaharu_(xxzf7284),1,,やまはる,113,
felixkohai,1,,felixkohai,113,
null-ghost,1,,null-ghost,113,
meginalter,1,,meginalter,113,
katou_yuuki,1,,加藤勇樹,113,
vinncy,1,,vinncy,113,
mitsuame_miiro,1,,mitsuame_miiro,113,
garyou,1,,臥龍,113,
suzuki_puramo,1,,鈴木ぷらも,113,
rafchu,1,,rafchu,113,
kijinaka_mahiro,1,,雉中真裕,113,
vinartwork,1,,vinartwork,113,
kokujin_youhei,1,,黒人傭兵,113,
kangshi,1,,kangshi,113,
potion_lilac,1,,ぽーしょん,113,
cherrymaru,1,,망고링고,113,
hazakura_chikori,1,,葉桜ちこり,113,
namisaki_yuka,1,,n咲,113,
tanyatonya,1,,tanyatonya,113,
shiimai,1,,師霾,113,
mok_kan,1,,mok_kan,113,
miyamaru,1,,みやまる,113,
taisinkoku,1,,大秦国王安敦,113,
yachimoto,1,,ヤチモト,113,
tonton_(tonz159),1,,とんとん,113,
toudou_charo,1,,ちゃろ,113,
tokunaga_aoi,1,,ぶるー,113,
cleanerjay,1,,cleanerjay,113,
yoshikita_popuri,1,,吉北,113,
maryquant,1,,もさもさ,113,
yamaguchi_ugou,1,,やまぐち羽轟,113,
madhatter_hello,1,,帽子屋heiio,113,
idk-kun,1,,idk-kun,113,
ougi_(ihayasaka),1,,扇,113,
okari,1,,色は匂えど,113,
aoi_(kirabosi105),1,,あおい,113,
nido_celisius,1,,nido_celisius,113,
kanikan,1,,うに缶,113,
kazuoki,1,,カズオキ,113,
labombardier!,1,,某战斗员,113,
siqi_(miharuu),1,,四骑,113,
iwashi_111,1,,いわし,113,
poco24,1,,poco24,113,
hao_(haozz),1,,はお,113,
tiger_(tiger-kimu),1,,タイガー,113,
senno_aki,1,,せんのあき,113,
melonpuff,1,,melonpuff,113,
phenne,1,,フェンネ,113,
tongji,1,,童祭,113,
omarumaru,1,,おまる丸,113,
chahashiraozen,1,,茶柱御膳てりー,113,
shoohee,1,,しょーへー,113,
mmariesr,1,,mmariesr,113,
kine-c,1,,kine-c,113,
mimo_lm,1,,mimo_lm,113,
kitamura_(bamboo),1,,きたむら,113,
ruroo,1,,るろお,113,
yamazaki_kazu,1,,山崎かずま,113,
mutugorou_u,1,,mutugorou_u,113,
terai_(teraimorimori),1,,白井秀実,113,
shaa,1,,しゃあ,113,
manaka_(pdx),1,,愛花,113,
qingci,1,,三叠,113,
y_y_(ysk_ygc),1,,y_y_(ysk_ygc),113,
dadada_(dadadanoda),1,,だだだ,113,
a_(sofi3103),1,,a_(sofi3103),113,
kutsuno,1,,くつ乃,113,
kai_(drakkai10),1,,改,113,
sakayaki_(burning_soul),1,,月代,113,
nagata_nagato,1,,長田,113,
yamato_tachibana,1,,大和,113,
pan_koujou,1,,pan_koujou,113,
lovelyme,1,,lovelyme,113,
kiyoshi_st,1,,kiyoshi_st,113,
roki_(0214278),1,,ろ樹,113,
muchabou,1,,無茶坊,113,
oyabun_(higashi),1,,oyabun_(higashi),113,
xx_tk9,1,,xx_tk9,113,
hicha_nomu,1,,日茶のむ,113,
chikugen_shiina,1,,竹玄,113,
jiryu50610218,1,,일일,113,
muki_(muki_kunxd),1,,六木TY,113,
taniguchi_daisuke,1,,谷口大介,113,
wasabi_(wasalongt),1,,わさび,113,
wr_(karakusa_senbei),1,,唐草⑦,113,
aibivy,1,,無縁冢,113,
oyuyu,1,,おゆゆ,113,
useq1067,1,,useq1067,113,
gro_(lee145879),1,,gro_(lee145879),113,
battlegaregga,1,,サークルにゃもにゃも,113,
shichibee_(stm_mimi),1,,しちべぇ,113,
mugiusagi,1,,麦うさぎ,113,
sky_kiki,1,,园,113,
yu-ki_iwata,1,,yu-ki_iwata,113,
ban_syou,1,,蕃椒,113,
w_zhengz,1,,蒸ZHENG,113,
muto_dt,1,,ムト,113,
usamiusamimii,1,,名無し,113,
tanabe,1,,まんごープリン,113,
rahy,1,,rahy,113,
tagovantor,1,,tagovantor,113,
orval,1,,orval,113,
iwasawayuki,1,,イワサワユーキ,113,
glaciel,1,,glaciel,113,
dydydyok,1,,ただの戯言遣い,113,
yasato,1,,八里,113,
lvarts497,1,,lvarts497,113,
cudlil,1,,cudlil,113,
komegura,1,,こめぐら,113,
azuma_(magi-inazuma),1,,あずま,113,
kakutasu,1,,かくたす,113,
moriyama_daisuke,1,,森山大輔,113,
afnroll,1,,afnroll,113,
nishikasai_munieru,1,,西葛西むにえる,113,
iwami_kiyoko,1,,岩见树代子,113,
rakujin,1,,沢尻メロウ（らくじん）,113,
vmein_46,1,,vmein_46,113,
mizutama_(mao11260510),1,,みずたま,113,
mojiuxuan,1,,墨九玄,113,
mapa_(wqgrkt_krbko),1,,mapa_(wqgrkt_krbko),113,
moth_ram,1,,ななし,113,
ryrmcher,1,,ryrmcher,113,
free_butterfree,1,,とくなのぞみ,113,
b_nosk101,1,,びいのすけ,113,
bu_li,1,,布里,113,
kakimoto_nao,1,,カキモトナオ,113,
camille_waifu,1,,camille_waifu,113,
meister_staze,1,,meister_staze,112,
shou-star,1,,shou-星,112,
mochi_(m0chi0000),1,,モチ,112,
mcbuckwheat,1,,mc蕎麥,112,
slmnk10124,1,,三竹三七,112,
ban_(ban62460424),1,,ばん!,112,
m-chai,1,,米佳怡牌创可贴,112,
felia_hanakata,1,,felia_hanakata,112,
tak0baka,1,,たこ,112,
leorlontyan,1,,leorlontyan,112,
dl2go,1,,dl2go,112,
yanono_015,1,,やのの,112,
tonka_kryga,1,,tonka_kryga,112,
deculture,1,,deculture(持続的標的型攻撃,112,
usagishi,1,,兔仔,112,
1230_mochi,1,,もち米,112,
maud0239,1,,もーどまん,112,
awoito_(tsurubami_jiguro),1,,あをいと,112,
deno_(denomina0),1,,メメツ,112,
kotonoman,1,,kotonoman,112,
kuritiizu,1,,kuritiizu,112,
lisa_buijteweg,1,,lisa_buijteweg,112,
scrimblocrimbo,1,,scrimblocrimbo,112,
mg_omom,1,,ぽさん,112,
mumumu_seijin,1,,むむむ星人,112,
k0me,1,,米雨,112,
mahiru_yura,1,,真昼ゆら,112,
turtle-kun,1,,タートル君,112,
agito_(agitoishere),1,,あぎと,112,
kurohanenone,1,,くろはね,112,
akihitoevon,1,,akihitoevon,112,
abyss_kpn_(ki),1,,け,112,
kalun_(fwme3378),1,,卡伦,112,
mikan_mizu,1,,みかんみず,112,
fkscrashing,1,,fkscrashing,112,
hans-kun,1,,hans-kun,112,
ama_(ama_ekaku),1,,あま,112,
heppari,1,,쫄깃한해파리,112,
badasengsu,1,,badasengsu,112,
kama_boko17,1,,kama_boko17,112,
uusquid,1,,愚な蓝星人,112,
derby_(dabidabi),1,,derby_(dabidabi),112,
leo23,1,,leo23,112,
hime_takamura,1,,hime_takamura,112,
buzzsaw_(6631455),1,,雷针鸟,112,
demirinz,1,,でみずあん,112,
mutsuse,1,,六瀨,112,
tamamorh,1,,タマモ,112,
tetra_(ktet4_illu),1,,あしね,112,
syst098,1,,산삼,112,
reiku09,1,,reiku09,112,
manda_(luts7602),1,,manda_(luts7602),112,
mogullaz,1,,もぐらず,112,
azuminonomizua,1,,あずみ,112,
kuro4221,1,,アサダクロ,112,
yukisame,1,,ゆきさめ,112,
kokonex,1,,kokonex,112,
zhineart,1,,zhineart,112,
matsuri_kyuuta,1,,まつりきゅうた,112,
bilizinger,1,,李奶奶的魔法产品厨房,112,
achadtea,1,,achadtea,112,
chocorut,1,,chocorut,112,
huihuang_rongyao,1,,辉煌-荣耀HHRY,112,
kai_(esugi),1,,改,112,
rinkaa_(lovelive765pro2),1,,rinkaa_(lovelive765pro2),112,
keven_(ewdx3754),1,,keven_(ewdx3754),112,
tobun_sub,1,,とうぶんかじょう,112,
mykokampfwagen,1,,mykokampfwagen,112,
ymir_jonsson,1,,ymir_jonsson,112,
yesheng_zong_ren,1,,粽人,112,
miyuchiq,1,,miyuchiq,112,
bluearcadegames,1,,bluearcadegames,112,
hirokazu,1,,広和,112,
akabane_yu,1,,はね,112,
kazunehaka,1,,和音ハカ,112,
jingo_kajiki,1,,神護カジキ,112,
rescat,1,,rescat,112,
pof_(peuplierpof),1,,ぽふ,112,
sou_mei,1,,sou_mei,112,
tamaki_(tamaki599),1,,環,112,
hiraizumi_(mugenkidousha),1,,比良泉,112,
konyak9konnya9,1,,灰村のいり,112,
ark1478,1,,ark1478,112,
peppr_n'_salt,1,,peppr_n'_salt,112,
unnunal_(unneonal),1,,unnunal_(unneonal),112,
haruna_(hrnrnh),1,,haruna_(hrnrnh),112,
somemiya_suzume,1,,染宮すずめ,112,
agurami,1,,agurami,112,
mokokoiro,1,,たばやん,112,
shirayamakoma,1,,なす,112,
rano_u_rabe,1,,うらべさん,112,
amano_hotaru_(hotaama),1,,天乃ほたる,112,
japanon,1,,japanon,112,
the_scarlet_devil,1,,the_scarlet_devil,112,
darr1o,1,,darr1o,112,
kinoko_(kino2435006),1,,キノ,112,
gogopaint,1,,ごーお絵かき,112,
hrak_mumi,1,,無味,112,
nenight,1,,nenight,112,
amanatsu_(amanatu5069),1,,あまなつ,112,
karya,1,,かりゃー,112,
okayashi,1,,おかや,112,
raftetram,1,,らふてとらむ,112,
wtlong_han,1,,WT龙寒,112,
tamba_i,1,,丹羽伊,112,
asaikaina,1,,浅井海奈,112,
conconcon1031,1,,おこた,112,
mon_(monmon2133),1,,mon_(monmon2133),112,
hievasp,1,,hievasp,112,
huang_tie_lin,1,,黄铁林,112,
muta_(82y_46p),1,,むた,112,
ankara_(ko_ruto3),1,,あんから（小原が好きすぎる人,112,
cha_chya,1,,cha_chya,112,
daible,1,,daible,112,
miitara,1,,miitara,112,
haruwo,1,,はるを,112,
yasubaru,1,,やすばる,112,
comomo,1,,おとなりのこ,112,
3d_rod!,1,,3d_rod!,112,
biluoyao,1,,碧落遥,112,
nasipasuta,1,,なしぱすた,112,
shiro_ami,1,,エムキ,112,
kasu_kazu,1,,かすかず,112,
hourai_kochou,1,,蓬莱胡蝶,112,
kazura,1,,カズーラ,112,
mugi062,1,,mugi062,112,
kuroino_(0kuro8ino6),1,,くろいの,112,
shiromamekei,1,,しろまめ,112,
mogutofuoes,1,,菇,112,
kana_yukino,1,,白かな,112,
coll_(erichankun),1,,coll_(erichankun),112,
yuugen_no_tei,1,,けーる,112,
k_0art,1,,ケイト,112,
k.m.station,1,,未江達,112,
urokong,1,,うろこんぐ,112,
shao_(newton),1,,嘯,112,
wildcat_(kusonemi),1,,ワイルドキャット,112,
kyapinetzu,1,,きゃぴ,112,
ts422,1,,黒雷,112,
bd_ayknn,1,,えのろく,112,
umxzo,1,,しぇるてぃ,112,
jenny_(je2live),1,,じぇに,112,
nana72710193,1,,nana72710193,112,
apostle_(artist),1,,apostle_(artist),112,
kiwakiwa,1,,キワメ,112,
liyom,1,,리욤,112,
htm_(gixig),1,,ぐぅす,112,
lerome,1,,イロミ,112,
aozora_aoi,1,,あおい青羽,112,
murasaki_nyaa,1,,猫畑,112,
sayuwan,1,,白湯椀,112,
onigiri_(ocelot),1,,おにぎり,112,
wakie,1,,ワキエ,112,
nin_(lion),1,,nin_(lion),112,
chou_(meteorite3),1,,チョウ,112,
takatsukasa_yue,1,,鷹司ゆえ,112,
asai_ichiko,1,,あさいいちこ,112,
amonimy,1,,amonimy,112,
petoka,1,,petoka,112,
ayukko_(forest_village),1,,あゆっこ,112,
mumu_muw,1,,무무,112,
hakoneko_(marisa19899200),1,,はこねこ!hknk,112,
noise_paper,1,,noise_paper,112,
sk816,1,,sk816,112,
z.nov,1,,ずのふ,112,
macchiato_(jae-min_cho),1,,Jae-min Cho Nickname: 마끼아또,112,
txin_xin,1,,txin_xin,112,
zen_juraku,1,,謝易臻,112,
mandytsune,1,,mandytsune,112,
chun_(luxtan),1,,天羽ちゅん,112,
kotaro-nosuke,1,,こめら,112,
kyousaku,1,,京作,112,
madara6k,1,,斑まだ,112,
1010kman,1,,1010kman,112,
tsukimi_(ryouiki_ridatsu),1,,月見,112,
nayu_tundora,1,,なゆ,112,
kurashina_yuzuki,1,,倉科ゆづき,112,
magnum_0000,1,,まぐなむ,112,
mekarauroko,1,,メカラウロコ,112,
fumi11gou,1,,fumi11gou,112,
redgart,1,,redgart,112,
yazwo,1,,我〜ga〜日記,112,
moai_(more_e_4km),1,,もあい,112,
hukutuuprunes,1,,でぃっち,112,
nobuchi,1,,nobuchi,112,
goma_(11zihisin),1,,ごま,112,
harukaruha,1,,harukaruha,112,
nana_(manaita_koumuten),1,,奈々,112,
jellot,1,,jellot,112,
shirubaburu,1,,シルバブル,112,
vinne,1,,vinne,112,
soba_(sobaya1938),1,,蕎麦,112,
atou_rie,1,,里枝,112,
shirako_(srk_srtk),1,,しらこ,112,
s_(happycolor_329),1,,ほころび,112,
bazz000033,1,,ばず,112,
fukuda935,1,,けだち×く,112,
oni_gini,1,,oni_gini,112,
the_hermit_(by5100770),1,,the_hermit_(by5100770),112,
tetsua_rei,1,,鉄吾,112,
waytok,1,,waytok,112,
sandara,1,,sandara,112,
white-corner,1,,白,112,
hakua_(hka_art),1,,hakua_(hka_art),112,
motimamire,1,,motimamire,112,
maonatten,1,,なってん,112,
yukimura_tsubame,1,,ユキムラツバメ,112,
jixing_renou,1,,畸形人偶,112,
seto_(asils),1,,セト,112,
i-iv_(longman),1,,i-ⅳ（アイフォー,112,
ikki_(gsl_9708),1,,ガンタン,112,
tsuyuri_eri,1,,栗花落えり,112,
crimson_kaiserin,1,,crimson_kaiserin,112,
mikan_ame_(gumi),1,,みかんあめ,112,
appleblossomtea,1,,appleblossomtea,111,
ayu_(ddestiny944),1,,あゆ,111,
balgitt,1,,balgitt,111,
cojohn,1,,cojohn,111,
inumata_ichini,1,,いちに,111,
ryokuyuu,1,,ゆーみ,111,
grmarsa,1,,蚣人MARSA,111,
kou11021301,1,,kou11021301,111,
yuzi124,1,,yuzi124,111,
chiori_n,1,,夏目ちおり,111,
vermirel,1,,vermirel,111,
izei1337,1,,izei1337,111,
honnoshioriii,1,,本乃シオリ,111,
kakuzatou_(kakuzatou777),1,,核座头,111,
notka,1,,notka,111,
lennykaise,1,,lennykaise,111,
ironatsuki,1,,イロナツキ,111,
kasaki_sakura,1,,さくら*,111,
zeradok,1,,zeradok,111,
dondobi,1,,どんどび,111,
rog_33,1,,ロげ,111,
nanoka_san,1,,nanoka_san,111,
mochimugi_rice,1,,白麦らいす,111,
ezier,1,,郭,111,
gnsn_tukituki,1,,月詠,111,
petitpetitppp,1,,ぺち,111,
masaki_(star8moon),1,,後藤マサキの野望,111,
hal_aluha,1,,hal_aluha,111,
usa_(usagi_minku),1,,ウサ,111,
veloexotica,1,,ゔぇろ,111,
lanyingchengzhi,1,,蓝楹橙汁,111,
panri,1,,ぱんり,111,
got_ji_(gojich1),1,,got_ji_(gojich1),111,
mmk_(majinai_no_mori),1,,えむえむｋ,111,
aitekku,1,,て,111,
oreki_genya,1,,oreki_genya,111,
hinase01,1,,hinase01,111,
homu_(seven_deadly_sins),1,,セブンデッドリーサインズ,111,
ayeon,1,,한아연,111,
azusa_hina,1,,原神nb,111,
selenoring,1,,大马哈梨,111,
sukoyugiri,1,,早すぎた湯切り,111,
rokuzukeita,1,,六図恵太,111,
alterlesott,1,,alterlesott,111,
xiaobei,1,,小北,111,
ina_(mikamixx),1,,xx이나xx,111,
soymilk_arts2,1,,soymilk_arts2,111,
koroyarou,1,,ころやろう,111,
quarium,1,,quarium,111,
a_co_pi,1,,a_co_pi,111,
mitsunari_miyako,1,,みつなり都,111,
hanma_amnah,1,,はんま,111,
organ_rn,1,,嘔顔,111,
bibie307,1,,bibie307,111,
azuma_hatori,1,,東鳥,111,
umino_hotate,1,,うみのあたり,111,
rezilism,1,,rezilism,111,
luzi/fengli_nanzi,1,,綠子/鳳梨男子,111,
juffles,1,,juffles,111,
senaka_look,1,,せなか,111,
nirowata,1,,nirowata,111,
ao_homura,1,,蒼炎,111,
rena_(rrena),1,,れな,111,
renacchi06,1,,renacchi06,111,
mercuryhx,1,,祸形水星,111,
bum_hico,1,,bum_hico,111,
shindou_kamichi,1,,神藤,111,
goldluck,1,,goldluck,111,
the_cold,1,,シュテン,111,
fujikura_ryuune,1,,藤倉琉音,111,
aamana0,1,,あまな┊illustrator,111,
mag_(mag42),1,,mag_(mag42),111,
cartonbox_(zhixiang_zhi),1,,纸箱纸,111,
fuyukichi_(nikoniko1567),1,,ふゆきち,111,
daichan_mona,1,,daichan_mona,111,
yamada_otonari,1,,山田おとなり,111,
kuzumochi_(hgnon82),1,,くずもち,111,
yaha0079,1,,yaha0079,111,
gasuri_govan,1,,ガスリー・ゴヴァーン＠人間椅子,111,
jchoy,1,,ジェイ,111,
taichi_suzuki,1,,タニムラ工事,111,
sakashima_0822,1,,さかしま,111,
reiami,1,,ReiaMi咪酱,111,
miru,1,,みる,111,
mariebell,1,,桐絵ハルチカ,111,
rasetsu001,1,,rasetsu001,111,
kamabokopic,1,,kamabokopic,111,
higashiyama_kazuko,1,,ゆりりん,111,
kitsune_udon_(qtsuneudon),1,,キツネウドン,111,
r_oot,1,,r_oot,111,
etceteraart,1,,etceteraart,111,
brashear_lushert,1,,ジョエル,111,
asagizuisen,1,,てこ*twitter,111,
tone_haruma,1,,刀祢ハルマ,111,
nuenue,1,,ぬえぬえ,111,
magicmoonsarts,1,,magicmoonsarts,111,
harlequin-wheels,1,,harlequin-wheels,111,
tatyaoekaki,1,,たちゃお,111,
hayashi_(kanzume),1,,はやし,111,
fai_(fai-storage),1,,ふぁい,111,
rahit,1,,c・まったり更新,111,
neji_(ultramarinesunset),1,,寝路,111,
pisuke_(user_kcmh2774),1,,ぴすけ,111,
siina_tai,1,,椎名鲷,111,
happa_freee,1,,葉,111,
s_vileblood,1,,s_vileblood,111,
akira_(kaned_fools),1,,アキラ,111,
hiroaki_(kof),1,,ヒロアキ,111,
zangetsumaru,1,,残月丸,111,
bakara_(19083210),1,,バカラ,111,
wenzheng147,1,,你可以叫我Cey,111,
sky_guy_art,1,,sky_guy_art,111,
overlord_(overlord80000),1,,overlord＠絵仕事募集中,111,
konpotsu,1,,こんほﾟつ正太郎,111,
kikugawa_roku,1,,kikugawa_roku,111,
hasegawamorito,1,,hasegawamorito,111,
tanupo,1,,狸,111,
zoewillowz,1,,zoewillowz,111,
takase_yuu,1,,鹰势优,111,
airi_(akamichiaika),1,,airi_(akamichiaika),111,
bingsardina,1,,bingsardina,111,
hakai_no_ika,1,,はかいのいか,111,
tab_(tabkun),1,,"タブ,",111,
leon_v,1,,ツインテール一生ツイ,111,
llc,1,,LLC-修行中,111,
miqing,1,,觅晴,111,
bingo_tarte,1,,あぐにゆんた,111,
shardanic,1,,shardanic,111,
shiroi_hakuto,1,,しろいはくと,111,
mochimochi_kinako.,1,,もちもちきなこ,111,
mimiyama_kiichi,1,,耳山,111,
kome_1022,1,,白飯,111,
omichi_1219,1,,omichi_1219,111,
shindou_(fuguri),1,,しんどう,111,
nayuta-kanata,1,,なゆた,111,
spuydjeks,1,,spuydjeks,111,
hmniao,1,,被续了一命的KENT,111,
kazuha_nanako,1,,ななこ,111,
tazuma_(u283),1,,タズマ,111,
ryu_shou,1,,劉祥,111,
cuon_(kuon),1,,久遠,111,
hisako_(6anmbblfnjueeff),1,,ひさこ,111,
norue,1,,norue,111,
kaworu13,1,,kaworu13,111,
gomatarou_(pixiv196136),1,,ごまたろう,111,
shisa_co,1,,無知,111,
razy_(skuroko),1,,らじー,111,
asla_yu,1,,雪桐,111,
ichigomaru_d,1,,苺丸でぃ,111,
@-you_(you_2023_8_16),1,,@-you_(you_2023_8_16),111,
i.t.o_daynamics,1,,i.t.o_daynamics,111,
shiba_yuuki,1,,紫葉,111,
shingetsu_takehito,1,,深月タケヒト,111,
studio_sunadokei,1,,studio砂時計,111,
takapin,1,,タカピン,111,
kekekeke,1,,kekekeke,111,
soine,1,,添い寝,111,
setona_(daice),1,,せとな,111,
shiroaisa,1,,shiroaisa,111,
fujimoto_akio,1,,ふじもとあきお,111,
mizone,1,,みぞね,111,
marmoset_(marmoset0),1,,marmoset_(marmoset0),111,
clay_(clayjun),1,,Clay菌,111,
rosmino,1,,ろすみの,111,
lantern_madoyoi,1,,元ノ宵,111,
fumizuki_misoka,1,,文月晦日,111,
enperuto_(yarumi),1,,エンペルト,111,
hebameki,1,,hebameki,111,
xiao_xiao_tian,1,,張天,111,
dynamite_pussy_cat,1,,dynamite_pussy_cat,111,
sawa2,1,,sawa2,111,
topsu,1,,topsu,111,
terayamaden,1,,寺山電,111,
natsuki_coco,1,,奈月ここ,111,
sekimo,1,,sekimo,111,
tama_satou,1,,玉砂糖,111,
haoxiangkan_nutong,1,,间谍大师裹网,111,
nise_(basilsis),1,,似せ,111,
yuu_(mboj_fdk),1,,由宇,111,
shimimaru,1,,纸鱼丸,111,
mayuzumi,1,,まりぞう,111,
sugimura_mickey,1,,スギムラみっきー,111,
nicetea_(tsurishi),1,,良茶,111,
sahau228,1,,sahau228,111,
ricman_rt,1,,ricman_rt,111,
gomosawa,1,,ごもさわ,111,
renati_(renatium),1,,すくりうむ,111,
sagas293,1,,강성현,111,
vienri,1,,vienri,111,
shirafuji_ene,1,,白ネ,111,
dangan_neko,1,,弾丸猫,111,
kinomiki,1,,きのみき,111,
reitoubeef,1,,reitoubeef,111,
zuho_(vega),1,,ずほ,111,
crisalys,1,,crisalys,111,
jingyanyan,1,,敬言言,111,
at_09098,1,,at_09098,111,
meta_meta,1,,メタメタ,111,
kid_sppinarl,1,,kid_sppinarl,111,
york0pm,1,,york0pm,111,
joker_(tomakin524),1,,くろがねや,111,
aduo,1,,林于勝,111,
chunrijun_(springer),1,,chunrijun_(springer),111,
fule,1,,fule,111,
reum,1,,reum,111,
gad_the_god,1,,gad_the_god,111,
moriki_takeshi,1,,守姫武士,111,
mawe127,1,,mawe127,110,
dankashu,1,,dankashu,110,
irise_ryouji,1,,irise_ryouji,110,
entenca,1,,エンテンカ,110,
woodylixx,1,,才不二,110,
takana_(forsterite),1,,タカナ,110,
nekokoko,1,,ねここ,110,
cola-alter,1,,你们的可乐,110,
buta_(dhakaoat),1,,セイカ,110,
ebiri_fy,1,,えびり,110,
x3dustco,1,,x3dustco,110,
sedai,1,,sedai,110,
sachiko_shirayuki,1,,sachiko_shirayuki,110,
gyura,1,,ぎゅら,110,
azuki_pii,1,,まめきんちゃん,110,
edwin62293123,1,,edwin62293123,110,
whisperfoot,1,,whisperfoot,110,
baigao,1,,白告姬,110,
txlyre,1,,txlyre,110,
malsuk,1,,malsuk,110,
obata_takeshi,1,,おばたたけし,110,
vanillafox2035,1,,vanillafox2035,110,
piyoyanagi,1,,ぴよりな,110,
shaffelli,1,,shaffelli,110,
hazuki-a,1,,紺,110,
norizou,1,,のり蔵,110,
banakotakemaru,1,,ばなこ武丸,110,
watakokyu,1,,コキュー,110,
semiusa1010,1,,semiusa1010,110,
yamabikoyahoo,1,,yamabikoyahoo,110,
flowingcrescent,1,,流朔,110,
karamaru626,1,,からまる,110,
ri_yonn,1,,ri_yonn,110,
nanatsuki_sousuke,1,,七月聡介,110,
shira_461,1,,白玉らて,110,
amasaka_takashi,1,,天坂隆志,110,
searyn,1,,searyn,110,
sisong,1,,sisong,110,
mikan_(maggie733),1,,みかん,110,
eremas-su,1,,eremas-su,110,
hitomi_(tongshou),1,,人見,110,
echieichi,1,,えちえいち,110,
kimae,1,,キメ,110,
hageashi,1,,ハケアシ,110,
inui_(shirakawa777),1,,いぬい,110,
youmeng33,1,,幽夢,110,
unou_(unou_mha),1,,右脑,110,
ryuga_(balius),1,,ryuga.◆お仕事募集中,110,
heartki,1,,heartki,110,
mizuki_(kogetsu-tei),1,,みずき,110,
spicymancer,1,,spicymancer,110,
eto_(etonomemo1008),1,,えと,110,
nushi_ma,1,,主まほ,110,
surps,1,,surps,110,
ykt_scl,1,,ゆきと,110,
towa_(clonea),1,,とわ,110,
minazuki_(uraha246),1,,みなづき,110,
masakamea,1,,さぶめあ,110,
nanatsu_no_umi,1,,七海,110,
suishin_tenra,1,,水心天羅,110,
dalgam12,1,,달감,110,
totennko,1,,とうてんえ,110,
philo_324,1,,philo_324,110,
hylran0427,1,,はいるらん,110,
pochi_(askas_is_god),1,,ぽち。,110,
meiwowowo,1,,meiwowowo,110,
micasa_tto,1,,micasa_tto,110,
a-er_(akkij0358),1,,aエル,110,
carol0905,1,,ヤドカニ,110,
ao_iro,1,,あお伊呂,110,
jiang_ethan,1,,咬²,110,
nocras,1,,bespin(ベスピン,110,
crepix,1,,シーレ,110,
buckwheat638478,1,,粕蕎麦,110,
umikirameki,1,,umikirameki,110,
abby_riddle,1,,艾比和里德尔,110,
hakidashi_11,1,,かたの,110,
takumin_dx,1,,タクミンDX,110,
kyopink,1,,kyopink,110,
mh2en,1,,mh2en,110,
ishii_(young-moon),1,,石井,110,
geko,1,,geko,110,
afei_(sfma3248),1,,阿非,110,
kk_(kkgame7733),1,,kk_(kkgame7733),110,
shishamo_(domado),1,,ししゃも,110,
wolf_con_f,1,,wolf_con_f,110,
qqwan120,1,,qqwan120,110,
kageimo,1,,かげいも,110,
gtsleep1200,1,,ボウヤ,110,
puu_(kari---ume),1,,ぷぅ,110,
rinka_(rinka0912),1,,rinka_(rinka0912),110,
komado_riru,1,,クロレッツ,110,
c-wing,1,,c-wing,110,
saitama_(antitankromeo),1,,埼玉,110,
geduan,1,,I隔断I,110,
hishaku_(hisyakusama),1,,ひしゃく,110,
haronin_fukke,1,,ハロニン・フッケ,110,
kachuten,1,,しらたきあんみつ,110,
endo_yohane,1,,えんどー,110,
arata_ryou,1,,arata_ryou,110,
oriharaizaya819,1,,oriharaizaya819,110,
mikami_makoto_(makot0_01),1,,まこと,110,
teaclaw,1,,テアクロウ,110,
soppos,1,,soppos,110,
suuroku,1,,菘鹿,110,
butsu_menhou,1,,ふらんすぱん,110,
pendora1022,1,,ペンドラ,110,
issa_(sorako45),1,,いっさ,110,
jinsai_sa_sa,1,,人才差差,110,
kisetsu_kinoko,1,,季節キノコ,110,
shiyoo,1,,しよー,110,
yumeno_tanuki,1,,梦乃狸,110,
oha_(oha_h22),1,,おは,110,
ojiri_shin'ya,1,,尾尻進矢,110,
sylux,1,,sylux,110,
mimizu_(tokagex),1,,蚯蚓,110,
korokoro_daigorou,1,,ころころ大五郎,110,
mark_jin,1,,茶,110,
alex_(sandora),1,,あれっくす,110,
yoshioka_mitsuko,1,,吉岡,110,
haibarasaika,1,,Kた,110,
redbaron,1,,redbaron,110,
panosarts,1,,panosarts,110,
higata_akatsuki,1,,阳方晶月,110,
cyclops_(lops),1,,サイクロップス,110,
redpostit,1,,redpostit,110,
yasu_(segawahiroyasu),1,,康(やす,110,
toda_kazuki,1,,とだ,110,
shirotsume_143,1,,shirotsume_143,110,
llmia4,1,,llmia咻,110,
kilva_lollop,1,,湍,110,
nemui_(nemuriyagi),1,,nemui_(nemuriyagi),110,
3o_c,1,,3o_c,110,
niking,1,,niking,110,
anbasa_(amaneyuz13),1,,アンバサ,110,
ameiarts,1,,鬼,110,
mr.blackcat666,1,,mr.blackcat666,110,
amano_yo-ki,1,,あまの・よ〜き,110,
ashu,1,,アシュ,110,
bana_(stand_flower),1,,ばな,110,
y0ru73,1,,よる,110,
hashimoto_(soukidann2010),1,,橋本,110,
leafwow,1,,虐,110,
b_zhan_cm_yang,1,,Cm羊,110,
fct,1,,えふ指定,110,
mont_blanc_(heartcatch_ayaya),1,,モンブラン,110,
yukitsuki_kokoro,1,,雪月,110,
zumochi,1,,ずもち,110,
tere_asahi,1,,て,110,
ml_(1739mk),1,,えむる,110,
kan_(rainconan),1,,環,110,
wave_(world_wide_wave),1,,うぇ～ぶ,110,
megane_chuu,1,,眼鏡虫,110,
kurabayashi_aya,1,,kurabayashi_aya,110,
sumii,1,,すみい,110,
nanamura,1,,ナナムラ,110,
3.14,1,,円周率,110,
yamada_ranga,1,,やまだランガ,110,
akatsuki_ikki,1,,紅月いっき,110,
hiruma_andon,1,,おでん大根,110,
kamo_(yokaze),1,,かも,110,
seki_suzume,1,,セキスズメ,110,
ueda_torini,1,,上田,110,
kurabayashi,1,,倉林,110,
garamgum,1,,garamgum,110,
hajun_(hey_sangha),1,,hajun_(hey_sangha),110,
chungmechanic,1,,chungmechanic,110,
kurosawa_kiyotaka,1,,黒澤清崇,110,
fishee_(fisheem4mmal),1,,fishee_(fisheem4mmal),110,
mag_(huangmag),1,,mag_(huangmag),110,
kusahagane,1,,草鋼,110,
xion32,1,,xion32,110,
negi_(liquidu),1,,negi_(liquidu),110,
oxygen_(0220),1,,oxygen_(0220),110,
sona_(lnjixn),1,,Sona留声机,110,
dou-t,1,,くさや,110,
ytrall,1,,ytrall,110,
mukuroi,1,,mukuroi,110,
asgr,1,,あさぎり,110,
kokorono_arika,1,,心野ありか,110,
hafuku,1,,hafuku,110,
minxei,1,,minxei,110,
noeejang,1,,ノエンミィ,110,
clare_(543),1,,clare_(543),110,
aenaluck,1,,aenaluck,110,
azu,1,,アズ,110,
tanaka_ginji,1,,田中银二,110,
kanna_kanaki,1,,かんな鉄木,110,
senya_fuurin,1,,雪村花奈,110,
da_huang,1,,大黄,110,
rokushaku_neko,1,,ねこみみ一家,110,
cojima,1,,こじま,110,
skt_(ryxxxxx),1,,skt_(ryxxxxx),110,
nebula_(neebulaart),1,,nebula_(neebulaart),110,
cryturtle,1,,cryturtle,110,
akihazama,1,,旭硲,110,
hall_onon,1,,ありすな,110,
loika,1,,loika,110,
kanamaru_yuuki,1,,金丸祐基,110,
yano_takumi,1,,香川友信,110,
funnyfunny,1,,かん,110,
shimetta_seiya,1,,湿った星夜,110,
denchuubou,1,,電柱棒,110,
fumiko_(miruyuana),1,,にゃんぱす,110,
mmrailgun,1,,mmrailgun,110,
a_(aaaaaaaaaaw),1,,あ,110,
tomo5656ky,1,,トモナム,110,
alisa_(kuro_no_sakura),1,,妞妞同学提不起劲,110,
ueng,1,,ueng,110,
nuppehofu_(nibuta),1,,ぬっぺっぼう,110,
masushita,1,,ピコミント,110,
desaku,1,,デ作,110,
ushisuke,1,,masamin0710 Other names: ウシスケ,110,
dopeybunni,1,,dopeybunni,110,
moo_yoshio,1,,mooよしお,110,
draw-till-death,1,,draw-till-death,110,
sakuma_tsukasa,1,,さくま司,110,
kkochmeli,1,,허닐,110,
kappe_reeka,1,,れーかるる,110,
microsd_(pibo),1,,ぴぼ,110,
kamiiart,1,,kamiiart,110,
ygdm,1,,ygdm,109,
nalphanne,1,,nalphanne,109,
umashio,1,,うましお,109,
cardcat_00,1,,카드캣,109,
amiably_02,1,,薰然,109,
yoruneko,1,,夜猫,109,
goron_(phde2424),1,,ゴロン,109,
cinderone,1,,cinderone,109,
ema_(emaura),1,,えま,109,
masasim,1,,くま間ー,109,
nekomaru_(nekohouse),1,,猫丸,109,
mg_ms_dayo,1,,尾村麦,109,
totomoto,1,,totomoto,109,
matomo,1,,マトモ,109,
tupikeee,1,,三日鹤,109,
ikurumidwd,1,,いくるみゆむ,109,
angie_(meganekko-geki-love-1008),1,,あんじー,109,
aruhi_(aluhi0117),1,,ある日,109,
jerry_wang,1,,jerry_wang,109,
fd_(fd_sanmaru),1,,FDさん,109,
garan_co,1,,伽藍幸,109,
sashu_(thershr6s),1,,さーしゅ,109,
sumi_(suumiko_),1,,sumi_(suumiko_),109,
ame929,1,,ame929,109,
yuki_(snowmaiden),1,,雪,109,
kara_sashi,1,,kara_sashi,109,
ppotatornado,1,,포타토,109,
yilan_un,1,,yilan_un,109,
ayuko_(ayuco),1,,宮,109,
itunohika,1,,いつか,109,
heidi_(heytherenrds),1,,heidi_(heytherenrds),109,
tsuyukusa_(eeta7273),1,,月結草,109,
amaton707,1,,甘㌧,109,
ame_00531,1,,あめ,109,
yarawi,1,,yarawi,109,
yukoring,1,,優子鈴,109,
ddrawins,1,,ddrawins,109,
uehara_doh,1,,上原,109,
yumehiko,1,,夢彦,109,
tona_bnkz,1,,となみ,109,
erm_nkcn,1,,erm_nkcn,109,
utsu_bon!,1,,鰻魚子,109,
da_akana_xiv,1,,大阿卡纳xiv,109,
pianta_celi,1,,pianta_celi,109,
rin_lingsong,1,,RIN绫宋,109,
moxue_qianxi,1,,まつゆき,109,
hyaku_(momongamomomo),1,,ヒャク,109,
zagashira,1,,がいこつ,109,
senra_banshou,1,,senra_banshou,109,
fagun_yibei,1,,法棍一杯,109,
mi_tarou0412,1,,みー太郎,109,
pon_(0737),1,,ポン,109,
ho_1000_ka,1,,鳳,109,
glensaru,1,,glensaru,109,
nadayui,1,,なだゆい,109,
nogiwa_kaede,1,,野际かえで,109,
sumire_1046,1,,sumire_1046,109,
muneta_(ntani_2),1,,むねた,109,
tomoe_(fdhs5855),1,,巴萌,109,
souike,1,,souike,109,
lushuao,1,,るしゅ,109,
azbchan1221,1,,なすお,109,
minase_(mmakina),1,,御奈瀬,109,
lyuqiu,1,,律秋,109,
suzui_narumi,1,,鈴井ナルミ,109,
umeda_shiso,1,,梅田紫蘇,109,
fuunyon,1,,ふーにょん,109,
sotto,1,,そっと,109,
cahangonn,1,,cahangonn,109,
suzune_rai,1,,鈴根らい,109,
jishixingle1029,1,,jishixingle1029,109,
hoshiko_(419401x),1,,星电传感,109,
kauchi_(kani10cauchi),1,,嘉内,109,
wdmov,1,,wdmov,109,
sintastein,1,,sintastein,109,
arhentol,1,,arhentol,109,
takibi_(tamikyo),1,,takibi_(tamikyo),109,
kazuha_(saku_kn),1,,和羽,109,
tami_tome_mo,1,,たみとめも,109,
yuniyuni,1,,しろい,109,
mr.canaryy,1,,mr.canaryy,109,
orange_mikan,1,,みかん‏,109,
sorahachi_midoro,1,,ジャッカス,109,
jwnn,1,,퓨리,109,
blackwhiplash,1,,blackwhiplash,109,
skyhood,1,,skyhood,109,
edamame_(buruburu),1,,枝豆,109,
mumistar,1,,青蛙星星,109,
lvemhrd,1,,lvemhrd,109,
saito_shiorii,1,,斎藤栞,109,
kotohane,1,,コトハネ,109,
pponnya,1,,뽄냐,109,
okada_manabi,1,,岡田学彌,109,
shoutaro_saito,1,,shoutaro_saito,109,
kaai_yuu,1,,描愛ゆう,109,
zain,1,,ざいん,109,
sal_gun,1,,살건,109,
kirinkirin,1,,kirinkirin,109,
harrymiao,1,,喵里士多德,109,
yuu_(isis7796),1,,由宇,109,
mitorizu_02,1,,mitorizu_02,109,
dkl_(dinosaurkl2),1,,dkl_(dinosaurkl2),109,
yamada_naoko_(kodamayanao),1,,u枝z狼,109,
mosou_keito,1,,mosou_keito,109,
sawararado,1,,さわららど,109,
sagoromo_04,1,,狭衣,109,
xiao_shi_lullaby,1,,小逝lullaby,109,
li_li_li_li_jun,1,,丽丽丽丽君,109,
jinlin,1,,金林,109,
thomson_(thomthomson1217),1,,thomson_(thomthomson1217),109,
amamidare,1,,amamidare,109,
tsubasa19900920,1,,不人氣の五月子,109,
seku_000,1,,seku_000,109,
emimi_(emimi_28),1,,エミ美,109,
doubutsunoujyou,1,,動物農場,109,
jj59u,1,,jj59u,109,
krux_(k_krux),1,,krux_(k_krux),109,
daiko_(dai1974910),1,,daiko_(dai1974910),109,
robo8,1,,robo8,109,
kaminari_(edeath),1,,カミナリ,109,
moyapippi,1,,むーちゃん,109,
daime_(hyahhaa10),1,,代目,109,
nicholas_f,1,,nicholas_f,109,
uemura_shun,1,,シュン,109,
zib_(boriku),1,,ボリク,109,
lingmu,1,,lingmu,109,
yozora_(vampyozora),1,,夜空,109,
jjcanvas,1,,jjcanvas,109,
fuji_(rua-258),1,,ねぶくろ,109,
rin_(rin_niji),1,,Riん,109,
sprout_luli,1,,sprout_luli,109,
maron_(kagamikunn),1,,魔龙,109,
ayuanlv,1,,阑之信,109,
kasuka108,1,,カスカ,109,
kazamatsuri_honatsu,1,,风祭帆夏,109,
isa_(ni-iro),1,,丹色,109,
sayama_yoshiki,1,,うるち,109,
chaa_(korone-ze),1,,ちゃあ,109,
kankito,1,,kankito,109,
asagi_(kabocha_oukoku),1,,浅戯,109,
kotone_a,1,,コトネ・ア,109,
frostcyco,1,,鵺鸮,109,
kous_(onetwojustice),1,,kous_(onetwojustice),109,
kamome_yuu,1,,かもめゆう,109,
maskin_mei,1,,莓,109,
akazaki_yasuma,1,,赤崎やすま,109,
misaki_yuu,1,,ゆう,109,
hotori_(sion),1,,歩鳥,109,
okakasushi,1,,おかか,109,
daigoman,1,,daigoman,109,
takebi,1,,たけび,109,
bun_(bbb81bun),1,,ぶん,109,
pepper_fever,1,,胡椒,109,
pokan_(xz1128),1,,pokan_(xz1128),109,
qlakwnd,1,,qlakwnd,109,
ponpon_(ponpon62126),1,,ぽんぽん,109,
moshi_(atelier33-4),1,,もかわ,109,
78rr,1,,だぶるあーる,109,
rondo_umigame,1,,ろんと,109,
yin_midnight,1,,yin_midnight,109,
ennuigrl,1,,ennuigrl,109,
buntan,1,,buntan,109,
elyoncat,1,,星河,109,
aimori_meguru,1,,橙じゃむ,109,
aekun_cben,1,,あえ君,109,
shino_sto,1,,しのすと,109,
mako_gai,1,,まこがい,109,
jurakin,1,,じゅらきん,109,
juubaori_mashumaro,1,,十羽織ましゅまろ,109,
ooba_jun,1,,大刃じゅん,109,
tango_(tn500),1,,炭伍,109,
f-cla,1,,"えふくら,Efu-kura",109,
e=mc2_(mosimosi),1,,e=mc2_(mosimosi),109,
onboro_(clunker),1,,オンボロ,109,
ajimita,1,,反射力,109,
hoshina_satoya,1,,ホシナサトヤ,109,
snifflesmp4,1,,snifflesmp4,109,
josh-s26,1,,josh-s26,109,
lifejam_403,1,,lifejam_403,109,
brilliantko,1,,ブリリアントんーこ,109,
miyata_gakuman,1,,宮田,109,
kotatiyu,1,,むみ,109,
tora_d,1,,tora_d,109,
cozyu,1,,こじゆう,109,
ac130,1,,ac130,109,
kuroneko_liger,1,,とらねこ超特急,109,
gedoooo,1,,瓦,109,
settyaro,1,,せっちゃ郎,109,
meimu_(infinity),1,,ねぷスタイル,109,
ume_(datsuryokugen),1,,うめ,109,
mitsuki_mitsuno,1,,みつる,109,
ori_(momonimo),1,,おり,109,
toketou,1,,とけとう,109,
ym_(distance819),1,,ym_(distance819),109,
minatoasu,1,,湊あす,109,
carrie_(carriedraw),1,,carrie_(carriedraw),109,
pokopoko_ponzu,1,,ぽんず,109,
yamano_sachi,1,,山乃幸,109,
ldfe_mk2,1,,永恒之舞,109,
hinooka_shuuji,1,,緋ノ丘シュウジ,109,
yukitsuba_hina,1,,雪椿ヒナ,109,
waa!_okami,1,,waa!_okami,109,
yo-ba_yo,1,,ようばよう,109,
kyamu_(qqea92z9n),1,,きゃむ,109,
sota,1,,sota,109,
garun_wattanawessako,1,,garun_wattanawessako,109,
mokoppe,1,,mokoppe,109,
ganmaganmo,1,,ganmaganmo,109,
mecyo_(mamezurushiki),1,,おめだま,109,
gala_(16901040),1,,きゅう,109,
norikoi,1,,のり恋,109,
ruby_suguri,1,,ルビースグリ,109,
yadoyuki,1,,宿雪,109,
mukiguri,1,,むきぐり,109,
harufude,1,,はるふで,109,
mung_(larnec),1,,mung_(larnec),109,
puton,1,,ぷとん,109,
spl8ya,1,,spl8ya,109,
hanoyuta,1,,はのあいだ,109,
fujimaru_(bluebrand),1,,藤丸,109,
kokenashi,1,,こけなし,109,
nanaku_teiru,1,,那乃倶ている,109,
cjsdh1000,1,,千五,109,
maruta_maruta,1,,まるた,109,
risdelusions,1,,risdelusions,108,
nori_aji,1,,のり味/ジャンルbb,108,
obi3,1,,obi3,108,
morita_(pixiv31883607),1,,もりた,108,
sonoji,1,,その字,108,
deitysexual,1,,deitysexual,108,
watabonten,1,,綿梵天,108,
csham,1,,csham,108,
bombyoon,1,,bombyoon,108,
cet_(hajisirazunoko),1,,けっと,108,
shangtianrudi_xiaobailang,1,,上天入地小白狼,108,
i-nn,1,,いーん,108,
saitani_umetarou,1,,才谷,108,
ayuko_ammobium,1,,みんてぃあ,108,
jiuchuansi,1,,九川肆,108,
korokoro_cat,1,,ころコロネ,108,
c138300,1,,灰豆子,108,
specialhanako,1,,ハナコ,108,
seoyong,1,,seoyong,108,
menou_(menomeno_draw),1,,メノ,108,
tottsan,1,,とっつぁん,108,
katakai,1,,堅貝,108,
rampage_(leedash2),1,,rampage_(leedash2),108,
shibata_jun,1,,ゴリゴ,108,
enobun3gyo,1,,enobun3gyo,108,
yuelinpanp98413,1,,yuelinpanp98413,108,
ickpot,1,,ickpot,108,
haruo_(haruooimo),1,,ぉュ,108,
kiukoma,1,,しぎ,108,
a-ktoo,1,,a-ktoo,108,
hachikuma_z,1,,はちくま,108,
kolimiya,1,,kolimiya,108,
ai_wa_muteki,1,,ai_wa_muteki,108,
sachico66,1,,さちこ,108,
mikanchii,1,,mikanchii,108,
takecho,1,,竹ちょ,108,
sanz_zzz,1,,あげぱんこ,108,
itsumeee3,1,,itsumeee3,108,
aki_yama73,1,,aki_yama73,108,
you_nf,1,,you_nf,108,
sorairo_haruka,1,,そらいろはるか,108,
lunifish,1,,陳文平,108,
shubashuba,1,,朱羽瑠（しゅばる,108,
gavrof,1,,gavrof,108,
palow,1,,palow(パロウ,108,
doroshii,1,,どろしぃ,108,
umihara_sakana,1,,海原さかな,108,
kazane_mari,1,,風音,108,
katou_oswaldo,1,,加藤オズワルド,108,
simmsy,1,,simmsy,108,
reityana,1,,澪茶,108,
rod_langhi,1,,rod_langhi,108,
anzu_(anzuhan),1,,庵ズ,108,
natsume_hinako,1,,夏目雛子,108,
nia_(x_x02),1,,にあ,108,
neko_miyabi_(artist),1,,にゃんびぃ,108,
nanonome,1,,ナノノメ,108,
mx._moz,1,,mx._moz,108,
cabbage_(chlehd2239),1,,cabbage_(chlehd2239),108,
kyoukyan,1,,恭きゃん,108,
kimura_731,1,,kimura_731,108,
kanesada_keishi,1,,兼処敬士,108,
ninebell,1,,ninebell,108,
sakura_yuto,1,,咲桜ゆと,108,
genshu_doki,1,,厳守怒鬼,108,
hishui_prpr,1,,和魅,108,
jiankun_yu,1,,郁剑坤,108,
mirkosimps,1,,mirkosimps,108,
erogomatinpo,1,,へそごまの性癖ぶっぱ垢,108,
racoon-kun,1,,racoon-kun,108,
takagaki_eru,1,,える,108,
yuuki_mokuya,1,,yuuki_mokuya,108,
potacure,1,,ぽた,108,
lena_dai,1,,lena_dai,108,
gredell_elle,1,,gredell_elle,108,
h_sueun,1,,h_sueun,108,
saiki_komari,1,,斎木こまり,108,
luxearte,1,,luxearte,108,
thundradrawings,1,,thundradrawings,108,
magic_xiang,1,,斬空天翔劍,108,
fontez,1,,fontez,108,
harusa1107,1,,はる,108,
jdge,1,,ジヤツジ,108,
hanafuda_(hanafuda0116),1,,花札,108,
gnbrhkr,1,,がんばれ,108,
takkayuuki,1,,たっかゆーき,108,
poe_(528yuzunon),1,,ぽえ,108,
jinnouchi_akira,1,,陣之内,108,
mingkozus,1,,ミンコス,108,
vami,1,,vami,108,
nihnfinite8,1,,デニ,108,
soldat_(dndosld73832),1,,soldat_(dndosld73832),108,
aimu_(angry9565),1,,aimu_(angry9565),108,
bamuth,1,,bamuth,108,
sainttufa,1,,sainttufa,108,
tokoshibyra,1,,久舞とこ,108,
uo_(wotakana_p),1,,うお,108,
anteiru,1,,あんている,108,
yoshino_keiko,1,,吉野惠子,108,
shingo_(picturepuzzle),1,,シンゴ,108,
tanimeso,1,,谷口,108,
cianter,1,,cianter,108,
pico_kimuchi,1,,pico_kimuchi,108,
heremia,1,,ヘレミア,108,
pokesumomo,1,,すもも,108,
eryz,1,,eryz,108,
mmmakaron888,1,,mmmakaron888,108,
shan_(ti0n),1,,shan_(ti0n),108,
mitsuki_(micky_m1212),1,,ミツき,108,
oukafafafa,1,,あらいくまる,108,
kkk_irino,1,,イリノ,108,
cholesenel,1,,つんでる,108,
kidkuroba4869,1,,怪盗,108,
nekojima,1,,ねこじま,108,
amagasa_ikuta,1,,雨晕郁太,108,
chiroru_shimai,1,,越川リューカ,108,
hakomaru_(pandora_box),1,,箱。,108,
kogarashi_8,1,,凩冬樹,108,
satodee,1,,佐藤,108,
wuren,1,,无人nobody,108,
haizome_senri,1,,なつ虎,108,
messatsu_tan,1,,なごやま,108,
kankitukou,1,,柑橘コウ,108,
gamiani_zero,1,,がみあにゼロ,108,
hirota_masatane,1,,广田真胤,108,
karakuzu_red,1,,空屑red,108,
pzgr.40,1,,pzgr.40,108,
uguisu_kagura,1,,莺神乐,108,
eljimadooor,1,,クエルボ,108,
mizuongaku,1,,水音楽,108,
araimooah,1,,荒井ムーア,108,
nanozenzen,1,,nanozenzen,108,
yan_(bltyann),1,,ヤン,108,
quatraise,1,,カトレーゼ,108,
rankebu,1,,rankebu,108,
shichisaburo,1,,シチサブロ,108,
toeiki_c,1,,投影机,108,
wenz,1,,雯子wenz,108,
nagi_kantai114,1,,なぎ,108,
fuugetsu_makoto,1,,楓月誠,108,
takashina_masato,1,,takashina_masato,108,
yokawa_nagi,1,,夜川なぎ,108,
r.l_(2089184064),1,,r.l_(2089184064),108,
hanamoto410,1,,花本,108,
emil1030_blue,1,,emil1030_blue,108,
nekonote_(nekono_paraiso),1,,猫の手,108,
honnomusi323,1,,千千,108,
acefish,1,,acefish,108,
paul_robertson,1,,paul_robertson,108,
ichinose_(ichinose1592),1,,いちのせ,108,
unjem,1,,unjem,108,
c.parfait,1,,c.ぱふぇ,108,
takashima,1,,田贷魔,108,
alariess,1,,一个滑铲给你们所有人创沟里,108,
kazuhiro_(tiramisu),1,,一弘,108,
dr_mice,1,,劳许,108,
dmith,1,,ユエル,108,
azelweien,1,,azelweien,108,
kuma_yuu,1,,lg雑記,108,
tsukimi_50,1,,tsukimi_50,108,
shimizu_megumi_(m_acquerello),1,,清水恵,108,
sakuraisine,1,,sakuraisine,108,
plague_of_gripes,1,,plague_of_gripes,108,
au11,1,,AU十一,108,
qiao_xing,1,,巧星,108,
tengu_nouzu,1,,天狗のぅず,108,
shirosame,1,,白鮫,108,
magotsuki_(hurray),1,,まごつき,108,
mosuke,1,,もすけ,108,
natsumi_(ragtime),1,,なつみ,108,
70b_(rcwd),1,,70b_(rcwd),108,
suekane_kumiko,1,,スエカネクミコ,108,
kamonabe_(kamonabeekon),1,,kamonabe_(kamonabeekon),108,
miichinori,1,,みちのり,108,
fancybetty,1,,百艺fancybetty,108,
ayatoki-1,1,,あやとき,108,
16_ban,1,,16_ban,108,
tamezou,1,,ためぞう,108,
charles_(106858),1,,찰스씨,108,
zeniyan,1,,zeniyan,108,
pjkka,1,,pjkka,108,
7:08,1,,7:08,108,
zassou_maruko,1,,雑草丸子,108,
dashi_(minzoku_gb),1,,だしお,108,
otsukare,1,,乙彼,108,
kii_(mahoraba),1,,きぃ,108,
nongxy_nonshi,1,,nongxy_nonshi,108,
hanenosaki,1,,水Hane氵,108,
maqin,1,,馬琴,108,
comichipota,1,,こみちぽた,108,
jou_(jo_jjo),1,,穣,108,
yoshizawa_hikoto,1,,芳沢,108,
myango_(applemangocrape),1,,マャンゴ,108,
aono_meri,1,,蒼野,108,
toichi,1,,トイチ,108,
kiyosato_0928,1,,清里,108,
usagi_melon3,1,,usagi_melon3,108,
esphy,1,,esphy,108,
hirasawa_minami,1,,平澤南,108,
nogiguchi_kohiro,1,,のぎぐちこひろ,108,
karaori,1,,冏仙,108,
ymd_(holudoun),1,,ymd(仮,108,
lolita_majin,1,,ロリータ魔人,108,
eien_no_sai_tori,1,,永遠の菜鳥,108,
pyongtaro,1,,ピョン太郎,108,
macco,1,,macco,108,
shiri_fusang,1,,十日SHIRI,108,
sakura_(doors),1,,樱,108,
mechari,1,,月裏,108,
blupixl,1,,blupixl,108,
island_lagoon,1,,あいらん・どらごん,108,
yai_(hachihito),1,,ヤイ,108,
hiko_(scape),1,,ヒコ,108,
idemitsu,1,,idemitsu,107,
ahn_dongshik,1,,アントンシク,107,
gato_del_futuro,1,,gato_del_futuro,107,
mizusaki_johnko,1,,水先じょん子,107,
ikaringo_(ikaringo4444),1,,ikaringo_(ikaringo4444),107,
kart_prowler,1,,kart_prowler,107,
966_kururu_966,1,,966_kururu_966,107,
ito_lab,1,,伊藤らぼ,107,
ninnin5tora,1,,とらに,107,
rami_1300,1,,らみ,107,
kanzi,1,,kanzi[野暮な子供],107,
shiki_samapoke,1,,てまきずし,107,
yagi_(joe731842),1,,ヤギ,107,
maboroshi_(freeze000),1,,maboroshi_(freeze000),107,
iop5509,1,,いちご,107,
kaden_(muxt8423),1,,kaden_(muxt8423),107,
hoxino,1,,ほどの,107,
sumeragi_kou,1,,すめらぎこう,107,
d5y0m,1,,d5y0m,107,
guminemi,1,,ぐみねみ,107,
mitama_nyan,1,,ＫＩＲＩＰＯ,107,
hiru315,1,,hiru315,107,
funafu,1,,ふなふ,107,
utyouten_akako,1,,utyouten_akako,107,
whox,1,,whox,107,
kamota_kamosuke,1,,かもすけ,107,
shoupitsuki,1,,プオス,107,
allen.n,1,,allen.n,107,
lazb.,1,,lazb.,107,
ogura_toast,1,,小倉toast,107,
zerodo,1,,ぜろど,107,
green_night,1,,グリーンナイト,107,
pa_panahana,1,,ぱなぞう,107,
umber00,1,,umber00,107,
rryy,1,,RRYy黄圆豌豆,107,
siranui_desu,1,,不知火です,107,
oozumi_03,1,,オオズミ,107,
mona0101,1,,モナ,107,
mannen_junyuuki,1,,万年授乳期(ジュニー),107,
dyarikku,1,,dyarikku,107,
shinshin_(ssnsn_oekaki),1,,しんしん,107,
yulha_06,1,,yulha_06,107,
bfmelu,1,,びふみる,107,
ow12714,1,,めんこ,107,
link163353,1,,輪九,107,
neru_(neruneruru),1,,ねる,107,
pk_rgr96,1,,すべ,107,
migo45,1,,migo45,107,
kuroha_koudai,1,,黒羽好大,107,
virus_(obsession),1,,virus_(obsession),107,
fuko_(fukkofuko),1,,fuko_(fukkofuko),107,
takesoboro,1,,茸そぼろ,107,
sanaan39,1,,さな,107,
vanekairi,1,,希望,107,
behalter,1,,シコ,107,
migita_(hirayuaki),1,,みぎた,107,
yatsurugi,1,,やつるぎ,107,
ressec,1,,ressec,107,
takagi_mitsukuni,1,,タカギスミカタ,107,
tsubakipan,1,,ツバキ,107,
ydayluca,1,,いでーるか,107,
nanakusa_yomogi,1,,七草よもぎ,107,
5_nan_(5nan_5nan),1,,5_nan_(5nan_5nan),107,
catzz,1,,ので,107,
kazama_gorou,1,,風間ごろう,107,
seawave02974,1,,一般路过韶韶酱,107,
frogzone_art,1,,frogzone_art,107,
babouto,1,,ばぼうと,107,
dima_ivanov,1,,dima_ivanov,107,
j2l,1,,j2l,107,
fuwariko,1,,ふわりこ,107,
toumei_tou,1,,ふかしかしか,107,
nekomi_0,1,,nekomi_0,107,
kuromasa_shisei,1,,ズンドコ酒場,107,
zombiemiso,1,,ゾンビ味噌,107,
sumosumo,1,,sumosumo,107,
noco_(pixiv14976070),1,,八六三三,107,
kiryuu_suruga,1,,鬼龍駿河,107,
horimhkw11,1,,ほり,107,
yume_yoroi,1,,yume_yoroi,107,
miri_illust,1,,さいとう,107,
touya_kotonari,1,,touya_kotonari,107,
jagercoke,1,,jagercoke,107,
greg_andrade,1,,greg_andrade,107,
nong_345,1,,넝따,107,
wakoudo,1,,若人,107,
sunset_1830,1,,夕,107,
kanaha_lazy,1,,かなは,107,
sasora,1,,壳中蝎,107,
asamitsu_(n_morninglight),1,,あさ光,107,
akramness,1,,akramness,107,
norari_kuno,1,,ひーさん,107,
pinattsu,1,,pinattsu,107,
pururun_z,1,,ぷるるんz,107,
angellyuna,1,,angellyuna,107,
gossan,1,,gossan,107,
xiaohutu,1,,在下小狐兔,107,
tanto_(tc1995),1,,炭涂,107,
zerotabi1210,1,,zerotabi1210,107,
sweeeet_him,1,,sweeeet_him,107,
thatmfdiego,1,,thatmfdiego,107,
noperori,1,,ぺろり,107,
sobayu_to_tenpura,1,,そばゆとてんぷら,107,
wonoco0916,1,,だぶ竜,107,
yoruse,1,,夜瀬らう,107,
@ichigo,1,,いちご,107,
asterisk_(asterism),1,,あたーん*,107,
pooor,1,,pooor,107,
xiling,1,,xiling,107,
g5_(g5_gugu),1,,g5_(g5_gugu),107,
jessica_wijaya,1,,曲雅珍,107,
la_bo_chu_shi,1,,卜卜卜卜卜卜子,107,
kmkm_puddiiiing,1,,ひろき,107,
hyury,1,,hyury,107,
pong_(vndn124),1,,pong_(vndn124),107,
kuro_shiro_(kuro96siro46),1,,kuro_shiro_(kuro96siro46),107,
seabread,1,,seabread,107,
234_(1234!),1,,ふみよ,107,
redame,1,,레다메redame,107,
miya_(hooooo),1,,みや,107,
milon_cas,1,,みろん,107,
shinoda_giri,1,,恵さんスキ,107,
dreonya,1,,dreonya,107,
chrocatz,1,,chrocatz,107,
erupusai2,1,,erupusai2,107,
hisui_(user_zvkr2432),1,,翡翠石,107,
slush5244,1,,slush5244,107,
isaki_(shimesaba),1,,伊佐木,107,
oten,1,,Oten太一,107,
hikari_(mitsu_honey),1,,ひかり,107,
shiej007,1,,shiej007,107,
zou_eita,1,,zou_eita,107,
okosama_lunch_(sendan),1,,おこさまランチ,107,
laminar_flow,1,,らみなーふろう,107,
neko_senshi,1,,猫戦士,107,
takashima_hiromi,1,,高嶋ひろみ,107,
dayshiart,1,,dayshiart,107,
6sakuu,1,,ろっさく,107,
sugiyama_nobuhiro,1,,杉山延寛,107,
rukunikun,1,,ルクニクン・rukunikun,107,
ishida_atsuko,1,,石田敦子,107,
reloon,1,,再临,107,
nishi_juuji,1,,ニ志,107,
takaraizu,1,,くるみや,107,
matsuda_(0yx38755230263c),1,,ユウスケ,107,
fumiko_(throughx2),1,,ふみ子,107,
toruglose,1,,桃路果子,107,
tomozu,1,,ともず,107,
aa-rance,1,,たんぽぽ,107,
qianlou_(qianlou12374),1,,千楼,107,
adahcm,1,,アシアシ,107,
yizi_(yizi_official),1,,衣子,107,
irukatto,1,,いるかっと,107,
sidu_(dsd_kgn),1,,しづ,107,
natie,1,,나나미루치아,107,
refiend,1,,refiend,107,
jyu-so,1,,じゅうそう,107,
brws,1,,b介,107,
leon0630claude,1,,まいれお,107,
totomiya,1,,ととみや,107,
onasu_(sawagani),1,,おナス（沢蟹,107,
bishamon_(usagi_ba),1,,びしゃもん,107,
kj_(k777),1,,kj_(k777),107,
mironomeo,1,,あけましておめでと夫,107,
aouma,1,,あおうま,107,
un-known_(ninesix),1,,のうん,107,
emoto_reishi,1,,えもしょん,107,
fujibejifu,1,,ふじべじふ,107,
niko_p,1,,niko_p,107,
akamaru_saasha,1,,赤丸さあしゃ,107,
towrituka,1,,とうりつか,107,
shiruko_(inosin),1,,shiruko_(inosin),107,
sakuramotikun,1,,sakuramotikun,107,
koirariko,1,,いろ,107,
orange_(bibiko),1,,orange_(bibiko),107,
haje,1,,haje,107,
akutsu_(yuumi),1,,あくつ,107,
takadoya,1,,たかどや,107,
isya,1,,羅刹,107,
xiaji,1,,夏季,107,
sakuramori_sumomo,1,,桜森すもも,107,
yokohachi,1,,よこはち,107,
maguro_teikoku,1,,まぐろ帝国,107,
kage_houshi,1,,影胞子,107,
sei000,1,,sei000,107,
kiikanna,1,,紀伊カンナ,107,
hifumi_hajime,1,,一二三,107,
fal_(fal-se-0),1,,fal(ふぁる,107,
pinzu,1,,だれだわん,107,
asagiwa_ico,1,,朝際イコ,107,
blckbrd17,1,,blckbrd17,107,
yokura_(yukilina),1,,yokura_(yukilina),107,
sayan,1,,sayan,107,
p2_(uxjzz),1,,ぴつ,107,
uron-rei,1,,ウーロン・レイ,107,
kuboshun,1,,くぼしゅん,107,
maro_nie,1,,マロ☆ニエ,107,
maskv,1,,maskv,107,
shishima_eichi,1,,ししま,107,
n-mori,1,,n森,107,
mochizuki_mina,1,,望月,107,
totonii_(totogoya),1,,ととにー,107,
netamaru,1,,ねたまる,107,
kio_rojine,1,,汽烏ろじね,107,
7lark,1,,小d,107,
zalenhpe,1,,zalenhpe,107,
bsue,1,,ビシュ,107,
moyui_(myi_005),1,,なぐもゆい,107,
bidortw,1,,匕刀,107,
orry,1,,orry喵,107,
peppedayo_ne,1,,peppedayo_ne,107,
sukuyo_onaka,1,,尾中すくよ,107,
namaashi,1,,生足,107,
orcbarbies,1,,orcbarbies,107,
mr.yun,1,,mr.yun,107,
sail_(sail-away),1,,sail_(sail-away),107,
reload9_yohji,1,,reload9_yohji,107,
booch,1,,ぶーち,107,
zarutsu,1,,ざるつ,107,
toneko,1,,トネコ,107,
mg_kurino,1,,Mg栗野,107,
o-rindou5100,1,,o-rindou5100,106,
lir_(cuhc3357),1,,lir_(cuhc3357),106,
bvbu,1,,bvbu,106,
uzuta,1,,うずた,106,
konery_(reasonyou),1,,ｺﾈﾘｨ＠(ヽ'ω,106,
pcaccount13,1,,ジム(むじ,106,
ieririr,1,,ieririr,106,
electronduck,1,,electronduck,106,
nanoni!,1,,nanoni!,106,
joseartcentenoofficial,1,,joseartcentenoofficial,106,
makinoki,1,,makinoki,106,
ame_ame,1,,雨飴,106,
ghuler,1,,ghuler,106,
matsuhago,1,,まつはご,106,
arya_melati,1,,arya_melati,106,
aramocyaillust,1,,あらもちゃ,106,
devilkillerx,1,,二阶堂,106,
nagine,1,,nagine,106,
charl2837,1,,Charlまめ,106,
jason_jmca,1,,じゃそん,106,
natsume_mina,1,,みなづき,106,
yrxy_settingsun,1,,倾斜之日,106,
lemonmelon00,1,,레몬송,106,
yuuraku_yuraku,1,,yuuraku_yuraku,106,
yua_(bokubo0806),1,,夕海,106,
h.yasai,1,,無毛穏健派,106,
2091966,1,,2091966,106,
tooaya,1,,tooaya,106,
tsumugi-t,1,,tsumugi-t,106,
skeleion,1,,skeleion,106,
bloodymoonia,1,,bloodymoonia,106,
loloco,1,,ロロコ,106,
yagen_(user_mxur3238),1,,yagen_(user_mxur3238),106,
maho_ron1,1,,まほろ,106,
nun_nu,1,,nun_nu,106,
0a_9_(pixiv82791714),1,,あ,106,
moon_(moon0771110),1,,moon_(moon0771110),106,
kirina_zero,1,,kirina_zero,106,
siho_is_alien,1,,SIHO/시호,106,
ningri_(lianyungangwyz),1,,宁日,106,
afro_(afrodite_ja),1,,あふろ,106,
yata_mawari,1,,白谷やたび,106,
flytrapxx,1,,flytrapxx,106,
nyami,1,,nyami,106,
tipo_(tipoplaza),1,,ティーポ,106,
shimarisu_yukichi,1,,しまりすゆきち,106,
hundun_no_bifang,1,,混沌ノ彼方,106,
michelan,1,,michelan,106,
lemon_tea_(15058751917),1,,れもち,106,
ouma_bunshichirou,1,,逢摩文七郎,106,
ushi_424,1,,ushi_424,106,
sen_squid,1,,せん,106,
enishi96,1,,えにし,106,
jei_(user_tckk7448),1,,jei_(user_tckk7448),106,
108_(toowa),1,,108_(toowa),106,
makihako_bunko,1,,蒔花文庫,106,
togeshiro_azami,1,,みあんぬ,106,
nakamori_kemuri,1,,中森煙,106,
ero_daisuki,1,,エロ大好き,106,
turbo_engine_(rakugaki_tabo),1,,たーぼえんじん,106,
chigiri_(_chigiri_),1,,千切,106,
den_(zeroshiki),1,,デン,106,
mononoke_(pixiv53597254),1,,藻ノノ毛,106,
bakuhatsu_bros.,1,,ばくはつBRS,106,
doka_yuki_(tsumorisugi),1,,ドカ雪,106,
noir_(4chan),1,,noir_(4chan),106,
hisarakanoi,1,,ヒサラカノイ,106,
eltonel,1,,eltonel,106,
noah12,1,,むちぱん,106,
jo_suke,1,,じょーすけ,106,
azu_ankoowl,1,,餡虎,106,
min.k,1,,min.k,106,
tazaki_hayato,1,,たざきはやと,106,
mizoredama1,1,,みぞれ玉,106,
teoskyrios,1,,ゆめさま,106,
transpot_nonoko,1,,ののこ,106,
ericx_gasi,1,,ericx_gasi,106,
namaitachi,1,,ナマイタチ,106,
402_(o0_xxx),1,,402_(o0_xxx),106,
kano_(nakanotakahiro1029),1,,カノ,106,
lentiyay,1,,lentiyay,106,
xinliu_asato,1,,心流Asato,106,
toa510,1,,toa510,106,
inoue_kiyoshirou,1,,胃之上奇嘉郎,106,
shino_12a,1,,志乃,106,
wei_yu,1,,ミツ,106,
shirasuke_0822,1,,しらす,106,
gyouza_teishoku,1,,饺子定食,106,
mayena,1,,めいえな,106,
hakasesuicchi,1,,ハカセスイッチ,106,
momoyama_hinase,1,,桃山ひなせ,106,
akitsuchi_shien,1,,明土,106,
zhoujialin,1,,zjl白騎士,106,
dattosan,1,,ダットサン,106,
ame_akira,1,,雨宮アキラ,106,
lui_n24,1,,lui_n24,106,
yuzuha_wasa,1,,柚葉わさ,106,
amenomori_howa,1,,雨森ほわ,106,
istani,1,,istani,106,
gatti_love,1,,gatti_love,106,
grdrawww,1,,grdrawww,106,
sakula,1,,かりょうさくら,106,
sakura_m_fsn,1,,sakura_m_fsn,106,
itsuya_(hmizugucti),1,,乙夜,106,
peace_peace009,1,,ラブ＆ピース,106,
gplnbeat,1,,gplnbeat,106,
nora_shinji,1,,白野じん,106,
x_chitch,1,,x_chitch,106,
type_moll,1,,type_moll,106,
damarinasai_(mineo),1,,黙りなさい(Mineo,106,
tsunaso_(lack_of_sunlight),1,,つなそ,106,
frde,1,,焃尾,106,
crestren,1,,crestren,106,
komiru,1,,こみる,106,
ishihara_souka,1,,石原そうか,106,
gaiidraws,1,,gaiidraws,106,
iris_yi,1,,不吃葱,106,
sumosamo,1,,スモサモ,106,
nirvelia,1,,nirvelia,106,
torathi,1,,トラティ,106,
yumekui,1,,ちゃあ,106,
yagimiwa,1,,やぎみわ,106,
bludwing,1,,bludwing,106,
suzuneko_(yume_no_kyoukai),1,,Suzu猫,106,
shiroobi_(whitebeltmaster),1,,しろおび,106,
fujimoto_satoru,1,,藤本さとる,106,
def_(chronowarld),1,,くろいいしょう,106,
yada_ei,1,,朝丘,106,
shimakoma,1,,しま,106,
turiganesou800,1,,つりがねそう,106,
shimotsuki_keisuke,1,,霜月けいすけ,106,
depo_(typebaby505),1,,ｄｅ保堂,106,
vetina,1,,维提娜,106,
genka_ichien,1,,原価壱円,106,
jito_mesuki_nitouhei,1,,ｼﾞﾄ・ﾒｽｷｰ二等兵,106,
crab_d,1,,달랑게,106,
yudaoshan,1,,烟雨行舟HAO,106,
tooya_daisuke,1,,遠矢大介,106,
torajimaneko,1,,とらじまねこ,106,
dondyuruma,1,,どんどゅるま,106,
ichitaka,1,,いちたか,106,
masin0201,1,,masin0201,106,
sjuno,1,,sjuno,106,
masa_(miyabitei),1,,将,106,
hofumaso,1,,ホフマソ,106,
azzz_(7334080),1,,azzz_(7334080),106,
nanpuu,1,,なんぷぅ,106,
kimura_neito,1,,木村宁都,106,
yara_kami_meiosei,1,,デーモンインセイン・屋良神冥王星,106,
notori_d,1,,電脳スイッチ,106,
ntk_(7t5),1,,ntk_(7t5),106,
hima_(mizu_ni_tsuyoi),1,,みず,106,
umi_(srtm07),1,,うみ,106,
mac_naut,1,,mac_naut,106,
effort_star,1,,effort_star,106,
tiokun7,1,,티오,106,
wowishi,1,,wowishi,106,
hansoom_(latebirdwakeup),1,,hansoom_(latebirdwakeup),106,
nakajima_ryou,1,,あこあけd,106,
irodori_(irotoridori),1,,いろどり,106,
loalo,1,,本田ロアロ,106,
namo,1,,なも,106,
kh_(kh_1128),1,,케치,106,
sa'yuki,1,,鲨鱼卡SAyuki,106,
ayamame,1,,あや豆,106,
kurokami_(kurokaminohito),1,,くろかみ,106,
choco_chip_(ekitai_idou),1,,チョコ・チップ,106,
mitsukichi,1,,mitsukichi,106,
yorousa_(yoroiusagi),1,,鎧兎,106,
akiyoshi_haru,1,,秋吉ハル,106,
kamakama_(kdmorh_kamakama),1,,kamakama_(kdmorh_kamakama),106,
legomaru,1,,レゴまる,106,
kamo_(gafas),1,,加茂,106,
daidailong,1,,呆呆龍,106,
hatagaya,1,,幡ヶ谷,106,
denpa_(denpae29),1,,denpa_(denpae29),106,
kumehara_chiyota,1,,acoちゃ,106,
sagattoru,1,,サカッとる,106,
mangotonic,1,,망고토닉,106,
sakakura_(sariri),1,,さかげ,106,
kusatakesi,1,,kusatakesi,106,
kiri_celea,1,,霧せれあ,106,
unusablenameaaa,1,,幸幸鳥,106,
orange-bird,1,,まろやかなPNDR,106,
sayossa_(pak-front),1,,さよっさ,106,
yukimushi,1,,ゆきむし,106,
hoshiyui_tsukino,1,,月乃,106,
yoshiaki_(yosiaki_ml),1,,ヨシアキ,106,
shousan_bouzu,1,,しょうさん坊主,106,
gum_shrew,1,,gum_shrew,106,
guoguo,1,,日向志果,106,
byu_(orihazuma),1,,ビュー,106,
tkc_(tkoshinchan),1,,tkc_(tkoshinchan),106,
kutsuwada_on,1,,轡田恩,106,
kishimen_udn,1,,きしめんうどん,106,
yonezawa_mao,1,,よねざわ,106,
jisu_lee,1,,jisu_lee,106,
sizucomaru,1,,sizucomaru,106,
chibi_(shimon),1,,ちび,106,
9aaaalt29,1,,あると,106,
almondman,1,,アーモンドマン,106,
kashii_kaoru,1,,かしい,106,
tamaki_nozomu,1,,環望,106,
khalitzburg_(user_2274420),1,,khalitzburg_(user_2274420),106,
heine_(haloo1101),1,,heine_(haloo1101),105,
oohhya,1,,우햐,105,
aq_gohan,1,,aQごはん,105,
teketi,1,,笼茸-lrono,105,
saival_cat,1,,サイバルキャット,105,
maosen,1,,maosen毛森,105,
scup,1,,scup,105,
lotan,1,,lotan,105,
ruttika_shin,1,,ruttika_shin,105,
sanma_(tabet_),1,,うぃるきんそん,105,
xingyun_fankic,1,,幸运fankic,105,
edoara,1,,えどあら,105,
dotori_(seulseul),1,,スルスル,105,
miwa_uni,1,,うに,105,
sonikkusupin,1,,ソニックスピン,105,
shio05_(05_sio),1,,しお,105,
kyuugata,1,,旧型,105,
yukinagi,1,,雪凪,105,
akisaka_akira,1,,あきさかあきら,105,
hachi78b,1,,ハチ野,105,
metako_(slime_shop),1,,めた子,105,
malan,1,,malan,105,
nitanda_cona,1,,しょくぱん,105,
shi_(shi4557),1,,shii(治療中,105,
nocchi_(r_ws2l),1,,のっち,105,
keita_kg85,1,,こはる,105,
unli_free,1,,unli_free,105,
karan_koron100,1,,カラン,105,
yorange17,1,,yorange17,105,
tokachi_genjuurou,1,,十勝源十郎,105,
darus5,1,,ダル,105,
pencilman_draws,1,,pencilman_draws,105,
usoco,1,,usoco,105,
osuk2,1,,オスギ,105,
katou_taira,1,,加藤たいら,105,
hiyaori_(hiyahiyaval),1,,ひやおり,105,
arutemisu180,1,,arutemisu180,105,
lensia,1,,lensia,105,
horobu,1,,horobu,105,
ganma_(nicoseiga52595768),1,,ガンマGANMA,105,
yomizu_(rdad3278),1,,夜水,105,
runa_(ren_rainfall),1,,小望,105,
elodeas,1,,elodeas,105,
jonasmk,1,,jonasmk,105,
sekaihebi,1,,世界蛇,105,
panda_90321,1,,くまねこ,105,
piku_(another_pikuru),1,,ぴくもち,105,
miku_rasha,1,,Yuelii淯璃,105,
kisaragi_miyuki,1,,如月まゆみ,105,
gdd_(vkejr702),1,,우땨따,105,
sawaragi,1,,沢良宜,105,
archapxl,1,,archapxl,105,
nyaxxy,1,,nyaxxy,105,
andyface,1,,andyface,105,
ketaru,1,,ketaru,105,
tententensan,1,,点々々惨,105,
insouwu,1,,insouwu,105,
kuronaga,1,,くろなが,105,
gomafuto,1,,とりせ,105,
suiso_sn3,1,,左右田,105,
bonryuu,1,,凡竜,105,
chunaizhanshi23057,1,,chunaizhanshi23057,105,
mori_yashiro_(konkon_oyashiro),1,,杜社,105,
hisagi_(puchimaple),1,,ひさぎ,105,
onigiri_debu,1,,おにぎり,105,
maccha_pamocute,1,,深夜の紅茶,105,
arkfield,1,,アルクフィールド,105,
vic_1223,1,,vic_1223,105,
akyuun,1,,akyuun,105,
caffeine_2109,1,,カフェイン中毒,105,
freddyhalloween,1,,freddyhalloween,105,
aroha252538,1,,あろ,105,
unko_man,1,,unko_man,105,
mame_(nanase_pk),1,,豆,105,
hz_(helu_2),1,,Hzのサボり場,105,
yashiro_ryo,1,,八代涼,105,
rianya07,1,,rianya07,105,
amelie,1,,あめり,105,
openvl,1,,北极兽opv,105,
lexis_yayoi,1,,lexis_yayoi,105,
kompeitou_(lemon_garden),1,,こんぺいとう＊*,105,
010mzam,1,,010mzam,105,
arong,1,,阿荣,105,
karua_(karua23),1,,かるあ,105,
kokora_(kokorahen),1,,ここら,105,
misanga_(hxjd5354),1,,みさんが,105,
hero_(do-belman),1,,ヒーロ,105,
koyoshi_yoko,1,,こよしよこ,105,
dosukoi_(nagihoko),1,,どす恋,105,
anzekeye,1,,安泽克也,105,
mochusama,1,,沫初sama,105,
yoshicha,1,,吉茶,105,
tomoyo_kai,1,,ともよ,105,
aospanking,1,,アオ,105,
yuchiberu,1,,ユチberu,105,
noodychaan,1,,noodychaan,105,
cyrano_(aazzss3),1,,시라노,105,
bb._ex,1,,bb._ex,105,
tqg_07,1,,tqg_07,105,
robjorim,1,,통조림,105,
arusuko,1,,圆吧小学生,105,
derori,1,,でろり,105,
aizettonagi,1,,あいぜっとなぎ,105,
hakuramen,1,,hakuramen,105,
reiji-rj,1,,reiji-rj,105,
katouken_(ktn-works),1,,加塔,105,
broccoli_(broccoli2626),1,,ぶろっこりー,105,
tanpakuroom,1,,いつ木/tanpakuroom,105,
yukikawa_juri,1,,有馬朱里,105,
peesh_san,1,,peesh_san,105,
potgit,1,,ポット,105,
teria_(teriarian),1,,teria_(teriarian),105,
250en_remon,1,,250en_remon,105,
rihito_akane,1,,りひと茜,105,
sashacall,1,,sashacall,105,
fufumi,1,,虚数领域fufumi,105,
chun_lo,1,,chun_lo,105,
uki_(room_405),1,,うき,105,
zinan,1,,ジナン,105,
yaroslava_murashko,1,,yaroslava_murashko,105,
takabow,1,,もどかしき骨の日々,105,
franham,1,,franham|フランハム,105,
hanen_(borry),1,,hanen_(borry),105,
tsumi_guilty,1,,罪・ギルティ,105,
ameya_nihachi,1,,キノ子,105,
aoguu,1,,あおぐう,105,
ohashi_(hashidate),1,,おはし,105,
zuburoku,1,,ずぶろく,105,
koketsu_(koketsu-ya),1,,こけつ,105,
kanameyura,1,,シキユリ,105,
katanakko_daisuki,1,,カタナっ子大好き,105,
yurun,1,,yurun,105,
tayako,1,,たやこ,105,
nosa,1,,のさ,105,
canis428,1,,坎尼斯蓝白狗,105,
paradox_1818,1,,ぱらどっくす,105,
shocho,1,,shocho,105,
futon_fly_away,1,,futon_fly_away,105,
amesaki_vanilla,1,,amesaki_vanilla,105,
aozoraichi,1,,青天壱,105,
inhan,1,,inhan,105,
yukihiro,1,,yukihiro,105,
reman_kamuy,1,,レマ,105,
mono_(recall),1,,mono_(recall),105,
loggy,1,,ろぎー,105,
morisoban,1,,もりそばん,105,
koumo,1,,コーモ,105,
rokusketch,1,,rokusketch,105,
kasuga_kaya,1,,春日カヤ,105,
hoppe_illust,1,,hoppe｜イラストレーター,105,
tetsukazu,1,,鉄一,105,
lusan666,1,,lusan666,105,
ninnzinn,1,,にんじん,105,
kayune_niu,1,,かゆねにう,105,
ldl,1,,病気ハイカラ,105,
shitou,1,,四头,105,
keipup,1,,keipup,105,
litra_(ltr0312),1,,litra_(ltr0312),105,
karasuma_amiru,1,,烏丸あみる,105,
shihira_tatsuya,1,,四平龙也,105,
kurousagi_tetora,1,,黑兎てとら,105,
edogawakid,1,,江户川小子,105,
amik0824,1,,あみこ,105,
straw_like,1,,straw_like,105,
tricky_46,1,,tricky_46,105,
mochi547,1,,こめとら,105,
mikagami_ei,1,,ケートラ（水鏡えい,105,
jon_henry_nam,1,,ナムんブラー,105,
kida_yuu,1,,きだゆー,105,
goshingo1,1,,goshingo1,105,
five-seven_(0verlimits),1,,ファイヴ･セヴン,105,
noiz,1,,noiz,105,
latte_bf,1,,らて,105,
nicporim,1,,靴下,105,
richard_suwono,1,,richard_suwono,105,
coupe50,1,,こっぺ50,105,
uutan_(shibainu_kakumei),1,,ウータン,105,
oba-min,1,,ミン,105,
eatora,1,,えあとら,105,
cinn_angl,1,,cinn_angl,105,
ninopal,1,,ninopal,105,
yuyuko_(yuyucocco),1,,yuyuko_(yuyucocco),105,
miyamaki,1,,みやまき,105,
pinkmill,1,,ピンクミル/pinkmill,105,
kentllaall,1,,屑,105,
hosoo,1,,お,105,
mikipa,1,,みきぱ,105,
hashimoto_kurara,1,,橋本くらら攻防,105,
370ml,1,,370ml,105,
mutsu_aya,1,,mutsu_aya,105,
deroo,1,,deroo,105,
fav_faris,1,,ファブSketchbook,105,
kagami_(galgamesion),1,,嘉臥深,105,
otsumami_(otsu-mugi),1,,おつまみ,105,
iu,1,,イウ,105,
hirano_masanori,1,,ひらのまさのり,105,
nekomura_otako,1,,ねこむら,105,
noda_shuha,1,,野田,105,
yanai_inaya,1,,yanai_inaya,105,
hayato_hoshi604,1,,星乃,105,
tabby_chan,1,,tabby_chan,105,
teruchan,1,,teruchan,105,
annno_ans,1,,杏乃,105,
sakuragawa3710,1,,けいと,105,
so_shio,1,,Soしお,105,
panaham,1,,パナハム,105,
udakyo,1,,夘田恭,105,
zzb_azz,1,,ばん,105,
kakizato,1,,ぽっぷらんど(柊ぽぷら,105,
anbeauty0902,1,,않뷰티,105,
poseich,1,,poseich,105,
shimizu_tomoki,1,,ちきんたまご,105,
76gpo,1,,76gpo,105,
kay_(utd),1,,kay_(utd),105,
kutani,1,,九手児,105,
fcjfior,1,,fcjfior,105,
hasom,1,,윤하솜,105,
21grams,1,,シロクマ,105,
hagiko,1,,はぎこ,105,
peach-pit,1,,ピーチ・ピット,105,
takakura,1,,竹取細工,105,
peonrin,1,,片鱗,105,
renrenka_noi,1,,renrenka_noi,105,
nidhoggn,1,,nidhoggn,105,
tbr0009,1,,tbr0009,105,
ayumu-k,1,,あゆむ(Ayumu,105,
fanniko,1,,fanniko,105,
demcheg,1,,demcheg,104,
mgr3na2sup_6,1,,mgr3na2sup_6,104,
amayuki318,1,,天有希,104,
sayaendou0426,1,,sayaendou0426,104,
takumi_wada,1,,takumi_wada,104,
jess_(p2eocene),1,,jess_(p2eocene),104,
true_erg,1,,トウル,104,
yuu13,1,,ゆー,104,
baobao771100,1,,哈茨克莱,104,
yuhel,1,,yuhel,104,
kamotsu_yasai,1,,かもつ,104,
yashiro_manabu,1,,やしろ学,104,
hachinuki_tessei,1,,ハチヌキ,104,
nozawa_(nooo1709),1,,野沢,104,
chiwawa174,1,,吉哇,104,
xdoxa89,1,,xdoxa89,104,
laoshi_wo_hao_e,1,,老师我好饿,104,
hyeroin,1,,윰햐,104,
shuiruoqing,1,,水若青,104,
chunjixiaolu,1,,春季小鹿,104,
sui_yamami,1,,山水すい,104,
tanglaoban1225,1,,棠老板,104,
rushi_(mousang),1,,るし,104,
qtime_702,1,,qtime_702,104,
kashiwara_mana,1,,柏原まな,104,
joshdinobarney,1,,joshdinobarney,104,
apollo_hotori,1,,アポロ,104,
hii_(motorholic),1,,ヒィ,104,
colorfag,1,,colorfag,104,
beckody,1,,ベコディ,104,
ishizu_kayu,1,,サンクマール茄子畑,104,
sim0n404,1,,sim0n404,104,
zat_296,1,,雑念,104,
enokinoko1010,1,,えのき茸,104,
long_long_life,1,,long_long_life,104,
hamiyamiko,1,,羽宮,104,
kalliope_orc,1,,kalliope_orc,104,
aizawa_marimo,1,,愛沢 まりも,104,
akari_0313,1,,花灯,104,
tekka_maki_(wafuu-bune),1,,鉄花,104,
hetani312,1,,hetani312,104,
oshishan,1,,おしいしゃん,104,
wichimi,1,,ゐちみ,104,
takeawatch,1,,带一个表,104,
sakazuki_sudama,1,,スダマ,104,
hinoki_kahun0,1,,ひのき,104,
su_guryu,1,,すぐりゅ,104,
arugou,1,,あるごー,104,
ayase_shichikai,1,,絢瀬七海,104,
tamura-chan,1,,田村ちゃん,104,
nerutora,1,,ねるとら,104,
date_naoto,1,,ダテナオト,104,
matsuura_kento,1,,松浦健人,104,
pe902,1,,全价冻干,104,
zerosama_(sailuojiang),1,,赛罗zero,104,
sioneve,1,,sioneve,104,
chaum,1,,차움,104,
rongai28,1,,らぁゆ,104,
sashimi_nasu,1,,さしみなす,104,
satoh_vrc,1,,佐藤,104,
ccxvi_201116,1,,ccxvi_201116,104,
gensoukitan,1,,蒼月,104,
nahara_saki,1,,奈原,104,
itsumono_katze,1,,よだれ,104,
alpharecdyt,1,,alpharecdyt,104,
kawahara0527,1,,瓦,104,
jiang_zhuti_jiojio,1,,酱猪蹄jiojio,104,
misosiru_0224,1,,でふぉすこ丸,104,
hagano_yoshifumi,1,,よし,104,
omega_takai,1,,オメガ高井,104,
capry,1,,capry,104,
zelo-lee,1,,黄金の大猫,104,
toggy_keiichi,1,,トギー・啓一,104,
memori_(egachachachan),1,,芽森,104,
orein,1,,オレイン,104,
toriumi_(fioripera14),1,,とりうみ,104,
minmin_(kemomofuri),1,,眠眠,104,
mana30row,1,,マナ三十郎,104,
alexandre_chaudret,1,,alexandre_chaudret,104,
iro_178,1,,iro_178,104,
tang-du,1,,tang-du,104,
tanake_(tanakei_ado),1,,たなけ,104,
onigirikao,1,,onigirikao,104,
kageru_(mofnyan),1,,kageru_(mofnyan),104,
sanyang003,1,,吃面包的三眻,104,
quxiaochong,1,,小虫,104,
mele_ck,1,,メレ,104,
t_terano,1,,t_terano,104,
bakori514_(h_akka),1,,八口力,104,
genk1zam4s,1,,げんき,104,
esubui,1,,えすぶい,104,
yuto_takumi,1,,ゆと,104,
mamadasky,1,,ママダスカイ,104,
etori,1,,おでんでん,104,
yukina_(masyumaro610),1,,ゆきな,104,
thijikoy,1,,thijikoy,104,
jirafuru,1,,jirafuru,104,
dang_geun23283,1,,당근,104,
samidarekinoko,1,,キノ子,104,
tyoookozuki,1,,にいちょ/放浪者まってます,104,
chiga_akira,1,,千賀アキラ,104,
salt66666,1,,salt66666,104,
okeno_kamoku,1,,桶乃かもく,104,
himo,1,,紐,104,
yts_takana,1,,YTS 鷹那,104,
shibadooog,1,,紅みんと,104,
bly_mead,1,,布莱米德,104,
noiriririri,1,,noiriririri,104,
nyamo-lv0,1,,にゃも,104,
rin0_(gujrv),1,,rin0_(gujrv),104,
nesz_r,1,,nesz_r,104,
nuancho,1,,ぬあんちょ,104,
yoiy_san,1,,よいさん,104,
kuuinusuki,1,,わんこ,104,
meteor_(yamashou),1,,めてお（やましょー,104,
zhuganchangjiadan,1,,猪肝肠加蛋,104,
kkomdastro,1,,クマダ,104,
kogarashi_tobi,1,,凩トビ,104,
nirareba,1,,にられば,104,
gurihiru,1,,グリヒル,104,
kudpoid_(71139),1,,テヴア共和国のしがない絵師,104,
hua_(yijing),1,,美咕噜www,104,
maji_(majidesu3),1,,マジ,104,
wawasuke,1,,ワーワー言うとりま助℃,104,
nyamnyam0502,1,,냠냠,104,
origami_yakko,1,,フォーク,104,
fueru_nattou,1,,増える納豆,104,
yakikesen,1,,毛卯先,104,
sindri,1,,sindri,104,
lilirulu,1,,lilirulu,104,
sagiri_(ulpha220),1,,sagiri_(ulpha220),104,
goslingwallows,1,,goslingwallows,104,
kame_(unaikodori),1,,かめ,104,
punico_(punico_poke),1,,punico_(punico_poke),104,
seum_(kao_husband),1,,사슴,104,
st+1,1,,st+1,104,
irusu,1,,いるす,104,
hakumaiya,1,,白米屋,104,
nyoriko,1,,にょりこ,104,
74_(teduka),1,,七市ななし,104,
matatabi_(karukan222),1,,またたび,104,
pokka,1,,ぽっか,104,
p-40_(tukinosita-de),1,,ニコロナ,104,
shiba_yuusuke,1,,シバユウスケ,104,
aoki_shin,1,,青稀シン,104,
minakami_mimimi,1,,みなかみ,104,
komusou_(komusou1),1,,こむそう,104,
itsutsu,1,,五星色葉,104,
z666ful,1,,z666ful,104,
mal_poi,1,,mal_poi,104,
iwanaga_tm,1,,岩友,104,
newey,1,,뉴이,104,
oisin,1,,オイシン,104,
nekou_izuru,1,,猫生いづる,104,
hidaka_kouyou,1,,日高,104,
tofu_juuji,1,,×点タイン,104,
fukidamari_no_peke,1,,ふきだまりのぺけ,104,
senba_chidori,1,,チドリヶ丘,104,
mumu,1,,むむむ印,104,
s_(esumi_kihomaru),1,,S(えす,104,
otono_fei,1,,音の绯,104,
yuzutaroman,1,,ゆずたろう,104,
green_(grimy),1,,green_(grimy),104,
akenoin_soumon,1,,朱院,104,
yunyunonigiri,1,,ゆん,104,
masco,1,,masco,104,
moedredd,1,,moedredd,104,
amidara,1,,幸彦,104,
cobra_no_oyatsu,1,,こぶらっこ,104,
mikawa_ayumu,1,,三川あゆむ,104,
iwahana,1,,いちに,104,
kanbayashi_chiko,1,,神林,104,
sakaki_youma,1,,sakaki_youma,104,
faithom,1,,faithom,104,
kimishin,1,,公真,104,
monq,1,,monq,104,
hino_himoto,1,,日野ひもと,104,
urita_(vivivinicol),1,,うりた,104,
shometsu-kei_no_teruru,1,,消滅系のてるる,104,
kuroishi_ringo,1,,黒石りんご,104,
fukurahagi_uomaru,1,,ふくらはぎ魚丸,104,
miha_(mihasu_ll),1,,みは,104,
sf_jd,1,,sf_jd,104,
bryanth,1,,bryanth,104,
enomoto_hidehira,1,,榎本ひでひら,104,
cha_kuro_(limo),1,,茶又日くろ,104,
kikan_(kikanoe),1,,きかん,104,
matsuda_toki,1,,松田まっつん,104,
imazartz,1,,imazartz,104,
itsuki_jun,1,,イツキ＠お仕事募集中,104,
sumishi_(sumisi_3),1,,すみし,104,
minori_(faddy),1,,みのり,104,
snowmi,1,,すのみ,104,
piki_(itpiki),1,,ピキ,104,
silverchariotx,1,,silverchariotx,104,
ohayousan_084,1,,ohayousan_084,104,
holika_baby,1,,べぃび,104,
lanhua227,1,,蘭華,104,
daziran_ran_ran,1,,大自然然然,104,
geriyarou,1,,ゲリ野郎,104,
zzzearly,1,,일찍자렴,104,
hishoti_cheese,1,,hishoti_cheese,104,
ai_gon_deroga,1,,ゴンデロガ,104,
amami_mikihiro,1,,甘味みきひろ,104,
mad8nana,1,,mad8nana,104,
kurakumo_nue,1,,黒雲鵺,104,
c01a_(cola),1,,c01a_(cola),104,
momoi_nanabei,1,,桃井奈々兵衛,104,
mugimugis,1,,mugimugis,104,
huujyu,1,,ふうじゅ,104,
warori_anne,1,,わろりあん,104,
saber_01,1,,saber_01,104,
sake_dong,1,,ソンシル,104,
kirikaze_ren,1,,桐風レン,104,
hituzininareta,1,,明日葉ひつじ,104,
cactas7,1,,cactas7,104,
ikusy,1,,生島直樹,104,
koyubita,1,,koyubita,104,
naze,1,,ナゼ,104,
natsuzakura_yuuki,1,,ざくらおじ,104,
rosette_(yankaixuan),1,,墨秃,104,
migokami,1,,migokami,103,
ri_shan,1,,りーしゃん,103,
rai_(rai_kw),1,,ライ,103,
hellfire00001,1,,豪烈・弥太郎,103,
ikeda_kazuhiro,1,,池田和宏,103,
takuu_(seadog6662),1,,takuu_(seadog6662),103,
yonkuron,1,,Yくーろん,103,
mili_mli,1,,迷离Mli,103,
hazumi_rio,1,,羽純りお,103,
jee-hyung_lee,1,,jee-hyung_lee,103,
shiyan_ying,1,,世炎嘤,103,
mashi_(umashiodare),1,,まし,103,
yuri_(chocho_q),1,,yuri_(chocho_q),103,
shy_(ribboneels),1,,shy_(ribboneels),103,
hoht_yeah,1,,厭木,103,
furuki_ayaginutaira,1,,furuki_ayaginutaira,103,
natsugou_shinogi,1,,natsugou_shinogi,103,
wepwawet,1,,wepwawet,103,
dudrinm,1,,笃梦,103,
shiki_hamaguri,1,,月の鳥,103,
krerue,1,,krerue,103,
zuu_(qq770463651),1,,雪鸮骑士ZUU,103,
aoi_sakurako,1,,あおい,103,
saberwolf8,1,,saberwolf8,103,
hiroita,1,,hiroita,103,
kujikimi,1,,くじき身,103,
shinomiya_nanase,1,,しのみやななせ,103,
maya_(mayamayammy),1,,maya_(mayamayammy),103,
bbr_brbr,1,,びびり,103,
hxk4_n,1,,アルアル,103,
hido88,1,,hido88,103,
0p78xopwsj83779,1,,パン,103,
mafuyu_(re_eva),1,,真冬,103,
nekoboshi_yuki,1,,ねこぼしゆき,103,
g_reaper,1,,g_reaper,103,
bouno_satoshi,1,,房野,103,
nrnmarie,1,,nrnmarie,103,
tabulagami,1,,tabulagami,103,
newon,1,,ねをん,103,
peppsi_(saba_sabasuk0),1,,アラタタイシ,103,
kyoro_(kyoroillust),1,,きょろ,103,
rei_(9086),1,,レイ,103,
naoki_(shibu_asa_ryo),1,,なおき,103,
okasa_re_taii,1,,陸佐re大尉,103,
saetusum,1,,あたなか,103,
condylonucla,1,,condylonucla,103,
nurizza_ilst,1,,nurizza_ilst,103,
nagishy,1,,凪しぃ,103,
sakamoto_kengo,1,,ケンゴ,103,
mumu_vosp,1,,mumu_vosp,103,
ginjiro_(ginjiroxx),1,,ginjiro_(ginjiroxx),103,
souen_hiro,1,,蒼鉛ヒロ,103,
level9kaito,1,,level9kaito,103,
koshianpancake,1,,あずきバウム,103,
thatbirdcanfly,1,,thatbirdcanfly,103,
momikocu,1,,籾殻,103,
shu_bing,1,,梳饼,103,
c-eye,1,,c-eye,103,
yokappa_(jokappa),1,,yokappa_(jokappa),103,
kikata_(hata_nanokana),1,,キカタ,103,
naotan,1,,なおたん,103,
wgm_oekaki,1,,wgm_oekaki,103,
kok_(honeymelon),1,,すいか,103,
ruinone,1,,ruinone,103,
ramiki_(ramesgoag),1,,ramiki_(ramesgoag),103,
tsukimori_mochi,1,,もち,103,
hamada_youho,1,,はまだゆうほ,103,
bea_(bropmlk),1,,べあ,103,
yukisaki_mayui,1,,まゆい,103,
ruizu_(takakisan503),1,,ルイズ,103,
kurofuti,1,,くるぽ,103,
shen_li,1,,shen_li,103,
satoyukitowa,1,,永久-towa,103,
kenchi,1,,kenchi,103,
katahaba_keiji,1,,肩幅刑事,103,
tenpanco,1,,んぱんて,103,
delfuze,1,,delfuze,103,
monster_gogo,1,,monster_gogo,103,
amano_mitara,1,,甘乃みたら,103,
lahz52,1,,相顾无言,103,
markkrpg,1,,markkrpg,103,
yoshikawa_miki,1,,吉河美希,103,
chatea,1,,chatea,103,
serebii_(artist),1,,serebii_(artist),103,
opm7760,1,,opm7760,103,
oguraponti,1,,小倉ぽんち,103,
koha_2652,1,,koha_2652,103,
ramuya_(lamb),1,,らむ屋,103,
ap5ry,1,,杏,103,
zenbrush2,1,,がっつ,103,
ryu_o,1,,ノン,103,
dreamscreep,1,,dreamscreep,103,
wataru_rei,1,,たる,103,
adricarra,1,,adricarra,103,
kuwabara_tamotsu,1,,くわばら,103,
babamba,1,,君밤,103,
penglai_tea,1,,蓬莱茶,103,
maven_(madeinheaven_23),1,,maven_(madeinheaven_23),103,
yutaka_(yutakadeath),1,,yutaka_(yutakadeath),103,
shirosei_mochi,1,,白生もち,103,
kachobi_(user_atuh5854),1,,아이남,103,
budesonide,1,,budesonide,103,
huyj_cl,1,,huyj_cl,103,
nekojinnyart,1,,nekojinnyart,103,
okara,1,,おから,103,
le_(huanglongen),1,,le_(huanglongen),103,
linceyang,1,,lince羽卞,103,
enoharatoki,1,,enoharatoki,103,
hakoniwa_tsuka,1,,つか,103,
haiurain,1,,灰雨,103,
fuenyuan,1,,風遠,103,
yukari_(bryleluansing),1,,ゆか,103,
mordeth,1,,もるだー捜査官,103,
hoshino_fuuta,1,,ほしのふうた,103,
organ3432,1,,おーがん,103,
chagama_teishoku,1,,chagama_teishoku,103,
nagakura_(seven_walkers),1,,永倉,103,
dishwasher9,1,,dishwasher9,103,
fujisaki_(si_da),1,,ふじさき,103,
puchimirin,1,,ぷちみりん,103,
higofushi,1,,ひごふし,103,
gungun_(hakutou7887),1,,ぐんぐん,103,
sakekuzu_no_ame,1,,酒クズのあめ,103,
yed_(yedsilent),1,,yed_(yedsilent),103,
shi_ecchi,1,,しえこ,103,
ren_huozhe,1,,方黑方休,103,
euforia,1,,ユフォリア,103,
tanaka_yutaka,1,,田中ユタカ,103,
gusty10rk,1,,gusty10rk,103,
hachachi,1,,はちゃち,103,
chanosuke,1,,ちゃの,103,
wo_you_yibei_jia_wanli,1,,奶糖小家家,103,
cloud_ya,1,,cloud_ya,103,
rioru_(rioru_v_v),1,,リオル,103,
shilin,1,,shilin,103,
ame_(ame025),1,,雨,103,
asami_natsuhito,1,,浅海,103,
hissatsukun,1,,ひっさつくん,103,
rheez,1,,리주님,103,
juu_(juuzi),1,,juu_(juuzi),103,
asagon007,1,,asagon。(あさごん,103,
nanatsu_fuji,1,,nanatsu_fuji,103,
kashikahaya,1,,かしかはやkashikahaya,103,
hinshi_hp0,1,,瀕死,103,
alexa_mahone,1,,荒草,103,
takagi_hideaki,1,,タカギヒデアキ,103,
nuebunny,1,,nuebunny,103,
silenxe,1,,silenxe*ちきん,103,
kaniharu,1,,かにはる,103,
xiao_qiang_(overseas),1,,小強,103,
francine_(daijaemon),1,,フランシーヌ,103,
xiaolumiaoliya,1,,喵利亚,103,
dakunesu,1,,だくねす,103,
watayoshi_(suiiho),1,,わたよし,103,
ronpaxronpa,1,,ronpaxronpa,103,
satou_saya,1,,沙夜,103,
yoshikirino,1,,yoshikirino,103,
tyazakura_sayu,1,,さゆ,103,
rongyuan_gulu,1,,虫荣虫原,103,
tatsuma_daisuke,1,,たつまだいすけ,103,
wayanfa,1,,wayanfa,103,
hoe_satsuki,1,,ほえ,103,
alice_grimm,1,,alice_grimm,103,
natsushima_memo,1,,夏嶋めも,103,
mura_(kiyohime),1,,むら,103,
hiichisato,1,,アゲイン,103,
tsukigami_chronica,1,,月上クロニカ,103,
haruka_shiya,1,,悠,103,
zefa_(neoaltemice),1,,ぜふぁ,103,
gaimoon,1,,凱月,103,
lastdark,1,,メヰザルト,103,
homura_hinase,1,,ほむひな,103,
watarurikka,1,,watarurikka,103,
kyodairobo,1,,巨大ロボ,103,
nogo_(nogo_059),1,,のご,103,
bangosu,1,,bangosu,103,
miyuli,1,,miyuli,103,
mizumizzumiz,1,,mizumizzumiz,103,
tablicoart,1,,tablicoart,103,
moren_eh,1,,moren_eh,103,
mikebosi,1,,みけぼし,103,
lows.,1,,lows.,103,
shiro_sousu,1,,白ソース,103,
nywlub_(bulwyn),1,,ぶʓうぃん,103,
wonchun,1,,wonchun,103,
yamaiwa_shuuhai,1,,山岩,103,
honyara-san,1,,ほにゃら,103,
mermaid_(artist),1,,mermaid_(artist),103,
mjn,1,,mjn,103,
naughty_taboos,1,,naughty_taboos,103,
keionism,1,,いおりん,103,
plytometo,1,,plytometo,103,
taniyama-san,1,,谷山さん,103,
ishiki_(okota),1,,異識,103,
sho_(sho_oe4),1,,しょう,103,
haotmeal,1,,haotmeal,103,
sho_(wnmf3234),1,,ショウ,103,
koshou_shou_mitsu,1,,胡椒小蜜,103,
sagano_yuuji,1,,サガノユウジ,103,
mo0o0rae,1,,mo0o0rae,103,
tate_yukimi,1,,丈ゆきみ,103,
shitsurakuen_(paradise_lost),1,,失楽园,103,
ry-spirit,1,,ry-spirit,103,
hiyomon,1,,hiyomon,103,
ogs_(orgasm88),1,,ogs_(orgasm88),103,
hieumay,1,,hieumay,103,
badlavender,1,,badlavender,103,
ultracat,1,,ultracat,103,
smodzz998,1,,smodzz998,103,
harryych,1,,harryych,103,
qianzhu,1,,千烛,103,
hebbtia,1,,hebbtia,103,
kina_(446964),1,,kina_(446964),103,
missarilicious,1,,missarilicious,103,
shirotsuki_kouta,1,,もずく＠Ｋ,103,
nidou,1,,nidou,103,
dutchko,1,,dutchko,103,
anouetto,1,,anouetto,103,
panipo,1,,ぱにぽ,103,
juggermelon,1,,juggermelon,103,
hayashi_sakura,1,,早矢志,103,
epuko,1,,えぷ子,103,
sunimu,1,,sunimu,103,
k0re_drawings,1,,k0re_drawings,103,
saitou_teikoku,1,,齋藤,103,
ininiro_shimuro,1,,イニニロシムロ,103,
tasuketemama,1,,ぅぉ,103,
sono_nu,1,,その,103,
shumai_(sm318),1,,しゅうまい,103,
sin_(kami148),1,,しんちゃん,103,
byuey,1,,八月葉,103,
kame_0_0_kame,1,,カメ,103,
harukaze_koucha,1,,春風紅茶,103,
kiko_(okuwae),1,,きこ,103,
shirow_(crazy),1,,シロウ Site name: しろいえ,103,
taracod,1,,タラコッド,103,
imai_kusu,1,,くす,103,
microspace,1,,microspace,103,
kanjukutomato11,1,,kanjukutomato11,103,
shokkin,1,,しょっきん,103,
hoshi_kubi,1,,干し首,103,
instocklee,1,,克咪,103,
boken_fantasy,1,,尾上純季,103,
caffeccino,1,,caffeccino,102,
nekomatamago,1,,ねこまた,102,
postalworks,1,,postalworks,102,
malrangdonut,1,,말랑도넛,102,
hua_ren_nan,1,,画人难,102,
take_no_ko_(4919400),1,,たけのこ,102,
wasabishouyu,1,,わさびしょうゆ,102,
eidis_scarlet,1,,eidis_scarlet,102,
torikoboshi,1,,とりこぼし,102,
rienia,1,,リエ,102,
kurotobi_rarumu,1,,花御神楽,102,
variasii,1,,variasii,102,
amatsu_mito,1,,みと,102,
shrimp1634,1,,エビ,102,
p-gnesium,1,,にんげん,102,
chamsut0905,1,,참숮,102,
limebreaker,1,,limebreaker,102,
haku_(yanhaku),1,,白,102,
azukiko,1,,あずきこ,102,
doodly_sheery,1,,doodly_sheery,102,
huumoon,1,,フームーン,102,
araimelon,1,,araimelon,102,
kinoshita_jiroh,1,,kinoshita_jiroh,102,
nero_watch,1,,nero_watch,102,
163_(shiromeshi),1,,ひろみ,102,
zua_(2vziu),1,,zua_(2vziu),102,
harikona,1,,はりコナ,102,
matsuuni,1,,松うに,102,
hayamin35,1,,ロッテ,102,
tracyton,1,,KANA酱,102,
kotodekun,1,,kotodekun,102,
gumi_(the_eye_of_darkness),1,,ぐみ,102,
tsukimiya_sara,1,,月宮サラ,102,
minato_yu_(0514),1,,みなと,102,
graypillow,1,,graypillow,102,
bashikou,1,,バシコウ,102,
riretsuto,1,,リレット,102,
dinoyhs,1,,행스바,102,
sakura_aki,1,,sakura_aki,102,
kumahubuki,1,,あむかす,102,
tsukimizake,1,,月見酒,102,
yuemiao,1,,月渺,102,
reinforced,1,,김레인,102,
rankaku,1,,たまたま,102,
ramube,1,,ラムベ,102,
ks_aya_(gztm4838),1,,文希,102,
ni_re,1,,にれ,102,
murabana44,1,,紫バナナ,102,
mf_u_c,1,,うー,102,
ymr_yamero,1,,ymr_yamero,102,
ketsumoa,1,,けつもあ,102,
yuu_(pixiv3042074),1,,由宇,102,
wa_(wamizest7),1,,wa_(wamizest7),102,
darkgreyclouds,1,,灰色傘,102,
umiinu_(umi_inu11),1,,umiinu_(umi_inu11),102,
felicie_ff14,1,,ひげまっちょ,102,
papaia_(quentingqoo),1,,papaia_(quentingqoo),102,
naka1379,1,,ナカカズ,102,
kirin_tarou,1,,ディアッカの巣,102,
psylduck,1,,psylduck,102,
gupipy,1,,ぐっぴー,102,
5kawa8gi,1,,かわはぎ,102,
soramiruku,1,,南の海の瑠璃,102,
senzo6700,1,,Senzo菌,102,
kesa_pasa,1,,kesa_pasa,102,
ciderwrath,1,,ciderwrath,102,
namari_siro,1,,生里子郎,102,
stardust_(chen'ai_weiding),1,,Stardust尘埃未定,102,
grayfox,1,,grayfox,102,
nano_popo02,1,,なのぽぽ,102,
lizchief,1,,lizchief,102,
cyberseaurchin,1,,透明海胆,102,
nzz,1,,n子王,102,
mua_(mua_pb),1,,ムア,102,
hobio,1,,ほびお,102,
gumakara,1,,ぐまから,102,
nyashira,1,,nyashira,102,
semimaru_(semimaru27),1,,蝉丸,102,
yukishiba_yanagi,1,,雪芝柳,102,
mairudo_(mildcoffee1117),1,,まいるど,102,
fami_miminmin,1,,ふぁみ,102,
taka.yana,1,,taka.yana,102,
pita_goral,1,,もちぴた,102,
aayoii_00,1,,aayoii_00,102,
aratakosu_(tako's),1,,あらたこす,102,
ushiko_xiansheng,1,,Ushiko先生,102,
sakura_yoru,1,,咲•羅,102,
oxooxo666,1,,oxooxo666,102,
ergouzi_echo,1,,二狗,102,
ikki_(tue_sein_bestes),1,,イッキ,102,
dobu_jelly,1,,dobu_jelly,102,
mr2d,1,,mr2d,102,
kong_tiao_bo_zi,1,,空条卜子,102,
zea_lark,1,,ゼア・ラーク,102,
syu45,1,,syu45,102,
nanami_yuki_(yuki77mi),1,,ななみ雪,102,
aoha_(twintail),1,,aoha_(twintail),102,
ichitata,1,,一夕,102,
momip,1,,momip,102,
kagefumi,1,,kagefumi,102,
izumi_shara,1,,いずみ沙羅,102,
darklux,1,,darklux,102,
lumium,1,,lumium,102,
nekogou,1,,ねこ号,102,
apple_brk,1,,apple_brk,102,
sasarai_sawa,1,,ライ,102,
west_24,1,,うぇすと,102,
ilie_ilie,1,,らい,102,
wai1010,1,,wai1010,102,
yakochu,1,,夜光虫,102,
windy_(jazz9207),1,,windy_(jazz9207),102,
puffphox,1,,puffphox,102,
akantai,1,,亜寒帯,102,
cibamatoxins,1,,しばのこ,102,
paingumi,1,,パイングミ,102,
harmaline,1,,ハルマラ,102,
lili_buxiang_dong,1,,狸狸不想动,102,
pic_koiwai,1,,小岩井,102,
maru_(memoriatechnica),1,,マル,102,
faker_ktd,1,,カタヤマユウジン,102,
takayama_mizuki,1,,シトロネット,102,
pharmarr,1,,pharmarr,102,
kakitsubata_zero,1,,kakitsubata_zero,102,
maruco,1,,マルコ,102,
gamukami,1,,がむかみ,102,
auru_t,1,,あーる・茶,102,
mizuki_mau,1,,つづり,102,
mimi_mine,1,,mimi_mine,102,
kurage_(huwahuwaru_n),1,,くらげ,102,
ssrbonknow,1,,煩,102,
bit_(keikou_syrup),1,,びっと,102,
mayohi_neko,1,,迷ひ猫,102,
yadokari_(migihashi),1,,やどかり,102,
ermu_(enmmm),1,,二木,102,
dayuh,1,,dayuh,102,
voiderino,1,,voiderino,102,
marutsubo,1,,円坩,102,
yuon_6262,1,,yuon_6262,102,
maku_(l-u),1,,まくらの,102,
asarime,1,,asarime,102,
azuma_(no488888),1,,あずま,102,
tobitori,1,,トビトリ,102,
suitshark,1,,suitshark,102,
ogenwn7,1,,ogenwn7,102,
sskai,1,,sskai,102,
kinomoto_(nazonoinu),1,,きのもと,102,
aegis_zan,1,,aegis_zan,102,
domado,1,,domado,102,
borokuro,1,,ボロクロ,102,
noblood_(ryandomonica),1,,noblood_(ryandomonica),102,
tutai,1,,TUTAI图太^^,102,
a_mezashi,1,,只野めざし,102,
takemasa,1,,武将武,102,
applemint,1,,applemint,102,
@shun,1,,@shun,102,
bibiri_(r42r98r),1,,ビビり,102,
palulap,1,,ぱーさん,102,
nishina_hima,1,,にしな,102,
softp3ach,1,,softp3ach,102,
yuzuki_v,1,,悠月,102,
shougayaki_(kabayaki_3),1,,しょうが焼き,102,
kitin,1,,キチン,102,
uukkaa,1,,uukkaa,102,
aduare,1,,微明,102,
dd_mayohara,1,,ウニマヨ厨房,102,
mirin_pengin,1,,みりん,102,
fujishiro_kokoa,1,,七瀬ここあ,102,
sasasasa,1,,おふ,102,
makura_wet,1,,makura_wet,102,
amco,1,,シオ,102,
kazabana_fuuka,1,,風花風花,102,
kiske,1,,kiske,102,
shiratama_(monster1553),1,,白玉,102,
tsuboi_hajime,1,,坪井,102,
section_(prrx8584),1,,非川,102,
wantsupanchi!!,1,,しゃどーパンチ,102,
nordic_niku,1,,のるど,102,
usyuuri,1,,白ぅ～凪ぃ,102,
mintol_(qool+),1,,いつかの場所,102,
kaname_(melaninusa09),1,,かなめ。,102,
rinku_bny,1,,rinku_bny,102,
arashi_(boom_sate225),1,,アラシ,102,
mig_(36th_underground),1,,mig_(36th_underground),102,
nito_(siccarol),1,,ニト,102,
kaminose,1,,かみのせ,102,
ponita,1,,ぽにた,102,
hosomitimiti,1,,逕,102,
el_joey,1,,el_joey,102,
dai-erie,1,,大エリエ,102,
katsura_ken'ichirou,1,,桂憲一郎,102,
inhabituels_estudios,1,,inhabituels_estudios,102,
uira_akuru,1,,ういらあくる,102,
junjunforever,1,,ざしきわらし,102,
mandaring,1,,やまたちばな,102,
sando_(dukedevil),1,,sando_(dukedevil),102,
lingxia,1,,YC不疯魔不成活,102,
scripco,1,,scripco,102,
zeshgolden,1,,zeshgolden,102,
kahiika,1,,かひいか,102,
kayu,1,,かゆ,102,
love_morocc,1,,吉田は健康だよ,102,
bzs_(kage_no_shinobu),1,,影の忍,102,
sukekiyo56,1,,スケキヨ,102,
akaneyu_akiiro,1,,茜湯,102,
hanamuke,1,,はなむけ,102,
aka_kitsune,1,,朱きつね,102,
dokiyuri,1,,どきゆり,102,
fuyuno_mikan,1,,冬野みかん,102,
nettian51,1,,ねっちー,102,
watari1118,1,,渡里,102,
sellel,1,,sellel,102,
buun_ko,1,,ぶんこ,102,
decoy00xx,1,,decoy00xx,102,
yoruneko_(liampadolina),1,,夜猫,102,
rewolf,1,,레울프,102,
tr_(hareru),1,,tr_(hareru),102,
kgr,1,,きれげにゃっぽん,102,
shiroie_mika,1,,白家ミカ,102,
temir,1,,temir,102,
yukizumi_remon,1,,ウラジロ,102,
suzushiro_nazuna,1,,蘿蔔なずな,102,
moyashi_toufu,1,,もやし豆腐,102,
tisanntisyou,1,,tisanntisyou,102,
kaneoya_sachiko,1,,カネオヤサチコ,102,
mutii,1,,mutii,102,
midorihana_yasaiko,1,,ブロッコリー子,102,
nose_poke000,1,,のせ,102,
omuraisu_echizen,1,,オムライス越前,102,
hullabaloo,1,,壁壁壁,102,
panimiiru,1,,ぱに魅,102,
tosh_(imonade_ryouchou),1,,イモネイド寮長,102,
zhanzheng_zi,1,,战争d,102,
nemui_(nemui),1,,ネムイ,102,
taicho128,1,,たいちょ,102,
pinjirooo,1,,ぴんじろぅ,102,
gdat,1,,gdat,102,
tom_(1art.),1,,トム,102,
karin.,1,,かりん,102,
yonekura_(bakuzen),1,,米蔵,102,
sakahana,1,,さか,102,
urup_zzz,1,,うるっぷ,102,
denisefanta,1,,denisefanta,102,
900p,1,,900p,102,
kazuya_(kozun),1,,カズヤ,101,
illusion_moon,1,,백한,101,
inomata_mutsumi,1,,いのまたむつみ,101,
catnip_scent,1,,캣닢향,101,
akaino_(akaomi),1,,赤いの,101,
afureru_colors,1,,afureru_colors,101,
kitaura_kasumi,1,,キタウラカスミ,101,
ocean_(oveanman),1,,ocean_(oveanman),101,
oni_tengu,1,,鬼天狗,101,
eien_001,1,,eien_001,101,
kuromine_hiraya,1,,湯あたり,101,
hashimoto_kokai,1,,橋本洸介,101,
kiguchi_hikaru,1,,木口光,101,
igwjgsarifbfo9u,1,,なたまめ,101,
umie_(iowae),1,,umie_(iowae),101,
tm_(gf-tm),1,,女児にマイクロビキニ着せたい委員会,101,
kumagai_yuka,1,,熊谷ユカ,101,
uixy,1,,ういくし(uixy,101,
neon_(co2co8),1,,neonちゃん,101,
renkkai,1,,renkkai,101,
aoyama_goushou,1,,青山剛昌,101,
amano_toshi,1,,天野toshi,101,
koopo,1,,コーポ管理人,101,
molymes,1,,陌路,101,
amenosaka_nono,1,,すもものかぜ,101,
lafxia,1,,lafxia,101,
goshi-san,1,,ごし‏,101,
tizibade,1,,屉子巴德,101,
irigoma_(jikabi_baisen),1,,直火焙煎いりごま,101,
tsuruba_(tsu41014812),1,,つるば,101,
arami_o_8,1,,らっか,101,
kunkka,1,,kunkka,101,
neko_gokoro,1,,neko_gokoro,101,
gurepyon,1,,gurepyon,101,
umi_ha_kirai,1,,迫害を受けています,101,
dadadadadaist,1,,ユウ,101,
zqzbq,1,,かおる,101,
shin01571,1,,しのいち,101,
ponyou1030,1,,ぽんよう,101,
setouchi_(blackse),1,,瀬戸内,101,
baejimile,1,,클튜로그인보너스,101,
ramnik5,1,,ramnik5,101,
hayuk0,1,,hayuk0,101,
kurenaidahlia,1,,kurenaidahlia,101,
gy_beth,1,,gy_beth,101,
rikka_natsu_27,1,,立夏,101,
marikyuun,1,,marikyuun,101,
nenbutsu_0416,1,,ろくばしん,101,
jqhnharqld,1,,jqhnharqld,101,
chihiro_ayaka,1,,ちひろ綺華,101,
rinmel9,1,,リン,101,
abiko_zyozi,1,,あのびのこのひと,101,
holypotato0,1,,신성감자,101,
poppowerhearts,1,,進撃のぽぽはーと,101,
kura_(xxcracy),1,,倉,101,
kkamiiz,1,,kkamiiz,101,
yuuren_kyouko,1,,莠憐嘵子,101,
gleam_lin_shi,1,,Gleam霖时,101,
yuutomeh,1,,yuutomeh,101,
zancrowkami,1,,zancrowkami,101,
idamaria,1,,idamaria,101,
saltnvalk,1,,saltnvalk,101,
odd_onion,1,,odd_onion,101,
toma_(norishio),1,,とま,101,
natukuzira,1,,なつくじら,101,
shirase_rin,1,,宮本桜梓,101,
kio_(majin_kz),1,,kio_(majin_kz),101,
yurisuki00,1,,ユキ,101,
ttsyrene,1,,ttsyrene,101,
cocokana,1,,ココカナ,101,
helldeer,1,,helldeer,101,
kiru_(bsesso),1,,キル,101,
sunnypoppy,1,,sunnypoppy,101,
kuroiitulip,1,,kuroiitulip,101,
pakotaroh,1,,ハコ太郎,101,
sabatuki,1,,鯖月,101,
r_aeel,1,,r_aeel,101,
purasu_no_konbu,1,,こんぶりお,101,
jia_redian_ruzi_ruzi,1,,加热电褥子Ruzi,101,
nokemono-san_(bocchi_friend),1,,のけさん,101,
45acp,1,,warp商会,101,
jeifier_(korfiorano01),1,,jeifier_(korfiorano01),101,
673_q,1,,673_q,101,
i_love_serval,1,,サーバル大好き,101,
arthur_c,1,,arthur_c,101,
kaien_advance,1,,ポイポイ雲地勲,101,
mclelun,1,,mclelun,101,
beautifulinsnow,1,,beautifulinsnow,101,
nabe-box,1,,鍋,101,
ayame_(no_ohana),1,,アヤメ,101,
nekobao,1,,天然猫,101,
miyo_(13th_floor),1,,miyo_(13th_floor),101,
9aki,1,,あき,101,
flee_ad,1,,紋次狼,101,
betti_(maron),1,,べってぃ,101,
liangban_xiexu,1,,凉拌叶须,101,
ayami_chiha,1,,綾見ちは,101,
nok_(nok_1),1,,녹(원피스보는중,101,
shaian,1,,しゃいあん,101,
kajiwara_3,1,,カジ,101,
metalhanzo,1,,metalhanzo,101,
tanakatanaka12,1,,山田リむる,101,
th3cr0ma,1,,th3cr0ma,101,
bomssp,1,,はん,101,
darkmuleth,1,,darkmuleth,101,
kiiro_(cocoa080),1,,きいろ,101,
ken_(kensaen),1,,けん,101,
xing_20,1,,不动悬星,101,
moonlit,1,,moonlit,101,
sznkrs,1,,sznkrs,101,
riko_(sorube),1,,利行,101,
mossan351,1,,もつ,101,
rei931218,1,,rei931218,101,
amuii,1,,amuii,101,
soji_777,1,,おじぎ,101,
ishino_satoshi,1,,teamいもずか,101,
imada_hidehito,1,,今田,101,
kamekichi_(kamekiti),1,,かめ吉,101,
norakuro_nero,1,,野良黑ネロ,101,
okome2028,1,,okome2028,101,
nypaon,1,,nypaon,101,
neoki_ohae,1,,neoki_ohae,101,
xp0p0p0x,1,,포포포,101,
kuroha_ai,1,,くろはai,101,
murairamuraiari,1,,村井村,101,
tog_(shoten),1,,tog（書店,101,
lingcod_dayu,1,,lingcod_dayu,101,
tarako,1,,魚雪子,101,
suppa_(hagakuresuppa),1,,すっぱ,101,
boyin,1,,boyin,101,
alien_adviser,1,,alien_adviser,101,
lazuri7,1,,りりむ,101,
demongem,1,,demongem,101,
xxxxay,1,,あり,101,
crowdance,1,,からすまい,101,
tendenbarabara,1,,てんでんばらばら,101,
rakuma_kanori,1,,楽間,101,
ria_art,1,,ria_art,101,
lemoontya,1,,れもん茶,101,
nigi_(ngmnoym),1,,nigi_(ngmnoym),101,
birkai,1,,林凱,101,
shirayuki_(snow_link),1,,叶絵ナギ,101,
shikiri,1,,shikiri,101,
4the2ofus,1,,4the2ofus,101,
omen_hohoho,1,,M.ぢぬまろう,101,
koga_makoto,1,,古賀誠,101,
takenaka_(takenaka1111),1,,takenaka_(takenaka1111),101,
temoc,1,,temoc,101,
mare_ma,1,,まれ,101,
kanzaki_karuna,1,,神崎かるな,101,
kuroja,1,,kuroja,101,
king-of-limbo,1,,king-of-limbo,101,
shigurefusawa,1,,当雨作金泽,101,
marutenmaruten,1,,marutenmaruten,101,
ushi_(akabec0),1,,うし,101,
cinnamyon,1,,cinnamyon,101,
amaki_ruto,1,,あまき,101,
rikoping2000,1,,りこぴん2000,101,
kiki0319i,1,,kiki0319i,101,
nepnepping,1,,nepnepping,101,
generic_33,1,,generic_33,101,
renata11033,1,,renata11033,101,
otochichi,1,,音乳,101,
ai_kusunoki,1,,うかの,101,
akai_kagerou,1,,あかいかげろう,101,
nairobi_song,1,,绚丽的奈落,101,
luori_dianxin,1,,日落点心贩卖机,101,
madara_hio,1,,真田晶,101,
mitsutsuka,1,,三束,101,
ishihara_saika,1,,石原,101,
yue_teitoku,1,,ゆえ,101,
yuyu_(yuyurhythm),1,,ゆゆ,101,
ronisuke,1,,ろにすけ,101,
junekun,1,,あおきな,101,
miryoryo9,1,,miryoryo9,101,
geroika,1,,風巻いか,101,
hissaa_(starlight_express),1,,ひっさー,101,
arutopian,1,,あるとぴあん,101,
torinomaruyaki,1,,アキラさん,101,
shirakaba,1,,樺しろみ,101,
utanone_shion,1,,しおん,101,
yunare,1,,ゆなれ,101,
hirosuke_(psychexx),1,,ひろすけ,101,
rasneko,1,,らすねこ,101,
mil_k_vanilla,1,,ミル,101,
tori_(driftwood),1,,トリ◯,101,
harapeko,1,,はらぺこ,101,
kusui_aruta,1,,久水あるた,101,
soyoking,1,,そよきんぐ,101,
onizuka_takuto,1,,鬼塚たくと,101,
doong_24,1,,둥식,101,
ichino,1,,いちの,101,
yyy246,1,,yyy246,101,
ukke,1,,うっけ,101,
yayin_(yayin233),1,,亜音,101,
ponke,1,,ポンケ,101,
tochinoco,1,,とちのこ,101,
eri_(yangyang_nickbow),1,,エリ,101,
sstoh,1,,よん,101,
tamifull,1,,たみふる,101,
6q_(rokuku),1,,そこのあわび,101,
kunieda,1,,九二枝,101,
aoi_(aoi306),1,,あおい,101,
cocax_x,1,,コカ,101,
ka11_ca,1,,ka11_ca,101,
tokunaki_nozomu,1,,トクナキノゾム,101,
nekonekosan_(kemushima3),1,,にわねこさん,101,
honmakaina_kudou,1,,ホンマカイナ工藤,101,
najashi,1,,najashi,101,
yukaran_nosuke,1,,ゆからんのすけ,101,
15k,1,,15k,101,
asashin_(kazami-tomo),1,,浅真,101,
yasuno_(airy_light),1,,やすの,101,
takitsume_shino,1,,しのりおん,101,
isobee,1,,ゐそべぇ,101,
sora_shitatoge,1,,空下峠,101,
nadia_kim,1,,nadia_kim,101,
buran_(22x),1,,buran_(22x),101,
tarakoutibiru,1,,ぶれ太郎,101,
furumoto,1,,古本,101,
amrita_(amber78gou),1,,あむりた,101,
xxxx_saki,1,,xxxx_saki,101,
shatiko,1,,shatiko,101,
sangria_(sangria69),1,,sangria_(sangria69),101,
hatsuga_tatsuho,1,,はつが,101,
tokunaga_(umemoto),1,,とくなが,101,
kosumo,1,,こすも,101,
mujiha,1,,ムジハ,101,
nashigaya_koyomi,1,,梨ヶ谷,101,
maru_takeo,1,,丸,101,
sty_(stylishtrash),1,,すた,101,
pengin_guriko,1,,辺銀グリコ,101,
tenyo0819,1,,天由,101,
mirano,1,,mirano,101,
selvish94,1,,selvish94,101,
hayami_yoichi,1,,はやみよいち,101,
drcockula,1,,drcockula,101,
zin_(mame_denkyu),1,,zin_(mame_denkyu),101,
lilylily0601,1,,lilylily0601,101,
jishaku_(user_rcuz2843),1,,じしゃく,101,
suryua,1,,あしみ酒,101,
kakutasu_(akihiron_cactus),1,,草原神官兵,101,
iyutani,1,,いゆ,101,
sugiki,1,,sugiki,101,
jiangyueegoshi,1,,无栖,101,
1202_koge,1,,あの辺,101,
sakura_(lilak_a),1,,樱,101,
kumichou_(ef65-1118-ef81-95),1,,組長,101,
takuteks,1,,ランダムパーツ,101,
