tag,category,aliases,zh,count,notes
original,3,original_art|original_character|originalart|originalcharacter|originaldesign|原创人设|原创插画|原画|看板息子|自创|自家孩子,原创,1563278,画师自创的角色或作品，不属于任何已有的版权作品
touhou,3,Touhou Project|toho|touhou_project|touhouproject|东方|东方紧缚画,东方Project,1088705,ZUN制作的弹幕射击游戏系列，以少女角色与符卡弹幕为特色
kantai_collection,3,kancolle|kankore|kantaicollection|舰娘|舰队收藏,舰队Collection,542507,C2机关开发、DMM发行的舰娘题材网页游戏
blue_archive,3,bluearchive|碧蓝档案|蔚蓝档案,蔚蓝档案,445669,Nexon Games开发的韩国手机抽卡角色扮演游戏，舞台是学园都市基沃托斯
fate_(series),3,Fate|fate|フェイト,Fate系列,405835,Type-Moon的多媒体企划，历史与神话人物作为从者参加圣杯战争
pokemon,3,pokemon_fanart|pokemonart|pokemonfanart|pokemonnsfw|pokesona|口袋妖怪|宝可梦图鉴|神奇宝贝|精灵宝可梦,宝可梦,405539,田尻智等开发、任天堂发行的多媒体企划，核心为宝可梦系列游戏与动画
hololive,3,Hololive|hololewd|ホロライブ,hololive,325133,Cover旗下的女性虚拟主播事务所，拥有多期生与海外分部
genshin_impact,3,genshin|genshinfanart|genshinimpact|genshinimpactfanart|genshintwt|原尻|原神同人,原神,310762,米哈游2020年推出的开放世界动作角色扮演游戏，舞台是提瓦特大陆
fate/grand_order,3,FGO|Fate/Grand Order|fate/go|fate/grandorder|fatego|fategrandorder|fgo|命运/冠位指定|命运冠位指定,命运-冠位指定,303900,Type-Moon的《Fate》系列手机抽卡RPG，玩家作为御主召唤从者
idolmaster,3,idol_master|the_idolmaster|アイドルマスター|爱马仕,偶像大师,284587,万代南梦宫的偶像养成游戏系列，2005年从街机起步
umamusume,3,uma|uma_musume|umamusumeprettyderby|优骏少女|闪耀!优俊少女|闪耀优俊少女|闪耀！优俊少女|马娘,赛马娘,228826,Cygames的手机游戏，将日本名马拟人化为赛马娘，并有动画等衍生作品
arknights,3,arknightsen|arknightsfanart|mingri_fangzhou|明日方舟乙女向|明日方舟同人|明日方舟画师周榜|明日方舟绘画,明日方舟,225737,鹰角网络的塔防手机游戏，以源石与感染者纷争的世界为舞台
vocaloid,3,vocaloid_2|vocaloid_3|亜种|博歌乐|术力口,VOCALOID,207032,雅马哈的歌声合成软件，也指围绕其声库角色形成的创作文化
honkai_(series),3,honkai|崩坏系列|崩壊|逆熵,崩坏,186731,米哈游开发的手机游戏系列，共享崩坏世界观
azur_lane,3,azurlane|bilan_hangxian,碧蓝航线,156332,国产舰船拟人手游，由蛮啾与勇仕开发、悠星发行
idolmaster_cinderella_girls,3,cinderella_girls|デレマス|灰姑娘女孩,偶像大师 灰姑娘女孩,136119,偶像大师的手机社交游戏分支，以灰姑娘企划偶像为主
honkai:_star_rail,3,honkai_starrail|honkaistarrail|starrail|崩坏:星穹铁道|崩坏星穹铁道|星穹铁道|星铁,崩坏：星穹铁道,132341,米哈游的回合制角色扮演游戏，2023年上线，崩坏系列衍生作
love_live!,3,LoveLive|lovelive|lovelivefest|ラブライブ,Love Live!,128197,Bushiroad与Sunrise合作的跨媒体企划，讲述少女们以学园偶像身份参赛
fire_emblem,3,fireemblem|圣火降魔录|火焰之纹章|火焰纹章,火焰之纹章,124416,Intelligent Systems开发、任天堂发行的奇幻战棋RPG系列
hololive_english,3,Hololive EN|holocouncil|holoen|hololiveen|hololiveenglish|hololivemyth,Hololive English,112964,hololive的英语分部，2020年成立，含Myth等组合
zenless_zone_zero,3,zenlesszonezero|zenlesszonezerofanart|zenzero|zzz_(game)|zzzenless|zzzero|zzzeroillustration,绝区零,109918,米哈游的动作角色扮演游戏，2024年发行，舞台为新艾利都
final_fantasy,3,FF|太空战士,最终幻想,107515,史克威尔艾尼克斯的角色扮演游戏系列，1987年首作问世
nijisanji,3,NIJISANJI|nijiart|nijihub|nijilewd|にじさんじ|二次三次,彩虹社,90339,ANYCOLOR运营的虚拟主播事务所，2018年开始活动，旗下分多个期生与海外分部
indie_virtual_youtuber,3,个人势|完全个人势|独立虚拟主播,个人势虚拟主播,86430,不隶属于企业或团体的独立虚拟主播
mahou_shoujo_madoka_magica,3,madoka_magica|madokamagica|puella_magi_madoka_magica|puellamagimadokamagica|魔圆|魔法少女小圆脸,魔法少女小圆,83970,以少女与丘比签约成为魔法少女为核心的魔法少女多媒体企划
girls'_frontline,3,dollsfrontline|gfl|girls'frontline|girls_frontline|girlsfrontline|少前|少女战线|少女戦线|戦术人形,少女前线,79383,MICA Team 开发的枪械拟人化手游，角色称为战术人形
girls_und_panzer,3,girlsundpanzer|少女战车,少女与战车,73352,以战车道竞技为主题的动画，描绘大洗女子学园的坦克对战，2012年播出
gundam,3,一年戦争|宇宙世纪|宇宙戦国时代|敢达|机动战士高达|钢弹|高達,高达,70535,富野由悠季与日升1979年开创的机器人动画多媒体企划，含众多系列
danganronpa_(series),3,dangan-ronpa|dangan_ronpa|danganronpa|danganronpafanart|ダンガンロンパ|枪弹辩驳,弹丸论破,68440,Spike Chunsoft 的推理冒险游戏系列，以自相残杀与学级裁判为核心
precure,3,pretty_cure|プリキュア|霹雳Q娃,光之美少女,68358,东映动画制作的魔法少女系列，少女变身传说战士守护地球
mahou_shoujo_madoka_magica_(anime),3,madokamagica|魔法少女小圆脸,魔法少女小圆（动画）,59898,2011年冬播出的电视动画，SHAFT制作、虚渊玄编剧，系列首作
kemono_friends,3,kemonofriends|けものフレンズ|动物朋友,兽娘动物园,58235,以虚构的加帕里公园为舞台的多媒体企划，动物被砂之星拟人化为兽娘
bang_dream!,3,Bang Dream|bandori|bang_dream|bangdream|bangdream!|邦多利,BanG Dream!,55423,武士道的多媒体企划，以女子乐队为主题，含手游与动画
jojo_no_kimyou_na_bouken,3,jojo|jojo's_bizarre_adventure|ジョジョの奇妙な冒険|乔乔的奇妙冒险,JOJO的奇妙冒险,54664,荒木飞吕彦的漫画，1987年起连载，由David Production动画化
wuthering_waves,3,wutheringwaves,鸣潮,54592,库洛游戏开发的开放世界动作RPG，2024年发行
one_piece,3,onepiece|onepieceredraw|海贼王|航海王,航海王,54440,尾田荣一郎的海贼冒险漫画，1997年开始连载，为史上销量最高的漫画
honkai_impact_3rd,3,honkai_impact3|honkaiimpact3|honkaiimpact3rd|崩坏3rd|崩坏三,崩坏3,53378,米哈游的3D动作手机游戏，崩坏学园的平行世界故事
granblue_fantasy,3,GBF|granbluefantasy|グラブル,碧蓝幻想,52924,Cygames的手机回合制角色扮演游戏，2014年起运营并推出动画等衍生作
persona,3,Persona|ペルソナ,女神异闻录,48459,Atlus开发的角色扮演游戏系列，为女神转生的衍生分支，以人格面具为特色
project_moon,3,projectmoon|projmoon|月亮计划,Project Moon,47681,韩国游戏公司，以《脑叶公司》为首创作同一世界观的多部作品
goddess_of_victory:_nikke,3,NIKKE|nikke|nikkefanart|nikkefanartcontest|project:nikke|project_nikke|thisisnikke|妮姬|胜利女神新的希望,胜利女神：妮姬,46349,韩国 Shift Up 开发、腾讯发行的第三人称射击手游，2022年上线
idolmaster_shiny_colors,3,imas_shine|shiny_colors|shinymas|シャニマス|偶像大师闪耀色彩|闪耀色彩,偶像大师 闪耀色彩,45712,以283 Production偶像为主的偶像大师网页游戏
chainsaw_man,3,chainsawman|chainsawmanfanart|链锯人,电锯人,45333,藤本树的漫画，2019年起连载，2022年由MAPPA改编为动画
idolmaster_(classic),3,アイドルマスター|爱马仕,偶像大师 经典,44262,以765 Production偶像为中心的原版偶像大师作品群
boku_no_hero_academia,3,bokunoheroacademia|my_hero_academia|myheroacademia|我英|英雄学院,我的英雄学院,43919,堀越耕平的英雄战斗漫画，2014至2024年在少年Jump连载
fate/stay_night,3,fate/staynight|fate_stay_night|fatestaynight|命运守护夜,Fate/stay night,43814,Type-Moon 2004年推出的18禁视觉小说，Fate系列首作
yu-gi-oh!,3,Yu-Gi-Oh!|yu-gi-oh|yu-gi-ou|yu-gi-ou!|yugioh|yugioh!|yuu-gi-ou|yuugioh|游☆戯☆王|游戯王|现代游戯王|遊☆戯☆王,游戏王,43797,高桥和希创作的漫画及多媒体企划，核心为决斗怪兽卡牌游戏
final_fantasy_vii,3,FF7|ff7|ffvii|final_fantasy_7|finalfantasy7|finalfantasyvii|最终幻想VII,最终幻想7,40946,《最终幻想》系列第七作，1997年在PS发售，系列首部3D作品
bang_dream!_it's_mygo!!!!!,3,BanG Dream! It's MyGO!!!!!|MyGO|bang|bang_dream!_ave_mujica|bang_dream!_ave_mujica_the_die_is_cast|dream!|mygo|mygo!!!!!|迷子|迷途之子!!!!!,MyGO!!!!!,39311,《BanG Dream!》系列动画，2023年播出，描写乐队MyGO的结成
love_live!_school_idol_project,3,学园偶像计划,Love Live! 学园偶像计划,38924,《Love Live!》系列首作，讲述音乃木坂学院九名少女组成μ's的故事
the_legend_of_zelda,3,legend_of_zelda|legendofzelda|thelegendofzelda|zelda_no_densetsu|ゼルダの伝説|萨尔达传说,塞尔达传说,38214,任天堂的奇幻动作冒险游戏系列，由宫本茂创作
love_live!_hasu_no_sora_jogakuin_school_idol_club,3,link!_like!_love_live!|love_live!_hasunosora_jogakuin_school_idol_club,Love Live! 莲之空女学院学园偶像俱乐部,36651,《Love Live!》系列第五作，2023年以手机应用与虚拟主播企划展开
neon_genesis_evangelion,3,EVA|eva|evangelion|neongenesisevangelion|nge|shin_seiki_evangelion|天鹰战士,新世纪福音战士,35638,庵野秀明执导的机甲动画，1995年播出，描写少年少女驾驶EVA对抗使徒
limbus_company,3,Limbus Company|limbus-company|limbus_comapany|limbus_comapny|limbuscomapany|limbuscomapny|limbuscompany|边狱巴士,边狱公司,35390,韩国Project Moon的扭蛋游戏，主角为失去记忆的但丁，为公司第三作
league_of_legends,3,LOL|artoflegends|leagueoflegends,英雄联盟,35034,Riot Games开发的美国MOBA游戏，以众多英雄与皮肤世界观著称
fire_emblem_heroes,3,FEH|feheroes|fireemblemheroes|火焰纹章英雄,火焰之纹章 英雄,34694,任天堂发行的《火焰之纹章》系列战棋抽卡手游，2017年上线
pokemon_sword_and_shield,3,pokemon_shield|pokemon_sword|pokemon_swsh,宝可梦 剑／盾,34538,第八世代宝可梦游戏，2019年发售，舞台为以英国为原型的伽勒尔地区
final_fantasy_xiv,3,FF14|ff14|ffxiv|finalfantasy14|最终幻想XIV,最终幻想14,34496,《最终幻想》系列第二款MMORPG，后以《重生之境》重启
street_fighter,3,streetfighter|快打旋风|街霸,街头霸王,33790,Capcom 的竞技格斗游戏系列，以双人对战与必杀技系统为特色
splatoon_(series),3,splatfest|splatoon|splatoonfanart|splatsona|喷射战士,斯普拉遁,33485,任天堂的第三人称射击游戏系列，以鱿鱼人角色的涂地对战为特色
idolmaster_million_live!,3,idolmaster_million_live|million_live|ミリシタ|偶像大师百万现场|百万现场,偶像大师 百万现场!,33014,偶像大师的手机社交游戏分支，2013年起运营
pokemon_scarlet_and_violet,3,pokemon_scarlet|pokemon_sv|pokemon_violet,宝可梦 朱／紫,32486,第九世代宝可梦游戏，2022年发售，舞台为以西班牙为原型的帕底亚地区
ragnarok_online,3,RO|ragnarok|ro,仙境传说,32176,重力社2002年推出的韩国MMORPG，改编自李命进同名漫画
fire_emblem:_three_houses,3,fire_emblem:_fuukasetsugetsu|fireemblemthreehouses|火焰纹章 风花雪月|火焰纹章风花雪月|风花雪月,火焰之纹章 风花雪月,31661,《火焰之纹章》系列第16作，2019年登陆Nintendo Switch
bocchi_the_rock!,3,bocchitherock|ぼっち・ざ・ろっく!|孤独摇滚!,孤独摇滚!,31531,はまじあき的四格漫画，2022年由CloverWorks改编为动画
mario_(series),3,mario|mario_bros|mariobros|supermariobros|超级玛丽|超级玛丽（系列）|超级马里奥|超级马里奥（系列）|马里奥|马里奥（系列）,马力欧,30995,任天堂以马力欧为主角的游戏系列，含多部衍生作品
dragon_ball,3,dragonball|dragonballfanart|七龙珠,龙珠,30120,鸟山明创作的漫画与多媒体系列，围绕七颗龙珠的冒险
project_sekai,3,Project SEKAI|pjsekai|projectsekai|世界计划|啤酒烧烤,世界计划 缤纷舞台,29639,SEGA与Colorful Palette的移动端节奏游戏，收录Vocaloid曲目
xenoblade_chronicles_(series),3,xenoblade|xenoblade_(series)|异度之刃,异度神剑,29262,Monolith Soft开发的日式RPG系列，首作2010年登陆Wii
marvel,3,Marvel|marvel_cinematic_universe|marvelcomics|漫威电影宇宙,漫威,28510,1939年创立的美国漫画公司，出版蜘蛛侠等超级英雄作品
utau,3,utauloid,UTAU,28365,免费的歌声合成软件，允许用户用自己的声音制作音源库
toaru_majutsu_no_index,3,a_certain_magical_index|to_aru_majutsu_no_index|とある魔術の禁書目録|魔禁,魔法禁书目录,27781,镰池和马创作、灰村清孝插画的轻小说系列，舞台是学园都市
princess_connect!,3,priconne|princess_connect!_re:dive|princessconnectredive|プリコネ|公主连接|公主连结Re:Dive|超异域公主连结,公主连结,27632,Cygames的动画RPG手游，以公会与少女们的冒险为题材
k-on!,3,K-ON!|k-on|k-on!!|keion|keion!|kon!|けいおん!,轻音少女,27415,かきふらい的四格漫画，京都动画改编为两季动画
pokemon_(anime),3,anipoke|神奇宝贝|精灵宝可梦,宝可梦（动画）,27314,宝可梦系列的电视动画，改编自游戏，围绕小智等人的旅途展开
sousou_no_frieren,3,Frieren|frieren|frieren:_beyond_journey's_end|frierenbeyondjourneysend|sousounofrieren|芙莉莲,葬送的芙莉莲,26787,山田钟人原作、阿部司作画的漫画，讲述魔法使芙莉莲的旅程
danganronpa_2:_goodbye_despair,3,dangan-ronpa_2|dangan_ronpa_2|danganronpa2|danganronpa_2|super_dangan-ronpa_2|super_dangan_ronpa_2|super_danganronpa_2|弹丸论破2|弹丸论破2 再见了绝望学园|枪弹辩驳2|超弾丸论破2【腐】|超级弹丸论破2 再见了绝望学园,超级弹丸论破2 再见了绝望学园,26762,《弹丸论破》系列第二作，2012年发行，舞台为贾巴沃克岛
gakuen_idolmaster,3,gakumas|学マス,学园偶像大师,26470,《偶像大师》系列的偶像养成手游，2024年上线，由 QualiArts 开发
naruto_(series),3,NARUTO|naruto|火影|火影忍者（系列）,火影忍者（系列）,26363,岸本齐史创作的忍者题材漫画与动画系列
world_witches_series,3,w_witch|ワールドウィッチーズ|世界魔女系列,世界魔女,25733,岛田文金创作的跨媒体企划，以架空二战与魔女飞行员为题材
lyrical_nanoha,3,リリカルなのは,魔法少女奈叶,25718,以《Triangle Heart》为起点的动画与漫画系列，讲述奈叶的魔法战斗
suzumiya_haruhi_no_yuuutsu,3,suzumiya_haruhi_no_yuutsu|the_melancholy_of_haruhi_suzumiya|凉宫春日|涼宮ハルヒの憂鬱,凉宫春日的忧郁,25510,谷川流创作、伊东杂音插画的轻小说，京都动画改编为2006年动画与剧场版
danganronpa_v3:_killing_harmony,3,danganronpa_v3|new_danganronpa_v3|弹丸论破V3 大家的自相残杀新学期|新弹丸论破V3 大家的自相残杀新学期|枪弹辩驳V3,新弹丸论破V3 大家的自相残杀新学期,24993,《弹丸论破》系列第三部正统作，以谎言与真实为主题
voiceroid,3,ボイスロイド,VOICEROID,24401,AH-Software开发的语音合成软件，2009年发布
pokemon_sun_and_moon,3,pokemon_moon|pokemon_sm|pokemon_sun,宝可梦 太阳／月亮,24307,第七世代宝可梦游戏，2016年发售，舞台为以夏威夷为原型的阿罗拉地区
reverse:1999,3,backtothefuture1999|reverse1999|reverse1999fanworkcontest|重返未来|重返未来1999|重返未来:1999,重返未来：1999,23844,Bluepoch开发的手机RPG，以英国配音与复古神秘学风格为特色
jujutsu_kaisen,3,jjk|jujutsukaisen|呪術廻戦|咒术|咒术回戦|梦术回戦,咒术回战,23810,芥见下下的漫画，2018年起连载，MAPPA改编为动画
mega_man_(series),3,Mega Man|Rockman|mega_man|megaman|rock_man|rockman,洛克人,23586,卡普空的横版动作游戏系列，在日本名为Rockman
love_live!_sunshine!!,3,lovelivesunshine|ラブライブ! サンシャイン!!|水团,Love Live! Sunshine!!,23376,《Love Live!》系列第二作，讲述浦之星女学院少女组成Aqours的故事
omori,3,omoriart|omorifanart|omorigame,OMORI,23085,OMOCAT制作的角色扮演游戏，融合超现实、冒险与心理恐怖元素
guilty_gear,3,GG|guiltygear|圣骑士之战,罪恶装备,22742,Arc System Works的格斗游戏系列，以摇滚金属乐与华丽画面著称
re:zero_kara_hajimeru_isekai_seikatsu,3,Re0|re:zero|re:zero_-_starting_life_in_another_world|re_zero|rezero|从零开始的异世界生活,Re:从零开始的异世界生活,22735,长月达平的轻小说，2016年动画化，主角为菜月昴
fate/extra,3,フェイト/エクストラ,Fate/EXTRA,22254,2010年发售的PSP角色扮演游戏，Fate系列的外传
fire_emblem_fates,3,fire_emblem_if|火焰纹章if,火焰之纹章 if,22129,《火焰之纹章》系列第14作，登陆Nintendo 3DS
kono_subarashii_sekai_ni_shukufuku_wo!,3,KonoSuba|kono_subarashii_sekai_ni_shukufuku_o!|konosuba|konosuba:_god's_blessing_on_this_wonderful_world!|このすば|素晴,为美好的世界献上祝福!,22091,晓夏目创作的搞笑轻小说，讲述转生异世界的和真与同伴的冒险
love_live!_nijigasaki_high_school_idol_club,3,perfect_dream_project|ニジガク|虹咲学园偶像同好会|虹团,Love Live! 虹咲学园学园偶像同好会,21938,《Love Live!》系列第三作，以虹咲学园的同好会与个人偶像为主题
digimon,3,数码兽|数码暴龙,数码宝贝,21535,源自电子宠物怪物的多媒体企划，含游戏与多部动画
xenoblade_chronicles_2,3,xenoblade2|xenoblade_2|xenobladechronicles2|异度之刃2,异度神剑2,21464,2017年Switch平台RPG，舞台为云海之上的巨神兽世界
bleach,3,BLEACH|境·界,死神,20899,久保带人的战斗漫画与动画，讲述黑崎一护成为死神后的冒险
monogatari_(series),3,物语,物语系列,20849,西尾维新创作、Vofan插画的轻小说系列，含多部动画改编
tales_of_(series),3,时空幻境,传说系列,20797,万代南梦宫自1995年起推出的动作角色扮演游戏系列
real_life,3,実在人物|有名人|欧美明星|现实|真人|真实世界|真实人物,现实人物,20777,指以现实中的名人或公众人物为对象的插画
kimetsu_no_yaiba,3,demon_slayer:kimetsu_no_yaiba|demon_slayer_(series)|鬼滅の刃|鬼灭,鬼灭之刃,20546,吾峠呼世晴在《周刊少年Jump》连载的漫画，ufotable 改编为动画与剧场版
dragon_quest,3,DQ|dragonquest|ドラゴンクエスト,勇者斗恶龙,20304,艾尼克斯开发、鸟山明负责角色设计的日本角色扮演游戏系列
senran_kagura,3,senran_kagura_(series),闪乱神乐,20102,Marvelous的忍者少女题材游戏系列，2013年动画化
utdr_(toby_fox),3,utdr,UTDR,19885,Toby Fox的《Undertale》与《Deltarune》的合称
overwatch,3,OW（俗称）|overwatch2|overwatch2fanart|overwatchfanart|守望先锋2|斗阵特攻（港台）,守望先锋,19776,暴雪2016年推出的英雄射击游戏，以团队对抗与多元英雄为特色
bishoujo_senshi_sailor_moon,3,sailor_moon|sailormoon|水兵月（旧译）,美少女战士,19418,武内直子的魔法少女漫画及多媒体系列，以水手战士为主题
pokemon_black_and_white,3,pokemon_black|pokemon_bw|pokemon_white,宝可梦 黑／白,19353,第五世代宝可梦游戏，舞台为合众地区，2010年在日本发售
sword_art_online,3,SAO,刀剑神域,19166,川原砾创作的轻小说系列，衍生多部漫画、游戏与三季动画
sonic_(series),3,sonic|sonic_fanart|sonic_the_hedgehog|sonicart|sonicfanart|sonicnews|sonicpict|sonicthehedgehog|音速小子（港台）,索尼克,18236,世嘉的招牌游戏系列，1991年推出，以高速动作为特色
strike_witches,3,第501统合战斗航空团,强袭魔女,17634,以二战为背景、少女们以魔女之力对抗异形入侵的轻小说与动画系列
toaru_kagaku_no_railgun,3,a_certain_scientific_railgun|to_aru_kagaku_no_railgun|超炮（简称）,某科学的超电磁炮,17451,镰池和马原作、冬川基作画的外传漫画及动画，主角为御坂美琴
persona_5,3,P5|persona5,女神异闻录5,17432,Atlus开发的角色扮演游戏，讲述怪盗团在东京改心他人的故事
touken_ranbu,3,torabu|刀剑乱舞-ONLINE-|刀剣乱梦|刀剣乱腐|刀剣乱舞|刀剣男士|圣杯乱舞,刀剑乱舞,17426,Kadokawa与Nitroplus开发的刀剑拟人化养成游戏，2015年上线
final_fantasy_vii_remake,3,ff7remake|ffviiremake|finalfantasy7remake|finalfantasyviiremake|最终幻想VII重制版,最终幻想7 重制版,17173,2020年发售的《最终幻想7》多部曲重制计划首作，聚焦米德加
fate/apocrypha,3,fateapo|fateapocrypha,Fate/Apocrypha,17161,东出佑一郎执笔、近卫乙嗣插画的《Fate》系列轻小说
fire_emblem_awakening,3,fire_emblem:_kakusei|fire_emblem_kakusei|fireemblemawakening|火焰之纹章 觉醒（港台）,火焰纹章 觉醒,16937,《火焰之纹章》系列3DS平台作品，2012年在日本发售
science_adventure,3,scienceadventure|科学ADV系列|科学冒险系列,科学ADV,16893,5pb.与Nitroplus合作的多媒体科幻企划，含命运石之门等
nier_(series),3,nier|尼尔系列,尼尔系列,16868,由《龙背上的骑兵》结局延伸出的动作RPG系列，含尼尔、机械纪元与转生
pokemon_diamond/pearl/platinum,3,pokemon_diamond|pokemon_diamond_and_pearl|pokemon_dp|pokemon_dpp|pokemon_dppt|pokemon_pearl,宝可梦 钻石／珍珠／白金,16790,第四世代宝可梦游戏，舞台为神奥地区，后推出Switch重制版
gochuumon_wa_usagi_desu_ka?,3,gochiusa|点兔（简称）|请问您今天要来点兔子吗?,请问您今天要来点兔子吗,16773,Koi 的四格漫画，描绘咖啡店少女们的日常，改编动画
spy_x_family,3,spy_family|spyfamily|spyxfamily|间谍家家酒（港台）,间谍过家家,16770,远藤达哉的漫画，讲述间谍、杀手与超能力者组成的伪家庭
the_king_of_fighters,3,KOF|kingoffighters|kof|thekingoffighters|格斗之王|格斗天王（港台）,拳皇,16703,SNK的格斗游戏系列，集结饿狼传说、龙虎之拳等作品的角色
nijisanji_en,3,NIJISANJI EN|tarotsanjien|虹EN（简称）,彩虹社EN,16676,NIJISANJI的英语分部，2021年5月设立
arknights:_endfield,3,arknights:endfield|arknightsendfield|endfield|endfieldcreators|endfieldreleasecc|明日方舟:终末地|明日方舟终末地|终末地|终末地公测,明日方舟：终末地,16665,《明日方舟》的3D角色扮演衍生游戏，舞台为塔卫二
touhou_(pc-98),3,东方PC-98|东方Project旧作|东方旧作,东方旧作,16575,东方Project最早在NEC PC-9801平台推出的五部作品
kill_la_kill,3,killlakill|双斩少女（港台）,斩服少女,16359,TRIGGER 制作、今石洋之执导的2013年原创动画，以战斗与制服为主题
idolmaster_cinderella_girls_starlight_stage,3,灰姑娘女孩 星光舞台,偶像大师 灰姑娘女孩 星光舞台,16294,灰姑娘女孩的节奏手机游戏，含3D演出
fate/zero,3,fate_zero,Fate/Zero,16148,虚渊玄执笔的《Fate/stay night》前传小说，讲述十年前的故事
tsukihime,3,shingetsutan_tsukihime|月姫|真月谭 月姬（动画版译名）,月姬,15929,TYPE-MOON2000年发售的同人视觉小说，奈须蘑菇编剧、武内崇作画
persona_4,3,P4|persona4,女神异闻录4,15721,2008年发售的PlayStation 2角色扮演游戏，以乡间小镇的连续杀人案为主线
persona_3,3,P3|persona3,女神异闻录3,15486,Atlus2006年推出的PlayStation 2角色扮演游戏，以影时间与人格面具为题材
kirby_(series),3,hoshi_no_kirby|kirby30thfest|卡比之星（旧译）,星之卡比系列,15429,任天堂与HAL研究所的横版动作游戏系列，以卡比及其复制能力为标志
shingeki_no_kyojin,3,attack_on_titan,进击的巨人,15301,谏山创的漫画，描写人类与巨人的战斗，WIT与MAPPA先后改编动画
alien_stage,3,ALIEN STAGE（原名）|alienstage|血鬼舞台,异形舞台,15122,VIVINOS与Qmeng创作的韩国网络动画音乐企划，参赛者以歌声决生死
code_geass,3,code_geass_hangyaku_no_lelouch_r2|反叛的鲁路修（旧译）|反叛的鲁鲁修|叛逆的鲁鲁修,叛逆的鲁路修,15074,Sunrise 制作的动画，2006年首播，讲述获得 Geass 之力的鲁路修的反抗
bang_dream!_girls_band_party!,3,,BanG Dream! 少女乐团派对！,14787,《BanG Dream!》企划的节奏手游，2017年上线
nier:automata,3,automata|neirautomata|nier_automata|nierautomata|尼尔:自动人形|尼尔机械纪元|尼尔：自动人形（港台）,尼尔：机械纪元,14704,白金工作室开发、Square Enix的动作RPG，2017年发售，描写人造人与机械生命体之战
danganronpa:_trigger_happy_havoc,3,danganronpa_1|danganronpa_trigger_happy_havoc|弹丸论破1（简称）|枪弹辩驳 希望学园与绝望高中生（港台）,弹丸论破 希望学园与绝望高中生,14658,Spike 2010年发行的推理冒险游戏，系列首作，2013年动画化
lucky_star,3,luckystar|幸运☆星,幸运星,14606,美水镜的四格漫画，2007年由京都动画改编，描绘御宅少女的校园日常
overwatch_1,3,守望先锋（初代）,守望先锋1,14470,暴雪2016年推出的初代英雄射击游戏，2022年由续作取代
dc_comics,3,DC（简称）|dc|dc_cinematic_universe|dc_extended_universe|dc_universe_(franchise)|dccomics,DC漫画,14455,美国老牌漫画出版公司，成立于1934年，拥有蝙蝠侠与超人
dungeon_meshi,3,delicious_in_dungeon|deliciousindungeon|dungeonmeshi|dunmeshi,迷宫饭,14449,九井谅子的奇幻美食漫画，2014至2023年连载，2024年动画化
neptune_(series),3,海王星系列,超次元游戏 海王星,14347,Idea Factory旗下Compile Heart的RPG系列，以游戏主机拟人化少女与游戏业界为题材
idolmaster_million_live!_theater_days,3,偶像大师 MILLION LIVE! 剧场时光,偶像大师 百万现场 剧场时光,14203,百万现场的节奏手机游戏，2017年上线
saibou_shinkyoku,3,Cell of Empireo（原名）|cell_of_empireo|细胞神曲【腐】,细胞神曲,14001,深尾工业制作的免费同人游戏，标题全称为细胞神曲-Cell of Empireo-
higurashi_no_naku_koro_ni,3,higurashi|when_the_cicadas_cry|暮蝉悲鸣时（港台）|蝉鸣之时（旧译）,寒蝉鸣泣之时,13955,07th Expansion的2002年悬疑视觉小说，系列首作
mahou_shoujo_no_majo_saiban,3,Magical Girl Witch Trials（官方英文名）|magical_girl_witch_trials|manosaba|魔法少女的魔女裁决|魔法少女的魔女裁判|魔法少女魔女审判|魔裁梦女,魔法少女的魔女审判,13887,Acacia于2025年7月发售的魔法少女视觉小说，含心理恐怖与死亡元素
go-toubun_no_hanayome,3,5-toubun_no_hanayome|5toubun|the_quintessential_quintuplets|五等分的花嫁|五等分的花嫁（旧译）,五等分的新娘,13865,春场葱的漫画，描绘上杉风太郎与五胞胎姐妹的恋爱喜剧，改编动画
pokemon_legends:_z-a,3,legendsz-a|pokemon_legends_za|pokemon_za|pokemonlegendsza|宝可梦传说ZA,宝可梦传说 Z-A,13810,宝可梦传说系列第二作，舞台为卡洛斯地区的密阿雷市
tokyo_afterschool_summoners,3,housamo|tokyo_houkago_summoners|东京放课后|东京放课后（简称）,东京放课后召唤师,13805,Lifewonders开发的LGBT向手机RPG，以东京为舞台的召唤师故事
dragon_ball_z,3,dragonball_z|dragonballz|七龙珠Z（港台）,龙珠Z,13687,龙珠第二部动画，讲述赛亚人篇起的剧情
resident_evil,3,biohazard|residentevil|恶灵古堡（港台）,生化危机,13643,卡普空的生存恐怖游戏系列，以生物灾害与伞公司为题材
vspo!,3,vspo,VSPO!,13601,Brave Group旗下的女性电竞选VTuber企划
ranma_1/2,3,ranma|ranma1/2|乱马|乱马½,乱马1/2,13578,高桥留美子的格斗恋爱漫画，1987年开始连载，并有动画改编
elden_ring,3,eldenring|eldenringfanart|老头环|老头环（俗称）,艾尔登法环,13261,FromSoftware开发、万代南梦宫发行的2022年动作RPG，宫崎英高执导
ensemble_stars!,3,ensemble_stars|ensemblestars|enstars|enstars_fanart|enstarsfanart|偶像梦幻祭!（官方写法）|偶像梦幻祭2,偶像梦幻祭,13197,Happy Elements推出的男团题材手机卡牌游戏，与《Ensemble Girls!》对应
darkstalkers,3,dark_stalkers|vampire_(game)|vampire_savior|vampire_savior_(game)|vampire_saviour|魔域幽灵|魔域幽灵（港台）,恶魔战士,13195,卡普空1994年起的格斗游戏系列，日版名为吸血鬼
assault_lily,3,突击莉莉 BOUQUET（动画副标题）,突击莉莉,13102,以少女与武器为主题的日本多媒体企划，2013年从可动模型起步
magia_record:_mahou_shoujo_madoka_magica_gaiden,3,magia_record|魔法纪录|魔法纪录（简称）,魔法纪录 魔法少女小圆外传,13054,基于《魔法少女小圆》的手机游戏，2017年上线，2024年停服
pokemon_black_2_and_white_2,3,pokemon_b2w2|pokemon_black_2|pokemon_bw2|pokemon_white_2,宝可梦 黑2／白2,12984,第五世代宝可梦游戏，为黑白的直接续作，舞台仍在合众地区
cho_kaguya-hime!,3,chou_kaguya-hime!|cosmic_princess_kaguya!,超辉夜姬!,12982,Netflix公开的动画电影，由Studio Colorido等制作
stardust_crusaders,3,星尘十字军|星尘十字军（民间）|星辰远征军|星辰远征军（港台）,星尘斗士,12921,《JOJO的奇妙冒险》第三部，围绕承太郎一行前往埃及的旅程
fire_emblem_engage,3,fireemblemengage|火焰纹章ENGAGE,火焰纹章 Engage,12920,《火焰之纹章》系列第17作，2023年登陆Nintendo Switch
girls_band_cry,3,Girls Band Cry（原名）|girlsbandcry|哭泣少女乐队,哭泣少女乐队,12835,东映动画的原创3DCG乐队动画，主角为刺刺乐队成员，2024年播出
eiyuu_densetsu,3,legend_of_heroes|the_legend_of_heroes|英雄传说系列,英雄传说,12804,日本Falcom开发的角色扮演游戏系列，含《轨迹》系列
kamen_rider,3,kamenrider|maskedrider|蒙面超人（旧译）,假面骑士,12760,石森章太郎与东映制作的特摄系列，1971年开播
rwby,3,,RWBY,12758,Rooster Teeth制作的3DCG动画，舞台为雷姆南特，主角为RWBY小队
monster_hunter_(series),3,monster_hunter|monsterhunter|怪物猎人（系列）|怪猎（俗称）|怪猎（系列）|猛汉（俗称）|魔物猎人（港台）,怪物猎人,12383,卡普空的狩猎动作游戏系列，玩家讨伐巨大怪物
blazblue,3,BlazBlue（原名）,苍翼默示录,12331,Arc System Works的2D格斗游戏系列，以厚重剧情与多结局著称
rebuild_of_evangelion,3,EVA新剧场版（俗称）|新世纪福音战士新剧场版,福音战士新剧场版,12225,《新世纪福音战士》的重制剧场版系列，加入新角色真希波
umineko_no_naku_koro_ni,3,umineko|海猫悲鸣时（港台）,海猫鸣泣之时,12189,07th Expansion的视觉小说，属《寒蝉鸣泣之时》同系列，2009年动画化
cookie_(touhou),3,Cookie（原名）|东方蛮法天,Cookie☆,12144,2010年发布的东方Project同人音声剧，因配音与画风成为网络迷因
nikki_(series),3,暖暖（系列简称）|暖暖（系列）,暖暖系列,12136,以服装搭配为核心的手游系列，含《奇迹暖暖》《闪耀暖暖》等，带评分与剧情要素
mahou_shoujo_lyrical_nanoha,3,,魔法少女奈叶（初代）,12121,Seven Arcs制作的2004年电视动画，为《魔法少女奈叶》系列首作
fate/kaleid_liner_prisma_illya,3,prismaillya|魔法少女☆伊莉雅（简称）,Fate/kaleid liner 魔法少女☆伊莉雅,12105,广山弘的《Fate/stay night》外传漫画，伊莉雅成为魔法少女
mahou_shoujo_lyrical_nanoha_strikers,3,mahou_shoujo_lyirical_nanoha_strikers|魔法少女奈叶Strikers,魔法少女奈叶StrikerS,12096,奈叶系列第三部电视动画，舞台在米德切尔达，主角为奈叶与菲特麾下的新人
pokemon_x_and_y,3,pokemon_x|pokemon_xy|pokemon_y,宝可梦 X／Y,12066,第六世代宝可梦游戏，舞台为以法国为原型的卡洛斯地区
inazuma_eleven_(series),3,闪电十一人系列,闪电十一人（系列）,12055,以足球为主题的跨媒体企划，含游戏、动画与漫画
gundam_suisei_no_majo,3,gundam_the_witch_from_mercury|mobile_suit_gundam_the_witch_from_mercury|机动战士高达 水星的魔女（全称）,机动战士高达 水星的魔女,11790,2022年播出的高达电视动画，以阿斯提卡西亚高等专门学园为舞台
senki_zesshou_symphogear,3,senki_zesshou_symphogear_xv|symphogear|symphogearxd|战姬绝唱SYMPHOGEAR,战姬绝唱,11688,2012年起播出的日本动画系列，以少女与战姬装备为题材
super_smash_bros.,3,smash_bros|smashbrosultimate|smashultimate|super_smash_bros|super_smash_bros._brawl|super_smash_bros._melee|super_smash_bros._ultimate|super_smash_bros_brawl|super_smash_bros_melee|super_smash_brothers|super_smash_brothers_brawl|super_smash_brothers_melee|supersmashbrosultimate|任天堂大乱斗（俗称）|大乱斗（俗称）,任天堂明星大乱斗,11652,樱井政博创作、任天堂发行的跨界对战游戏系列
hololive_indonesia,3,Hololive Indonesia|holoid|hololive ID|hololive_id|hololiveid|hololiveidart,hololive Indonesia,11324,hololive的印度尼西亚分部，2020年成立
rozen_maiden,3,rosen_maiden|rozenmaiden|玫瑰少女（旧译）,蔷薇少女,11259,PEACH-PIT的漫画及同名动画，讲述人偶争夺蔷薇少女之名的战斗
deltarune,3,Deltarune（原名）|deltaruined|deltarunefanart|三角符文,三角符文,11146,Toby Fox开发的独立角色扮演游戏，章节分次免费推出
cardcaptor_sakura,3,card_captor_sakura|cardcaptors|cardcaptorsakura|ccsakura|库洛魔法使|库洛魔法使（港台）|百变小樱|百变小樱（旧译）,魔卡少女樱,11032,CLAMP的魔法少女漫画与动画，讲述木之本樱收集库洛牌的故事
tengen_toppa_gurren_lagann,3,gurren_lagann|tengen_toppa_gurren-lagann|天元突破红莲螺岩,天元突破 红莲螺岩,11020,GAINAX制作的2007年原创超级机器人动画，以夸张剧情与巨大机体著称
onii-chan_wa_oshimai!,3,onimai|别当欧尼酱了!|别当欧尼酱了!（官方写法）,别当欧尼酱了,10990,猫豆腐的TS搞笑漫画，讲述被妹妹用药变成女孩的男生的日常
the_legend_of_zelda:_breath_of_the_wild,3,botw|breathofthewild|塞尔达传说旷野之息|旷野之息|旷野之息（简称）|荒野之息|荒野之息（民间）,塞尔达传说 旷野之息,10952,塞尔达传说系列第十九作，登陆Wii U与Switch的开放世界作品
atelier_(series),3,工作室（旧译）|炼金工房系列|莱莎的炼金工房（系列）,炼金工房,10843,Gust开发的炼金术题材角色扮演游戏系列
guilty_gear_strive,3,GGST（俗称）|ggstrive|guiltygearstrive|罪恶装备STRIVE,罪恶装备 -奋战-,10740,《罪恶装备》系列第六作，2021年发售的2D格斗游戏，系统更为简化
macross,3,MACROSS（原名）,超时空要塞,10726,河森正治与Studio Nue创作的科幻机甲动画系列，1982年首作问世
pretty_series,3,Pretty Series（原名）|pretty_(series)|星光系列|星光系列（港台）,美妙系列,10648,Takara Tomy的节奏换装街机游戏企划，涵盖美妙旋律与美妙天堂
vento_aureo,3,JOJO的奇妙冒险 黄金之风（全称）|golden_wind,黄金之风,10647,《JOJO的奇妙冒险》第5部，1995至1999年连载，2018年动画化
axis_powers_hetalia,3,hetalia|hetatwt|黑塔利亚 Axis Powers（全称）,黑塔利亚,10383,日丸屋秀和的国拟人历史喜剧漫画，各国以拟人角色登场
heaven_burns_red,3,红烧天堂|红烧天堂（民间俗称）|绯染天空|绯染天空（港台）,炽焰天穹,10347,Wright Flyer Studios与Key合作开发的回合制角色扮演手游
lycoris_recoil,3,Lycoris Recoil（原名）|lycorisrecoil,莉可丽丝,10323,A-1 Pictures的原创动作动画，2022年7月开播，讲述少女特工组织的故事
naruto_shippuuden,3,naruto_shippuden|疾风伝,火影忍者疾风传,10305,火影忍者第二部，讲述主角们长大后的故事
girls'_frontline_2:_exilium,3,exilium|gf2:exilium|gf2exilium|gfl2|gfl2:exilium|gfl2exilium|gfl2exiliumfanworkcontest|girls_frontline_2:_exilium|girlsfrontline2|girlsfrontline2exilium|girlsfrontline2exiliumen|少前2|少前2:追放|少前2追放|少女前线2|少女前线2:追放|少女前线2追放|少女前线2（简称）,少女前线2：追放,10217,《少女前线》的续作，采用战棋玩法，舞台为十年后
pokemon_masters_ex,3,pokemon_masters|pokemonmasters|pokemonmastersartwork|宝可梦大师（简称）,宝可梦大师EX,10189,手机上的宝可梦游戏，历代训练家与宝可梦组成拍档组合
hololive_dev_is,3,Hololive DEV_IS|hololivedev_is,hololive DEV_IS,10085,hololive旗下专注音乐的虚拟主播分部，2023年推出ReGLOSS
last_origin,3,Last Origin（原名）|lastorigin,最后的起源,10026,韩国Sigma Works开发的回合制手机策略RPG，2019年上线，以人类文明崩坏为背景
naruto_(classic),3,naruto|火影忍者（无印篇）,火影忍者,9936,岸本齐史的少年漫画，讲述旋涡鸣人的忍者成长故事
battle_tendency,3,戦闘潮流,战斗潮流,9932,《JOJO的奇妙冒险》第二部，舞台为1938年，主角为乔瑟夫·乔斯达
pokemon_heartgold_and_soulsilver,3,pokemon_heartgold|pokemon_hg|pokemon_hgss|pokemon_soulsilver|pokemon_ss,宝可梦 心金／魂银,9854,第二世代金、银、水晶在NDS上的重制版
fate/extra_ccc,3,fate/extra-ccc,Fate/EXTRA CCC,9732,2013年发售的PSP游戏，为《Fate/EXTRA》的续篇路线
splatoon_3,3,splatoon3|喷射战士3（民间）,斯普拉遁3,9618,《斯普拉遁》系列第三作，2022 年登陆 Nintendo Switch
pokemon_legends:_arceus,3,pokemon_legends_arceus|pokemonlegends|宝可梦传说阿尔宙斯,宝可梦传说 阿尔宙斯,9567,Switch上的宝可梦游戏，舞台为古代洗翠地区，为钻石珍珠的前传
smile_precure!,3,Smile光之美少女!（官方写法）|glitter_force|smile_precure|smile_pretty_cure|smile_pretty_cure!|微笑光之美少女（民间）,Smile光之美少女,9452,光之美少女系列第九作，2012年播出，主题为童话
oshi_no_ko,3,oshinoko|我推的孩子|我推的孩子（无书名号写法）,【我推的孩子】,9384,赤坂明原作、横枪萌果作画的漫画，2020至2024年连载，并有动画与真人影像化
steins;gate,3,steins_gate|斯坦因之门,命运石之门,9232,5pb. 与 Nitroplus 合作的 2009 年视觉小说，围绕时间机器展开
undertale,3,Undertale|undertail|undertaleau|传说之下,传说之下,9232,Toby Fox开发的2015年美国独立角色扮演游戏，以独特美术与音乐闻名
the_legend_of_zelda:_tears_of_the_kingdom,3,tears_of_the_kingdom|tearsofthekingdom|totk|zeldatearsofthekingdom|王国之泪,塞尔达传说 王国之泪,9214,塞尔达传说系列第二十作，旷野之息的续作，2023年登陆Switch
a.i._voice,3,a.i.voice|aivoice,A.I.VOICE,9133,日本企业推出的语音合成软件，声库包含琴叶姐妹与结月缘等
helltaker,3,Helltaker|helltakerfanart,地狱把妹王,9081,波兰开发者vanripper制作的免费解谜游戏，包含恋爱与弹幕要素
panty_&_stocking_with_garterbelt,3,Panty & Stocking with Garterbelt|panty_and_stocking_with_garterbelt|pantyandstocking|pantyandstockingwithgarterbelt,吊带袜天使,9066,GAINAX制作的2010年动作喜剧动画，以美式画风与粗俗搞笑著称
aikatsu!_(series),3,Aikatsu!|aikatsu|aikatsu!|爱活,偶像活动系列,9008,万代南梦宫的多媒体偶像企划，衍生多部动画与游戏
street_fighter_6,3,streetfighter6|streetfightervi|快打旋风6,街头霸王6,9007,《街头霸王》系列第七部正统作，2023 年全球发售
kobayashi-san_chi_no_maidragon,3,kobayashi-san_chi_no_maid_dragon|maidragon|miss_kobayashi's_dragon_maid,小林家的龙女仆,8956,クール教信者创作的漫画，讲述上班族小林与龙娘托尔的同居日常，京都动画改编
ace_attorney,3,aceattorney|gyakuten_saiban|逆転裁判|逆轉裁判,逆转裁判,8941,Capcom的法庭辩论视觉小说系列，玩家扮演辩护律师为委托人翻案
spider-man_(series),3,spider-man|spider_man|spiderman|蜘蛛人,蜘蛛侠,8897,漫威出版的漫画系列，主角为秘密以蜘蛛侠身份行动的彼得·帕克
yuruyuri,3,yuru_yuri,摇曳百合,8869,なもり的百合喜剧漫画，2008年起连载于Comic百合姬
one-punch_man,3,one-punchman|one_punch_man|onepunch-man|onepunch_man|onepunchman|一击男|一撃男|一撃男【腐】,一拳超人,8867,ONE的网络漫画，讲述一击必杀的英雄埼玉，2015年改编动画
gridman_universe,3,,古立特宇宙,8721,Trigger制作的动画系列，含《SSSS.GRIDMAN》与《SSSS.DYNAZENON》
pokemon_omega_ruby_and_alpha_sapphire,3,pokemon_alpha_sapphire|pokemon_as|pokemon_omega_ruby|pokemon_or|pokemon_oras,宝可梦 欧米伽红宝石／阿尔法蓝宝石,8611,第三世代红蓝宝石在3DS上的重制版，2014年发售
punishing:_gray_raven,3,punishinggrayraven|战双|战双:帕弥什,战双帕弥什,8606,库洛游戏使用Unity开发的3D动作手游，为战场双马尾系列第二作
mushoku_tensei,3,无职転生,无职转生,8584,轻小说系列，讲述中年男子转生异世界后重新认真生活
love_live!_superstar!!,3,hello!!!_love_live!|love_live!_superstar|星团,Love Live! Superstar!!,8504,《Love Live!》系列第四作，舞台为表参道附近的结丘女子高中与Liella!
senran_kagura_new_wave,3,,闪乱神乐 New Wave,8479,闪乱神乐的卡牌对战手机游戏，2012年上线，2020年停运
bakemonogatari,3,,化物语,8444,西尾维新《物语》系列的首部小说，2009年由SHAFT改编为动画
hunter_x_hunter,3,hunterhunter|hunterxhunter|hxh|狩人梦|猎人,全职猎人,8400,富坚义博的漫画，1998年起在周刊少年Jump连载
twisted_wonderland,3,迪士尼扭曲仙境,扭曲仙境,8353,Aniplex与迪士尼日本合作的手机游戏，舞台是以迪士尼反派为原型的魔法学园
gundam_gquuuuuux,3,gquuuuuux,机动战士高达GQuuuuuuX,8300,Khara与日升共同制作的2025年高达电视动画，简称GQuX
x-men,3,the_uncanny_x-men_(series),X战警,8295,漫威的漫画系列，讲述拥有超能力的变种人与人类共存的世界
stellive,3,,Stellive,8277,韩国的虚拟主播事务所，2025 年被 Brave Group 收购
the_hundred_line_-last_defense_academy-,3,hundred_line|最后防卫学园|最终防卫学园|百日战纪|百日战纪-最终防卫学园-,百日战纪 最终防卫学园,8273,Too Kyo Games开发、Aniplex发行的策略角色扮演游戏，由弹丸论破团队打造
metroid,3,密特罗德|银河战士,密特罗德,8254,任天堂的科幻动作游戏系列，1986年首作问世
sanrio,3,,三丽鸥,8234,日本角色品牌公司，以Hello Kitty等形象与授权商品闻名
diamond_wa_kudakenai,3,JoJo的奇妙冒险 不灭钻石|diamond_is_unbreakable,不灭钻石,8211,《JOJO的奇妙冒险》第四部，以东方仗助为主角
high_school_dxd,3,High School DxD|highschool_dxd,恶魔高校D×D,8114,石踏一荣的奇幻后宫轻小说，2008年起连载，讲述恶魔学园故事
synthesizer_v,3,SynthV|synthesizerv|synthv,Synthesizer V,8087,Dreamtonics开发的日英中三语歌声合成软件，可产出虚拟歌手演唱
sono_bisque_doll_wa_koi_wo_suru,3,my_dress-up_darling|my_dress_up_darling|恋上换装娃娃,更衣人偶坠入爱河,7996,福田晋一的恋爱喜剧漫画，2022年改编为动画，围绕cosplay展开
to_heart_(series),3,ToHeart,To Heart,7995,Leaf出品的恋爱视觉小说系列，含《To Heart》与《To Heart 2》等作品
fatal_fury,3,fatalfury|garou_(game_series)|garou_densetsu|饿狼伝说,饿狼传说,7947,SNK的格斗游戏系列，主角为特瑞·博加德等
ore_no_imouto_ga_konna_ni_kawaii_wake_ga_nai,3,my_little_sister_can't_be_this_cute|ore_no_imouto_ga_konnani_kawaii_wake_ga_nai|oreimo|俺妹|我的妹妹不可能这么可爱,我的妹妹哪有这么可爱,7829,伏见司的轻小说，2010年改编动画，简称《俺妹》
saki_(manga),3,咲|天才麻將少女,天才麻将少女,7763,小林立的麻将漫画，2009年动画化，以少女麻将竞技为题材
kemono_friends_3,3,动物朋友3,兽娘动物园3,7614,SEGA 开发的手游，兽娘动物园系列第三部主要作品，2019年起运营
hibike!_euphonium,3,sound!_euphonium|吹响吧!上低音号,吹响吧！上低音号,7587,武田绫乃的吹奏乐题材轻小说，京都动画改编为动画
nanashi_inc.,3,774_inc.|774inc.|nanashi inc.,774 inc.,7574,日本虚拟主播事务所，2023年将旗下组合合并为一个团体
tiger_&_bunny,3,TIGER & BUNNY|tiger_and_bunny,老虎和兔子,7524,Sunrise制作的2011年超级英雄动画，英雄拥有企业赞助并参加真人秀
pixiv_fantasia,3,Pixiv Fantasia|pixivfantasia,Pixiv幻想,7486,Aroha J主持的pixiv大型奇幻世界观创作企划，每届设定不同
marvel_rivals,3,marvelrivals,漫威争锋,7464,网易开发的第三人称英雄射击游戏，2024年推出
to_love-ru,3,To LOVE-Ru|tolove|茶煲情缘,出包王女,7463,长谷见沙贵原作、矢吹健太朗作画的恋爱喜剧漫画，2006年起连载
apex_legends,3,APEX Legends|apex|apexfanart|apexledgends|apexlegends|apexlegendsfanart,Apex英雄,7355,Respawn开发的免费大逃杀射击游戏，2019年发售
elsword,3,elsword_fa,艾尔之光,7332,韩国KoG开发的2D横版动作网游，是《Grand Chase》的重启作
warship_girls_r,3,warship_girls|warshipgirls|zhan_jian_shao_nyu|战舰少女|戦舰少女,战舰少女R,7318,中国的舰娘题材手机游戏，玩法与《舰队Collection》相近
gundam_seed,3,机动战士高达SEED,高达SEED,7192,2002年播出的高达电视动画，以基因调整者与自然人的对立为主题
inazuma_eleven_go,3,,闪电十一人GO,7173,《闪电十一人》的续作，舞台设在十年后
dead_or_alive,3,doa|生死格斗,死或生,7169,特库摩出品的3D格斗游戏系列，与忍者龙剑传共享世界观
pokemon_firered_and_leafgreen,3,pokemon_firered|pokemon_fr|pokemon_frlg|pokemon_leafgreen|pokemon_lg,宝可梦 火红／叶绿,7147,第一世代红绿在GBA上的重制版，2004年发售
little_busters!,3,little_busters|littlebusters!,Little Busters!,7136,Key的视觉小说，讲述一群高中生组建棒球队的青春故事，并有多媒体改编
library_of_ruina,3,Library of Ruina|library_of_luina|libraryofruina|废墟图书馆,废墟图书馆,7036,Project Moon的卡牌构筑游戏，为《脑叶公司》的直接续作
watashi_ga_motenai_no_wa_dou_kangaetemo_omaera_ga_warui!,3,Watamote|no_matter_how_i_look_at_it_it's_you_guys'_fault_i'm_not_popular!|watamote|丧女,我不受欢迎，怎么想都是你们的错,7012,谷川ニコ的漫画，描写内向少女黑木智子的日常，2013年动画化
kaguya-sama_wa_kokurasetai_~tensai-tachi_no_renai_zunousen~,3,kaguya-sama:_love_is_war|辉夜大小姐想让我告白~天才们的恋爱头脑战~|辉夜姬想让人告白,辉夜大小姐想让我告白,7008,赤坂アカ的漫画，2019年由A-1 Pictures动画化
kamitsubaki_studio,3,Kamitsubaki|virtual_kaf|神椿|神椿市复兴美术部|音楽的同位体,神椿工作室,7000,以音乐与故事为核心的日本创意厂牌，旗下有虚拟歌手
kingdom_hearts,3,kingdom_hearts_mobile|kingdomhearts|王国心,王国之心,6901,史克威尔艾尼克斯的动作角色扮演游戏系列，融合原创角色与迪士尼、最终幻想人物
dungeon_ni_deai_wo_motomeru_no_wa_machigatteiru_darou_ka,3,danmachi|dungeonnideaiwomotomerunowamachigatteirudarouka|地错|期待在地下城邂逅有错吗,在地下城寻求邂逅是否搞错了什么,6854,大森藤野创作、安田典生插画的迷宫都市奇幻轻小说系列
disgaea,3,,魔界战记,6822,日本一软件开发的策略角色扮演游戏系列，并有动画与漫画
holostars,3,holostart|ホロスターズ,Holostars,6809,Cover旗下的男性虚拟主播团体，隶属hololive Production
angel_beats!,3,angel_beats|angelbeats|angelbeats!|天使的心跳,Angel Beats!,6775,麻枝准原案、P.A. Works制作的动画，舞台为死后学园
dragon_ball_super,3,dragonballsuper|七龙珠超,龙珠超,6761,龙珠Z之后的正统续篇，2015年起播出动画并连载漫画
omniscient_reader's_viewpoint,3,全知读者,全知读者视角,6760,韩国作家组合Sing Shong的网络小说，讲述读者进入所读小说世界的故事
ssss.gridman,3,ssss_gridman|ssssgridman,SSSS.古立特,6759,圆谷与 Trigger 合作的 2018 年动画，改编自电光超人古立特
tekken,3,,铁拳,6751,万代南梦宫的3D格斗游戏系列，角色涵盖武术家与奇幻存在
pripara,3,puri_para|星光乐园,美妙天堂,6701,Takara Tomy的街机换装游戏，美妙旋律的后继，并有3季动画
animal_crossing,3,animalcrossing|doubutsu_no_mori|动森|动物之森|动物森林|集合吧动物森友会|集合啦!动物森友会,动物森友会,6671,任天堂的生活模拟游戏系列，玩家在拟人动物居住的村庄中生活
mahou_shoujo_lyrical_nanoha_a's,3,,魔法少女奈叶A's,6652,《魔法少女奈叶》系列第二作，引入八神疾风与她的守护骑士
black_rock_shooter,3,,黑岩射手,6638,插画师HUKE创作的系列，以手持武器、眼中燃着火焰的少女为特征
amagami,3,amagami_ss|甜蜜吻痕,圣诞之吻,6606,Enterbrain发行的PS2恋爱模拟游戏，后改编为动画Amagami SS
fire_emblem:_the_blazing_blade,3,fe7|fire_emblem:_rekka_no_ken|fire_emblem_blazing_sword|fire_emblem_rekka_no_ken|火焰纹章 烈火之剑,火焰之纹章 烈火之剑,6579,《火焰之纹章》系列第七作，2003年登陆GBA，为封印之剑前传
fullmetal_alchemist,3,fma|full_metal_alchemist|hagane_no_renkinjutsushi,钢之炼金术师,6569,荒川弘创作的蒸汽朋克漫画，艾尔利克兄弟寻找贤者之石，两度改编动画
fire_emblem:_radiant_dawn,3,fe10|fire_emblem:_akatsuki_no_megami|fire_emblem_akatsuki_no_megami|火焰纹章 晓之女神,火焰之纹章 晓之女神,6538,《苍炎之轨迹》的续作，登陆Wii平台
splatoon_1,3,喷射战士1,斯普拉遁1,6495,《斯普拉遁》系列首作，2015 年登陆 Wii U
mahou_shoujo_madoka_magica:_hangyaku_no_monogatari,3,puella_magi_madoka_magica_the_movie:_rebellion|puella_magi_madoka_magica_the_movie_rebellion|rebellion_story|叛逆的物语,剧场版 魔法少女小圆 叛逆的物语,6491,魔法少女小圆系列2013年上映的剧场版，标题为叛逆的物语
shoujo_kageki_revue_starlight,3,Revue Starlight|revuestarlight|少女歌剧,少女☆歌剧 Revue Starlight,6462,日本多媒体企划，含2017年舞台剧、2018年动画与手机游戏
to_heart_2,3,toheart2|同班同学2,ToHeart2,6445,Aquaplus/Leaf2004年发售的《To Heart》续作恋爱视觉小说
lobotomy_corporation,3,Lobotomy Corporation|lobcorp|lobotomy_corp|lobotomycorp|lobotomycorporation|lobotomykivotos,脑叶公司,6423,韩国Project Moon的怪物管理模拟游戏，灵感来自SCP基金会，玩家扮演主管X
clannad,3,团子大家族|小镇家族,CLANNAD,6375,Key 的恋爱视觉小说，由京都动画改编为动画
aikatsu!,3,aikatsu|爱活,偶像活动,6361,万代2012年推出的偶像题材街机卡牌游戏，同年改编为动画
dandadan,3,DAN DA DAN,胆大党,6350,龙幸伸的漫画，题材融合灵异与外星人，2024年改编为动画
needy_girl_overdose,3,needy_pic|needy_streamer_overload|needygirloverdose|needystreameroverload|主播女孩重度依赖|超天酱,主播女孩重度依赖,6310,帮助渴望认可的女孩成为网络主播的养成冒险游戏
megami_magazine,3,megami,Megami Magazine,6307,学研每月发行的美少女题材动漫杂志
fire_emblem:_genealogy_of_the_holy_war,3,fe4|fire_emblem:_seisen_no_keifu|fire_emblem_seisen_no_keifu|火焰纹章 圣战之系谱,火焰之纹章 圣战之系谱,6241,《火焰之纹章》系列第四作，1996年登陆SFC，分两代故事
phase_connect,3,phase-connect|phaseconnect,Phase Connect,6231,总部位于加拿大的虚拟主播事务所，旗下有英语与日语成员
gintama,3,腐魂,银魂,6222,空知英秋的漫画，在架空江户背景下描绘万事屋的搞笑日常，改编动画
date_a_live,3,datealive,约会大作战,6182,橘公司创作、つなこ插画的轻小说，讲述精灵与空间震
splatoon_2,3,splatoon2|喷射战士2,斯普拉遁2,6165,《斯普拉遁》系列第二作，2017 年登陆 Nintendo Switch
stone_ocean,3,JoJo的奇妙冒险 石之海|stoneocean,石之海,6107,《JOJO的奇妙冒险》第六部，也是主宇宙时间线的最后一部
transformers,3,,变形金刚,6053,Takara Tomy与孩之宝的变形机器人玩具系列，衍生动画与真人电影
darling_in_the_franxx,3,darli_fra|darlinginthefranxx|国家队,DARLING in the FRANXX,6031,A-1 Pictures与TRIGGER合作的2018年机甲动画
new_super_mario_bros._u_deluxe,3,新超级马里奥兄弟U 豪华版,新 超级马力欧兄弟U 豪华版,6016,Switch平台《新超级马力欧兄弟U》的移植版，同时收录《新超级路易吉U》的内容
batman_(series),3,batman,蝙蝠侠,5999,DC漫画的蝙蝠侠系列，衍生出众多改编作品
gundam_00,3,机动战士高达00,高达00,5997,2007年播出的高达系列电视动画，以天人组织与武力介入为主题
macross_frontier,3,Macross Frontier|macross_f,超时空要塞F,5961,2008年播出的《超时空要塞》电视动画，舞台为2059年的殖民船团
phantasy_star,3,,梦幻之星,5952,世嘉1980年代起推出的科幻奇幻角色扮演游戏系列
cyberpunk_(series),3,cyberpunk|电驭叛客|赛博朋克（系列）,赛博朋克,5940,Mike Pondsmith 创作的科幻桌上角色扮演系列，赛博朋克题材源头之一
xenoblade_chronicles_3,3,xenobladechronicles3|异度之刃3,异度神剑3,5933,2022年Switch平台RPG，是《异度神剑》与《异度神剑2》的续作
len'en,3,连縁|连缘Project|链縁|链缘,连缘,5924,JynX制作的纵版弹幕射击游戏系列，舞台为无现里，受东方Project启发
infinity_nikki,3,infinitynikki,无限暖暖,5922,《暖暖》系列第五作，开放世界换装冒险游戏
doki_doki_literature_club,3,ddlc|doki_doki_literature|doki_doki_literature_club_plus|dokidokiliteratureclub|dokidokiliteratureclub!|心跳文学俱乐部,心跳文学部,5911,Team Salvato开发的2017年心理恐怖视觉小说
dark_souls_(series),3,dark_souls|darksouls|souls_(from_software)|souls_(series)|黑暗灵魂|黑魂,黑暗之魂,5900,FromSoftware开发、宫崎英高执导的三部曲动作角色扮演游戏
path_to_nowhere,3,Path to Nowhere|pathtonowhere|wuqi_mitu|辛迪加涂鸦大队,无期迷途,5890,AISNO开发的3D策略手机游戏，舞台为灾变后狂厄蔓延的世界
golden_kamuy,3,,黄金神威,5884,野田智的漫画，描绘日俄战争后围绕阿伊努黄金的冒险，改编动画
dokidoki!_precure,3,DokiDoki!光之美少女|doki_doki!_precure|doki_doki!_pretty_cure|doki_doki_precure|doki_doki_pretty_cure|dokidoki!_pretty_cure|dokidoki_precure|dokidoki_pretty_cure|心跳光之美少女,心跳！光之美少女,5865,光之美少女系列第10作，2013年播出
mobile_suit_gundam,3,Mobile Suit Gundam|kidou_senshi_gundam|mobilesuitgundam|哀·戦士编|機動戦士ガンダム|高达,机动战士高达,5852,1979年首播的机器人动画，高达系列第一作，以宇宙世纪为舞台
cookie_run,3,Cookie Run|cookierun|cookierunfanart|cookierunoc|姜饼人王国|跑跑姜饼人,姜饼人,5834,Devsisters 的手机跑酷与收集游戏系列，含《烤箱大逃亡》等作品
yahari_ore_no_seishun_lovecome_wa_machigatteiru.,3,My Teen Romantic Comedy SNAFU|hamachi|my_teen_romantic_comedy_snafu|my_youth_romantic_comedy_is_wrong_as_i_expected|oregairu|yahari_ore_no_seishun_love_come_wa_machigatteiru|yahari_ore_no_seishun_love_come_wa_machigatteiru.|yahari_ore_no_seishun_lovecome_ha_machigatteiru.|yahari_ore_no_seishun_lovecome_wa_machigatteiru|yahari_ore_no_seishun_rabukome_wa_machigatteiru|我的青春恋爱喜剧果然有问题|春物,我的青春恋爱物语果然有问题,5818,渡航的轻小说，由Ponkan8负责插画，并有动画改编
puyopuyo,3,Puyo Puyo|puyo_puyo|ぷよぷよ,噗哟噗哟,5816,Compile开发、现由世嘉持有的落块消除游戏系列，以连锁消除为特色
queen's_blade,3,Queen's Blade|queens_blade|女皇之刃,女王之刃,5774,Hobby Japan的格斗画集系列，并有动画、漫画与游戏等展开
meitantei_conan,3,Case Closed|case_closed|detective_conan|名探侦柯南|名探偵コナン,名侦探柯南,5759,青山刚昌创作的长期连载推理漫画，后被改编为动画与剧场版
grandmaster_of_demonic_cultivation,3,,魔道祖师,5757,墨香铜臭创作的耽美仙侠小说，改编为动画、广播剧与真人剧
hellaverse,3,Hellaverse|Vivziepop宇宙|Vivzieverse|hellaverse_(franchise),地狱宇宙,5751,Vivziepop创作的共享世界观，涵盖《地狱客栈》与《极恶老大》
star_wars,3,Star Wars|starwars|starwarsfanart|星战,星球大战,5742,乔治·卢卡斯创作、卢卡斯影业制作的美国太空歌剧系列
heartcatch_precure!,3,HeartCatch光之美少女|heartcatch_precure|heartcatch_pretty_cure|heartcatch_pretty_cure!|抓心光之美少女,Heartcatch光之美少女,5659,《光之美少女》系列第7作，2010年播出，以花与心为主题
flower_knight_girl,3,Flower Knight Girl|flowerknightgirl|フラワーナイトガール,花骑士,5639,DMM运营的以花拟人少女为角色的网页游戏，有成人版本
fire_emblem:_path_of_radiance,3,FE9|fe9|fire_emblem:_souen_no_kiseki|fire_emblem_souen_no_kiseki|火焰之纹章 苍炎之轨迹,火焰纹章 苍炎之轨迹,5612,《火焰之纹章》系列第九作，2005年登陆GameCube
steel_ball_run,3,SBR|Steel Ball Run|steelballrun,飙马野郎,5590,《JOJO的奇妙冒险》第七部，围绕 19 世纪美国横贯大陆赛马展开
houseki_no_kuni,3,Land of the Lustrous|housekinokuni|housekinokuni_fanart|land_of_the_lustrous|宝石の国,宝石之国,5587,市川春子的奇幻漫画，2012年起连载，2017年动画化
pokemon_ruby/sapphire/emerald,3,pokemon_rs|pokemon_rse|pokemon_ruby|pokemon_ruby_and_sapphire|pokemon_sapphire,宝可梦 红宝石／蓝宝石／绿宝石,5587,第三世代宝可梦游戏，舞台为丰缘地区，后推出重制版
love_live!_school_idol_festival,3,SIF|学园偶像祭,Love Live! 学园偶像祭,5544,Bushiroad与KLab的节奏手游，2013年上线，为Love Live!的代表性游戏
monster_musume_no_iru_nichijou,3,Monster Musume|monstermusume|my_life_with_monstergirl|魔物娘|魔物娘的同居日常,魔物娘的相伴日常,5544,OKAYADO的漫画，讲述人类与魔物娘同居的日常，改编为动画
dungeons_&_dragons,3,D&D|DND|Dungeons and Dragons|dungeons_and_dragons|dungeonsanddragons|forgotten_realms,龙与地下城,5521,1974年问世的桌上角色扮演游戏，被视为现代RPG的起源
puzzle_&_dragons,3,PAD|Puzzle & Dragons|龍族拼圖,智龙迷城,5504,GungHo开发的日本手机益智RPG，以消除宝珠与宠物编队为核心
haikyuu!!,3,Haikyuu|haikyu|haikyuu|ハイキュー!!|排球少年!!,排球少年,5500,古馆春一的排球题材漫画，2012年起连载于《周刊少年Jump》并动画化
yurucamp,3,Laid-Back Camp|laid-back_camp|yuru_camp|搖曳露營△|摇曳露营△,摇曳露营,5454,あfろ的露营题材漫画，2018年播出动画
devil_may_cry_(series),3,Devil May Cry|devil_may_cry|devilmaycry|恶魔猎人|鬼泣（系列）,鬼泣,5447,卡普空出品、神谷英树创作的动作游戏系列，共五部正传
vshojo,3,vshojoart|vshojojapan|vshojonext|vshojonova,VShojo,5430,2020年成立的英语圈VTuber公司，成员多为独立出身的主播
skullgirls,3,Skullgirls|骷髅少女,骷髅女孩,5414,Reverge Labs开发的2D格斗游戏，围绕能实现愿望的骷髅之心展开
kagerou_project,3,Kagerou Project|阳炎|阳炎PROJECT,阳炎计划,5393,Jin围绕歌曲与小说展开的多媒体企划，含十二首歌曲
osomatsu_(series),3,小松先生|小松君,阿松系列,5393,赤冢不二夫《小松君》及2015年《阿松》等作品的统称标签
the_legend_of_zelda:_twilight_princess,3,Twilight Princess|twilight_princess|twilightprincess|塞尔达传说黄昏公主|塞尔达传说：黄昏公主|萨尔达传说 曙光公主,塞尔达传说 黄昏公主,5387,塞尔达传说系列第十三作，登陆Wii与GameCube，讲述影之世界的入侵
mega_man_(classic),3,Megaman|Rockman|rockman_(classic)|rockman_(original),洛克人（元祖）,5384,洛克人系列的原祖分支，含十一部编号正传作品
pokemon_(classic_anime),3,宠物小精灵|无印篇|神奇宝贝,宝可梦 无印,5354,宝可梦动画的第一部系列，改编自游戏第一、二世代，以关都与城都地区为舞台
monster_girl_encyclopedia,3,Monster Girl Encyclopedia|魔物娘図鑑,魔物娘图鉴,5309,健康クロス创作的魔物娘设定集企划
mega_man_x_(series),3,Megaman X|Rockman X|mega_man_x|megaman_x|megamanx|rockman_x,洛克人X,5302,洛克人系列的分支，以动物型BOSS与装甲强化为特色
cevio,3,,CeVIO,5294,2013年发售的语音合成软件，旗下有ささら、IA、ONE等声库
touqi_guaitan,3,头七|頭七怪談,头七怪谈,5287,华沙与木落残土制作的中国恐怖悬疑视觉小说游戏
idolmaster_1,3,THE iDOLM@STER|偶像大师1,偶像大师 无印,5256,偶像大师系列首作，2005年街机发售并移植Xbox 360
super_robot_wars,3,SRW|Super Robot Wars,超级机器人大战,5211,Banpresto 发行的跨作品机器人战略角色扮演游戏系列
guilty_gear_xrd,3,GGXrd|Guilty Gear Xrd,罪恶装备Xrd,5202,《罪恶装备》系列第五作，采用3D卡通渲染，含SIGN与REVELATOR
hirogaru_sky!_precure,3,Soaring Sky! Pretty Cure|hirogaru_sky!_pretty_cure|hirogaru_sky_precure|hirogaru_sky_pretty_cure|soaring_sky!_precure|soaring_sky!_pretty_cure|soaring_sky_precure|广阔天空！光之美少女,开阔天空！光之美少女,5177,光之美少女系列第20作，2023年播出的20周年纪念作品
kemono_friends_v_project,3,kemov|けもV|けものフレンズVぷろじぇくと,兽娘动物园V计划,5162,2021年启动的官方企划，让兽娘角色以虚拟主播形象活动
kouyoku_senki_exs-tia,3,光翼战姬|光翼戦姫エクスティア,光翼战姬艾克斯蒂娅,5162,Lusterise 开发的成人向游戏系列，以变身少女战姬为题材
atelier_ryza,3,Atelier Ryza|莱莎的工作室,莱莎的炼金工房系列,5125,《炼金工房》系列中以莱莎为主角的秘密三部曲
sen_no_kiseki_(series),3,Trails of Cold Steel|英雄传说 闪之轨迹|閃之軌跡,闪之轨迹,5096,英雄传说轨迹系列的埃雷波尼亚篇，含闪之轨迹四部作品
osomatsu-san,3,おそ松さん|小松先生|梦松,阿松,5087,为纪念赤冢不二夫诞辰推出的《小松君》续作动画，描绘松野家六胞胎成年后的生活
koha-ace,3,KOHA-ACE|Koha-Ace,コハエース,5074,经验值创作的TYPE-MOON恶搞漫画，以《月姬》琥珀为主角，四格风格
fire_emblem:_mystery_of_the_emblem,3,FE3|fe3|fire_emblem:_monshou_no_nazo|fire_emblem_monshou_no_nazo|火焰之纹章 纹章之谜,火焰纹章 纹章之谜,5065,《火焰之纹章》系列第三作，1994年登陆SFC，分两部篇章
tsukihime_(remake),3,月姬R|月姬Remake,月姬 重制版,5049,《月姬》重制版，分蓝玻璃之月与红园之侧两部分
gegege_no_kitarou,3,kitarou_of_the_graveyard|ゲゲゲの鬼太郎|咯咯咯的鬼太郎,鬼太郎,5046,水木茂的妖怪漫画，描绘妖怪少年鬼太郎与伙伴的怪奇故事
minecraft,3,Minecraft|mineblr|minecraft_art|minecraft_fanart|minecraftart|minecraftfanart|minecraftlive|minecraftmod|minecraftoc|当个创世神,我的世界,5033,Mojang开发的沙盒建造游戏，玩家在方块世界中生存与创造
little_witch_academia,3,Little Witch Academia|littlewitchacademia|小魔女学院,小魔女学园,5019,吉成曜创作、Trigger制作的动画，讲述少女亚可学习魔法的成长故事
machikado_mazoku,3,The Demon Girl Next Door|the_demon_girl_next_door|まちカドまぞく,街角魔族,5016,伊藤いづも的四格漫画，讲述魔族少女与魔法少女的街角日常，并有动画
alice's_adventures_in_wonderland,3,Alice in Wonderland|alice_in_wonderland|爱丽丝梦游奇境|爱丽丝漫游奇境,爱丽丝梦游仙境,5004,刘易斯·卡罗尔创作的童话小说，衍生众多改编作品
touhou_lostword,3,Touhou LostWord|touhou_lost_word|touhoulw|东方LostWord,东方归言录,4975,NextNinja与Good Smile开发的东方Project题材手机抽卡RPG
phantasy_star_online_2,3,PSO2|梦幻之星OL2,梦幻之星Online2,4969,世嘉梦幻之星Online的续作，2012年上线的线上动作RPG，并有动画
taimanin_(series),3,Taimanin|対魔忍,对魔忍,4961,Lilith-soft的忍者题材成人游戏系列，衍生多部OVA与手机游戏
made_in_abyss,3,Made in Abyss|madeinabyss|miabyss|メイドインアビス,来自深渊,4940,つくしあきひと的漫画，讲述少女与机器人在巨大深渊中的冒险，2017年改编动画
cyberpunk:_edgerunners,3,Cyberpunk: Edgerunners|cyberpunk_edgerunners|cyberpunkedgerunners|edgerunners|赛博朋克 边缘行者|赛博朋克:边缘行者|赛博朋克边缘行者,赛博朋克：边缘行者,4936,CD Projekt Red 与 Trigger 制作的《赛博朋克2077》衍生动画
warhammer_40k,3,"40K|40k|Warhammer 40,000|warhammer|warhammer40000|warhammer40k|warhammer_40000|战锤|战锤40000",战锤40K,4928,Games Workshop自1987年推出的桌面战棋游戏，舞台为黑暗的遥远未来
nitroplus,3,NITROPLUS|Nitro+|nitroplus+,Nitroplus,4865,日本的视觉小说开发与轻小说出版公司，拥有超级索尼子等原创角色
bemani,3,,BEMANI,4861,科乐美的音乐游戏品牌，涵盖beatmania、DDR等系列
kid_icarus,3,Kid Icarus|光神话 帕尔提娜之镜|基德伊卡洛斯,光神话,4854,任天堂的动作冒险游戏系列，日本名为《光神话 帕尔提娜之镜》
dungeon_and_fighter,3,Arad Senki|DNF|arad_senki|dungeon_fighter_online,地下城与勇士,4848,韩国Nexon发行的2D横版动作网游，简称DNF
phantom_blood,3,Phantom Blood|ファントムブラッド,幻影之血,4842,JOJO的奇妙冒险第一部，以1888年英国为舞台，讲述乔纳森与迪奥的因缘
pokemon_horizons,3,Pokemon Horizons|pokemon_sv_(anime)|pokemonhorizons|宝可梦：地平线,宝可梦 地平线,4810,宝可梦动画第八部系列，2023年开播，主角为莉可与罗伊
sekaiju_no_meikyuu,3,Etrian Odyssey|etrian_odyssey|sekaiju_no_meikyu|世界樹の迷宮,世界树的迷宫,4805,Atlus开发的世界树迷宫地下城探索角色扮演游戏系列
inazuma_eleven,3,イナズマイレブン|闪电11人,闪电十一人,4752,Level-5的足球题材角色扮演游戏，2008年登陆DS
the_legend_of_zelda:_ocarina_of_time,3,The Legend of Zelda: Ocarina of Time|zelda_no_densetsu:_toki_no_ocarina|塞尔达传说时之笛|塞尔达传说：时之笛|萨尔达传说 时之笛,塞尔达传说 时之笛,4742,塞尔达传说系列第五作，1998年登陆任天堂64，为系列首个3D作品
pokemon_adventures,3,Pocket Monsters Special|pocket_monsters_special|pokemon_special|pokespe|宠物小精灵特别篇|神奇宝贝特别篇|精灵宝可梦特别篇,宝可梦特别篇,4711,日下秀宪原作、真斗等作画的宝可梦漫画，按游戏世代展开长篇故事
meitantei_precure!,3,meitantei_pretty_cure!|star_detective_precure!|star_detective_pretty_cure!,名侦探光之美少女！,4680,光之美少女系列第23作，2026年播出的电视动画
idolmaster_side-m,3,SideM|idolmaster_side_m|idolmaster_sidem|side-m|sidem|アイドルマスター SideM,偶像大师 SideM,4654,以315 Production男性偶像为主的偶像大师手机游戏
pokemon_tcg,3,PTCG|Pokemon Trading Card Game|pokemon_trading_card_game|宝可梦卡牌,宝可梦集换式卡牌,4635,宝可梦主题的集换式卡牌游戏，涵盖收集、交换与对战
cyberpunk:_edgerunners_1,3,,赛博朋克：边缘行者 第一季,4621,《赛博朋克2077》改编动画第一季，2022年在 Netflix 播出
hazbin_hotel,3,Hazbin Hotel|hazbinhotel|hazbinhotelfanart|地狱旅馆,地狱客栈,4614,Vivziepop创作的成人向动画，讲述地狱公主夏莉改造罪人的计划
my_little_pony,3,My Little Pony|mylittlepony|小马宝莉同人|彩虹小马,小马宝莉,4560,孩之宝的玩具小马品牌及其动画等多媒体企划
spice_and_wolf,3,Spice and Wolf|ookami_to_koushinryou|wolf_and_spice|狼と香辛料|狼与辛香料,狼与香辛料,4552,支仓冻砂的轻小说，讲述商人罗伦斯与狼神赫萝的旅程
fairy_tail,3,FAIRY TAIL|fairytail|魔导少年,妖精的尾巴,4550,真岛浩创作的魔法冒险漫画及动画，围绕妖精尾巴公会
yu-gi-oh!_duel_monsters,3,Yu-Gi-Oh! Duel Monsters|yugioh_duel_monsters|yuu-gi-ou_duel_monsters|游戏王DM,游戏王 决斗怪兽,4533,《游戏王》原作改编的动画，由Studio Gallop制作
vrchat,3,vr_chat|vrc,VRChat,4525,支持虚拟形象的社交VR游戏，玩家可用VR模型互相交流
mcdonald's,3,McDonald's|mcdonalds|金拱门,麦当劳,4522,1940年创立的国际快餐连锁企业
shadowverse,3,Shadowverse|暗影诗章,影之诗,4514,Cygames的电子卡牌游戏，2016年推出，源自巴哈姆特之怒的世界观
my_little_pony:_friendship_is_magic,3,My Little Pony: Friendship Is Magic|background_pony|backgroundpony|my_little_pony|mylittleponyfriendshipismagic|小马宝莉|小马宝莉同人|彩虹小马：友情就是魔法|黑暗六同人,小马宝莉：友谊就是魔法,4450,小马宝莉第四代动画，2010至2019年播出共十季
fire_emblem:_the_binding_blade,3,FE6|fe6|fire_emblem:_fuuin_no_tsurugi|fire_emblem_fuuin_no_tsurugi|fire_emblem_sword_of_seals|火焰之纹章 封印之剑,火焰纹章 封印之剑,4439,《火焰之纹章》系列第六作，2001年登陆GBA
os-tan,3,OS-tan|OS拟人|os,OS娘,4438,将操作系统等软件拟人化为少女的角色群
shining_nikki,3,Shining Nikki|shiningnikki|shiningnikki_sn,闪耀暖暖,4393,Paper Studio开发的换装手机游戏，暖暖系列第四作
street_fighter_v,3,Street Fighter V|streetfighter5|streetfighterv|快打旋风5,街头霸王5,4381,《街头霸王》系列第六部正统作，2016 年发售
yu-gi-oh!_gx,3,Yu-Gi-Oh! GX|yugioh_gx|yuu-gi-ou_gx|遊☆戯☆王デュエルモンスターズGX,游戏王GX,4347,《游戏王》首个衍生动画，以融合召唤与学生决斗学园为舞台
toradora!,3,TIGER×DRAGON!|toradora|虎与龙,龙与虎,4339,竹宫悠由子创作、ヤス插画的校园恋爱轻小说，有动画与游戏改编
zeta_gundam,3,机动战士Z高达|機動戦士Zガンダム,Z高达,4326,1985年播出的《机动战士高达》续作电视动画
suite_precure,3,Suite光之美少女|suite_pretty_cure|组曲光之美少女,光之美少女：美乐天使,4322,《光之美少女》系列第 8 作，2011 年播出，以音乐为主题
metal_gear_(series),3,Metal Gear|metal_gear|潜龙谍影,合金装备,4317,小岛秀夫创作的潜行类动作游戏系列，由科乐美发行
reitaisai,3,Reitaisai|例大祭,博丽神社例大祭,4279,日本最大的东方Project同人展会，每年春季举办
mahjong_soul,3,Mahjong Soul|Majsoul|mahjongsoul|majsoul|雀魂麻将,雀魂,4278,Cat Food Studio与Yostar的在线日本麻将游戏，2018年起运营
final_fantasy_vii_rebirth,3,FF7重生|Final Fantasy VII Rebirth|ff7rebirth|ffviirebirth|finalfantasy7rebirth|finalfantasyviirebirth|最终幻想VII 重生,最终幻想7 重生,4257,《最终幻想7 重制版》的续作，2024年发售
gundam_build_fighters,3,Gundam Build Fighters|敢达创战者|高达BF,高达创战者,4257,2013年播出的高达动画，以钢普拉模型对战为核心题材
tate_no_yuusha_no_nariagari,3,The Rising of the Shield Hero|the_rising_of_the_shield_hero,盾之勇者成名录,4251,アネコユサギ的异世界轻小说，有漫画与2019年动画改编
pokemon_the_series:_sun_&_moon,3,pokemon_sm_(anime)|pokemon_sun_and_moon_(anime),宝可梦 太阳与月亮,4248,宝可梦动画第六部系列，改编自第七世代游戏，舞台为阿罗拉地区
fate/strange_fake,3,Fate/strangeFake|Strange Fake|fate/strangefake|strangefake,Fate/strange Fake,4224,成田良悟执笔、森井しづき插画的《Fate》系列小说与漫画
avatar_legends,3,Avatar: The Last Airbender|avatar|avatar:_the_last_airbender_(series)|avatarlegends|降世神通：最后的气宗|降世神通：科拉传奇,降世神通系列,4164,尼克儿童频道的动画系列企划，包含《最后的气宗》与《科拉传奇》
youkai_watch,3,Yo-kai Watch|yo-kai_watch|yokai_watch|妖怪ウォッチ,妖怪手表,4162,LEVEL-5的游戏、动画与漫画多媒体企划，以妖怪为题材
shingeki_no_bahamut,3,Shingeki no Bahamut|神击的巴哈姆特,神击的巴哈姆特,4158,Cygames的卡牌对战游戏，2011年推出，并有动画改编
final_fantasy_vi,3,FF6|FFVI|Final Fantasy VI|ff6|ffvi|太空战士VI,最终幻想6,4152,《最终幻想》系列第六作，1994年登陆SFC
mega_man_zero_(series),3,Megaman Zero|Rockman Zero|mega_man_zero|megaman_zero|megamanzero|rockman_zero|rockmanzero,洛克人Zero,4141,洛克人X系列的后续分支，主角为零
boruto_(series),3,,博人传,4137,火影忍者的续篇与外传系列，讲述鸣人之子博人与他的忍者小队
bleach:_sennen_kessen-hen,3,BLEACH 千年血战篇|Bleach: Thousand-Year Blood War|bleach:_the_thousand-year_blood_war|bleachtybw|千年血戦篇,死神 千年血战篇,4131,死神漫画的最终章，敌人为无形帝国，2022年改编为动画
urusei_yatsura,3,Urusei Yatsura|うる星やつら|山T女福星,福星小子,4121,高桥留美子的长篇搞笑漫画，1981年起改编为动画，讲述外星少女拉姆
ado_(utaite),3,ado|ado_(singer)|adoart,Ado,4119,日本歌手，因演唱うっせぇわ走红，所属事务所为Cloud Nine
ambience_synesthesia,3,Ambience Synesthesia|音律联覚|音律联觉,明日方舟音律联觉,4119,鹰角网络为明日方舟举办的年度线下音乐会，2021年首次举办
star_ocean,3,Star Ocean|银河游侠,星之海洋,4119,tri-Ace 开发、Enix 发行的科幻背景 JRPG 系列，以私人行动系统为特色
shin_megami_tensei,3,Shin Megami Tensei|shinmegamitensei|真·女神転生|真·女神转生|真女神轉生,真女神转生,4111,Atlus开发的角色扮演游戏系列，以恶魔交涉与末世东京为特色
black_survival,3,Black Survival|blacksurvival|黑色倖存者,黑色幸存者,4109,ARCHBEARS开发的韩国手机游戏，2022年停止运营
final_fantasy_vii:_ever_crisis,3,final_fantasy_vii_ever_crisis,最终幻想7 Ever Crisis,4109,以原版形式重述《最终幻想7》系列故事的手机RPG
summer_pockets,3,Summer Pockets|summerpockets|サマーポケッツ,夏日口袋,4092,Key 于 2018 年推出的全年龄视觉小说，为其第 13 部作品
kuro_no_kiseki_(series),3,Kuro no Kiseki|英雄传说 黎之轨迹,黎之轨迹系列,4065,《英雄传说 轨迹》系列的卡尔瓦德共和国篇，含黎之轨迹一、二与界之轨迹
bloodborne,3,Bloodborne|血源,血源诅咒,4038,FromSoftware开发、索尼发行的2015年动作角色扮演游戏
voicevox,3,,VOICEVOX,4030,开源的文本转语音软件，附带多具可商用的角色音源
fate/hollow_ataraxia,3,Fate hollow ataraxia|Hollow Ataraxia|fate/hollowataraxia|hollow_ataraxia,Fate/hollow ataraxia,4022,《Fate/stay night》的续作，以第五次圣杯战争后的故事为背景
sennen_sensou_aigis,3,aigis_the_thousand_year_war|millennium_war_aigis|千年戦争アイギス|千年戰爭Aigis,千年战争Aigis,4009,DMM发行的塔防类网页游戏，有成人向版本
zombie_land_saga,3,Zombie Land Saga|zombieland_saga|佐賀偶像是傳奇|僵尸乐园佐贺,佐贺偶像是传奇,3996,MAPPA制作的原创动画，七名来自不同时代的少女化为僵尸偶像，为拯救佐贺县组成团体
dragon_quest_iii,3,Dragon Quest III|dragon_quest_3|勇者斗恶龙III|勇者鬥惡龍3,勇者斗恶龙3,3994,1988年发售的系列第三作，后于北美推出，多次强化重制
eromanga_sensei,3,ero_manga_sensei|エロマンガ先生|埃罗芒阿老师|情色漫画老师,埃罗芒阿老师,3990,伏见司创作、神崎广插画的轻小说，2017年动画化
final_fantasy_xi,3,FF11|Final Fantasy XI|ff11|ffxi|final_fantasy_11|最终幻想XI,最终幻想11,3978,《最终幻想》系列首款在线MMORPG，2002年登陆PS2
koi_suru_kokoro_to_mahou_no_kotoba,3,,恋する心と魔法の言葉,3978,恋爱题材的作品标签，具体内容与出处不详
alice_gear_aegis,3,Alice Gear Aegis|爱丽丝机甲AEGIS,爱丽丝机甲,3977,Pyramid开发、COLOPL发行的3D射击手机游戏，2018年上线
evangelion:_3.0_you_can_(not)_redo,3,EVA新剧场版：Q|evangelion_shin_gekijouban:_q|新世纪福音战士新剧场版：Q,福音战士新剧场版：Q,3973,2012年上映的《福音战士新剧场版》第三部电影
identity_v,3,Identity V|identityv|性転人格|第5人格|第五百合|第五艺术馆|第腐人格,第五人格,3967,网易开发的1v4非对称对抗生存恐怖手机游戏
hollow_knight,3,Hollow Knight|hollowknight,空洞骑士,3951,Team Cherry开发的2017年2D类银河恶魔城动作游戏
infinite_stratos,3,IS|IS〈Infinite Stratos〉|无限斯特拉托斯,IS〈无限斯特拉托斯〉,3944,弓弦逸鹤的轻小说，2011年改编为动画
ultra_series,3,Ultraman|ultraman|ultraseries|咸蛋超人|咸蛋超人（港）|奥特曼|奥特曼系列|超人力霸王|超人力霸王系列|超人力霸王（台）,奥特曼系列,3927,圆谷制作的特摄系列，讲述光之巨人奥特曼守护地球与宇宙的故事
project_diva_(series),3,Project DIVA|projectdiva|初音未來 名伶計畫,初音未来 歌姬计划（系列）,3911,SEGA的初音未来节奏动作游戏系列，登陆PSP、PSV与PS3
tales_of_vesperia,3,Tales of Vesperia|宵星传奇（台）,薄暮传说,3910,传说系列第十部母舰作品，2008年登陆Xbox 360，2009年推出PS3加强版
chuunibyou_demo_koi_ga_shitai!,3,Chuu2Koi|chuu2koi|中二病也要谈恋爱！,中二病也要谈恋爱,3871,虎虎的轻小说，京都动画旗下 KA Esuma 文库出版，2012年动画化
muv-luv,3,MUV-LUV|Muv Luv|muv_luv|muvluv,Muv-Luv,3849,âge社的科幻机甲视觉小说，从恋爱喜剧转向外星入侵
pokemon_red/green/blue/yellow,3,pokemon_blue|pokemon_green|pokemon_rb|pokemon_rby|pokemon_red|pokemon_red_and_blue|pokemon_red_and_green|pokemon_rg|pokemon_rgb|pokemon_rgby|pokemon_yellow,宝可梦 红／绿／蓝／皮卡丘,3827,第一世代宝可梦游戏，1996年起在Game Boy平台发售
final_fantasy_ix,3,FF9|Final Fantasy IX|ff9|ffix|最终幻想IX,最终幻想9,3803,《最终幻想》系列第九作，2000年登陆PlayStation
baldur's_gate,3,Baldur's Gate|博德之门系列|柏德之門（台）,博德之门,3799,基于《龙与地下城》规则的角色扮演游戏系列
stella_sora,3,Stella Sora|stellasora|ステラソラ,星塔旅人,3795,Yostar 开发的俯视角轻动作 Roguelite 游戏，2025 年上线
melty_blood,3,Melty Blood|meltyblood|月姬格斗,MELTY BLOOD,3794,TYPE-MOON与French-Bread开发的月姬题材同人格斗游戏
fire_emblem:_the_sacred_stones,3,FE8|fe8|fire_emblem:_seima_no_kouseki|fire_emblem_sacred_stones|fire_emblem_seima_no_kouseki|圣魔之光石|火焰之纹章 圣魔之光石,火焰纹章 圣魔之光石,3760,《火焰之纹章》系列GBA平台作品《圣魔之光石》
baldur's_gate_3,3,Baldur's Gate 3|baldursgate3|柏德之門3,博德之门3,3759,拉瑞安工作室开发的角色扮演游戏，2023年发售
samurai_spirits,3,Samurai Shodown|samurai_shodown|サムライスピリッツ,侍魂,3725,SNK的剑戟格斗游戏系列，欧美版名为Samurai Shodown
zero_no_tsukaima,3,The Familiar of Zero|the_familiar_of_zero|ゼロの使い魔,零之使魔,3708,山口升的奇幻轻小说，插画为兔冢英志，并有四季动画
hyouka,3,Hyouka|冰果,冰菓,3705,米泽穗信的古典部系列小说首作，2012年由京都动画改编
boku_wa_tomodachi_ga_sukunai,3,Haganai|haganai|i_don't_have_many_friends|友少,我的朋友很少,3703,平坂读的轻小说，2009年起出版，2011年改编为动画
gundam_seed_destiny,3,机动战士高达SEED DESTINY|种命,高达SEED DESTINY,3680,《高达SEED》的续作电视动画，以真·飞鸟为主角的新篇章
kid_icarus_uprising,3,Kid Icarus: Uprising|kidicarusuprising|新光神话 帕尔提娜之镜,新·光神话 帕尔提娜之镜,3674,2012年登陆任天堂3DS的光神话系列第三作，采用第三人称射击玩法
pikmin_(series),3,Pikmin|pikmin|皮克敏系列,皮克敏,3671,任天堂推出的策略游戏系列，玩家指挥皮克敏搬运与战斗
arcane:_league_of_legends,3,Arcane|arcane|arcaneseason2|league_of_legends_arcane|奥术|英雄联盟 双城之战,双城之战,3618,改编自《英雄联盟》的动画剧集，聚焦金克丝与蔚的故事
soul_eater,3,SOUL EATER|souleater|噬魂者,噬魂师,3583,大久保笃的漫画及动画，以死神武器职人专门学校为舞台
fresh_precure!,3,Fresh Pretty Cure!|Fresh光之美少女！|fresh_precure|fresh_pretty_cure|fresh_pretty_cure!|光之美少女Fresh,Fresh光之美少女,3542,光之美少女系列2009年作品，以水果为主题，Cure Peach 等登场
the_amazing_digital_circus,3,TADC|The Amazing Digital Circus|amazingdigitalcircus|digitalcircus|digitalcircusfanart|theamazingdigitalcircus|theamazingdigitalcircusfanart|奇思妙想的数字马戏团,神奇数字马戏团,3519,Glitch Productions与Gooseworx制作的YouTube动画系列，以虚拟马戏团为舞台
mahou_sensei_negima!,3,Negima!|mahou_sensei_negima|negima|魔法先生,魔法老师,3492,赤松健的漫画，讲述少年教师涅吉与31名学生的校园故事，并有多种改编
mega_man_zx,3,Rockman ZX|megaman_zx|rockman_zx|洛克人ZX系列,洛克人ZX,3489,洛克人Zero系列的后续作品，登陆NDS
love_and_deepspace,3,Love and Deepspace|loveanddeepspace,恋与深空,3486,叠纸游戏开发的3D恋爱互动手游，2024年上线，含动作战斗玩法
shinrabanshou,3,shinrabansho|神罗万象|神罗万象Choco|神羅万象,神罗万象,3484,万代推出的食玩卡牌系列，随糖果与威化饼附赠
eternal_return:_black_survival,3,Eternal Return|eternal_return|eternalreturn|eternalreturn:blacksurvival|永恒轮回：黑色幸存者,永恒轮回,3480,2023年推出的MOBA与大逃杀混合游戏，改编自手游《Black Survival》
street_fighter_zero_(series),3,Street Fighter Alpha|street_fighter_alpha_1|street_fighter_alpha_2|street_fighter_alpha_3|street_fighter_zero|street_fighter_zero_2|street_fighter_zero_3|street_fighter_zero_i|street_fighter_zero_ii|street_fighter_zero_iii|streetfighteralpha|快打旋风ZERO（台）|街头霸王Alpha,街头霸王ZERO,3478,《街头霸王》系列第三部，作为初代与二代之间的前传，海外名为 Alpha
pokemon_journeys,3,pokemon_swsh_(anime)|寶可夢 旅途|精灵宝可梦 旅途,宝可梦 旅途,3474,宝可梦动画第七部系列，2019年开播，小智游历多个地区
boruto:_naruto_next_generations,3,BORUTO-火影新世代-|boruto|博人传|火影新世代,博人传 火影次世代,3456,火影忍者的续篇，讲述鸣人之子博人与同伴的成长
overlord_(maruyama),3,overlord|不死者之王,OVERLORD,3451,丸山黄金创作、so-bin插画的轻小说系列，描写安兹与纳萨力克大坟墓
final_fantasy_viii,3,FF8|Final Fantasy VIII|ff8|ffviii|最终幻想VIII,最终幻想8,3448,《最终幻想》系列第八作，1999年登陆PlayStation
project_voltage,3,Project VOLTAGE|projectvoltage|宝可梦 feat. 初音未来,宝可梦 feat. 初音未来,3446,宝可梦与初音未来的联动企划，为初音16周年推出18种属性歌曲
yu-gi-oh!_5d's,3,yugioh_5d's|yuu-gi-ou_5d's|游戏王5DS|遊☆戯☆王5D's,游戏王5D's,3432,《游戏王》动画第三作，以骑乘决斗与同步召唤为特色
azumanga_daioh,3,Azumanga Daioh|笑园漫画大王|笑园漫画大王（台）,阿兹漫画大王,3405,东清彦的四格漫画，描写女高中生们的日常，2002年改编为动画
maria-sama_ga_miteru,3,Marimite|maria_watches_over_us|marimite|玛莉亚的凝望|玛莉亚的凝望（台）,圣母在上,3400,今野绪雪创作的轻小说，以天主教女校的姐妹制度为背景
death_note,3,Death Note|deathnote|死亡笔记本（台）|死亡筆記|死账梦,死亡笔记,3399,大场鸫原作、小畑健作画的漫画，2006年改编动画
tokyo_ghoul,3,Tokyo Ghoul|tokyoghoul|东京喰种|東京喰種,东京食尸鬼,3398,石田翠创作的黑暗奇幻漫画及动画，以喰种与人类的冲突为主线
cookie_run:_kingdom,3,Cookie Run: Kingdom|cookie_run_kingdom|cookierunkingdom|冲呀饼干人王国|冲呀饼干人王国上线|冲呀！饼干人：王国|薑餅人王國|饼干人王国,姜饼人王国,3390,2021年发行的《姜饼人》系列动作角色扮演手游，含抽卡要素
fire_emblem_echoes:_shadows_of_valentia,3,Fire Emblem Echoes|feechoes|fire_emblem_echoes:_mou_hitori_no_eiyuuou|火焰之纹章Echoes 另一位英雄王|火焰纹章回声,火焰纹章Echoes 另一位英雄王,3389,《火焰纹章外传》的3DS重制版
umamusume:_cinderella_gray,3,赛马娘 Cinderella Gray|赛马娘 芦毛灰姑娘,赛马娘 芦毛灰姑娘,3368,以小栗帽为主角的《赛马娘》漫画，2025年改编为动画
fate/prototype,3,,Fate/Prototype,3343,奈须蘑菇高中时期创作的《Fate》原型小说，后有前传《苍银的碎片》
nichijou,3,My Ordinary Life|Nichijou|my_ordinary_life,日常,3339,あらゐけいいち的搞笑漫画，2011年由京都动画改编为动画
rabbit_hole_(vocaloid),3,ラビットホール|兔子洞,Rabbit Hole,3330,DECO*27创作、初音未来演唱的Vocaloid歌曲，插画由omutatsu绘制
futari_wa_precure,3,Pretty Cure|futari_wa_precure_(1st)|futari_wa_pretty_cure|两个人的光之美少女,光之美少女（初代）,3311,光之美少女系列初代作品，美墨渚与雪城穗乃香变身为光之战士
mother_(series),3,MOTHER|mother_(game)|地球冒險,地球冒险,3309,任天堂的角色扮演游戏系列，海外名EarthBound，现代背景
senran_kagura_new_link,3,忍者大师 闪乱神乐 NEW LINK|闪乱神乐NewLink,闪乱神乐 New Link,3306,闪乱神乐系列的手机卡牌角色扮演游戏，2017年上线
girlfriend_(kari),3,Girl Friend Beta|ガールフレンド（仮）,女友伴身边,3302,CyberAgent 的手机社交卡牌游戏，英文名 Girl Friend Beta
kara_no_kyoukai,3,The Garden of Sinners|the_garden_of_sinners|空之境界 the Garden of sinners,空之境界,3265,奈须蘑菇的系列小说，与《Fate》同世界观
wonderful_precure!,3,Wonderful Pretty Cure!|wonderful_precure|wonderful_pretty_cure|wonderful_pretty_cure!|美妙宠物 光之美少女（台）,Wonderful光之美少女,3262,《光之美少女》系列第21作，2024年播出，舞台是动物镇
chaos;head,3,CHAOS;HEAD|混沌头脑,混沌之脑,3261,5pb.与Nitroplus在2008年推出的科学冒险系列视觉小说，同年改编动画
trickcal,3,Trickcal: Revive|trickcal:_chibi_go|trickcal_revive|嘟嘟脸恶作剧|坨坨脸恶作剧|特里克卡尔|穿越异世界恶作剧,嘟嘟脸恶作剧,3254,韩国Epid Games开发的自走棋式抽卡游戏，以Q版角色与轻松氛围著称
resident_evil_4,3,BIOHAZARD 4|Resident Evil 4|biohazard_4|恶灵古堡4（台）,生化危机4,3253,2005年发售的第三人称射击生存恐怖游戏，主角为里昂
kanon,3,雪之少女,Kanon,3252,Key 1999年的成人视觉小说，2006年由京都动画改编
22/7,3,,22/7,3251,秋元康制作的跨次元偶像团体企划，以跨越维度为主题
wizarding_world,3,Wizarding World|巫师世界,魔法世界,3235,J.K.罗琳的媒体企划，涵盖《哈利·波特》与《神奇动物》等作品
emil_chronicle_online,3,伊希欧之梦|伊希歐之夢|埃米尔物语,艾米尔编年史,3228,Headlock 2005年起运营的日本免费MMORPG
mihoyo,3,HoYoverse|hoyolab|hoyoverse|miHoYo|mihoyo_technology_(shanghai)_co._ltd.|米哈遊,米哈游,3221,总部位于上海的中国游戏公司，出品原神与崩坏等系列作品
holostars_english,3,HOLOSTARS English|Holostars EN|holostarsen,Holostars English,3220,Holostars的英语分部，2022年起推出TEMPUS等组合
yuri!!!_on_ice,3,YURI!!! on ICE|Yuri!!! on Ice|yuri_on_ice,冰上的尤里,3210,MAPPA制作的2016年花样滑冰题材动画，山本沙代执导
go!_princess_precure,3,GO! 光之美少女公主（台）|Go! Princess Pretty Cure!|go!_princess_pretty_cure|go_princess_precure|go_princess_pretty_cure,Go! Princess光之美少女,3197,2015年播出的光之美少女系列第十二作，以公主为主题
evangelion:_2.0_you_can_(not)_advance,3,EVA新剧场版：破|evangelion_shin_gekijouban:_ha|新世纪福音战士新剧场版：破,福音战士新剧场版：破,3195,《福音战士新剧场版》系列第二部电影
closers,3,Closers|封印者 Closers,封印者,3194,NADDIC GAMES 开发的韩国卡通渲染动作 MORPG
twitter,3,Twitter|X（推特）|x_(website),推特,3183,美国的微博客社交平台，2023年更名为X
ikkitousen,3,一騎當千|一骑当千系列,一骑当千,3170,盐崎雄二的漫画，改编自三国演义的斗士题材作品
oshiro_project:re,3,castle_project|oshiro_collection|oshiro_project|oshiro_project_re|shiropro|shiropro:re|城娘|御城收藏（台）|御城计划,御城计划:RE,3167,DMM GAMES的城郭拟人化塔防游戏，为《御城Project》的改版
sayonara_zetsubou_sensei,3,さよなら絶望先生|绝望先生|绝望先生（台）,再见绝望先生,3166,久米田康治的漫画，2005至2012年连载，由SHAFT动画化
komi-san_wa_komyushou_desu,3,Komi Can't Communicate|komi-san|komi_can't_communicate|komicantcommunicate|komisan|古見同學是溝通魯蛇（台）|古见同学是沟通鲁蛇,古见同学有交流障碍症,3163,小田智仁创作的漫画，讲述交流障碍少女古见硝子与只野仁人的校园日常
pokemon_gold/silver/crystal,3,pokemon_crystal|pokemon_gold|pokemon_gold_and_silver|pokemon_gs|pokemon_gsc|pokemon_silver,宝可梦 金／银／水晶,3163,第二世代宝可梦游戏，舞台为城都地区，后推出心金魂银重制版
final_fantasy_vii:_advent_children,3,final_fantasy_vii_advent_children,最终幻想7：圣子降临,3159,2005年推出的《最终幻想7》CG电影，故事在本篇两年后
inuyasha,3,Inuyasha,犬夜叉,3135,高桥留美子的战国奇幻漫画，讲述少女与犬妖的旅程
danganronpa_3_(anime),3,Danganronpa 3|枪弹辩驳3（台）,弹丸论破3 -The End of 希望之峰学园-,3133,2016年播出的《弹丸论破》系列电视动画，分未来篇与绝望篇
grimms_notes,3,Grimms Notes|グリムノーツ,格林笔记,3133,Genki开发、Square Enix发行的童话题材手机抽卡角色扮演游戏
yes!_precure_5,3,Yes! Pretty Cure 5|Yes! 光之美少女5 GoGo!|pretty_cure_5|yes!_pretty_cure_5,Yes! 光之美少女5,3125,《光之美少女》系列第3作，续作为GoGo!
spider-verse,3,蜘蛛人宇宙（台）|蜘蛛侠：平行宇宙|蜘蛛宇宙,蜘蛛侠宇宙,3113,围绕不同宇宙蜘蛛侠展开的蜘蛛侠子系列
make_heroine_ga_oo_sugiru!,3,Too Many Losing Heroines!|makeine|too_many_losing_heroines!|败北女角太多了|败犬女主太多了|败犬女主太多了!|败犬女主角太多了,败犬女主太多了,3099,雨森焚火创作的恋爱喜剧轻小说，2024年被改编为动画
happinesscharge_precure!,3,Happiness Charge 光之美少女！|HappinessCharge光之美少女|happiness_charge_precure|happiness_charge_precure!|happiness_charge_pretty_cure|happiness_charge_pretty_cure!|happinesscharge_precure|happinesscharge_pretty_cure|happinesscharge_pretty_cure!,Happiness Charge光之美少女,3088,《光之美少女》系列第11作，2014年播出，以恋爱与时尚为主题
shakugan_no_shana,3,Shakugan no Shana,灼眼的夏娜,3080,高桥弥七郎的轻小说，2005年起由J.C.Staff改编为三季动画
honkai_gakuen,3,houkai_gakuen,崩坏学园,3064,米哈游的早期手机游戏，讲述少女们在丧尸末日的生存
persona_3_portable,3,P3P|女神异闻录3 Portable,女神异闻录3 携带版,3060,女神异闻录3的PSP移植版，新增女性主角与相关剧情
promare,3,PROMARE,普罗米亚,3027,Studio Trigger2019年的原创动画电影，以烈焰救火队为题材
warcraft,3,Warcraft|魔兽|魔兽世界,魔兽争霸,3025,暴雪开发的即时战略与网络游戏系列，始于1994年的《魔兽争霸》
poptepipic,3,POP TEAM EPIC|pop_team_epic|popteamepic|pop子和pipi美,pop子和pipi美的日常,3021,大川bkub创作的四格搞笑漫画，以荒诞玩梗与粗口段子著称
magical_mirai_(vocaloid),3,Magical Mirai|magical_mirai|magicalmirai|初音未来 魔法未来,魔法未来,3011,Crypton自2013年起每年举办的初音未来演唱会活动，多在8月前后举行
soulcalibur,3,soul_calibur|剑魂,灵魂能力,3001,南梦宫发行的 3D 武器格斗游戏系列，以 8-Way Run 移动为特色
dark_souls_i,3,darksouls|darksouls1|黑暗之魂|黑魂1,黑暗之魂1,2988,黑暗之魂三部曲首作，2011年登陆PS3与Xbox 360
kimi_no_koto_ga_dai_dai_dai_dai_daisuki_na_100-nin_no_kanojo,3,hyakkano|百人女友,超超超超超喜欢你的100个女朋友,2983,中村力斗原作的恋爱喜剧漫画，男主将同时交往100位女友，已改编动画
gundam_zz,3,ZZ高达|高达ZZ,机动战士高达ZZ,2977,1986年播出的《Z高达》续作，前半段以喜剧风格著称
brave_witches,3,,无畏魔女,2963,强袭魔女的外传动画与轻小说，属于World Witches企划
fate/samurai_remnant,3,Fate/Samurai Remnant|fate/samurairemnant|fate/sr|fatesr|fatesr_art,命运/武士残响,2963,Type-Moon与光荣特库摩2023年推出的动作RPG，舞台为江户时代
mon-musu_quest!,3,monster_girl_quest,勇者大战魔物娘,2963,トロトロレジスタンス的魔物娘题材成人游戏三部曲
working!!,3,wagnaria!!|working,迷糊餐厅,2958,高津カリノ的四格漫画，以家庭餐厅打工日常为题材
blue_lock,3,,蓝色监狱,2943,金城宗幸原作、野村优介作画的足球漫画，以培育世界第一前锋为题材
the_legend_of_luo_xiaohei,3,luo_xiaohei_zhanji,罗小黑战记,2934,MTJJ创作的中国网络动画，讲述猫妖罗小黑的故事，2019年推出剧场版
dragon_ball_(classic),3,dragon_ball|dragonball|七龙珠|摩诃不思议大冒険,龙珠（初代）,2914,1984至1988年连载的龙珠漫画及早期动画，赛亚人篇前的故事
yume_nikki,3,dream_diary|yumenikki,梦日记,2891,Kikiyama用RPG Maker 2003制作的超现实探索恐怖同人游戏
sword_art_online:_alicization,3,,刀剑神域 Alicization,2890,刀剑神域轻小说第四部主线篇章，讲述桐人进入虚拟世界Underworld
m.u.g.e.n,3,mugen_(game),M.U.G.E.N,2884,Elecbyte制作的免费格斗游戏引擎，可导入大量自制角色对战
my_melody_(series),3,,美乐蒂,2881,三丽鸥以美乐蒂为核心的品牌，含酷洛米等角色
tales_of_the_abyss,3,,深渊传说,2876,传说系列第八部母舰作品，讲述贵族少年路克的成长故事
toji_no_miko,3,katana_maidens|刀使巫女,刀使巫女,2873,以御刀少女讨伐荒魂为主题的多媒体企划，含漫画、动画与手游
mob_psycho_100,3,mobpsycho100|路人超能100,灵能百分百,2866,ONE创作的漫画，讲述超能力少年影山茂夫的成长，Bones改编动画
aria_(manga),3,aria,水星领航员,2842,天野梢的治愈系科幻漫画，描写火星运河上的领航员见习生
girls'_frontline_neural_cloud,3,girls_frontline_neural_cloud|neural_cloud|neuralcloud|neuralcloudart|project_neural_cloud|projectneuralcloud|云图计划,少女前线：云图计划,2842,《少女前线》的衍生手游，以人形的心智云图为舞台
breath_of_fire,3,龙息之焰,龙战士,2824,卡普空的角色扮演游戏系列，1993年在SFC首发
hidamari_sketch,3,sunshine_sketch,向阳素描,2815,苍树梅的四格漫画，讲述美术生公寓生活，2007年起动画化
final_fantasy_x,3,ff10|ffx|final_fantasy_10|最终幻想X,最终幻想10,2810,《最终幻想》系列第十作，2001年登陆PS2
berserk,3,烙印勇士|烙印战士,剑风传奇,2804,三浦建太郎的暗黑奇幻漫画，描绘剑士格斯的复仇之旅
vedal_ai,3,,Vedal AI,2790,VTuber Vedal987及其创造的AI角色Neuro-sama相关的版权标签
little_red_riding_hood_(fairy_tale),3,赤头巾,小红帽,2783,格林兄弟整理的著名童话，讲述少女与狼在森林中的相遇
senpai_ga_uzai_kouhai_no_hanashi,3,my_senpai_is_annoying|前辈有够烦,关于前辈很烦人的事,2783,しろまんた的职场恋爱喜剧网络漫画，2021年动画化
final_fantasy_iv,3,ff4|ffiv|最终幻想IV,最终幻想4,2781,《最终幻想》系列第四作，1991年登陆SFC，系列首部SFC作品
tales_of_symphonia,3,交响曲传奇|交响曲传说,仙乐传说,2765,传说系列第五部作品，首个3D化作品，2003年登陆GameCube
dragon_quest_iv,3,dragon_quest_4|勇者斗恶龙IV,勇者斗恶龙4,2761,系列第四作，分章节讲述多位主角，最后集结成队
sana_channel,3,,名取纱那,2753,虚拟YouTuber名取纱那的YouTube频道
shantae_(series),3,shantae|香缇,桑塔,2752,WayForward开发的2D横版动作游戏系列，主角为半精灵少女桑塔
superman_(series),3,superman,超人,2742,DC 出版的超人漫画系列及各类衍生改编作品
atelier_ryza_1,3,atelierryza|莱莎的炼金工房1:常暗女王与秘密藏身处|莱莎的炼金工房～常暗女王与秘密藏身处～,莱莎的炼金工房1,2731,《炼金工房》系列第21作，2019年发售，秘密三部曲第一部
tales_of_xillia,3,无尽传奇,无尽传说,2725,传说系列第十三部母舰作品，2011年登陆PS3，2025年推出复刻版
live_a_hero,3,liveahero,Live A Hero,2718,LifeWonders的手机扭蛋游戏，以多元性向的英雄题材与未来宇宙为背景
brown_dust_(series),3,棕色尘埃（系列）,棕色尘埃系列,2716,Neowiz开发的韩国抽卡游戏系列，以佣兵团队养成为核心
seiken_densetsu,3,mana_(series)|圣剣伝说,圣剑传说,2700,史克威尔艾尼克斯的角色扮演游戏系列，欧美名为Mana系列
harry_potter_(series),3,harry_potter|哈利·波特（系列）|哈利波特,哈利·波特,2698,J.K.罗琳创作的魔法题材小说系列，后发展为庞大的多媒体企划
pokemon_the_series:_xy,3,pokemon_x_and_y_(anime)|pokemon_xy_(anime),宝可梦 XY,2698,宝可梦动画第五部系列，改编自第六世代游戏，舞台为卡洛斯地区
tokidoki_bosotto_roshia-go_de_dereru_tonari_no_alya-san,3,alya_sometimes_hides_her_feelings_in_russian|roshidere|tokidoki_bosotto_roshia-go_de_dereru_tonari_no_arya-san|俄语艾莉|时不时说一句俄罗斯语来掩饰害羞的邻桌艾莉同学,不时轻声地以俄语遮羞的邻座艾莉同学,2693,燦々SUN创作、Momoko插画的校园恋爱喜剧轻小说，有动画改编
mahou_shoujo_ni_akogarete,3,gushing_over_magical_girls|looking_up_to_magical_girls|mahoako,憧憬成为魔法少女,2685,小野中彰大创作的搞笑漫画，讲述憧憬魔法少女的少女加入邪恶组织，2024年动画化
hayate_no_gotoku!,3,hayate_no_gotoku|hayate_no_gotoku!!|hayate_the_combat_butler,旋风管家,2679,畑健二郎的漫画，讲述少年管家绫崎飒与少女三千院凪的日常
dragon_quest_xi,3,勇者斗恶龙XI,勇者斗恶龙11,2670,系列第十一作，2018年登陆PS4与3DS等平台
choukou_(alicesoft),3,超昂系列,超昂,2650,AliceSoft 的成人游戏系列，含《超昂天使》《超昂闪忍》等作品
onmyoji,3,onmyouji|阴阳师同人|阴阳师手游|阴阳师本格幻想,阴阳师,2650,网易开发的日式和风RPG手游，2017年2月在中国上线
dairoku_ryouhei,3,dairoku_youhei|jaeger_six,第六猎兵,2645,Tommy Walker 公司的网络对战与桌上角色扮演游戏企划
fire_emblem_cipher,3,fecipher|fire_emblem_0_(cipher)|火焰纹章0,火焰纹章Cipher,2643,任天堂与Intelligent Systems推出的集换式卡牌游戏
macross_delta,3,超时空要塞Delta,超时空要塞Δ,2642,2016年播出的《超时空要塞》电视动画，故事发生于2067年的银河
street_fighter_iv_(series),3,street_fighter_iv|streetfighter4|streetfighteriv|super_street_fighter_iv|ultra_street_fighter_iv|快打旋风4,街头霸王4,2634,《街头霸王》系列第五部正统作，2008 年发售，首次采用 3D 图形
mega_man_legends_(series),3,megaman_legends|rockman_dash|洛克人传奇,洛克人DASH,2632,洛克人系列的3D动作冒险分支，1997年登陆PS平台
di_gi_charat,3,digi_charat|digicharat,叮当小魔女,2626,小夏钝帆创作的漫画起点多媒体企划，角色有数码子等
brown_dust_2,3,browndust2|browndust2_fanart,棕色尘埃2,2625,GAMFS N开发、Neowiz发行的策略角色扮演游戏，以大胆的角色设计著称
final_fantasy_v,3,ff5|ffv|最终幻想V,最终幻想5,2619,《最终幻想》系列第五作，1992年登陆SFC
new_game!,3,newgame!|newgame!!,NEW GAME!,2610,得能正太郎的漫画，2016与2017年由动画工房改编为两季动画，描绘游戏公司职场
elden_ring_nightreign,3,nightreign,艾尔登法环 黑夜君临,2601,FromSoftware 2025年5月推出的三人联机生存动作游戏
to_love-ru_darkness,3,toloveru_darkness,出包王女DARKNESS,2596,《出包王女》的续篇漫画，2010年起在Jump Square连载
durarara!!,3,drrr|drrr!!|durarara,无头骑士异闻录,2592,成田良悟创作、安田典生插画的轻小说，2010年改编为动画
world_of_warcraft,3,worldofwarcraft,魔兽世界,2588,以《魔兽争霸》世界观为背景的大型多人在线角色扮演游戏
teen_titans,3,teentitans|泰坦战队,少年泰坦,2587,DC漫画的超级英雄团队，2003年动画版影响最为深远
saenai_heroine_no_sodatekata,3,how_to_raise_a_boring_girlfriend|saekano|不起眼女主角培育法,路人女主的养成方法,2583,丸户史明的轻小说及改编动画，讲述游戏制作社团的恋爱喜剧
rune_factory,3,runefactory|符文工房,符文工厂,2581,Neverland开发的牧场物语衍生角色扮演模拟游戏
watashi_ni_tenshi_ga_maiorita!,3,wataten,天使降临到了我身边,2573,椋木ななつ的漫画，描写大学生与小学生姐妹的日常，2019年动画化
final_fantasy_tactics,3,fft|最终幻想战术版,最终幻想战略版,2569,Square 1997年在PS发售的战棋RPG，属《最终幻想》系列
lawson,3,,罗森,2562,日本的连锁便利店品牌，与众多动漫作品进行过联动
uzaki-chan_wa_asobitai!,3,uzaki-chan_wants_to_hang_out!|宇崎酱想要玩,宇崎学妹想要玩,2562,丈的漫画，讲述大学生与缠人学妹的日常，2020年动画化
star_twinkle_precure,3,star_twinkle_pretty_cure|星奈光|星闪☆光之美少女,星光闪亮☆光之美少女,2553,《光之美少女》系列第 16 作，2019 年播出，以星空与外星约定为主题
microsoft_windows,3,microsoftwindows|windows,Windows,2545,微软开发的操作系统系列，是个人电脑主流的图形界面平台
ghost_in_the_shell,3,ghostintheshell|koukaku_kidoutai,攻壳机动队,2544,士郎正宗1989年创作的赛博朋克漫画，衍生出多部动画与电影
mahou_tsukai_no_yoru,3,mahoyo|witch_on_the_holy_night|魔夜,魔法使之夜,2534,TYPE-MOON2012年发售的视觉小说，奈须蘑菇执笔，主角为苍崎青子
muv-luv_alternative,3,muvluv_alternative,Muv-Luv Alternative,2526,âge社科幻视觉小说，Muv-Luv三部曲的第三部
adventure_time,3,adventure_time:_elements|adventure_time:_islands|adventure_time:_stakes|adventuretime|冒险时光|探险时光,探险活宝,2525,Cartoon Network播出的美国动画，讲述芬恩与杰克在Ooo大陆的冒险
shinryaku!_ikamusume,3,shinryaku!_ika_musume|squid_girl_(series)|侵略！花枝娘,侵略！乌贼娘,2490,安部真弘的搞笑漫画，描写乌贼娘侵略陆地的日常，2010年动画化
mabinogi,3,玛奇,洛奇,2488,Nexon的大型多人在线角色扮演游戏，以丰富的NPC互动与角色定制著称
.live,3,,.LIVE,2484,Appland运营的虚拟YouTuber企划，管理电子少女SIRO与偶像部成员
godzilla_(series),3,,哥斯拉,2482,东宝创作的怪兽特摄系列，围绕巨大怪兽哥斯拉展开
coca-cola,3,,可口可乐,2481,可口可乐公司生产的可乐味碳酸饮料，世界知名品牌
dolphin_wave,3,,海豚浪潮,2475,Honey Parade Games开发的2022年摩托艇题材抽卡游戏
steins;gate_0,3,,命运石之门0,2473,《命运石之门》的续作视觉小说，2015 年发售
fire_emblem_warriors:_three_hopes,3,fire_emblem:_three_hopes|fireemblemthreehopes,火焰纹章无双 风花雪月,2462,《火焰之纹章 风花雪月》的外传无双作品
zombie_stage,3,,Zombie Stage,2462,《ALIEN STAGE》的平行世界设定，丧尸化偶像参加比赛，败者的身体部位会被拍卖
funamusea,3,funamuseart|funamuseum|海底囚人,海底囚人,2458,创作者海底囚人构筑的统一世界观作品群及原创角色
under_night_in-birth,3,inbirth|undernightin-birth|undernightinbirth,夜下降生,2444,French-Bread开发、Arc System Works发行的2D格斗游戏
ijiranaide_nagatoro-san,3,"don't_toy_with_me_miss_nagatoro|please_don't_bully_me_nagatoro|不要欺负我,长瀞同学",不要欺负我，长瀞同学,2443,774的恋爱喜剧漫画，2017年起连载并改编为动画
cinderella_girls_gekijou,3,灰姑娘女孩剧场,偶像大师 灰姑娘女孩剧场,2441,《偶像大师 灰姑娘女孩》的短篇漫画企划及同名动画
tropical-rouge!_precure,3,tropical-rouge!_pretty_cure|tropical-rouge_precure|tropical-rouge_pretty_cure|tropical_rouge_precure|tropical_rouge_pretty_cure,热情闪耀！光之美少女,2436,东映动画制作的《光之美少女》系列第18作，2021年播出
super_sentai,3,supersentai|令和戦队|平成戦队|戦队金银|昭和戦队|超世纪全戦队|超级战队系列,超级战队,2433,东映制作的特摄系列，以战队英雄、巨大机器人与每周怪人为特色
idolmaster_2,3,,偶像大师2,2404,2011年在Xbox 360发售的偶像大师正作，新增男性组合
mega_man_battle_network_(series),3,mega_man_battle_network|megaman_battle_network|rockman.exe|rockman_exe,洛克人EXE,2404,洛克人系列的衍生分支，以网络世界战斗为主题，共六作
digimon_adventure,3,digimon_adventures|数码暴龙大冒险,数码宝贝大冒险,2400,数码宝贝首部电视动画，八神太一等被选召的孩子进入数码世界
nisemonogatari,3,,伪物语,2400,西尾维新的《物语》系列轻小说，为《化物语》续篇，2012年由SHAFT改编动画
wild_arms,3,wildarms|狂野历险,荒野兵器（系列）,2400,Media Vision开发的角色扮演游戏系列，首作1997年登陆PS1
castlevania_(series),3,akumajou_dracula|castlevania,恶魔城（游戏系列）,2398,科乐美的横向卷轴动作游戏系列，日文名为恶魔城德古拉
dragon_quest_v,3,dragon_quest_5|勇者斗恶龙V,勇者斗恶龙5,2391,系列第五作，以主角一生与怪物伙伴为主题
trigun,3,,枪神,2390,内藤泰弘创作的少年漫画，讲述枪手法修·斯坦比特的故事
yuusha_de_aru,3,,勇者部系列,2387,角川的多媒体企划，由贵博原作、BUNBUN负责角色设计
persona_5_the_royal,3,女神异闻录5R,女神异闻录5 皇家版,2386,女神异闻录5的加强版，追加新角色、机制与第三学期剧情
black_lagoon,3,blacklagoon|企业佣兵,黑礁,2378,广江礼威的犯罪动作漫画，讲述东南亚海域的佣兵运输团队
call_of_duty,3,决胜时刻,使命召唤,2378,以第一人称射击为主的游戏系列，由动视发行
dragon_ball_gt,3,dragonball_gt|dragonballgt|七龙珠GT,龙珠GT,2377,龙珠第三部动画，故事原创新增超级赛亚人4
kirakira_precure_a_la_mode,3,kira_kira_precure|kira_kira_precure_a_la_mode|kira_kira_pretty_cure|kira_kira_pretty_cure_a_la_mode|kirakira_precure|kirakira_pretty_cure|kirakira_pretty_cure_a_la_mode|precure_a_la_mode|pretty_cure_a_la_mode,闪亮☆光之美少女 A La Mode,2376,光之美少女系列第14部作品，2017年播出，以甜点为主题
kill_me_baby,3,,爱杀宝贝,2374,カヅホ创作的四格动作喜剧漫画，2012年由J.C.STAFF改编动画
show_by_rock!!,3,showbyrock!!|摇滚少女,SHOW BY ROCK!!,2367,Sanrio的手机音乐游戏，2015年由Bones改编为动画
lord_of_the_mysteries,3,lord_of_enigma|lordofthemysteries|诡秘之主同人,诡秘之主,2362,爱潜水的乌贼创作的中国网络小说三部曲，含《宿命之环》，蒸汽朋克与克苏鲁风
guilty_crown,3,guiltycrown,罪恶王冠,2359,Production I.G制作的2011年原创动画，以被病毒感染的日本为舞台
sengoku_basara,3,战国婆娑罗|戰國婆娑羅,战国BASARA,2359,卡普空的战国题材动作游戏系列，后改编为动画
touhou_tag_dream,3,夢の東方タッグ編,东方Tag Dream,2359,出纳创作的同人四格漫画，幻想乡少女组队参加摔角大赛
sword_girls,3,Sword Girls|swordgirls|ソードガールズ,剑之少女,2358,韩国Zeonix开发的网页集换式卡牌游戏，卡牌数量逾千
bishoujo_senshi_sailor_moon_s,3,Sailor Moon S|美少女戰士S,美少女战士S,2356,美少女战士第三季动画，改编漫画无限学园篇，小小兔与外部太阳系战士登场
embodiment_of_scarlet_devil,3,the_embodiment_of_scarlet_devil|东方红魔郷|红魔乡|红魔郷,东方红魔乡,2352,东方Project第六作，2002年发售，是Windows平台首作
gundam_build_fighters_try,3,敢达创战者TRY|钢弹创斗者TRY,高达创战者TRY,2350,《高达创战者》的续作，七年后以三对三钢普拉对战为主
chaos;child,3,CHAOS;CHILD|chaoschild,混沌之子,2349,5pb.在2014年推出的悬疑视觉小说，属于科学冒险系列
god_eater,3,God Eater|gods_eater,噬神者,2345,万代南梦宫2010年的 PSP 动作游戏，玩家讨伐荒神，2011年推出加强版
saga,3,SaGa|沙加系列,沙加,2343,Square Enix开发发行的角色扮演游戏系列
dengeki_moeoh,3,Dengeki Moeoh|dengeki_moeou|电撃萌王|電擊萌王,电击萌王,2335,《电击大王》的增刊，隔月发行的青年漫画杂志
gundam_unicorn,3,敢达独角兽|机动战士高达UC|钢弹独角兽,机动战士高达UC,2333,改编自福井晴敏小说的7集OVA，舞台为UC0096年的作品
digimon_card_game,3,Digimon Card Game|数码暴龙卡牌游戏,数码宝贝卡牌游戏,2328,以数码宝贝为题材的集换式卡牌游戏
silent_hill_(series),3,Silent Hill|silent_hill|silenthill|沉默之丘,寂静岭（系列）,2327,科乐美开发的生存恐怖游戏系列，舞台为化为异界的美国小镇
hugtto!_precure,3,Hugtto!光之美少女|hug_it!_precure|hug_it!_pretty_cure|hug_it_precure|hug_it_pretty_cure|hugtto!_pretty_cure|hugtto_precure|hugtto_pretty_cure|拥抱！光之美少女,HUG！光之美少女,2324,光之美少女系列第15作，平成时代最后一部作品
delicious_party_precure,3,delicious_party_pretty_cure|美味派对光之美少女|美味派对！光之美少女,美味派对♡光之美少女,2321,光之美少女系列第19作，2022年播出的动画
dorohedoro,3,,异兽魔都,2319,林田球创作的奇幻青年漫画，2000至2018年连载
waktaverse,3,,Waktaverse,2307,韩国主播Woowakgood创立的直播机构，旗下有异世界偶像等团体
sakura_taisen,3,Sakura Wars|sakura_wars|sakurataisen|櫻花大戰,樱花大战,2302,世嘉与Red Entertainment的蒸汽朋克战略恋爱游戏系列，始于1996年
rance_(series),3,Rance,兰斯,2298,AliceSoft的成人向RPG系列，以冒险者兰斯为主角
yuuki_bakuhatsu_bang_bravern,3,Bang Brave Bang Bravern|bang_brave_bang_bravern|勇气爆发,勇气爆发Bang Bravern,2295,Cygames与导演大张正己合作的2024年原创机器人动画
avengers_(series),3,Avengers|avengers|復仇者聯盟,复仇者联盟,2287,漫威的超级英雄团队系列，旗下有漫画与多部电影作品
super_mario_galaxy,3,Super Mario Galaxy|超级马里奥银河,超级马力欧银河,2283,2007 年登陆 Wii 的《马力欧》3D 平台动作游戏
minecraft_youtube,3,MCYT|Minecraft YouTubers|mcyt|美城云庭,MCYT,2272,围绕我的世界生存多人服务器与创作者形成的视频社区
hollow_knight:_silksong,3,,空洞骑士：丝之歌,2270,《空洞骑士》的续作，操作黄蜂女霍妮特的动作游戏
alchemy_stars,3,Alchemy Stars|alchemystars,白夜极光,2269,中国开发的科幻奇幻题材手机抽卡战棋游戏，2025年1月停服
tensei_shitara_slime_datta_ken,3,Tensura|That Time I Got Reincarnated as a Slime|tensura|that_time_i_got_reincarnated_as_a_slime|关于我转生成史莱姆这档事|转生史莱姆,关于我转生变成史莱姆这档事,2267,伏濑创作的异世界轻小说，讲述上班族转生为史莱姆的故事
utawarerumono_(series),3,utawareru_mono|utawarerumono,传颂之物,2265,Leaf开发的成人角色扮演冒险游戏系列，并有漫画与动画改编
randal's_friends,3,ranfren|兰德尔的朋友,Randal's Friends,2263,Captain Howdie创作的加拿大网络漫画
kusuriya_no_hitorigoto,3,kusuriyanohitorigoto|the_apothecary_diaries|药师少女的独语|藥屋少女的呢喃,药屋少女的呢喃,2262,日向夏的轻小说，讲述后宫药师少女猫猫破解谜案，已改编动画与漫画
ryuu_ga_gotoku_(series),3,Like a Dragon|Yakuza|like_a_dragon_(series)|ryuu_ga_gotoku|yakuza_(series)|人中之龍|人中之龙,如龙,2262,世嘉发行的开放世界动作游戏系列，以黑道题材与神室町为舞台
air_(visual_novel),3,air,AIR,2248,Key开发的恋爱冒险游戏，后由京都动画改编为动画
fatal_frame,3,Fatal Frame|零系列,零,2242,以相机封印怨灵的日式恐怖游戏系列，日文名为《零》
yu-gi-oh!_arc-v,3,yugioh_arc-v|yuu-gi-ou_arc-v|遊戲王ARC-V,游戏王ARC-V,2241,《游戏王》动画系列衍生作，以灵摆召唤与多个次元为题材
idolmaster_dearly_stars,3,THE iDOLM@STER Dearly Stars|偶像大师DS,偶像大师 Dearly Stars,2235,任天堂DS平台的偶像大师作品，从偶像视角展开故事
keroro_gunsou,3,Keroro军曹|sergeant_frog|sgt._frog|ケロロ軍曹,青蛙军曹,2235,吉崎观音的搞笑漫画，讲述外星青蛙小队寄居地球家庭的日常，已改编动画
duel_masters,3,Duel Masters|決鬥王,决斗大师,2232,威世智与Takara Tomy改编自《万智牌》的日本集换式卡牌游戏，2002年推出
cinderella_series,3,シンデレラシリーズ|灰姑娘系列,Cinderella系列,2228,Akatsuki 的体育题材手机游戏系列，含《灰姑娘九人》《灰姑娘十一人》
slam_dunk_(series),3,Slam Dunk|slamdunk|thefirstslamdunk|灌籃高手,灌篮高手,2224,井上雄彦的篮球漫画，描写湘北高中篮球队的青春故事
melonbooks,3,メロンブックス|蜜瓜书,Melonbooks,2223,1998年创立的日本大型同人商品专门店
karakai_jouzu_no_takagi-san,3,teasing_master_takagi-san|擅長捉弄人的高木同學|擅长捉弄人的高木同学,擅长捉弄的高木同学,2221,山本崇一朗的漫画，2018年起改编为动画
dragon's_crown,3,魔龍寶冠|魔龙宝冠,龙之皇冠,2217,Vanillaware开发的2013年PS3与PSV横版动作角色扮演游戏
gensou_suikoden,3,suikoden|幻想水浒伝|幻想水滸傳|幻水,幻想水浒传,2215,科乐美的 RPG 系列，以108星与27真之纹章为核心设定
heaven's_feel,3,HF|Heaven's Feel|天之衣,天之杯,2213,《Fate/stay night》中围绕间桐樱的路线，后被ufotable改编为剧场版
senran_kagura_shoujo-tachi_no_shin'ei,3,Senran Kagura: Shoujo-tachi no Shin'ei|senran_kagura_shoujo-tachi_no_shinei|少女们的真影,闪乱神乐 少女们的真影,2213,2011年Nintendo 3DS上的闪乱神乐系列首作
dissidia_final_fantasy,3,Dissidia|纷争,最终幻想 纷争,2208,PSP平台的最终幻想角色对战动作游戏
final_fantasy_xvi,3,FF16|FFXVI|ff16|ffxvi|final_fantasy_16|finalfantasy16|finalfantasyxvi|最终幻想XVI,最终幻想16,2206,《最终幻想》系列第16部正传，回归中世纪奇幻风格
hachigatsu_no_cinderella_nine,3,八月的灰姑娘9|八月的灰姑娘棒球队,八月的灰姑娘九,2199,角川与Akatsuki的手机游戏，玩家带领女子棒球队，2019年改编动画
lovebrush_chronicles,3,Lovebrush Chronicles|for_all_time|lovebrushchronicles|时空中的绘旅人同人|绘旅人,时空中的绘旅人,2196,网易开发的女性向恋爱手游，玩家扮演美术系新生，2023年推出英文版
scott_pilgrim_(series),3,scott_pilgrim_vs_the_world|scottpilgrim|歪小子史考特,歪小子斯科特,2194,布莱恩·李·奥马利的漫画系列，讲述多伦多乐队贝斯手的故事
tokyo_revengers,3,tokyorevengers|东京卍复仇者|東京卍復仇者,东京复仇者,2193,和久井健创作的少年漫画，主角穿越回过去试图改变挚友的命运
kin-iro_mosaic,3,Kinmoza!|kin'iro_mosaic|kiniro_mosaic|kinmosa|kinmoza!|黃金拼圖,黄金拼图,2189,原悠衣创作的日常四格漫画，讲述与英国留学生的校园生活，2013年动画化
ano_hi_mita_hana_no_namae_wo_bokutachi_wa_mada_shiranai.,3,Anohana|anohana|the_flower_we_saw_that_day|我们仍未知道那天所看见的花名|我们仍未知道那天所看见的花的名字。|未闻花名|那朵花,我们仍未知道那天所看见的花的名字,2182,2011年播出的原创动画，由A-1 Pictures制作，长井龙雪执导
mahou_girls_precure!,3,maho_girls_precure|maho_girls_precure!|maho_girls_pretty_cure|maho_girls_pretty_cure!|mahou_girls_precure|mahou_girls_pretty_cure|mahou_girls_pretty_cure!|mahou_tsukai_precure|mahou_tsukai_precure!|mahou_tsukai_pretty_cure|mahou_tsukai_pretty_cure!|mahoutsukai_precure|mahoutsukai_precure!|mahoutsukai_pretty_cure|mahoutsukai_pretty_cure!|witchy_precure|witchy_precure!|witchy_pretty_cure|witchy_pretty_cure!|魔法使光之美少女！|魔法使！光之美少女,魔法使光之美少女,2182,光之美少女系列第13作，2016年播出，以魔法与魔女为主题
doraemon,3,哆啦A夢|多啦A梦|多啦春梦|小叮当|机器猫,哆啦A梦,2180,藤子·F·不二雄创作的漫画，讲述机器猫哆啦A梦与野比大雄
mickey_mouse_&_friends,3,mickey_and_friends|米奇和朋友们|米奇家族,米老鼠和朋友们,2175,迪士尼经典角色群像系列，围绕米老鼠等六位核心角色展开
boku_no_kokoro_no_yabai_yatsu,3,the_dangers_in_my_heart|我內心的糟糕念頭|我内心的糟糕念头|我心中的危险东西,我心里危险的东西,2173,樱井纪雄的恋爱喜剧漫画，2018年起连载，后改编为动画
final_fantasy_xv,3,FF15|FFXV|ff15|ffxv|final_fantasy_versus_xiii|最终幻想XV,最终幻想15,2171,Square Enix的角色扮演游戏，前身为《最终幻想 Versus XIII》
crisis_core:_final_fantasy_vii,3,crisis_core_final_fantasy_vii,最终幻想VII 核心危机,2165,Square Enix 的 PSP 动作角色扮演游戏，讲述扎克斯的故事
goblin_slayer!,3,Goblin Slayer|ゴブリンスレイヤー|哥布林杀手（漫画）,哥布林杀手,2161,蝸牛くも的黑暗奇幻轻小说，描绘专杀哥布林的冒险者，改编动画
fuwa_fuwa_cinnamoroll,3,Cinnamoroll|cinnamoroll|fluffy_fluffy_cinnamoroll|fluffyfluffycinnamoroll|喜拿|大耳狗喜拿|肉桂狗,大耳狗,2156,三丽鸥的玉桂狗品牌及相关漫画，描绘其与伙伴的日常
shiguang_dailiren,3,Link Click|link_click,时光代理人,2153,哔哩哔哩与BeDream制作的国产动画，讲述能进入照片的两人组
va-11_hall-a,3,VA-11 Hall-A|va11halla|瓦尔哈拉|赛博朋克酒保行动,赛博朋克酒保行动,2130,SUKEBAN GAMES开发的赛博朋克调酒题材视觉小说
senren_banka,3,千恋*万花|千恋万花,千恋＊万花,2125,柚子社的成人向恋爱视觉小说
counter:side,3,Counter:Side|counter_side|counterside|异界事务所|未来战,异界事务所,2121,Studiobside 开发的 2D 横版抽卡游戏，玩家以 CEO 身份指挥制裁者
pokemon_the_series:_diamond_and_pearl,3,pokemon_diamond_and_pearl_(anime)|pokemon_dp_(anime)|pokemon_dppt_(anime),宝可梦 钻石与珍珠,2106,宝可梦动画第三部系列，改编自第四世代游戏，舞台为神奥地区
d.gray-man,3,D.Gray-man|dgray-man,驱魔少年,2101,星野桂的哥特风格漫画，讲述驱魔师与恶魔的战斗
darker_than_black,3,DTB|Darker than Black|darkerthanblack,黑之契约者,2101,BONES制作、冈村天斋执导的2007年原创动画，围绕契约者展开
deadpool_(series),3,Deadpool|deadpool,死侍,2097,漫威漫画中以嘴炮雇佣兵死侍为核心的系列
pokemon_platinum,3,口袋妖怪 白金|神奇宝贝 白金|精靈寶可夢 白金,宝可梦 白金,2097,第四世代钻石珍珠的加强版，以骑拉帝纳与破格世界为主线
ryuuou_no_oshigoto!,3,the_ryuo's_work_is_never_done!|龍王的工作！|龙王的工作!|龙王的工作！,龙王的工作,2097,白鸟士郎的将棋题材轻小说，2018年冬季动画化
gundam_tekketsu_no_orphans,3,g_tekketsu|gundam_iron-blooded_orphans|机动战士高达 铁血的孤儿|铁血的孤儿,机动战士高达 铁血的奥尔芬斯,2093,2015年播出的高达电视动画，以火星独立运动与少年兵为主角
magi_the_labyrinth_of_magic,3,魔奇少年|魔笛,魔笛MAGI,2085,大高忍的漫画，以一千零一夜为原型的冒险奇幻故事，并有动画改编
sinoalice,3,SINoALICE,死亡爱丽丝,2084,横尾太郎执导、Square Enix发行的手机游戏
arcaea,3,Arcaea|arcaea_art|韵律源点|韵律源点Arcaea,韵律源点,2083,lowiro开发的立体节奏游戏，以光与对立的双主角故事为主线
futaba_channel,3,2chan|futaba|ふたば☆ちゃんねる|双叶,双叶频道,2081,日本知名匿名贴图论坛，专注御宅与地下文化，又称 2chan
galaxy_angel,3,Galaxy Angel|ga|銀河天使,银河天使,2077,Broccoli 的企划，含游戏、动画与漫画，描绘天使队的科幻喜剧
mega_man_star_force_(series),3,Mega Man Star Force|ryuusei_no_rockman|流星の洛克人,流星洛克人,2077,洛克人EXE世界观的后续分支，2006年起在NDS推出
free!,3,Free!男子游泳部|男子游泳部,Free!,2073,京都动画2013年的游泳题材动画，改编自轻小说《High☆Speed!》
world_trigger,3,世界触发者|境界觸發者,境界触发者,2070,苇原大介的科幻漫画，2014年由东映动画改编为动画
evangelion:_3.0+1.0_thrice_upon_a_time,3,EVA终|新·福音战士剧场版:│▌|新·福音战士剧场版：终,福音战士新剧场版：终,2065,《福音战士新剧场版》四部曲的最终作
bayonetta_(series),3,Bayonetta|魔兵惊天录|魔兵驚天錄,猎天使魔女,2064,白金工作室的动作游戏系列，主角为魔女贝优妮塔
shokugeki_no_souma,3,Food Wars!|food_wars!|shokugeki_no_soma|食戟のソーマ,食戟之灵,2063,附田祐斗与佐伯俊的美食漫画，2015年起改编为多季动画
seiken_densetsu_3,3,Trials of Mana|trials_of_mana|圣剑传说3 Trials of Mana|圣剣3|圣剣伝说3|聖劍傳說3,圣剑传说3,2061,圣剑传说系列第三作，超级任天堂平台，后以Trials of Mana重制
love_plus,3,Love Plus,爱相随,2057,科乐美为任天堂DS开发的恋爱模拟游戏，以真实时间推进的交往为特色
among_us,3,amongus|amongusoc|太空杀|我们之中,Among Us,2054,InnerSloth于2018年发布的社交推理派对游戏，玩家分阵营对抗
kimi_to_idol_precure,3,Kimi to Idol Precure|kimi_to_idol_pretty_cure|you_and_idol_precure|you_and_idol_pretty_cure|你和偶像光之美少女,你与偶像光之美少女,2054,光之美少女系列第22部作品，2025年播出，以偶像为主题
frozen_(disney),3,Frozen|frozen|魔雪奇緣|魔雪奇缘,冰雪奇缘,2050,迪士尼动画工作室2013年的音乐奇幻动画电影，描绘安娜寻找姐姐艾莎
xenoblade_chronicles_1,3,Xenoblade Chronicles|xenoblade|xenoblade_1|xenoblade_chronicles|xenobladechronicles|xenobladechroniclesde|异度之刃,异度神剑（初代）,2049,Monolith Soft的Wii平台RPG，2010年发售，系列首作
watashi_ga_koibito_ni_nareru_wake_naijan_murimuri!,3,Watanare|there's_no_freaking_way_i'll_be_your_lover!_unless...|watanare|watashi_ga_koibito_ni_nareru_wake_naijan_murimuri|わたなれ|恋人不行|我不可能成为恋人|我怎么可能成为你的恋人|我恋不行,我们不可能成为恋人！绝对不行。（※似乎可行？）,2047,三上彻的百合后宫轻小说，2025年改编为动画
black_clover,3,Black Clover|黑色五葉草,黑色五叶草,2045,田畠裕基的魔法战斗漫画，2015年起在周刊少年Jump连载
hellsing,3,Hellsing|厄夜怪客|地狱之歌,皇家国教骑士团,2044,平野耕太1997年起连载的漫画，讲述吸血鬼与梵蒂冈对抗怪物的故事
isegye_idol,3,,ISEGYE IDOL,2041,韩国六人VTuber偶像组合，由Woowakgood发起，2021年12月出道
danganronpa_another_episode:_ultra_despair_girls,3,ultra_despair_girls|zettai_zetsubou_shoujo|弹丸论破 绝对绝望少女|枪弹辩驳 绝对绝望少女|绝対绝望少女,绝对绝望少女 弹丸论破Another Episode,2040,《弹丸论破》外传游戏，舞台设在1代与2代之间，主角为苗木困
homicipher,3,homicipher_art,Homicipher,2040,解读异界文字推进剧情的女性向恐怖解谜游戏
avatar:_the_last_airbender,3,Avatar: The Last Airbender|avatar|avatarthelastairbender|thelastairbender|最后的气宗|降世神通 最后的气宗,降世神通：最后的气宗,2037,尼克儿童频道的动画剧集，讲述少年安昂掌握四元素力量
the_legend_of_zelda:_skyward_sword,3,Skyward Sword|skywardsword|萨尔达传说 天空之剑,塞尔达传说 天空之剑,2036,塞尔达传说系列第十六作，剧情时间线最早，舞台为天空之上的村落
kpop_demon_hunters,3,Kpop Demon Hunters|kpopdemonhunters,K-Pop猎魔人,2034,索尼动画制作的3D动画音乐电影，2025年上线Netflix，讲述偶像组合猎杀恶魔
seishun_buta_yarou,3,aobuta|aobuta_anime|rascal_does_not_dream_of_bunny_girl_senpai|青春期笨蛋不做兔女郎学姐的梦|青春猪头少年不会梦到兔女郎学姐|青春野狼,青春猪头少年,2029,鸭志田一的轻小说系列，2018年起动画化
team_fortress_2,3,TF2|teamfortress|teamfortress2|军团要塞|军团要塞2|团队要塞2|絕地要塞2|绝地要塞|绝地要塞2,军团要塞2,2026,Valve开发的多人在线第一人称射击游戏，以九个职业与卡通画风著称
luigi's_mansion,3,路易吉洋館|路易吉洋馆|路易吉鬼屋,路易吉洋楼,2021,马力欧系列衍生作品，路易吉用吸尘器在鬼屋中捕捉幽灵并营救马力欧
indie_utaite,3,独立歌い手,独立唱见,2016,不属于任何事务所或组合的独立翻唱歌手
tales_of_zestiria,3,Tales of Zestiria|时空幻境热情传说|热情传说|熱情傳奇,情热传说,2015,传说系列第十五部母舰作品，狂战传说为其遥远前传
ib_(kouri),3,Ib|ib|恐怖美术馆,恐怖美术馆,2012,kouri用RPG Maker 2000制作的免费恐怖解谜游戏
dark_souls_iii,3,Dark Souls III|dark_souls_3|darksouls3|黑暗靈魂3|黑魂3,黑暗之魂3,2009,2016年发售的黑暗之魂三部曲终章，含阿里安德尔的灰烬等DLC
steven_universe,3,Steven Universe|stevenuniverse|史蒂文宇宙|宇宙小子|神脐小卷毛,宇宙小子,2009,Cartoon Network 播出的美国动画，讲述半人半宝石少年与宝石战士的冒险
char's_counterattack,3,逆襲的夏亞|马沙之反击,逆袭的夏亚,2008,1988年上映的高达剧场版动画，舞台为宇宙世纪0093年
fear_&_hunger_(series),3,Fear & Hunger|恐惧和饥饿,恐惧与饥饿,2002,Miro Haverinen创作的独立生存恐怖RPG系列，含两部作品
my-hime,3,My-HiME|mai-hime|mai_hime|maihime|my_hime,舞-HiME,2001,日升制作的2004年动画，少女们以HiME之力战斗
sora_no_kiseki,3,trails_in_the_sky|空之軌跡|英雄传说 空之轨迹,空之轨迹,1994,日本 Falcom 的英雄传说系列第六至八作，以游击士为主角的剧情 RPG 三部曲
dragon_ball_fighterz,3,DBFZ|dragonballfighterz|龙珠FighterZ,龙珠斗士Z,1993,Arc System Works开发的龙珠2.5D三对三格斗游戏
tenka_hyakken,3,天华百剣|天華百剣,天华百剑,1993,以日本刀剑拟人化少女为主题的多媒体企划，含手机游戏与动画
tales_of_asteria,3,Tales of Asteria|时空幻境 星辰传说,星辰传说,1985,传说系列的手机端作品，游戏服务于2023年结束
jojolion,3,JOJOLION|ジョジョリオン|乔乔福音,JOJO福音,1976,《JOJO的奇妙冒险》第八部，以杜王町为舞台
re:stage!,3,Re:ステージ!,Re:Stage!,1975,Pony Canyon与Comptiq的偶像企划，少女以Prism Stage顶点为目标
fallout,3,Fallout|fallout_(series)|异尘余生,辐射,1974,Interplay开创、Bethesda接手的后启示录角色扮演游戏系列
saint_seiya,3,Saint Seiya|saintseiya|圣斗士|圣闘士星矢|聖鬥士星矢,圣斗士星矢,1972,车田正美的希腊神话题材漫画，1986年起连载并动画化
amagi_brilliant_park,3,Amagi Brilliant Park|甘城辉煌乐园救世主,甘城光辉游乐园,1964,贺东招二原作、なかじまゆか插画的轻小说，后被改编为动画
toaru_majutsu_no_index:_old_testament,3,魔法禁書目錄 舊約|魔禁 旧约,魔法禁书目录 旧约,1964,《魔法禁书目录》系列最初的轻小说本篇
bungou_stray_dogs,3,Bungou Stray Dogs|文豪Stray Dogs,文豪野犬,1958,朝雾卡夫卡原作、春河35作画的漫画，角色以文豪为原型并拥有异能
hello_kitty,3,hellokitty|凯蒂猫|吉蒂猫,Hello Kitty,1957,三丽鸥的经典角色与品牌，以白猫凯蒂猫及其众多伙伴为主
aotu_world,3,Aotu World|aotu,凹凸世界,1951,中国原创3D动画系列，由7DOC与Lumi制作
neverness_to_everness,3,,异环,1950,完美世界Hotta Studio开发的开放世界RPG，以都市超自然题材为特色
newtype,3,ニュータイプ,Newtype,1946,日本1985年创刊的动画杂志，以动画资讯与附录海报闻名
majo_no_tabitabi,3,魔女の旅々,魔女之旅,1944,白石定规创作的轻小说，讲述魔女伊蕾娜的旅途
kuroko_no_basuke,3,Kuroko's Basketball|kuroko's_basketball|kuroko_no_basket|黑子的籃球,黑子的篮球,1943,藤卷忠俊创作的篮球漫画，讲述奇迹世代的幻之第六人，2012年动画化
sakura_no_sekai,3,Sakura no Sekai,樱之世界,1943,tsuruse创作的原创作品系列
tales_of_graces,3,Tales of Graces|感恩传说|美德传奇,圣恩传说,1935,传说系列第十二部母舰作品，最初登陆Wii，后于PS3推出加强版
tsugu_(vtuber),3,Hatoba Tsugu|鸠羽つぐ,鸠羽伦,1935,个人势虚拟YouTuber，角色设计为lm7
street_fighter_iii_(series),3,3rd_strike|Street Fighter III|street_fighter_3|street_fighter_iii|street_fighter_iii:_2nd_impact|street_fighter_iii:_3rd_strike|streetfighter3|streetfighteriii|快打旋风III|街霸3,街头霸王3,1934,《街头霸王》系列第四部正统作，1997 年发售
maplestory,3,MapleStory|maple_story|枫之谷,冒险岛,1930,韩国Wizet开发的2D横版大型多人在线角色扮演游戏
aoki_hagane_no_arpeggio,3,Arpeggio of Blue Steel|arpeggio_of_blue_steel|苍蓝钢铁战舰,苍蓝钢铁的琶音,1923,Ark Performance的科幻海战漫画，以雾之舰队与潜艇为主题
koihime_musou,3,恋姫†夢想|恋姫†无双|恋姫†無双|恋姫无双|恋姫梦想,恋姬无双,1906,BaseSon 的成人向恋爱策略游戏，将三国志人物少女化，含动画等衍生
xenosaga,3,ゼノサーガ|异域传说,异度传说,1906,PlayStation 2平台的太空歌剧RPG系列，与《异度装甲》同属异度系列
dr._stone,3,Dr.STONE|dr.stone|drstone|新石纪,石纪元,1901,稻垣理一郎原作、Boichi作画的漫画，2019年改编动画
mother_2,3,EarthBound|earthbound|mother2,地球冒险2,1899,1994年发行的SFC角色扮演游戏，日文副题基格的逆袭
nu_carnival,3,NU: Carnival|Nu: Carnival|neoncarnival|nu:carnival|nucarnival|新世界狂欢|新世界狂歡,新世界狂欢,1899,18禁BL手机游戏，融合回合制战斗、抽卡与视觉小说玩法
metaphor:_refantazio,3,metaphor|metaphorrefantazio|暗喻幻想：ReFantazio|隐喻幻想,暗喻幻想,1895,Atlus开发的角色扮演游戏，由Persona团队制作
phantom_of_the_kill,3,Phantom of the Kill|杀戮魅影,杀戮幻影,1894,以传说武器拟人化少女为主角的在线RPG，2014至2024年运营
beatmania_iidx,3,IIDX|beatmania|beatmaniaiidx|beatmaniart_iidx|iidx|iidx_art|弐寺,beatmania IIDX,1889,科乐美的街机音乐游戏，1999年推出，使用七键与转盘操作
goodsmile_company,3,GSC|Good Smile Company,良笑社,1885,以黏土人系列手办闻名的日本模型公司，亦赞助赛车队
mario_kart,3,Mario Kart|瑪利歐賽車|马里奥赛车,马力欧赛车,1882,马力欧系列的卡丁车竞速游戏子系列
yotsubato!,3,Yotsuba&!|yotsubato|四葉妹妹,四叶妹妹,1882,东清彦的日常系漫画，2003年起连载于月刊电击大王
fate/extella,3,,Fate/EXTELLA,1871,以《Fate/EXTRA》世界为舞台的动作游戏，登陆PS4与Switch等
hypnosis_mic,3,HypMic|hypmic|ヒプマイ,催眠麦克风,1869,以说唱对战为主题的日本音乐企划，舞台为第三次世界大战后
pokemon_go,3,Pokémon GO|pokemongo|精灵宝可梦GO,宝可梦GO,1864,Niantic与宝可梦公司开发的手机游戏，通过步行与定位捕捉宝可梦
the_legend_of_zelda:_the_wind_waker,3,Wind Waker|windwaker|风之律动,塞尔达传说 风之杖,1862,塞尔达传说系列第十作，2002年登陆GameCube，采用卡通渲染画风
gyee,3,GYEE|Gay传说,盖伊传说,1860,Kiwifruit Studios开发的同性向题材手机角色扮演游戏
little_nuns_(diva),3,Little Nuns|little_nun_(diva)|littlenuns,小修女,1853,画师diva的原创系列，以修女与鸭子为主题，有官方每日更新企划
the_ring,3,Ring|ringu|thering|凶铃,午夜凶铃,1853,铃木光司创作的日本恐怖小说，被多次改编为电影，诞生了贞子一角
uchi_no_hime-sama_ga_ichiban_kawaii,3,uchihime|うちの姫さまがいちばんかわいい|我家公主大人最可爱,我家公主最可爱,1850,日本的卡牌RPG手游，讲述公主们被魔王封入水晶的故事
resident_evil_4_(remake),3,RE4重制版|Resident Evil 4 Remake|residentevil4remake|恶灵古堡4 重制版,生化危机4 重制版,1849,2023年3月发售的《生化危机4》重制版
bombergirl,3,Bombergirl|ボンバーガール,炸弹少女,1848,科乐美2017年推出的街机团队对战游戏，改编自炸弹人系列
call_of_duty:_modern_warfare_2,3,CoD MW2|决胜时刻：现代战争2,使命召唤：现代战争2,1844,使命召唤现代战争子系列的两部作品，分别于2009年与2022年推出
pangya,3,PangYa|魔法飛球,魔法飞球,1837,韩国2004年推出的线上高尔夫游戏系列，以可爱角色与幻想舞台为特色
aldnoah.zero,3,アルドノア・ゼロ,ALDNOAH.ZERO,1835,虚渊玄原案、青木英执导、A-1 Pictures制作的机战动画，2014年播出
tears_of_themis,3,Tears of Themis|tearsofthemis,未定事件簿,1834,米哈游开发的女性向恋爱推理游戏，玩家扮演律师
world_flipper,3,World Flipper|ワーフリ|世界弹射物语|弹射世界,世界弹射物语,1832,Cygames与Citail开发的弹珠台幻想战斗手游，2024年停服
grisaia_(series),3,GRISAIA|灰色三部曲,灰色系列,1831,Frontwing的成人向视觉小说系列，含《灰色的果实》《迷宫》《乐园》
nier,3,NieR|nier_gestalt|nier_replicant|尼尔伪装者|尼尔系列,尼尔,1831,Cavia开发、Square Enix于2010年发行的动作RPG，分《伪装者》与《复制体》两版
armored_core,3,Armored Core|机战佣兵,装甲核心,1828,FromSoftware的机甲动作游戏系列，玩家驾驶可高度改装的AC
shironeko_project,3,Shironeko Project|white_cat_project|白猫计划|白貓Project,白猫计划,1826,COLOPL的智能手机动作RPG，2014年上线，以单手操作冒险为特色
hataraku_saibou,3,Cells at Work!|cells_at_work|hatarakusaibou|工作細胞,工作细胞,1825,清水茜的漫画，将人体细胞拟人化，2018年由David Production动画化
pokemon:_let's_go_pikachu!_and_let's_go_eevee!,3,pokemon:_let's_go_eevee!|pokemon:_let's_go_pikachu!|pokemon_lgpe,宝可梦 Let's Go 皮卡丘／Let's Go 伊布,1820,Switch上的宝可梦游戏，以关都地区为舞台重制黄版，可与宝可梦GO联动
nintendo,3,老任,任天堂,1819,1889年以花札起家的日本游戏公司，开发Switch等主机与马力欧、塞尔达等系列
saki_achiga-hen,3,saki_achiga_hen|咲-Saki- 阿知贺篇|天才麻將少女 阿知賀篇|阿知贺编,天才麻将少女 阿知贺篇,1819,《天才麻将少女》的外传漫画与动画，以阿知贺女子麻将部为主角
powerpuff_girls,3,The Powerpuff Girls|powerpuffgirls|the_powerpuff_girls,飞天小女警,1818,卡通频道播出的美国动画，讲述三位超能力小女孩打击犯罪
dragalia_lost,3,Dragalia Lost|失落的龍絆|失落的龙约|龙约,失落的龙约,1817,任天堂与Cygames合作的手游角色扮演游戏，2018年上线
kizuna_ai_inc.,3,a.i._channel|kizuna_live|绊爱,Kizuna AI Inc.,1810,日本公司 Activ8 旗下的子公司，负责运营虚拟主播绊爱
suzumiya_haruhi_no_shoushitsu,3,The Disappearance of Haruhi Suzumiya|nagato_yuki_(shoushitsu)|suzumiya_haruhi_(shoushitsu)|the_disappearance_of_suzumiya_haruhi|涼宮春日的消失,凉宫春日的消失,1810,《凉宫春日》系列轻小说第四卷，2010 年改编为剧场版动画
snk,3,新日本企划,SNK,1809,日本游戏公司，以Neo Geo主机与拳皇、合金弹头等作品闻名
kanojo_okarishimasu,3,Rent-a-Girlfriend|kanokari|rent-a-girlfriend|かのかり|出租女友,租借女友,1803,宫岛礼吏的恋爱喜剧漫画，2020年改编为动画
guilty_gear_xx,3,GGXX|guilty_gear_xx_accent_core|圣骑士之战XX,罪恶装备XX,1801,《罪恶装备》系列第三作，推出Slash、Accent Core等多个加强版
warioware,3,WarioWare|made_in_wario|wario_ware|瓦利欧制造,瓦力欧制造,1798,任天堂的微型游戏合集系列，舞台为钻石城
tokimeki_memorial,3,ときめきメモリアル,心跳回忆,1797,科乐美推出的恋爱养成游戏系列，1994年首作问世
ongeki,3,ongeki_art|オンゲキ,音击,1790,SEGA推出的弹幕音乐节奏游戏，与maimai、CHUNITHM同系列
lupin_iii,3,Lupin the Third|魯邦三世,鲁邦三世,1789,加藤一彦（Monkey Punch）的漫画，讲述怪盗鲁邦三世的冒险，并有大量动画
transformers:_generation_1,3,变形金刚 第一代|變形金剛G1,变形金刚G1,1788,1984年的初代变形金刚玩具线与动画，后被称作G1
degrees_of_lewdity,3,Degrees of Lewdity|DoL|degreesoflewdity,欲都孤儿,1787,开源的文字向成人生活模拟游戏，以黑暗内容著称
lord_el-melloi_ii_case_files,3,君主·埃尔梅羅二世事件簿|埃尔梅罗二世事件簿,君主·埃尔梅罗二世事件簿,1786,三田诚的轻小说，为《Fate》系列外传，讲述埃尔梅罗二世解谜的故事
sen_no_kiseki_i,3,Trails of Cold Steel|trails_of_cold_steel|英雄传说 闪之轨迹|閃之軌跡,闪之轨迹（初代）,1786,闪之轨迹系列第一作，欧美版名为Trails of Cold Steel
dagashi_kashi,3,粗點心戰爭,粗点心战争,1784,琴山的喜剧漫画，以乡下粗点心店为舞台，2016年改编动画
project_tokyo_dolls,3,,Project Tokyo Dolls,1782,2017至2021年运营的手机游戏，角色为持武器的少女
resident_evil_requiem,3,resident_evil_9,生化危机：安魂曲,1781,系列第11部正传，2026年发售，主角为格蕾丝与里昂
goodsmile_racing,3,GSR|良笑社赛车队,Good Smile Racing,1779,Good Smile Company旗下的赛车队，参加Super GT的GT300组别
jashin-chan_dropkick,3,dropkick_on_my_devil!|邪神ちゃんドロップキック|邪神酱Dropkick,邪神与厨二病少女,1779,ユキヲ的漫画，2018年起由Nomad动画化共三季
tobaku_mokushiroku_kaiji,3,gyakkyou_burai_kaiji:_ultimate_survivor|kaiji,赌博默示录,1770,福本伸行的赌博题材漫画及动画，主角伊藤开司背负巨债参与赌局
monster_hunter_rise,3,MHR|mhrise|monsterhunterrise|怪物猎人RISE,怪物猎人 崛起,1768,怪物猎人第五世代第二作，2021年登陆Switch，加入翔虫动作
shoujo_shuumatsu_ryokou,3,Girls' Last Tour|girls'_last_tour,少女终末旅行,1768,つくみず的末世旅行漫画，描写两名少女的旅程，2017年动画化
gnosia,3,グノーシア,Gnosia,1764,Petit Depotto 2019年发行的人狼式推理 RPG，美术由 Cotori 负责
world_cup,3,FIFA World Cup|fifaworldcup|worldcup|世足赛,世界杯,1758,国际足联每四年举办的国家队足球锦标赛，另有女足世界杯
healin'_good_precure,3,Healin' Good Precure|healin'_good_pretty_cure|healin_good_precure|healin_good_pretty_cure|healing_good_precure|healing_good_pretty_cure|治愈Q娃,Healin' Good♡光之美少女,1756,《光之美少女》系列第17作，2020年播出，以动物与治愈为主题
kingdom_hearts_ii,3,kingdom_hearts_2|kingdomhearts2|kingdomheartsii|王国之心II|王國之心II,王国之心2,1755,PS2平台的系列正传第二作，以索拉为主角，故事发生在一代一年后
shin_jigen_game_neptune_vii,3,Megadimension Neptunia VII|megadimension_neptunia_vii|新次元遊戲 海王星VII,新次元游戏 海王星VII,1753,海王星系列第四部正统作，2015年发售的PS4角色扮演游戏
persona_3_reload,3,P3R|persona3reload|女神異聞錄3 Reload,女神异闻录3 Reload,1752,女神异闻录3的完全重制版，2024年2月发售
gabriel_dropout,3,加百列的堕落|废天使加百列,珈百璃的堕落,1746,ukami 的漫画，描绘堕落的善良天使与恶魔们的日常，2017年改编动画
riddle_joker,3,riddlejoker,Riddle Joker,1740,柚子社第10部成人向视觉小说
sanoba_witch,3,sabbat_of_the_witch|sabbatofthewitch|サノバウィッチ,魔女的夜宴,1740,柚子社的第八部成人向恋爱游戏，以魔女与夜宴为题材
nekopara,3,ネコぱら|巧克力与香子兰,猫娘乐园,1738,さより的猫娘原画视觉小说系列，讲述与猫娘的日常
octopath_traveler,3,OCTOPATH TRAVELER|octopathtraveler|八方旅人,歧路旅人系列,1736,Square Enix的回合制RPG系列，以多位主角各自的旅程与HD-2D画风为特色
epic_seven,3,E7|Epic Seven|epic7|epicseven,第七史诗,1732,韩国出品的手机回合制角色扮演游戏
heaven_official's_blessing,3,,天官赐福,1732,墨香铜臭创作的耽美仙侠小说，改编为动画、漫画与广播剧
summon_night,3,Summon Night|サモンナイト,召唤之夜,1732,Flight-Plan 开发、Banpresto 发行的角色扮演游戏系列
kyoukaisenjou_no_horizon,3,Horizon in the Middle of Nowhere|horizon_in_the_middle_of_nowhere|horizon_on_the_borderline|horizon_on_the_middle_of_nowhere|horizon_over_the_middle_of_nowhere|kyoukai_sen-jou_no_horizon|kyoukai_senjou_no_horizon|kyoukaisen-jou_no_horizon|境界線上的地平線,境界线上的地平线,1731,川上稔的轻小说，以中世日本重现的庞大世界观著称，并有Sunrise改编动画
tokyo_7th_sisters,3,Tokyo 7th Sisters|東京7thシスターズ,东京七姐妹,1726,Donuts开发的偶像养成节奏手游，舞台为2034年的偶像业界
inazuma_eleven_go_chrono_stone,3,閃電十一人GO 時空之石,闪电十一人GO 时空之石,1725,《闪电十一人GO》的续篇，含游戏与动画
g_gundam,3,G高达|Mobile Fighter G Gundam|g-gundam|ggundam|kidou_butouden_g_gundam|mobile_fighter_g_gundam|機動武鬥傳G鋼彈,机动武斗传G高达,1721,Sunrise 1994年播出的高达系列动画，以机动斗士格斗大赛为舞台
south_park,3,南方四贱客|衰仔乐园,南方公园,1719,特雷·帕克与马特·斯通创作的美国黑色幽默剪纸动画
love_live!_school_idol_festival_all_stars,3,Love Live! 学园偶像祭ALL STARS|SIFAS,学园偶像季：群星闪耀,1717,Bushiroad的节奏动作角色扮演手游，2019年上线，简称スクスタ
nyantype,3,ニャンタイプ,Nyantype,1715,角川发行的《Newtype》派生杂志，主要报道女性动漫游戏角色，2017年停刊
toaru_majutsu_no_index:_new_testament,3,to_aru_majutsu_no_index:_new_testament|魔法禁書目錄 新約|魔禁 新约,魔法禁书目录 新约,1709,《魔法禁书目录》轻小说第二部，旧约篇的直接续篇
choujigen_game_neptune,3,Hyperdimension Neptunia|hyperdimension_neptunia|超次元大战 战机少女,超次元游戏 海王星（初代）,1699,Compile Heart 2010年在 PS3 推出的角色扮演游戏，游戏主机与厂商拟人化
kamiina_botan_yoeru_sugata_wa_yuri_no_hana,3,,上伊那牡丹，酒醉后的身姿是百合之花,1697,以大学生上伊那牡丹为主角的百合日常漫画
fate/prototype:_fragments_of_blue_and_silver,3,Fate/Prototype：苍银的碎片,Fate/Prototype 苍银的碎片,1695,樱井光执笔的《Fate/Prototype》前传轻小说
kannagi,3,,神薙,1693,武梨绘里的漫画，2008年由A-1 Pictures动画化
jikkyou_powerful_pro_yakyuu,3,mlbpowerpros|power_pros|powerpros,实况野球,1692,KONAMI的棒球游戏系列，2020年起改称eBaseball实况力量棒球
senjou_no_valkyria_(series),3,Valkyria Chronicles|senjou_no_valkyria|valkyria|valkyria_chronicles_(series)|战场的女武神,战场女武神,1692,世嘉的柴油朋克风格回合制战略游戏系列，题材取材自两次大战
fortnite,3,fortniteart|fortnitensfw,堡垒之夜,1691,Epic Games 的免费第三人称射击游戏，以大逃杀模式与跨界联动闻名
doukyuusei_(series),3,同级生,同级生（系列）,1690,ELF的恋爱养成游戏系列，被视为该类游戏的早期代表
shadow_slave,3,,暗影奴隶,1688,Guiltythree的网络小说，描写主角在异世界成为奴隶后的成长
rewrite,3,,Rewrite,1687,Key开发的视觉小说，为Key第9作，2012年推出Fan Disc
ruri_no_houseki,3,ruri's_jewels|ruri_rocks|琉璃的宝石,瑠璃的宝石,1682,涩谷圭一郎的矿物与地质题材漫画，2025年夏改编为动画
chrono_trigger,3,Chrono Trigger|chronotrigger|超时空之轮,时空之轮,1679,1995年在 SFC 推出的角色扮演游戏，堀井雄二、坂口博信与鸟山明参与制作
shoujo_kakumei_utena,3,revolutionary_girl_utena|revolutionarygirlutena|少女革命欧蒂娜,少女革命,1678,齐藤千穗的漫画，1997年动画化，描写少女天上欧蒂娜的决斗
tales_of_berseria,3,绯夜传说,狂战传说,1678,传说系列第十六部母舰作品，为情热传说的遥远前传
mesmerizer_(vocaloid),3,mesmerizer,Mesmerizer,1671,32ki创作、初音未来与重音テト演唱的VOCALOID歌曲
cardfight!!_vanguard,3,cf_vanguard|卡片斗争!!先导者,卡片战斗先导者,1668,武士道2011年推出的集换式卡牌游戏及多媒体企划
slayers,3,魔剑美神,秀逗魔导士,1668,神坂一的轻小说，描写魔导士莉娜的冒险，并有动画与游戏改编
katekyo_hitman_reborn!,3,katekyo_hitman_reborn|reborn!|家庭教师HITMAN REBORN!|家庭教师杀手Reborn|家教,家庭教师,1664,天野明的搞笑漫画，改编为动画《家庭教师HITMAN REBORN!》
monster_strike,3,,怪物弹珠,1664,2013年上线的手机弹珠对战角色扮演游戏，有动画改编
wixoss,3,,WIXOSS,1664,Takara Tomy的卡牌游戏及相关多媒体企划，含多部动画
star_fox,3,Star Fox|starfox,星际火狐,1663,宫本茂创作、任天堂发行的轨道射击与空战动作游戏系列
one_piece_card_game,3,one_piece_tcg|one_piece_trading_card_game|航海王卡牌游戏,航海王卡牌游戏,1660,万代推出的《航海王》集换式卡牌游戏
katawa_shoujo,3,Katawa Shoujo,片轮少女,1658,2012年发布的残疾儿童学校题材美少女视觉小说
final_fantasy_xiii,3,FF13|ff13|ffxiii|最终幻想ⅩⅢ,最终幻想13,1656,《最终幻想》系列第十三作，以雷霆为主角
yuuki_yuuna_wa_yuusha_de_aru,3,Yuki Yuna is a Hero|Yuyuyu|yuki_yuna_is_a_hero|yuyuyu,结城友奈是勇者,1656,Studio五组制作的2014年原创动画，勇者部系列的一环
comiket_105,3,C105|c105,Comic Market 105,1654,Comic Market 第105届同人志即卖会，2024年12月29-30日举办
dragon_quest_x,3,DQX|dragon_quest_10|勇者斗恶龙X,勇者斗恶龙10,1654,系列第十作，采用在线大型多人在线角色扮演形式
quiz_magic_academy,3,QMA,Quiz Magic Academy,1653,科乐美的问答题材街机游戏系列
miracle_nikki,3,Miracle Nikki|love_nikki|lovenikkimobile,奇迹暖暖,1650,叠纸游戏开发的换装手机游戏，暖暖系列第三作
reitaisai_8_contest,3,,例大祭8插画比赛,1650,博丽神社例大祭第8届举办的插画比赛企划
tamako_market,3,,玉子市场,1650,京都动画2013年播出的原创电视动画，以商店街为舞台
devil_may_cry_5,3,Devil May Cry 5|devilmaycry5|恶魔猎人5,鬼泣5,1649,2019年发售的鬼泣系列第五作
fantastic_four,3,fantastic4|fantasticfour|惊奇4超人|神奇4侠,神奇四侠,1645,漫威漫画超级英雄团队，1961年由杰克·科比与斯坦·李创作
liz_to_aoi_tori,3,liz_and_the_blue_bird|利兹与青鸟,莉兹与青鸟,1640,《吹响！上低音号》的剧场版外传，讲述希美与霙的故事
elden_ring:_shadow_of_the_erdtree,3,,艾尔登法环：黄金树幽影,1639,《艾尔登法环》2024年6月推出的资料片
pokemon_the_series:_ruby_and_sapphire,3,pokemon_ag|pokemon_rse_(anime)|pokemon_ruby_and_sapphire_(anime),宝可梦 超世代,1633,宝可梦动画第二部系列，改编自第三世代游戏，舞台为丰缘地区
black_souls,3,blacksouls,Black Souls,1632,以黑暗童话为背景的成人向RPG Maker游戏系列，风格仿照黑暗之魂
comiket_107,3,,Comic Market 107,1632,Comic Market 第107届同人志即卖会，2025年12月30-31日举办
signalis,3,信号,SIGNALIS,1629,rose-engine开发的生存恐怖游戏，采用低多边形画风
tongari_boushi_no_atelier,3,witch_hat_atelier|witchhatatelier|Δ帽子|尖帽子的魔法工坊|尖帽子魔法的工房,尖帽子的魔法工房,1629,白滨鸥创作的奇幻漫画，讲述少女可可学习魔法的故事，2026年动画化
yama_no_susume,3,encouragement_of_climb|登山少女,向山进发,1626,しろ的登山题材漫画，2011年开始连载，并有动画改编
hades_(series),3,Hades|hades|hades_(game)|hadesgame|黑帝斯,哈迪斯,1623,Supergiant Games以希腊神话为题材的动作roguelite游戏系列
comiket_106,3,C106|c106,Comic Market 106,1621,Comic Market 第106届同人志即卖会，2025年8月16-17日举办
nige_jouzu_no_wakagimi,3,The Elusive Samurai|nigejozu_no_wakagimi|nigewaka|the_elusive_samurai|擅长逃跑的少主|擅长逃跑的殿下,擅长逃跑的少主,1612,松井优征的漫画，2021年起连载于周刊少年Jump，2024年改编动画
youtube,3,youtu.be|youtube.com|优兔|油管,YouTube,1607,2005年创立的美国视频分享网站，2006年被Google收购
sd_gundam,3,SD钢弹,SD高达,1606,将高达机体与角色Q版化的高达分支系列
to_heart,3,ToHeart|toheart,To Heart（初代）,1605,Aquaplus/Leaf1997年发售的成人向恋爱视觉小说，有主机版与动画改编
the_legend_of_zelda:_a_link_between_worlds,3,塞尔达传说 三角力量2|塞尔达传说 众神的三角神力2|萨尔达传说 众神的三角神力2,塞尔达传说 众神的三角神力2,1603,塞尔达传说系列第十七作，2013年登陆3DS，为众神的三角神力的直接续作
the_coffin_of_andy_and_leyley,3,The Coffin of Andy and Leyley|andyandleyley|thecoffinofandyandleyley|安迪与蕾蕾的棺材,安迪和蕾蕾的棺材,1602,Nemlei制作的2023年恐怖角色扮演游戏，讲述兄妹间的扭曲关系
high_school_fleet,3,HAIFURI|hai-furi|haifuri|青春波纹,高校舰队,1599,Aniplex与Production IMS的2016年原创动画，讲述少女们驾驶舰艇的故事
sword_art_online:_code_register,3,SAO Code Register|刀剑神域 密码纪录者,刀剑神域 Code Register,1598,2014年面向iOS与Android的手机游戏，为刀剑神域系列衍生卡牌战斗作品
mahou_shoujo_ikusei_keikaku,3,Magical Girl Raising Project|magical_girl_raising_project|mahoiku|魔法少女养成计划|魔法少女育成计画,魔法少女育成计划,1596,远藤浅蜊的轻小说，讲述魔法少女之间的残酷生存游戏，并有动画
serial_experiments_lain,3,Serial Experiments Lain|serialexperimentslain,玲音,1592,Triangle Staff制作的1998年赛博朋克动画，并有游戏等多媒体展开
shoujo_kageki_revue_starlight_-re_live-,3,,少女☆歌剧 Revue Starlight -Re LIVE-,1591,少女歌剧企划的手机游戏，2018年上线，2024年停服
haiyore!_nyaruko-san,3,nyaruko:_crawling_with_love|袭来！美少女邪神,潜行吧！奈亚子,1589,逢空万太的轻小说系列，以克苏鲁神话为题材的搞笑日常作品
the_legend_of_korra,3,The Legend of Korra|legend_of_korra|legendofkorra|thelegendofkorra|珂拉传说|科拉传奇|降世神通：柯拉传奇,降世神通：科拉传奇,1588,降世神通：最后的气宗的后传动画，讲述七十年后新任神通科拉的故事
hikaru_ga_shinda_natsu,3,The Summer Hikaru Died|hikarugashindanatsu|the_summer_hikaru_died|thesummerhikarudied|光死去的夏天,光逝去的夏天,1585,モクモクれん的悬疑漫画，讲述少年与归来的友人之间的怪谈
metal_slug,3,Metal Slug|metalslug|越南大战,合金弹头,1574,SNK发行的横版射击游戏系列，1996年首作问世
yuyushiki,3,,悠悠式,1572,三上小又的四格漫画，2013年改编为动画
toranoana,3,Tora no Ana|comic_toranoana,虎之穴,1571,日本同人志与漫画贩售连锁店，经营同人周边与书籍
eureka_seven_(series),3,Eureka Seven,交响诗篇（系列）,1564,《交响诗篇》与《交响诗篇AO》等作品的合集标签
paper_mario_(series),3,paper_mario,纸片马力欧,1564,马力欧系列的RPG分支，画面由3D场景与纸片状2D角色混合构成
no_game_no_life,3,NGNL|No Game No Life,游戏人生,1560,榎宫祐的轻小说，2012年起由MF文库J出版，2014年改编动画
pani_poni_dash!,3,Pani Poni Dash!|pani_poni|pani_poni_dash|paniponidash|嬉皮笑园,不可思议的教室,1559,SHAFT制作的搞笑动画，以11岁高中教师与学生的荒诞日常为题材
kuroshitsuji,3,Black Butler|black_butler,黑执事,1558,枢梁创作的漫画，讲述恶魔执事与少爷夏尔，2006年起连载并改编动画
donkey_kong_(series),3,Donkey Kong|donkeykong|森喜刚,大金刚,1553,任天堂以猩猩大金刚为主角的游戏系列
osomatsu-kun,3,小松君,小松君,1553,赤冢不二夫的搞笑漫画，1962年起在周刊少年Sunday连载
kuro_no_kiseki_i,3,trails_through_daybreak|英雄传说 黎之轨迹|黎之轨迹|黎之轨迹I,英雄传说 黎之轨迹,1550,轨迹系列卡尔瓦德篇首作，2021年发售，英文名 Trails Through Daybreak
medalist_(manga),3,Medalist|舞冰的祈愿|金牌得主,舞冰的祈愿,1550,以花样滑冰为题材的漫画，2025年冬季被改编为动画
super_robot_wars_original_generation,3,Super Robot Wars OG|超级机器人大战原创世纪,超级机器人大战OG,1537,汇集《机战》系列原创角色与机体的子系列
tenshi_souzou_re-boot!,3,tenshi_souzou|天使骚骚RE-BOOT!,天使☆骚骚 RE-BOOT!,1536,柚子社2023年发售的成人恋爱冒险游戏，为其第12部作品
eve_online,3,EVE|EVE Online|eveonline,星战前夜,1534,冰岛CCP Games开发的科幻MMORPG，所有玩家共享新伊甸宇宙
9-nine-,3,9_-nine-,9-nine-,1533,Palette制作、和泉つばす负责插画的悬疑视觉小说，共四章
tera_online,3,TERA|tera,神谕之战,1533,韩国Bluehole Studio开发的MMORPG，2011年上线，采用无锁定战斗
evillious_nendaiki,3,Evillious Chronicle|evillious|evillious_chronicles|evilliouschronicles|埃维利奥斯年代记,艾维利奥斯年代记,1531,mothy创作的跨媒体企划，围绕博尔加尼奥大陆千年间的故事
kimi_no_na_wa.,3,kimi_no_na_wa|your_name.|你的名字,你的名字。,1531,新海诚执导的动画电影，2016年上映，讲述互换身体的少年与少女
gundam_wing,3,机动战士高达W,新机动战记高达W,1530,1995年播出的高达电视动画，以五名少年驾驶高达作战为主线
makai_senki_disgaea,3,Disgaea|disgaea_1,魔界战记（初代）,1528,日本一软件的战略角色扮演游戏系列首作，后被改编为小说与动画
cowboy_bebop,3,Cowboy Bebop|赏金猎人,星际牛仔,1522,1998年由渡边信一郎执导、Sunrise 制作的科幻动画
youkoso_jitsuryoku_shijou_shugi_no_kyoushitsu_e,3,Classroom of the Elite|classroom_of_the_elite|you-zitsu|you_zitsu|youjitsu|youzitsu|实力至上主义的教室,欢迎来到实力至上主义的教室,1521,衣笠彰梧的轻小说，由知世俊作插画，并有四季动画
vsinger_(vocaloid),3,vocaloid_china|vocanese|vsinger,VSinger,1520,哔哩哔哩发起的中国VOCALOID企划，推出洛天依等虚拟歌手
fear_&_hunger_2:_termina,3,Fear & Hunger 2: Termina|fearandhunger2|fearandhungertermina,恐惧与饥饿2：终结,1517,《恐惧与饥饿》续作，14人聚集普雷维尔参加终结节大逃杀
dog_days,3,dogdays,Dog Days,1516,都筑真纪创作的2011年奇幻动画，舞台为异世界弗洛尼尔德
final_fantasy_xii,3,FF12|ff12|ffxii|最终幻想Ⅻ,最终幻想12,1513,《最终幻想》系列第十二作，2006年登陆PS2
7th_dragon_(series),3,7th Dragon,第七龙神系列,1510,世嘉发行的角色扮演游戏系列，包含第七龙神2020与III等作品
the_great_ace_attorney,3,The Great Ace Attorney|dai_gyakuten_saiban|thegreataceattorney|大逆転裁判,大逆转裁判,1510,卡普空发行的逆转裁判前传系列，舞台为维多利亚时代的英国
aikatsu_stars!,3,aikatsustars|偶像学园Stars!,偶像活动Stars!,1509,偶像活动系列的另一条时间线作品，以四星学园为舞台
cookie_run:_ovenbreak,3,Cookie Run: OvenBreak|cookie_run_ovenbreak|cookierunovenbreak|ovenbreak|跑跑姜饼人：烤箱大逃亡,姜饼人：烤箱危机,1507,《姜饼人》系列主体作，2016年上线的多人在线横版跑酷游戏
the_moon_studio,3,pinky_pop_hepburn_official,THE MOON STUDIO,1507,虚拟主播辉夜月与插画师Mika Pikazo于2018年共同创立的创意工作室
senran_kagura_shinovi_versus,3,,闪乱神乐 少女们的证明,1506,2013年PlayStation Vita上的闪乱神乐系列动作游戏
starbucks,3,,星巴克,1506,美国的国际连锁咖啡店品牌
shugo_chara!,3,Shugo Chara!|shugo_chara|shugo_kyara|shugo_kyara!|守护甜心!,守护甜心,1503,PEACH-PIT的漫画，描写少女亚梦与守护甜心的故事，并有动画改编
gundam_seed_freedom,3,Gundam SEED FREEDOM|seedfreedom,机动战士高达SEED FREEDOM,1495,2024年上映的《高达SEED》系列剧场版，接续SEED DESTINY
mother_3,3,MOTHER 3|mother3|mother3_15th|母亲3,地球冒险3,1495,地球冒险系列第三作，2006年登陆GBA，仅在日本发行
shining_(series),3,shining_force|光明与黑暗|光明力量,光明系列,1495,世嘉的角色扮演游戏系列，各作玩法不同但共享奇幻世界观
comiket_104,3,C104|c104,Comic Market 104,1492,Comic Market 第104届同人志即卖会，2024年8月11-12日举办
spider-man:_into_the_spider-verse,3,spiderverse|蜘蛛人：新宇宙,蜘蛛侠：平行宇宙,1491,2018 年上映的动画电影，不同宇宙的蜘蛛英雄共同作战
the_elder_scrolls,3,Elder Scrolls|TES|elderscrolls|theelderscrolls|老头滚动条,上古卷轴,1489,贝塞斯达的奇幻角色扮演游戏系列，含晨风、湮灭、天际等作品
toshi_densetsu_kaitai_center,3,Urban Myth Dissolution Center|urban_myth_dissolution_center|urbanmythdissolutioncenter|真相解体计划,都市传说解体中心,1488,墓场文库开发的都市传说题材悬疑视觉小说游戏
arcana_heart,3,Arcana Heart,圣灵之心,1479,Examu开发的2D格斗游戏，以全女性角色与圣灵系统为特色
eddsworld,3,,Eddsworld,1478,Edd Gould创作的英国Flash网络动画喜剧，历经三代制作团队
ar_tonelico,3,Ar tonelico,魔塔大陆,1475,GUST开发的角色扮演游戏系列，以诗魔法与塔为题材
capcom,3,CAPCOM|嘉富康,卡普空,1475,日本大阪的游戏开发与发行公司，代表作有生化危机、街头霸王、洛克人
ryuuko_no_ken,3,Art of Fighting|art_of_fighting,龙虎之拳,1475,SNK的格斗游戏系列，故事发生在饿狼传说之前
star_ocean:_the_second_story,3,Star Ocean: The Second Story|star_ocean_2|star_ocean_the_second_story|星海游侠2 第二个故事,星之海洋2：第二个故事,1473,《星之海洋》系列第二作，1999 年在 PlayStation 平台首次西化发行
d4dj,3,D4DJ First Mix|d4dj_fanillust,D4DJ,1472,Bushiroad 的 DJ 主题多媒体企划，含手游、动画与线下演出
cafe_stella_to_shinigami_no_chou,3,,星光咖啡馆与死神之蝶,1471,柚子社制作的视觉小说，为该社第11部作品
zero_no_kiseki,3,Trails from Zero|trails_from_zero|英雄传说 零之轨迹,零之轨迹,1471,《英雄传说》系列第九作，与《碧之轨迹》同属克罗斯贝尔篇
kouyoku_senki_exs-tia_concert,3,,光翼战姬艾克斯蒂娅 Concert,1470,《光翼战姬》系列的衍生游戏，由不同插画师负责原画
futsuu_no_keion-bu,3,girl_meets_rock!,普通轻音部,1469,2024年起连载的漫画，描绘轻音部的青春，英文名 Girl meets Rock!
the_legend_of_zelda:_majora's_mask,3,majora's_mask|塞尔达传说 穆修拉的假面|塞尔达传说梅祖拉的假面|梅祖拉的假面,塞尔达传说 姆吉拉的假面,1467,塞尔达传说系列第六作，2000年登陆任天堂64，为时之笛的续作
ssss.dynazenon,3,SSSS.DYNAZENON|ssss_dynazenon|ssssdynazenon,SSSS.电光机王,1466,Trigger 制作的 2021 年动画，《SSSS.GRIDMAN》的续作
kami_nomi_zo_shiru_sekai,3,kaminomi|the_world_god_only_knows|机神追女攻略|神知,只有神知道的世界,1465,若木民喜的漫画，2010年改编为动画
mahou_shoujo_lyrical_nanoha_vivid,3,,魔法少女奈叶ViVid,1464,奈叶系列外传漫画，以奈叶养女薇薇欧为主角，发生在StrikerS四年后
youjo_senki,3,saga_of_tanya_the_evil|谭雅战记,幼女战记,1464,Carlo Zen的轻小说，讲述转生为少女的军人参与战争的故事
valorant,3,valorantart|valorantfanart|特战英豪|瓦洛兰特|瓦罗兰特,无畏契约,1463,Riot Games于2020年推出的免费战术射击游戏，以英雄技能为特色
.hack//,3,.hack|dothack|骇客时空,黑客时空,1462,围绕网络游戏The World展开的跨媒体企划，含游戏、动画与小说
manatsu_no_yo_no_inmu,3,manatsu_no_yoru_no_inmu|东方夏淫梦|淫梦|盛夏之夜的淫梦,真夏夜的淫梦,1458,源自日本成人影片的网络迷因系列
scott_pilgrim_takes_off,3,scottpilgrimnetflix|scottpilgrimtakesoff|歪小子史考特火力全开|歪小子史考特：火力全开,歪小子斯科特：起飞,1458,Science SARU制作的动画，2023年在Netflix上线
resident_evil_2,3,biohazard_2|恶灵古堡2,生化危机2,1453,系列第2作，1998年发售，主角为里昂与克莱尔，2019年重制
roblox,3,robloxart|robloxartcommissions|robloxdev,Roblox,1452,用户可自行创作并游玩游戏的多人沙盒平台
ben_10,3,,少年骇客,1447,美国卡通频道的动画系列，主角少年可借手表变身外星英雄
eureka_seven,3,Eureka 7|eureka_7|koukyoushihen_eureka_7|koukyoushihen_eureka_seven,交响诗篇,1447,Bones制作的机甲动画，日文标题为《交響詩篇エウレカセブン》
doukyuusei_another_world,3,,同级生 Another World,1443,DMM Games推出的在线抽卡成人游戏，以同级生系列为背景
spider-man:_across_the_spider-verse,3,acrossthespiderverse|spidermanacrossthespiderverse|蜘蛛人：穿越新宇宙|蜘蛛侠纵横宇宙,蜘蛛侠：纵横宇宙,1439,2023 年上映的动画电影，迈尔斯·莫拉莱斯穿越多元宇宙
da_capo,3,Da Capo,初音岛,1438,CIRCUS 的恋爱冒险游戏系列，以四季常夏的初音岛为舞台
sen_no_kiseki_iii,3,sen_no_kiseki_3|trails_of_cold_steel_iii|英雄传说 闪之轨迹III|闪之轨迹3,闪之轨迹III,1438,闪之轨迹系列第三作，为英雄传说轨迹系列的一环
soulworker,3,soul_worker,灵魂行者,1437,韩国 Lion Games 开发的动漫风格免费动作 MMORPG
blend_s,3,Blend S,调教咖啡厅,1430,中山幸的四格漫画，2017年改编为动画，舞台是属性咖啡厅
the_king_of_fighters_xv,3,拳皇XV|格斗天王15,拳皇15,1428,拳皇系列第十五作，2022年发售
comiket_103,3,C103|Comic Market 103|c103,Comic Market 103,1426,Comic Market 第103届同人志即卖会，2023年12月30-31日举办
gundam_build_divers,3,钢弹创斗者 潜网大战,高达创形者,1426,2018年播出的高达系列动画，以VR网络世界为舞台的钢普拉对战
gundam:_hathaway's_flash,3,gundam_brilliant_hathaway|gundam_hathaway's_flash,机动战士高达 闪光的哈萨维,1425,UC时间线的小说及动画剧场版，讲述哈萨维领导反联邦组织
douluo_dalu,3,,斗罗大陆,1424,唐家三少创作的中国玄幻小说，改编有动画与漫画
nagi_no_asukara,3,a_lull_in_the_sea|nagiasu|风平浪静的明天,来自风平浪静的明天,1424,P.A. Works制作的2013年动画，讲述海底与陆上少年的故事
dragon_quest_ii,3,dragon_quest_2|勇者斗恶龙II,勇者斗恶龙2,1419,系列第二作，首次采用多人队伍冒险
ark_order,3,,方舟指令,1416,中国神话题材的二次元手游，2018年上线，2021年停运
kourin_tenshi_en_ciel_rena,3,光臨天使エンシェル・レナ,光临天使En-Ciel蕾娜,1416,以变身少女战斗为主题的成人向游戏作品
mahou_senshi_(series),3,,魔法战士系列,1415,日本成人游戏与OVA的魔法少女变身题材系列作品
five_nights_at_freddy's,3,fnaf|佛莱迪的五夜惊魂,玩具熊的五夜后宫,1414,Scott Cawthon制作的独立生存恐怖游戏系列，对抗机械玩偶
dead_or_alive_5,3,生死格斗5,死或生5,1412,死或生系列第五作，2012年发售的3D格斗游戏
miside,3,,MiSide,1412,俄罗斯团队AIHASTO制作的恋爱模拟风格心理恐怖游戏
monster_hunter:_world,3,monsterhunterworld|怪物猎人 世界|怪物猎人:世界|魔物猎人：世界,怪物猎人：世界,1409,怪物猎人系列第五世代首作，2018年发行，有冰原扩展
bishoujo_senshi_sailor_moon_stars,3,,美少女战士StarS,1405,美少女战士第五季，改编漫画Stars篇，故事以星之战士为主线
shirobako,3,SHIROBAKO|white_box,白箱,1401,P.A.Works制作的2014年动画，描写动画制作行业的职场群像剧
assassin's_creed_(series),3,assassin's_creed|assassin'screed|刺客教条,刺客信条,1397,育碧的历史题材动作游戏系列，围绕刺客兄弟会与圣殿骑士的争斗
ta_ga_tame_no_alchemist,3,dare_ga_tame_no_alchemist|the_alchemist_code|为了谁的炼金术师|为谁炼金,为谁而炼金,1396,以炼金术士与群像剧为卖点的日式手机战棋角色扮演游戏
princess_principal,3,Princess Principal,公主代理人,1395,2017年原创动画，以维多利亚时代伦敦为舞台的间谍少女故事
azur_lane:_slow_ahead,3,,碧蓝航线：微速前行,1393,《碧蓝航线》的日常漫画，以四位初始驱逐舰为主角
vividred_operation,3,ビビッドレッド・オペレーション,Vividred Operation,1393,以少女与科学力量为主题的原创科幻动画，讲述对抗侵略者的故事
gekkan_shoujo_nozaki-kun,3,monthly_girls'_nozaki-kun|月刊少女野崎同学,月刊少女野崎君,1385,椿泉的漫画，描绘少女漫画家野崎与同伴的搞笑日常，2014年改编动画
overwatch_2,3,斗阵特攻2,守望先锋2,1382,暴雪2022年推出的续作，改为5v5并加入PvE模式内容
azure_striker_gunvolt,3,苍蓝雷霆钢伏特,苍蓝雷霆 钢伏特,1381,Inti Creates的横版动作游戏系列，为《洛克人Zero》的精神续作
shuuniichido_classmate_wo_kau_hanashi,3,shuukura|一周一次买下同班同学的那些事|我买下了与她的每周密会,每周买一次同学的故事,1381,羽田宇佐的百合轻小说，描写宫城与仙台之间以金钱维系的关系
monitoring_(vocaloid),3,モニタリング,モニタリング,1380,DECO*27创作、初音未来演唱的Vocaloid歌曲
street_fighter_ii_(series),3,street_fighter_ii|street_fighter_ii'_turbo:_hyper_fighting|streetfighter2|streetfighterii|super_street_fighter_ii:_the_new_challengers|super_street_fighter_ii_turbo_hd_remix|super_street_fighter_ii_x|快打旋风2,街头霸王2,1374,Capcom 1991 年推出的《街头霸王》第二作，奠定现代格斗游戏基础
getsuyoubi_no_tawawa,3,,星期一的丰满,1373,比村奇石在推特连载的插画与无声漫画，为周一上班族提供福利
puyopuyo_20th_anniversary,3,魔法气泡20周年,噗哟噗哟20周年,1373,系列20周年纪念作，2011年登陆NDS、3DS、Wii与PSP
stellar_blade,3,stellarblade|星刃,剑星,1371,韩国 Shift Up 开发、索尼互动娱乐发行的动作角色扮演游戏
kino_no_tabi,3,Kino's Journey|kino's_journey,奇诺之旅,1368,时雨泽惠一原作、黑星红白插画的轻小说，讲述旅人奇诺与摩托车的旅途
strike_witches:_suomus_misfits_squadron,3,ストライクウィッチーズ スオムスいらん子中隊,强袭魔女 苏穆斯多余人中队,1365,山口升执笔的《强袭魔女》世界观轻小说，共三卷
z/x,3,Z/X -Zillions of enemy X-|Z/X 绝界圣战|z/x-zillions_of_enemy_x-,Z/X,1363,日本一软件与Broccoli共同创作的集换式卡牌游戏系列
my-otome,3,My-Otome|mai-otome|mai_otome|maiotome|my-zhime|my_otome|my_zhime|舞-乙HIME,舞-乙HiME,1362,舞-HiME的续作动画舞-乙HiME
girls_und_panzer_senshadou_daisakusen!,3,,少女与战车 战车道大作战,1360,《少女与战车》的日本手机抽卡游戏
xenogears,3,,异度装甲,1357,史克威尔1998年推出的PS平台RPG，异度系列的源头作品
gravity_falls,3,gravityfalls,怪诞小镇,1353,Alex Hirsch创作的美国动画，讲述双胞胎在奇异小镇的暑假冒险
nanatsu_no_taizai,3,the_seven_deadly_sins_(series)|七原罪,七大罪,1351,铃木央的漫画，2012年起在周刊少年Magazine连载
pretty_rhythm,3,prettyrhythm|星光少女|美妙旋律,美妙旋律,1348,Takara Tomy的街机节奏换装游戏，并衍生出动画与漫画
dragon_ball_super_broly,3,七龙珠超 布罗利,龙珠超：布罗利,1347,2018年上映的龙珠剧场版第20作，布罗利正式进入正史
marvel_vs._capcom,3,marvel_vs_capcom|marvelvscapcom|漫威VS卡普空,漫威 vs. 卡普空,1347,卡普空与漫威合作的交叉格斗游戏系列
mega_man_zx_advent,3,rockman_zx_advent|洛克人ZX Advent,洛克人ZX：降临,1346,洛克人ZX的直接续作，登陆NDS
sekaiju_no_meikyuu_3,3,etrian_odyssey_iii|世界树迷宫III 星海的来访者,世界树迷宫3,1344,2010年Nintendo DS上的系列第三作，采用全新职业阵容
dragon_quest_viii,3,dq8|dragon_quest_8|勇者斗恶龙VIII,勇者斗恶龙8,1341,2004年登陆PS2的系列第八作，后移植手机
resident_evil_3:_nemesis,3,biohazard_3|resident_evil_3|恶灵古堡3,生化危机3：复仇女神,1341,系列第3作，1999年发售，追迹者Nemesis登场
drag-on_dragoon,3,Drag-on Dragoon|drakengard|ドラッグオンドラグーン,龙背上的骑兵（系列）,1338,史克威尔艾尼克斯的动作角色扮演系列，以多结局与压抑剧情闻名
nijisanji_kr,3,彩虹社KR,彩虹社KR,1333,NIJISANJI的韩国分部，2022年4月并入日本本部
non_non_biyori,3,悠悠哉哉少女日和,悠哉日常大王,1330,あっと的漫画，2013年起由Silver Link改编动画，描绘乡下学校的日常
majo_no_takkyuubin,3,kiki's_delivery_service|小魔女限时专送|魔女宅,魔女宅急便,1329,宫崎骏执导的1989年动画电影，改编自角野荣子的儿童小说
aa_megami-sama,3,ah_my_goddess|oh_my_goddess|幸运女神,我的女神,1326,藤岛康介的漫画，讲述大学生与女神贝露丹迪的同居生活
ichigo_mashimaro,3,strawberry_marshmallow|苺ましまろ,草莓棉花糖,1325,ばらスィー的日常漫画，讲述小学生与姐姐的日常
comiket_102,3,C102|Comic Market 102|c102,Comic Market 102,1322,Comic Market 第102届同人志即卖会，2023年8月12-13日举办
taimanin_asagi,3,,对魔忍浅葱,1322,对魔忍系列的首部作品，2005年发售，后有续作与前传
helios_rising_heroes,3,,Helios Rising Heroes,1320,日本推出的女性向英雄题材手机游戏，以多名英雄角色为卖点
spongebob_squarepants_(series),3,spongebob|spongebob_squarepants|spongebobsquarepants,海绵宝宝,1318,Stephen Hillenburg 创作、尼克儿童频道播出的美国动画
yu_yu_hakusho,3,yuu_yuu_hakusho|幽☆游☆白书|幽白,幽游白书,1316,富坚义博的漫画及动画，1990至1994年连载于周刊少年Jump
invincible_(series),3,invincible|无敌少侠（系列）,无敌少侠,1315,罗伯特·柯克曼的超级英雄漫画，Image Comics出版
kfc,3,KFC|kentucky_fried_chicken|kfc_(company),肯德基,1315,以炸鸡为主打的美国快餐连锁品牌，1952年由山德士上校创立
fate/grand_order_arcade,3,FGO街机版|fate/grandorderarcade|命运-冠位指定 街机版,Fate/Grand Order Arcade,1313,以《Fate/Grand Order》角色与设定为基础的街机格斗游戏
world_dai_star,3,,World Dai Star,1312,以剧团与舞台表演为主题的多媒体企划
gakkou_gurashi!,3,School-Live!|school-live!,学园孤岛,1310,海法纪光原作、千叶サドル作画的丧尸生存漫画，2015年改编动画
metal_gear_solid,3,潜龙谍影,合金装备（Solid）,1310,小岛秀夫执导的1998年潜行游戏，登陆PS平台
plants_vs._zombies,3,plants_vs_zombies|plantsvs.zombies|plantsvszombies,植物大战僵尸,1309,PopCap开发的塔防游戏，玩家种植植物抵御僵尸入侵
robotics;notes,3,Robotics;Notes,机器人笔记,1308,5pb.与Nitroplus的《科学冒险》系列视觉小说，2012年动画化
himouto!_umaru-chan,3,我家有个鱼干妹,干物妹！小埋,1304,三角头的漫画，讲述在外完美、在家懒惰的小埋日常，2015年动画化
deadpool_&_wolverine,3,deadpoolandwolverine|死侍3,死侍与金刚狼,1302,漫威电影宇宙第34部电影，死侍与金刚狼联手的2024年作品
tekken_8,3,tekken8,铁拳8,1300,铁拳系列第八部正统作品，2024年1月发售
violet_evergarden_(series),3,,紫罗兰永恒花园,1299,晓佳奈的轻小说，2018年由京都动画改编为动画与剧场版
resident_evil_6,3,恶灵古堡6,生化危机6,1298,2012年发售的动作射击游戏，四名主角面对全球生化威胁
pokemon_emerald,3,口袋妖怪 绿宝石|神奇宝贝 绿宝石,宝可梦 绿宝石,1295,第三世代宝可梦游戏绿宝石，为红蓝宝石的加强版，以烈空坐为主线
resident_evil_village,3,biohazard_village|resident_evil_8|resident_evil_8:_village|恶灵古堡：村庄|生化危机8,生化危机：村庄,1294,2021年发售的系列第10作，主角为伊森·温特斯
pixiv_fantasia_last_saga,3,PF Last Saga,Pixiv Fantasia Last Saga,1289,Pixiv Fantasia系列企划之一，以最终传说为主题
pokemon_mystery_dungeon,3,pokemon_fushigi_no_dungeon|pokemon_md|pokemonmysterydungeon|口袋妖怪不可思议的迷宫|宝可梦迷宫,宝可梦不可思议的迷宫,1288,宝可梦的roguelike衍生系列，主角会变成宝可梦并结成探险队
the_witcher_(series),3,the_witcher|thewitcher|witcher|猎魔人,巫师,1288,波兰作家萨普科夫斯基的奇幻小说系列，游戏改编由CD Projekt RED开发
tokyo_ghoul:re,3,东京食尸鬼：re,东京喰种：re,1286,《东京喰种》的正统续篇漫画，主角为佐佐木琲世
dao_gui_yi_xian,3,dao_of_the_bizarre_immortal,道诡异仙,1283,狐尾的笔创作的玄幻恐怖网络小说，主角为李火旺
studio_ghibli,3,ghibli|吉卜力,吉卜力工作室,1280,宫崎骏等人创立的日本动画制作公司，出品多部知名动画电影
kirby_64,3,星之卡比64：水晶碎片,星之卡比64,1278,Nintendo 64平台的卡比游戏，卡比可组合两种复制能力，续接三代剧情
my_little_pony:_equestria_girls,3,equestria_girls|equestriagirls|小马国女孩,小马宝莉：小马国女孩,1276,小马宝莉的衍生系列，角色化身为人类高中生
one_piece_film:_red,3,filmred|海贼王 红发歌姬|海贼王剧场版：红发歌姬,航海王：红发歌姬,1276,2022年上映的第15部《航海王》剧场版，以歌姬乌塔为中心
nisekoi,3,,伪恋,1275,古味直志的恋爱喜剧漫画，2011至2016年连载，2014与2015年由SHAFT改编动画
fushigi_no_umi_no_nadia,3,nadia:_the_secret_of_blue_water|不可思议的海之娜蒂亚,蓝宝石之谜,1274,Gainax 1990年的科幻动画，灵感来自凡尔纳的海洋冒险小说
akame_ga_kill!,3,斩!赤红之瞳|斩·赤红之瞳|斩赤红之瞳,斩！赤红之瞳,1272,タカヒロ原作、田代哲也作画的漫画，描写夜袭的暗杀者
devil_may_cry_3,3,恶魔猎人3,鬼泣3,1272,鬼泣系列第三作，讲述但丁年轻时的故事
utawarerumono:_chiriyuku_mono_e_no_komoriuta,3,utawarerumono:_prelude_to_the_fallen,传颂之物：致凋落之物的摇篮曲,1272,《传颂之物》三部曲第一部，2002年发售，2006年推出PS2版
mawaru_penguindrum,3,penguindrum,回转企鹅罐,1267,几原邦彦执导、Brain's Base制作的2011年原创动画
pop'n_music,3,pop'n|pop'nmusic,pop'n music,1265,科乐美Bemani系列的音乐游戏，吉祥物为咪咪与喵咪
kiratto_pri_chan,3,prichan|星梦频道|闪跃吧！星梦☆频道,美妙频道,1260,Takara Tomy 的街机游戏，PriPara 的续作，美妙系列第三作，并有动画
ys,3,,伊苏,1259,日本Falcom的动作RPG系列，主角为冒险家亚特鲁·克里斯汀
kizumonogatari,3,,伤物语,1258,《化物语》的前传，讲述阿良良木历变身为吸血鬼的春假，改编为剧场版三部曲
shinkai_no_valkyrie,3,valkyrie_crusade|神界之瓦尔基里,神界的女武神,1255,面向手机平台的卡牌RPG，2021年5月结束运营
nijiura_maids,3,虹裏メイド,nijiura maids,1252,双叶频道虹里板衍生的女仆角色群，性格设定多来自名字谐音
key_(company),3,key|键社,Key社,1251,Visual Art's 旗下的视觉小说品牌，以《Kanon》《AIR》《CLANNAD》等作品闻名
subarashiki_hibi,3,subahibi|wonderful_everyday|素晴日,美好的每一天,1250,KeroQ 开发的悬疑心理恐怖视觉小说
yu-gi-oh!_zexal,3,yugioh_zexal|yuu-gi-ou_zexal,游戏王ZEXAL,1249,《游戏王》动画第四作，以超量召唤为特色
ragnarok:_guild_masters,3,,Ragnarok: Guild Masters,1248,《仙境传说》衍生的浏览器城镇经营模拟游戏
splatoon_2:_octo_expansion,3,喷射战士2：章鱼扩展,斯普拉遁2：章鱼扩展包,1248,《斯普拉遁2》的单人剧情模式，主角为章鱼族特工 8 号
shy_(series),3,SHY|shy|shy_hero,腼腆英雄,1246,実樹ぶきみ的超级英雄漫画，2023年由Eight Bit改编动画
kidou_senkan_nadesico,3,martian_successor_nadesico|机动战舰Nadesico,机动战舰抚子号,1242,XEBEC 制作的1996年科幻动画，融合喜剧与真实系机器人要素
minami-ke,3,南家三姊妹,南家三姐妹,1238,樱场小春的四格漫画，讲述南家三姐妹的日常，改编为四季动画
denonbu,3,DEN-ON-BU|电音部美术部,电音部,1237,万代南梦宫2020年启动的EDM与角色企划
ojamajo_doremi,3,magical_doremi|magicaldoremi|ojamajodoremi|小魔女Doremi,小魔女DoReMi,1235,东映制作的魔法少女动画，1999至2003年播出共201话，另有OVA
dream_c_club_(series),3,,梦幻俱乐部（系列）,1231,以陪酒俱乐部为主题的恋爱模拟游戏系列
kimi_kiss,3,kimikiss,君吻,1228,Enterbrain 开发、高山箕犀负责角色设计的恋爱模拟游戏，2006年发售
hokuto_no_ken,3,fist_of_the_north_star|北斗之拳,北斗神拳,1224,武论尊原作、原哲夫作画的末世格斗漫画，1982年起连载
puyopuyo_quest,3,魔法气泡Quest,噗哟噗哟Quest,1224,2013年推出的系列手机抽卡游戏，玩法类似智龙迷城
tensei_oujo_to_tensai_reijou_no_mahou_kakumei,3,magirevo|tenten_kakumei|転天|转天|转生公主与天才千金的魔法革命|转生王女和天才千金的魔法革命,转生王女与天才千金的魔法革命,1221,鸦ぴえろ创作的百合轻小说，2023年改编为电视动画
busou_shinki,3,武装神姫,武装神姬,1218,科乐美推出的可动模型系列，以15厘米高的可动素体为特色
ikizulive!_love_live!_bluebird,3,ikizulive! love live! bluebird|lovelive!bluebird|イキヅライブ,Love Live! Bluebird,1214,Love Live!系列第六个企划，2025年开始活动
the_king_of_fighters_xiv,3,格斗天王14,拳皇14,1212,拳皇系列第十四作，首次采用全3D渲染画面
2channel,3,2ch|5ch|5channel,2ch,1210,日本大型匿名网络论坛，2014年分裂后部分改称5ch
kai_no_kiseki,3,英雄传说 界之轨迹,界之轨迹,1209,《英雄传说》系列卡尔瓦德篇的第三作，2024年发售
sound_voltex,3,sdvx|sound voltex|soundvoltex,SOUND VOLTEX,1209,Konami 的街机音乐游戏系列，以旋钮与长条操作为特色
dota_(series),3,dota|刀塔,Dota,1207,源自魔兽争霸3地图Defense of the Ancients的系列，含Dota 2
imperishable_night,3,永夜抄,东方永夜抄,1204,东方Project第9作，2004年发售的弹幕射击游戏
helluva_boss,3,Helluva Boss|helluvaboss|helluvabossfanart,极恶老大,1200,《地狱客栈》同世界观的网络动画，讲述地狱刺客公司I.M.P.的故事
comiket_108,3,,Comic Market 108,1197,Comic Market 第108届同人志即卖会，2026年8月15-16日举办
idoly_pride,3,IDOLY PRIDE|idolypride,偶像荣耀,1197,日本偶像多媒体企划，含动画与手机游戏
ao_no_kiseki,3,trails_to_azure|碧轨,碧之轨迹,1196,日本Falcom英雄传说系列的第十作，克洛斯贝尔篇的完结篇
sekai_seifuku:_bouryaku_no_zvezda,3,world_conquest_zvezda_plot|世界征服谋略之星,世界征服：谋略之星,1195,2014年播出的动画，由冈村天斋执导，Type-Moon成员参与编剧
super_real_mahjong,3,,Super Real Mahjong,1191,80 至 90 年代日本街机的脱衣麻将游戏系列
uchuu_senkan_yamato,3,space_battleship_yamato|star_blazers|太空战舰大和号|宇宙战舰大和,宇宙战舰大和号,1191,松本零士与西崎义展在1970年代创作的经典科幻动画
subterranean_animism,3,东方地霊殿|東方地霊殿,东方地灵殿,1190,东方 Project 第 14 作，以地灵殿与间歇泉异变为题材
apple_inc.,3,Apple,苹果公司,1189,美国科技公司，以iPhone与Mac等消费电子产品闻名
blue_archive_the_animation,3,碧蓝档案 The Animation|蔚蓝档案动画,蔚蓝档案（动画）,1188,手机游戏蔚蓝档案的动画改编，2024年4月开播
code_geass:_lost_stories,3,geassp|反叛的鲁路修Lost Stories,叛逆的鲁路修Lost Stories,1187,f4samurai 与 DMM 开发、2022年上线的《Code Geass》手机游戏
cosmic_break,3,,Cosmic Break,1187,CyberStep 的机甲题材在线第三人称射击游戏，支持大规模对战
capcom_fighting_jam,3,capcom fighting evolution|capcom_fighting_evolution,Capcom Fighting Jam,1182,卡普空2004年推出的跨作品格斗游戏，美版名为Capcom Fighting Evolution
shin_sangoku_musou,3,dynasty_warriors|三国无双|真·三国无双,真三国无双,1182,光荣特库摩的三国题材动作游戏系列，以割草式战斗为特色
fire_emblem:_thracia_776,3,fe5|火焰之纹章多拉基亚776,火焰纹章：多拉基亚776,1179,《火焰之纹章》系列第五作，以利夫为主角
mirai_nikki,3,future_diary|未来日記,未来日记,1179,えすのサカエ的漫画，讲述持有未来日记者的生存游戏，改编为动画
pixiv,3,P站,pixiv,1178,日本插画投稿网站，是Danbooru等图库的重要图源之一
apollo_justice:_ace_attorney,3,ace_attorney_4|gyakuten_saiban_4|逆転裁判4,逆转裁判4,1176,《逆转裁判》系列第四作，主角为新辩护律师王泥喜法介
trigun_stampede,3,TRIGUN STAMPEDE|trigun_stargaze,枪神STAMPEDE,1173,Orange制作、2023年播出的《枪神》3D重制动画，2026年推出续篇
daiya_no_ace,3,ace_of_diamond,钻石王牌,1172,寺嶋裕二的棒球漫画，讲述高中投手泽村荣纯的成长
dream_c_club,3,dream_club,梦幻俱乐部,1171,2009年登陆Xbox 360的恋爱模拟游戏，系列首作
gridman_universe_(movie),3,gridman_x_dynazenon|古利特宇宙|古立特宇宙（电影）,古立特宇宙（剧场版）,1170,2023年上映的《古立特宇宙》剧场版动画，集结前两作角色
occultic;nine,3,occultic_nine|超自然九人|超自然九人组,超自然9人组,1170,《命运石之门》作者的科幻悬疑轻小说，2016年改编动画
odin_sphere,3,,奥丁领域,1170,Vanillaware开发、Atlus于2007年发行的2D动作RPG，角色设计由神谷盛治担任
dota_2,3,Dota2|defense_of_the_ancients_2|dota2,刀塔2,1166,Valve开发的多人对战策略游戏，Dota系列正统续作
shuffle!,3,shuffle,SHUFFLE!,1166,Navel的恋爱游戏系列，2004年推出首作并有动画改编
battle_spirits,3,Battle Spirits,战斗之魂,1162,万代与日升合作的对战卡牌游戏及多媒体企划
unicorn_overlord,3,,圣兽之王,1162,Vanillaware开发、Atlus与世嘉发行的策略角色扮演游戏
blade_&_soul,3,Blade & Soul|blade_and_soul|bladeandsoul,剑灵,1161,NCsoft开发的韩国武侠题材大型多人在线角色扮演游戏
fate/unlimited_codes,3,Fate/UC|fate/unlimitedcodes|命运/无限代码,fate/unlimited codes,1161,基于《Fate/stay night》的格斗游戏，由Eighting开发
monster_hunter_wilds,3,MHWilds|mhwilds|怪物猎人:荒野,怪物猎人：荒野,1156,怪物猎人系列第六世代首作，2025年发行，强化叙事与写实表现
disney,3,the_walt_disney_company|迪斯尼,迪士尼,1155,美国传媒公司，以动画起家，拥有皮克斯、漫威与星战
en'en_no_shouboutai,3,enen_no_shoubotai|fire_force|炎炎消防隊,炎炎消防队,1152,大久保笃2015年起连载的漫画，2019年改编为动画，背景与《噬魂师》相同
master_detective_archives:_rain_code,3,Rain Code|rain_code|raincode|超侦探事件簿|雾雨谜宫,超侦探事件簿：雾雨谜宫,1151,Spike Chunsoft与Too Kyo Games2023年推出的推理冒险游戏，弹丸论破团队参与
hataraku_maou-sama!,3,maousama|the_devil_is_a_part-timer!|打工吧!魔王大人,打工吧！魔王大人,1150,和原聪司的轻小说，讲述魔王在日本打工生活，2013年动画化
pokemon_unite,3,pokemonunite|宝可梦UNITE|精灵宝可梦大集结,宝可梦大集结,1148,腾讯天美开发的宝可梦MOBA游戏，2021年上线多平台
star_ocean:_till_the_end_of_time,3,Star Ocean 3|star_ocean_3|star_ocean_till_the_end_of_time|星之海洋3,星之海洋3：直到时间的尽头,1147,《星之海洋》系列第三作，2003 年登陆 PlayStation 2
perfect_cherry_blossom,3,妖妖梦,东方妖妖梦,1144,东方Project第七作、Windows世代第二作，以樱花不散的异变为题材
yes!_precure_5_gogo!,3,Yes!光之美少女5 GoGo!|yes!_pretty_cure_5_gogo!,光之美少女5 GoGo！,1140,《Yes! 光之美少女5》的续作，新增角色Milky Rose
guardian_tales,3,guardiantales|坎特伯雷公主与骑士唤醒冠军之剑的奇幻冒险,坎公骑冠剑,1137,韩国开发的手机动作解谜角色扮演游戏，以像素画风与恶搞剧情著称
owari_no_seraph,3,seraph_of_the_end|終結的熾天使,终结的炽天使,1137,镜贵也创作的漫画，描绘少年与吸血鬼对抗的末世学园故事
final_fight,3,,快打旋风,1134,卡普空1989年推出的街机横版格斗游戏，可双人合作
grand_theft_auto,3,GTA|横行霸道,侠盗猎车手,1133,Rockstar Games发行的开放世界犯罪题材游戏系列，首作1997年推出
toji_no_miko:_kizamishi_issen_no_tomoshibi,3,刀使之巫女 刻印一闪的灯火,刀使巫女：刻印一闪的灯火,1133,Square Enix开发的《刀使巫女》回合制抽卡手游，2018至2021年运营
yagate_kimi_ni_naru,3,bloom_into_you|yagakimi|最终我成为了你|终将,终将成为你,1133,仲谷鳰的百合漫画，2015至2019年连载，2018年播出动画
magic_knight_rayearth,3,魔法骑士,魔法骑士雷阿斯,1132,CLAMP的魔法少女与机甲漫画，讲述三名少女被召唤到瑟费罗世界
kami_jigen_game_neptune_v,3,hyperdimension_neptunia_victory,神次元游戏 海王星V,1128,海王星系列第3作，PlayStation 3平台的RPG
pokemon_ultra_sun_and_ultra_moon,3,pokemon_ultra_moon|pokemon_ultra_sm|pokemon_ultra_sun|pokemon_usum,宝可梦 究极太阳／究极月亮,1128,第七世代太阳月亮的加强版，2017年登陆3DS
pokemon_the_series:_black_&_white,3,pokemon_black_and_white_(anime)|pokemon_bw_(anime),宝可梦 超级愿望,1127,宝可梦动画第四部系列，改编自第五世代游戏，舞台为合众地区
doom_(series),3,doom|doom(fps),毁灭战士,1124,id Software开发的第一人称射击游戏系列
dragon_quest_builders_2,3,勇者斗恶龙建造者2,勇者斗恶龙：建造者2,1124,创世小玩家续作，剧情接续勇者斗恶龙2
taimanin_yukikaze,3,対魔忍雪風,对魔忍雪风,1120,对魔忍系列中以雪风为主角的成人游戏作品
saya_no_uta,3,sayanouta|songofsaya|the_song_of_saya,沙耶之歌,1117,Nitro+的成人向游戏，虚渊玄编剧，取材自克苏鲁神话
highschool_of_the_dead,3,学园黙示录|学園黙示録,学园默示录,1115,佐藤大辅原作、佐藤庄司作画的丧尸题材漫画，2010年动画化
getter_robo,3,getterrobo|三一万能侠|盖塔,盖塔机器人,1113,永井豪与石川贤的超级机器人漫画，开创了合体机器人的概念
guardians_of_the_galaxy,3,guardiansofthegalaxy|銀河守護隊|银河守护者,银河护卫队,1112,漫威漫画的超级英雄团队系列，后改编为漫威电影宇宙的系列电影
armored_core_vi:_fires_of_rubicon,3,AC6|armored_core_6|armored_core_vi|armoredcorevi|装甲核心6,装甲核心6：境界天火,1111,《装甲核心》系列第六作，2023年发售，舞台为卢比孔星
sen_to_chihiro_no_kamikakushi,3,spirited_away|神隐少女,千与千寻,1108,宫崎骏执导、吉卜力工作室制作的2001年动画电影
brand_new_animal,3,Brand New Animal|动物新世代,BNA,1106,Studio Trigger制作的2020年动画，舞台是兽人与人类共存的世界
disneyland,3,disneyland_paris|disneysea|hong_kong_disneyland|tokyo_disneyland|tokyo_disneysea|上海迪士尼乐园|迪斯尼乐园|香港迪士尼乐园,迪士尼乐园,1105,迪士尼在全球经营的系列主题乐园，含加州与东京等
fukumoto_mahjong,3,,福本麻将,1104,福本伸行创作的麻将题材漫画作品群，包括《斗牌传说》等
kirby_and_the_forgotten_land,3,kirbyandtheforgottenland|kirbyforgottenland|星之卡比 探索发现,星之卡比 探索发现,1104,系列首款3D化的卡比游戏，2022年登陆Switch，卡比在遗忘之地营救瓦豆鲁迪
arms_(game),3,arms,ARMS,1103,任天堂Switch的格斗游戏，角色以可伸缩的手臂作战
black_souls_2,3,blacksouls2|blacksoulsii|黑色灵魂2,Black Souls 2,1103,Black Souls系列续作，以爱丽丝梦游仙境的黑暗重构为题材
"don't_say_""lazy""",3,don't_say_lazy,"Don't say ""lazy""",1102,《轻音少女》第一季片尾曲，由放学后茶会演唱
mononoke_hime,3,mononoke|princess_mononoke|魔法公主,幽灵公主,1100,宫崎骏执导、吉卜力1997年制作的动画电影
taimanin_rpgx,3,対魔忍RPGX,对魔忍RPGX,1100,Lilith-soft开发、DMM运营的免费抽卡角色扮演成人游戏，2018年上线
king's_raid,3,King's Raid|king'sraid|kingsraid,王之逆袭,1099,韩国开发的横版RPG手游，2016年开始运营，2025年停止服务
magic:_the_gathering,3,魔法风云会,万智牌,1099,威世智1993年推出的集换式卡牌游戏，被视为该类型游戏的鼻祖
flcl,3,FLCL|fooly_cooly|furi_kuri,特别的她,1098,2000年发行的科幻喜剧OVA，由GAINAX等联合制作
grandia,3,,格兰蒂亚,1096,Game Arts开发的角色扮演游戏系列，战斗可取消敌人行动为特色
yofukashi_no_uta,3,Call of the Night|call_of_the_night|夜生活,彻夜之歌,1095,琴山的漫画，2019至2024年连载于周刊少年Sunday
aika_(series),3,AIKa|aika,海底娇娃蓝华,1094,Studio Fantasia制作的动画系列，以福利镜头与运镜著称
kamen_rider_w,3,假面骑士Double|幪面超人W,假面骑士W,1094,平成假面骑士第11作，2009年播出
shin_megami_tensei_v,3,Shin Megami Tensei V|shinmegamitenseiv|真5|真女神转生5,真·女神转生V,1094,真女神转生系列第五作，2021年发售于Nintendo Switch
charlotte_(anime),3,Charlotte|Charlotte（夏洛特）|charlotte,夏洛特,1092,P.A. Works与Aniplex制作、麻枝准编剧的2015年动画
little_witch_nobeta,3,Little Witch Nobeta|littlewitchnobeta|小女巫诺贝塔|小魔女诺贝塔,小魔女诺贝塔,1092,Pupuya Games开发的动作角色扮演游戏，以高难度著称
moomin,3,Moomins|噜噜米|小肥肥一族,姆明,1092,芬兰作家托芙·扬松创作的姆明家族系列，含小说与动画
tenchi_muyou!,3,Tenchi Muyo|tenchi_muyo|tenchi_muyou|天地无用|天地无用!|天地无用！,天地无用,1092,梶岛正树创作的日本多媒体企划，含OVA、动画与漫画，以魉皇鬼系列为主线
miraculous_ladybug,3,ladybug|miraculousladybug|奇迹少女|瓢虫少女,瓢虫雷迪,1089,法国Zagtoon与日本东映合作的魔法少女超级英雄动画
sekaiju_no_meikyuu_1,3,Etrian Odyssey|etrian_odyssey_i|世界树迷宫1,世界树迷宫,1089,2007年Nintendo DS上的系列首作，由Atlus开发
devil_survivor_(series),3,Devil Survivor,恶魔幸存者,1087,女神转生系列衍生策略角色扮演游戏，登陆DS与3DS
square_enix,3,SQUARE ENIX|square-enix|史克威尔·艾尼克斯,史克威尔艾尼克斯,1087,日本游戏开发与发行公司，以最终幻想、勇者斗恶龙等系列闻名
top_wo_nerae!_(series),3,Gunbuster|勇往直前|飞越巅峰,飞跃巅峰,1083,Gainax创作的机甲动画系列，含《飞跃巅峰！》与《飞跃巅峰2！》
million_arthur_(series),3,Million Arthur,百万亚瑟王,1078,史克威尔艾尼克斯的亚瑟王传说题材游戏系列，含漫画与动画
unfinished_dream_of_all_living_ghost,3,Touhou Juuouen|东方兽王园 ～ Unfinished Dream of All Living Ghost,东方兽王园,1078,东方Project第19作，2023年发售的弹幕射击游戏
the_owl_house,3,The Owl House|theowlhouse,猫头鹰魔法社,1076,Dana Terrace创作的迪士尼动画剧集，少女露丝误入沸腾群岛学习魔法
chrono_cross,3,Chrono Cross|时空之轮2,穿越时空,1075,Square 1999年在 PS1 推出的角色扮演游戏，《时空之轮》的续作
hacka_doll,3,ハッカドール,Hacka Doll,1073,DeNA推出的新闻应用及其拟人化角色，后改编为短篇动画
idol_wars,3,,偶像大战,1073,2015年至2026年运营的偶像养成卡牌页游
cthulhu_mythos,3,lovecraft|克苏鲁神话体系|洛夫克拉夫特神话,克苏鲁神话,1072,洛夫克拉夫特创作并被子弟扩写的宇宙恐怖共享世界观
halo_(series),3,Halo|halo|halo_(game)|halospotlight|最后一战,光环,1072,微软发行的科幻第一人称射击游戏系列，由Bungie与343开发
touhou_cannonball,3,东方炮弹|东方炮弹（直译）,东方Cannonball,1072,Quatro A开发、Aniplex发行的东方Project同人大富翁式手游
monster_musume_no_iru_nichijou_online,3,Monster Musume no Iru Nichijou|魔物娘的相伴日常Online,魔物娘的同居日常Online,1071,魔物娘的相伴日常的网页游戏衍生作，2015年上线
aquarion_(series),3,Aquarion|创圣的大天使EVOL,创圣的大天使,1069,Satelight的科幻机器人动画系列，以合体机器人与转生爱恋为主题
choujikuu_yousai_macross,3,Macross|the_super_dimension_fortress_macross|超时空要塞Macross,超时空要塞（初代）,1068,1982年首播的《超时空要塞》系列首部动画，以可变战机与歌声为主题
zoids,3,ZOIDS|洛伊德,索斯机械兽,1068,Takara Tomy的机械兽玩具系列，衍生多部动画
sono_hanabira_ni_kuchizuke_wo,3,Sonohana|a_kiss_for_the_petals|sono_hanabira_ni_kuchiduke_o|sonohana|その花びらにくちづけを|花吻在上,亲吻那片花瓣,1067,Fuguriya 的百合游戏系列，含轻小说、广播剧与 OVA 改编
another_eidos-r,3,AnotherEidos Of Dragon Vein R|アナザーエイドスR,龙脉的AnotherEidos R,1066,Habbit开发的塔防型策略角色扮演游戏，舞台为龙脉世界
mazinger_(series),3,Mazinger Z|无敌铁金刚|铁甲万能侠,魔神Z,1066,永井豪创作的超级机器人系列，含魔神Z、大魔神等作品
virtuareal,3,VirtuaReal Project|virtuareal_project,VirtuaReal,1064,哔哩哔哩与Nijisanji合作的中文虚拟主播企划，2019年启动
dramatical_murder,3,DMMd|dramaticalmurder|戏剧性谋杀,DRAMatical Murder,1060,Nitro+CHiRAL 2012年推出的BL视觉小说
curiosities_of_lotus_asia,3,Curiosities of Lotus Asia|Touhou Kourindou,东方香霖堂,1057,ZUN 执笔的东方Project官方小说，以森近霖之助为主角
dark_souls_ii,3,Dark Souls II|dark_souls_2|darksouls2|黑暗之魂II,黑暗之魂2,1057,2014年发售的黑暗之魂系列第二作，FromSoftware开发
journey_to_the_west,3,西遊記,西游记,1056,中国古典名著，讲述唐僧师徒西行取经的故事
bishoujo_senshi_sailor_moon_r,3,Sailor Moon R,美少女战士R,1055,《美少女战士》第二季，以黑色月亮篇为主线
kage_no_jitsuryokusha_ni_naritakute!,3,The Eminence in Shadow|kagejitsu|the_eminence_in_shadow|影之实力者|我想成为影之强者,想要成为影之实力者,1055,逢泽大介的异世界轻小说，2022年改编为动画
crave_saga,3,Crave Saga|クレイヴ・サーガ|神絆的導師,神绊的导师,1053,DMM GAMES 的成人向抽卡手游，舞台为只有男性的异世界
sewayaki_kitsune_no_senko-san,3,The Helpful Fox Senko-san|the_helpful_fox_senko-san|贤惠的狐仙小姐,贤惠的狐狸姐姐仙狐小姐,1051,リムコロ的漫画，描写仙狐小姐照顾社畜青年的日常，动画工房改编动画
sister_princess,3,SisPri|Sister Princess|sispri|sisterprincess,妹妹公主,1049,天广直人担任插画的读者参与企划，衍生出游戏与动画等
merc_storia,3,Merc Storia|メルクストーリア,梅露可物语,1047,Happy Elements开发的手机角色扮演游戏，2025年停运
shadowverse:_worlds_beyond,3,Shadowverse: Worlds Beyond|shadowverse:worldsbeyond|影之诗超越世界,影之诗：超越世界,1045,Cygames的电子卡牌游戏，影之诗的续作
snowbreak:_containment_zone,3,Project Snow|Snowbreak|project_snow|projectsnow|snow_break:_forbidden_descent|snowbreak|尘白禁域,尘白禁区,1043,Amazing Seasun开发的第三人称射击抽卡游戏
world_is_mine_(vocaloid),3,world_is_mine|ワールドイズマイン,World is Mine,1043,ryo创作的初音未来Vocaloid歌曲，插画由redjuice绘制
digimon_adventure_02,3,digimon_adventures_02|数码宝贝02|数码暴龙02,数码宝贝大冒险02,1041,数码宝贝系列第二部动画，以本宫大辅等新主角为中心
mega_man_x_dive,3,Mega Man X DiVE|Rockman X DiVE|megamanxdive|rockman_x_dive|rockmanxdive,洛克人X DiVE,1037,洛克人X系列的手机游戏，2020年起运营，后推出离线版
esse_series,3,mitsudomoe_koubou_(series),Esse系列,1032,三ツ巴工房制作的多部视觉小说共享世界观系列
sonic_the_hedgehog_(classic),3,索尼克|超音鼠|音速小子,刺猬索尼克（经典）,1032,索尼克系列Dreamcast之前的经典时期作品及其美术风格
uta_no_prince-sama,3,Uta no Prince-sama|歌之☆王子殿下,歌之王子殿下,1031,Broccoli的乙女向偶像多媒体企划，2010年以游戏起家
animal_crossing:_new_horizons,3,,集合啦！动物森友会,1030,动物森友会系列2020年登陆Switch的作品
line_(naver),3,line|连我,LINE,1029,Naver日本开发的消息应用，在东亚与东南亚广泛使用
mahou_shoujo_madoka_magica_movie_1_&_2,3,剧场版 魔法少女小圆|魔法少女小圆剧场版 前篇&后篇,魔法少女小圆剧场版,1027,小圆电视动画的总集篇剧场版前后篇，即起始的故事与永远的故事
turn_a_gundam,3,Turn A Gundam|∀高达,倒A高达,1027,富野由悠季执导的1999年高达系列电视动画，写法为∀高达
choukou_taisen_escalation_heroines,3,Escalation Heroines|escalation_heroines|超昂大戦,超昂大战,1026,AliceSoft 的网页抽卡游戏，超昂系列外传并与其他作品联动
miku_symphony_(vocaloid),3,初音未来交响音乐会,初音未来交响乐,1024,2016年起每年举办的初音未来管弦乐音乐会企划
naruto:_the_last,3,The Last: Naruto the Movie|thelast|火影忍者：最终章,火影忍者剧场版：The Last,1022,火影忍者第十部剧场版，剧情介于漫画699与700话之间
sega,3,SEGA,世嘉,1022,日本跨国电子游戏开发发行商，早期也曾生产游戏主机
ookami_(game),3,Okami|okami,大神,1020,卡普空(Clover工作室)的和风动作冒险游戏，玩家扮演白狼天照大神
rurouni_kenshin,3,rurounikenshin|神剑闯江湖,浪客剑心,1020,和月伸宏的明治时代剑客漫画，1996年起动画化并有真人电影
chromashift,3,IDOL Corp|idol_(vtuber_group)|idol_corp,Chromashift,1018,以色列的虚拟主播公司，原为 idol Corp.，2024年被 Brave Group 收购
yosuga_no_sora,3,ヨスガノソラ,缘之空,1016,Sphere于2008年推出的成人恋爱游戏，并有动画与漫画
mermaid_melody_pichi_pichi_pitch,3,pichi_pichi_pitch|唱K小鱼仙|真珠美人鱼,人鱼的旋律,1012,横手美智子原作、花森ぴんく作画的少女漫画，2002年起连载
chiikawa,3,Chiikawa|nanka_chiisakute_kawaii_yatsu|ちいかわ,吉伊卡哇,1010,ナガノ的漫画，讲述吉伊卡哇与伙伴们的日常，改编为动画
shino_to_ren,3,Shino to Ren,志乃与恋,1008,千種みのり的百合漫画，描写少女志乃与恋的日常，并有ASMR改编
arc_the_lad,3,Arc the Lad,亚克传说,1006,在PlayStation与PS2平台推出的角色扮演游戏系列
bishoujo_senshi_sailor_moon_(first_season),3,Sailor Moon,美少女战士（第一部）,1006,《美少女战士》的第一季，涵盖黑暗王国篇
japanese_urban_legends,3,2channel_(sharekowa)|japanese_creepypasta|occult_(2channel)|洒落怖,日本都市传说,1005,日本以校园与都市为舞台的怪谈与都市传说
strike_the_blood,3,Strike the Blood,噬血狂袭,1005,三云岳斗的轻小说，2013 年改编为动画
dragon_ball_heroes,3,Dragon Ball Heroes|七龙珠英雄,龙珠英雄,1003,万代推出的龙珠街机集换式卡牌游戏，后改名超级龙珠英雄
pokemon_pokopia,3,,宝可梦 Pokopia,1002,Switch 2上的宝可梦游戏，玩家扮演变身为人的百变怪建造生活
sora_no_otoshimono,3,Heaven's Lost Property|heaven's_lost_property|天降软妹,天降之物,1001,水无月嵩的搞笑漫画及动画，主角遇见自天而降的天使型人造人
tantei_opera_milky_holmes,3,Milky Holmes|milky_holmes|侦探歌剧 Milky Holmes,侦探歌剧：少女福尔摩斯,1001,以侦探题材为背景的企划，四名主角名字取自著名虚构侦探
drag-on_dragoon_3,3,Drag-On Dragoon 3|drakengard_3|复仇龙骑士3,龙背上的骑兵3,1000,2013年登陆PS3的动作角色扮演游戏，系列第三作
maoyuu_maou_yuusha,3,Maoyu|archenemy_and_hero|maoyuu|魔王与勇者,魔王勇者,1000,橙乃ままれ创作的奇幻小说，最初在2ch发表，后被出版并动画化
seitokai_ni_mo_ana_wa_aru!,3,Even the Student Council Has Its Holes|even_the_student_council_has_its_holes!|seitokai_nimo_anawa_aru!,学生会也有洞,1000,むちまろ的四格漫画，以学生会成员的搞笑日常为主题
ao_no_exorcist,3,blue_exorcist|蓝色驱魔师|青之祓魔师,青之驱魔师,999,加藤和惠的驱魔题材漫画，撒旦之子奥村燐立志成为驱魔师
dragon_ball_super_super_hero,3,Dragon Ball Super: Super Hero|dbssuperhero|dragonballsupersuperhero|七龙珠超 超级英雄,龙珠超：超级英雄,999,2022年上映的龙珠剧场版，首次采用3D CG制作
sen_no_kiseki_iv,3,Trails of Cold Steel IV|sen_no_kiseki_4|trails_of_cold_steel_iv|英雄传说：闪之轨迹IV|闪之轨迹4,闪之轨迹IV,999,闪之轨迹系列最终作，副标题THE END OF SAGA
tolkien's_legendarium,3,1htolkien|legendarium|tolkien|tolkiens_legendarium|中洲神话|托尔金传说故事集,托尔金神话,997,托尔金创作的高奇幻作品总体系，围绕中土世界的历史展开
tales_of_destiny,3,命运传奇|时空幻境 命运传奇,宿命传说,993,传说系列第二部母舰作品，最初登陆PlayStation，后重制于PS2
akira_(manga),3,AKIRA|akira_(movie),阿基拉,992,大友克洋1982年起连载的科幻漫画，1988年改编为动画电影
resident_evil_5,3,Biohazard 5|Resident Evil 5|biohazard_5|恶灵古堡5,生化危机5,992,2009年发售的第三人称射击游戏，舞台为西非吉久吉地区
dead_or_alive_xtreme,3,DOAX|生死格斗：沙滩排球,死或生：沙滩排球,991,死或生系列衍生企划，以度假、泳装与沙滩排球为主题
sekiro:_shadows_die_twice,3,Sekiro: Shadows Die Twice|sekiro|只狼,只狼：影逝二度,991,FromSoftware开发、动视发行的忍者题材动作游戏
xenoblade_chronicles_3:_future_redeemed,3,Xenoblade Chronicles 3: Future Redeemed|异度之刃3：崭新的未来|异度神剑3 崭新的未来,异度神剑3：崭新的未来,990,《异度神剑3》的DLC前传故事
cardcaptor_sakura_clear_card_arc,3,clearcardhen|库洛魔法使：透明牌篇|百变小樱：透明卡牌篇|透明牌篇,魔卡少女樱：透明牌篇,989,魔卡少女樱的续篇，讲述升入初中的木之本樱的新故事
koutetsujou_no_kabaneri,3,Kabaneri of the Iron Fortress|kabaneri|kabaneri_of_the_iron_fortress|甲铁城的卡巴内瑞,甲铁城的卡巴内利,986,WIT STUDIO 制作的原创动画，2016年播出，以蒸汽机关与卡巴内为题材
atelier_ryza_2,3,Atelier Ryza 2|atelierryza2|ryza2|莱莎的工作室2,莱莎的炼金工房2,984,《炼金工房》系列第22作，莱莎三部曲的第二部
hades_1,3,Hades|黑帝斯,哈迪斯（初代）,984,2018年起推出抢先体验的动作roguelite游戏，讲述扎格列欧斯逃离冥界
persona_2,3,Persona 2|persona2|ペルソナ2,女神异闻录2,982,系列第二作，分为罪与罚两部，最初登陆PlayStation
tokyo_mew_mew,3,Tokyo Mew Mew|mew_mew_power|tokyomewmew|外星BB撞地球,东京喵喵,982,吉田玲子原作、征海未亚作画的少女漫画，少女变身为猫系魔法少女
tonari_no_totoro,3,My Neighbor Totoro|my_neighbor_totoro|邻家的龙猫,龙猫,982,宫崎骏执导、吉卜力1988年制作的动画电影，姐妹与森林精灵的相遇
kingdom_hearts_iii,3,Kingdom Hearts 3|kingdom_hearts_3|王国之心3,王国之心III,981,系列第三部正传，2019年发售，为「暗之探求者篇」画上句号
futari_wa_precure_splash_star,3,Futari wa Pretty Cure Splash Star|futari_wa_pretty_cure_splash_star|光之美少女SplashStar,光之美少女Splash Star,977,光之美少女系列首部续作，以日向咲与美翔舞为双主角
eizouken_ni_wa_te_wo_dasu_na!,3,Keep Your Hands Off Eizouken!|keep_your_hands_off_eizouken|keep_your_hands_off_eizouken!,别对映像研出手！,975,大童澄瞳创作的漫画，2020年由Science SARU改编为动画
magic_kaito,3,神偷怪盗,魔术快斗,974,青山刚昌的漫画，以怪盗基德为主角，与《名侦探柯南》共享世界观
tamagotchi,3,oritama|tamatag|塔麻可吉|电子鸡,拓麻歌子,974,万代1996年推出的蛋形掌上电子宠物玩具系列
breath_of_fire_ii,3,Breath of Fire II|breathoffire2|breathoffireii|火焰气息2,龙战士2,973,卡普空龙战士系列的第二作
destiny_child,3,Destiny Child|destinychild,天命之子,973,Shift Up开发的韩国抽卡手游，2023年9月停服
idolish7,3,iDOLiSH7|idolish_7|アイドリッシュセブン,偶像星愿,973,种村有菜担任角色设计的男性偶像手机游戏，2015年上线
kakegurui,3,Kakegurui,狂赌之渊,973,河本ほむら原作、尚村透作画的赌博题材漫画
nekomonogatari,3,Nekomonogatari|猫物语（白）|猫物语（黑）,猫物语,972,物语系列的第四部，分黑与白两卷
school_rumble,3,School Rumble|sukuran|喧嚣学园,校园迷糊大王,971,小林尽的校园喜剧漫画，以恋爱与搞笑为题材
egyptian_mythology,3,古埃及神话,埃及神话,968,古埃及关于神明与怪物的神话体系，含荷鲁斯、伊西斯等神祇
greek_mythology,3,,希腊神话,965,古希腊关于神祇、英雄与怪物的神话体系，是常见的创作题材
sound_horizon,3,soundhorizon|サウンドホライゾン,Sound Horizon,965,Revo 领军的日本音乐团体，专辑以叙事性歌曲与角色故事为特色
the_elder_scrolls_v:_skyrim,3,Skyrim|skyrim|上古卷轴5：无界天际|老滚5,上古卷轴5：天际,965,贝塞斯达开发的上古卷轴系列第五作，2011年发售的开放世界角色扮演游戏
witches_of_africa,3,,非洲的魔女,964,野上武志创作的《世界魔女》系列自费漫画，以非洲驻防魔女为中心
yume_2kki,3,Yume 2kki|ゆめ2っき,梦2kki,964,受《梦日记》影响的免费同人探索游戏
persona_4:_the_ultimate_in_mayonaka_arena,3,P4U|Persona 4 Arena Ultimax|persona_4_arena,女神异闻录4 终极深夜竞技场,961,女神异闻录4衍生的2D格斗游戏，由Arc System Works开发，故事接在本篇两个月后
tekken_7,3,Tekken 7,铁拳7,961,铁拳系列第七部正统作品
mitsudomoe_(manga),3,Mitsudomoe|mitsu_domoe|mitsudo_moe|みつどもえ,超元气三姐妹,960,樱井纪雄的搞笑漫画，讲述丸井家三姐妹的校园日常，改编为动画
pixiv_fantasia_5,3,,Pixiv Fantasia 5,960,2011年上半年的Pixiv Fantasia企划，讲述三大帝国间的战争
agent_aika,3,Agent Aika|aika|アイカ,AIKa,959,1997年发售的原创动画OVA，共7集，以福利镜头闻名
gundam_0083,3,Gundam 0083|机动战士敢达0083 星尘的回忆,机动战士高达0083 星尘的回忆,959,1991年发售的13集高达OVA，讲述迪拉兹纷争与星尘作战
megido72,3,梅吉多72|米吉多72,恶魔72,959,以所罗门七十二柱魔神为角色原型的手机角色扮演游戏
gameoverse,3,,Gameoverse,955,Ross O'Donovan 创作、Glitch Productions 制作的网络动画，2026年播出试播集
crash_fever,3,,Crash Fever,952,WonderPlanet 2015年推出的益智角色扮演手机游戏
soukou_akki_muramasa,3,Full Metal Daemon Muramasa|full_metal_daemon_muramasa,装甲恶鬼村正,952,Nitroplus 2009 年发售、奈良原一铁执笔的视觉小说
juusan_kihei_bouei_ken,3,13 Sentinels: Aegis Rim|13_sentinels:_aegis_rim,十三机兵防卫圈,951,Vanillaware开发、Atlus发行的PS4科幻游戏
star_ocean:_anamnesis,3,Star Ocean: Anamnesis|star_ocean_anamnesis|星之海洋：记忆|星海游侠：回忆,星之海洋：回忆,951,《星之海洋》系列的 iOS 与 Android 平台作品
voms,3,VOMS Project|voms_project,VOMS,951,GYARI创立的虚拟主播团体，又称VOMS Project
86_-eightysix-,3,86—EIGHTY-SIX—|Eighty Six|anime_86,86-不存在的战区-,949,安里朝都创作的科幻轻小说，插画由しらび负责，2017年起刊行
akagi:_yami_ni_oritatta_tensai,3,Akagi|アカギ,斗牌传说,948,福本伸行的麻将题材漫画，为斗牌系列第二部
toaru_kagaku_no_railgun_t,3,to_aru_kagaku_no_railgun_t|科学超电磁炮T,某科学的超电磁炮T,948,《某科学的超电磁炮》动画第三季，2020年播出
dracu-riot!,3,,Dracu-Riot!,945,Yuzusoft推出的第六部视觉小说，以吸血鬼题材为背景
toaru_kagaku_no_mental_out,3,Toaru Kagaku no Mental Out,某科学的心理掌握,943,《某科学的超电磁炮》外传漫画，以食蜂操祈为主角
aquarion_evol,3,,创圣的大天使EVOL,940,《创圣的大天使》的续作动画，2012年播出，舞台为12000年后
kyatapi_land,3,きゃたぴランド,Kyatapi Land,940,kyata_ti666 创作的原创四格搞笑漫画，以办公室日常为主题
sengoku_musou,3,Samurai Warriors|samurai_warriors,战国无双,940,光荣的战国题材动作无双游戏系列，欧美名为Samurai Warriors
divine_gate,3,Divine Gate|divinegate,神圣之门,939,GungHo与Acquire开发的手游角色扮演游戏
genshiken,3,现代视觉文化研究会,现视研,935,木尾士目的漫画，描绘大学御宅社团的日常生活，改编动画
iron_saga,3,Iron Saga|ironsaga|ironsagavs|jidong_zhandui|机动战队,机动战队大作战,934,GameDuchy开发的机甲对战手游，驾驶员为Live2D美少女
ochame_na_okusan_to_no_nichijou_chabangoto,3,,おちゃめな奥さんとの日常茶番事,932,Gibagiba的原创漫画，描绘与调皮妻子之间的日常趣事
kaze_no_tani_no_nausicaa,3,Nausicaä of the Valley of the Wind|nausicaa_of_the_valley_of_the_wind|风之谷的娜乌西卡,风之谷,931,宫崎骏1984年执导的动画电影，改编自其同名漫画
super_mario_bros._1,3,Super Mario Bros.|mario_brothers|super_mario_bros|super_mario_bros.|super_mario_brothers|超级马里奥兄弟,超级马力欧兄弟,930,1985 年登陆 NES 的《马力欧》系列首作
musaigen_no_phantom_world,3,Myriad Colors Phantom World|myriad_colors_phantom_world,无彩限的幻影世界,929,秦野宗一郎的轻小说，由京都动画出版并改编为2016年动画
zootopia,3,zootopia2|优兽大都会|动物方城市,疯狂动物城,928,迪士尼的3D动画电影系列，首作2016年讲述兔子警官朱迪与狐狸尼克联手揭穿阴谋
bishoujo_senshi_sailor_moon_supers,3,,美少女战士SuperS,927,美少女战士第四季，改编漫画Dream篇，以梦境与独角马为主题
idol_time_pripara,3,偶像时间星光乐园,偶像时间美妙天堂,927,《美妙天堂》的续作动画，加入男性偶像组合
wind_breaker_(nii_satoru),3,WIND BREAKER|wind_breaker|windbreaker|防风铃,防风少年,927,二位悟的漫画及动画，讲述不良少年守护城镇的打架故事
deadlock_(game),3,,Deadlock,926,Valve开发的英雄团队射击MOBA游戏，2024年开启邀请测试
captain_america_(series),3,Captain America,美国队长,925,漫威漫画系列，讲述史蒂夫·罗杰斯继承美国队长身份
rakuen_tsuihou,3,expelled_from_paradise|乐园追放 -Expelled from Paradise-,乐园追放,924,东映动画与Nitroplus的科幻动画电影，2026年将推出续作
call_of_cthulhu,3,callofcthulhu,克苏鲁的呼唤,922,以克苏鲁神话为背景的桌上角色扮演游戏，1981年起出版
nerawareta_megami_tenshi_angel_tear,3,,狙われた女神天使エンジェルティア,920,以女神与天使被盯上为主题的成人向作品，具体出处未确认
the_incredible_hulk_(series),3,,无敌浩克,919,漫威以浩克为中心的多媒体系列，含电影、游戏与剧集
tower_of_fantasy,3,toweroffantasy,幻塔,919,完美世界开发的开放世界动作角色扮演手游，舞台为未来废土
ace_combat,3,Ace Combat|acecombat|空战奇兵,皇牌空战,918,万代南梦宫发行的街机风格飞行射击游戏系列，由Project Aces开发
dennou_coil,3,Dennō Coil,电脑线圈,917,2007年播出的科幻动画，后改编为轻小说与漫画
dolls_in_pseudo_paradise,3,dollsinpseudoparadise|伪乐园的人偶|偽りの楽園の人形たち,伪乐园的人偶们,916,ZUN's Music Collection第1弹音乐CD，2002年夏Comiket发售
solo_leveling,3,Solo Leveling|onlyilevelup|sololeveling|我獨自升級,我独自升级,916,Chugong的韩国网络小说，2018年改编为网漫，2024年动画化
ts_magical_girl_nao,3,ts_mahou_shoujo_now,TS Magical Girl Nao,915,Crooked Navel开发、あおいまさみ插画的同人游戏，主角变身为魔法少女
howl_no_ugoku_shiro,3,Howl's Moving Castle|howl's_moving_castle|howlsmovingcastle,哈尔的移动城堡,914,吉卜力工作室的动画电影，改编自同名小说
kingdom_hearts_birth_by_sleep,3,birth_by_sleep|王国之心：梦中降生,王国之心 梦中降生,914,PSP平台的前传作品，讲述泰拉、维恩图斯与阿库娅三位键刃使者
scp_foundation,3,SCP|SCP Foundation|scp|scpfoundation,SCP基金会,914,围绕异常事物的收容与保护的开放式虚构创作企划
shikanoko_nokonoko_koshitantan,3,My Deer Friend Nokotan|my_deer_friend_nokotan|鹿乃子乃子乃子虎视眈眈,鹿乃子乃子虎视眈眈,914,おしおしお的搞笑漫画，描写鹿角少女的日常，2024年动画化
waccha_primagi!,3,Waccha PriMagi|primagi|ワッチャプリマジ!,星光魔法,914,Takara Tomy的街机游戏，为《美妙系列》第4作，2021年动画化
mahou_shoujo_madoka_magica_magia_exedra,3,magiaexedra,魔法少女小圆 Magia Exedra,913,小圆系列免费手机角色扮演游戏，2025年开服，接替魔法纪录
rosario+vampire,3,Rosario to Vampire|rosario_to_vampire|ロザリオとバンパイア,十字架与吸血鬼,913,池田晃久的漫画，讲述人间与妖怪共学的学园故事，2008年动画化
denpa_onna_to_seishun_otoko,3,Ground Control to Psychoelectric Girl|ground_control_to_psychoelectric_girl,电波女与青春男,911,入间人间创作、ブリキ插画的轻小说，2011年改编动画
tales_of_phantasia,3,tales_of_phantasia_x|时空幻境 幻想传奇,幻想传说,910,传说系列首作，1995年登陆SFC，后移植多个平台
friday_night_funkin',3,Friday Night Funkin'|friday_night_funkin|fridaynightfunkin|fridaynightfunkin'|fridaynightfunkinfan|fridaynightfunkinfanart,周五夜放克,909,免费网页音乐节奏游戏，主角与女友父亲等进行说唱对决
motto!_haramase!_(series),3,,もっと!孕ませ!,908,Milk Factory的成人游戏系列，以巨乳题材为特色
octopath_traveler_i,3,Octopath Traveler|八方旅人,歧路旅人,908,系列首作，2018年7月发售的回合制RPG，描绘八位旅人的旅程
yuusha_series,3,Brave Series|brave_series|勇者シリーズ,勇者系列,908,1990至1997年由Sunrise制作的八部机器人动画系列
fushigiboshi_no_futago_hime,3,futagohime|twin_princess_of_wonder_planet|不可思议星球的双胞胎公主|不思议星球的双生公主,双子星公主,907,2005年播出的魔法少女动画，描绘双子公主的冒险，2006年推出续作
noble_witches,3,贵族魔女,Noble Witches,907,《强袭魔女》世界观的轻小说，主角为第506统合战斗飞行队
4chan,3,,4chan,906,以Futaba为原型建立的英语图像论坛，众多网络迷因的发源地
dislyte,3,Dislyte,众神派对,906,莉莉丝游戏开发的都市神话题材抽卡角色扮演手游
justice_gakuen,3,Rival Schools|rival_schools|正义学园,私立正义学园,906,Capcom的格斗游戏系列，海外版名为Rival Schools
gravity_daze,3,Gravity Rush|gravity_rush|gravitydaze|gravityrush|重力异想世界,重力眩晕,904,PlayStation Vita的动作游戏，以操控重力在空中战斗为特色
powerpuff_girls_z,3,PPGZ|demashita!_powerpuff_girls_z|demashita_powerpuff_girls_z|ppgz|出ました！飞天小女警Z,飞天小女警Z,904,日本改编的飞天小女警动画，角色设定与原作不同
digimon_tamers,3,数码暴龙03驯兽师之王,数码宝贝驯兽师,903,数码宝贝系列第三部动画，以使用卡片抽换的驯兽师为主角
rune_factory:_guardians_of_azuma,3,Rune Factory: Guardians of Azuma|ryuu_no_kuni_rune_factory|符文工厂：龙之国,符文工厂 龙之国,903,2025年Marvelous发行的符文工厂系列角色扮演游戏，登陆Switch与Windows
instagram,3,IG|Ins,Instagram,901,美国的照片与视频分享社交网络服务
densetsu.exe,3,,Densetsu.exe,900,由Setsuna Production制作的偶像主题虚拟主播团体，2025年出道
ganbare_douki-chan,3,がんばれ同期ちゃん,加油吧同期酱,900,Yomu 创作的原创系列，描绘同期酱对同事的单恋
hajimari_no_kiseki,3,Trails into Reverie|trails_into_reverie|英雄传说 创之轨迹,创之轨迹,900,《轨迹》系列作品，以黎恩、洛伊与神秘人物C三条路线交错展开
wii_fit,3,,Wii Fit,898,任天堂Wii平台的健身游戏，使用平衡板进行锻炼
comiket_100,3,C100|Comic Market 100|c100,Comic Market 100,897,Comic Market 第100届同人志即卖会，2022年8月13-14日举办
frame_arms_girl,3,Frame Arms Girl,机甲少女,897,寿屋将 FRAME ARMS 机甲拟人化的少女模型系列，衍生出动画与游戏
force_of_will,3,,Force of Will,896,日本的集换式卡牌游戏，以属性与主神体系为特色
suigetsu,3,水月 -すいげつ-,水月,896,F&C 于 2002 年推出的成人视觉小说，原画为 Gayarou
kyokugen_dasshutsu,3,Zero Escape|zero_escape,极限脱出,895,打越钢太郎主导的悬疑逃脱冒险游戏系列，英文名 Zero Escape
persona_dancing,3,P3D|P4D|P5D,女神异闻录热舞,895,女神异闻录系列的节奏游戏分支，始于女神异闻录4彻夜热舞
thor_(marvel)_(series),3,,雷神（漫威）,895,漫威宇宙中以雷神索尔为主角的漫画与电影系列
fatal_frame_ii:_crimson_butterfly,3,crimson_butterfly|fatal_frame_2|fatal_frame_ii,零 ～红蝶～,894,《零》系列第二作《零 ～红蝶～》
noripro,3,ノリプロ,NoriPro,894,佃煮のりお创立的虚拟主播事务所
chaos_zero_nightmare,3,,Chaos Zero Nightmare,892,Smilegate发行、Super Creative开发的韩国卡组构筑游戏，2025年上线
idolmaster_cinderella_girls_u149,3,u149|灰姑娘女孩U149,偶像大师 灰姑娘女孩 U149,892,灰姑娘女孩的衍生漫画，以身高不足149厘米的偶像为主
type-moon,3,type_moon|typemoon|型月,TYPE-MOON,891,日本游戏公司，以《月姬》《Fate/stay night》等作品闻名
ansatsu_kyoushitsu,3,Assassination Classroom|assassination_classroom,暗杀教室,889,松井优征2012年起在周刊少年Jump连载的漫画，后改编为动画
yu-gi-oh!_vrains,3,yugioh_vrains|yuu-gi-ou_vrains|遊☆戯☆王VRAINS,游戏王VRAINS,887,《游戏王》动画第六作，以VR空间与连接召唤为特色
bravely_default_(series),3,Bravely Default,勇气默示录系列,886,史克威尔艾尼克斯发行的角色扮演游戏系列
mon-musu_quest:_paradox,3,Monster Girl Quest: Paradox|魔物娘任务：悖论,勇者大战魔物娘 悖论,886,勇者大战魔物娘的重制版，用RPG Maker VX制作
the_tale_of_food,3,The Tale of Food|shoku_monogatari|taleoffood|thetaleoffood,食物语,885,腾讯研发的中华美食拟人化回合制RPG手游
rainbow_six_siege,3,rainbow6siege|rainbowsixsiege|彩虹六号围攻,彩虹六号：围攻,883,育碧2015年推出的团队战术第一人称射击游戏
crayon_shin-chan,3,,蜡笔小新,882,臼井仪人的搞笑漫画，1990年起连载，后改编为长寿动画
queen's_blade_rebellion,3,Queen's Blade Rebellion|queens_blade_rebellion|女皇之刃 叛乱,女王之刃 叛乱,882,女王之刃系列续篇画集，描写对新女王暴政的反抗
vampire_(vocaloid),3,ヴァンパイア,吸血鬼,880,DECO*27创作、初音未来演唱的VOCALOID歌曲
accel_world,3,Accel World,加速世界,876,川原砾创作、HIMA插画的轻小说，2009年起在电击文库刊行
7th_dragon,3,7th Dragon|seventh_dragon|セブンスドラゴン,第七龙神,875,imageepoch开发、世嘉2009年发行的NDS角色扮演游戏，由新纳一哉执导
jigokuraku,3,Hell's Paradise: Jigokuraku|hell's_paradise:_jigokuraku,地狱乐,875,贺来友治的漫画，以江户时代为舞台，2023年动画化
oshiete!_galko-chan,3,oshiete!_gyaru-ko-chan|oshietegalkochan|please_tell_me!_galko-chan|おしえて!ギャル子ちゃん|告诉我！辣妹子酱,告诉我吧！辣妹子酱,875,铃木健也的漫画，描绘辣妹与朋友们在学校的日常，并有短篇动画
jigoku_shoujo,3,hell_girl,地狱少女,873,Aniplex与Studio Deen制作的动画，讲述地狱少女阎魔爱
mikakunin_de_shinkoukei,3,Engaged to the Unidentified|engaged_to_the_unidentified,未确认进行式,871,荒井チェリー的四格漫画，讲述少女与未婚夫同居的恋爱喜剧
cyberpunk_2077,3,cyberpunk2077|电驭叛客2077,赛博朋克2077,869,CD Projekt Red 开发的开放世界角色扮演游戏，2020年发行
xenosaga_episode_iii,3,Xenosaga Episode III|xenosaga_iii|异度传说3,异度传说III,869,《异度传说》三部曲完结作，2006年登陆PS2
yoru_no_kurage_wa_oyogenai,3,Jellyfish Can't Swim in the Night|jellyfish_can't_swim_in_the_night|yorukura_anime|夜水母,夜晚的水母不会游泳,868,2024年春季播出的原创动画
fantasy_earth_zero,3,FEZ|Fantasy Earth Zero|幻想大陆Zero,幻想大陆,867,Square Enix的大型多人在线战场游戏，支持50人对战
strike_witches:_kurenai_no_majo-tachi,3,ストライクウィッチーズ 紅の魔女たち,强袭魔女 红之魔女们,866,《强袭魔女》世界观下的漫画，围绕第 504 统合战斗飞行队
touhou_gensou_eclipse,3,东方幻想エクリプス,东方幻想Eclipse,863,Cave与Nada开发的东方Project题材手机抽卡RPG
kimi_to_semi_blue_(idolmaster),3,君とセミブルー,キミとセミブルー,862,《学园偶像大师》的歌曲与服装，由紫云清夏、姬崎莉波与有村麻央演唱
silent_hill_f,3,,寂静岭f,862,寂静岭系列新作，舞台为1960年代日本乡村，2025年发售
a_hat_in_time,3,A Hat in Time|ahatintime|hat_in_time,时光之帽,861,Gears for Breakfast开发、2017年发售的平台动作冒险游戏
silent_hill_2,3,Silent Hill 2|silenthill2,寂静岭2,861,2001年发售的PS2生存恐怖游戏，以主角詹姆斯寻找亡妻为主线
slay_the_spire,3,,杀戮尖塔,861,MegaCrit开发的卡牌构筑roguelike游戏，玩家攀爬高塔
ano_natsu_de_matteru,3,Ano Natsu de Matteru|natsumachi|waiting_in_the_summer|あの夏で待ってる,在盛夏等待,860,2012年由J.C.Staff制作的原创动画，黑田洋介与羽音たらく原案
gate_-_jieitai_ka_no_chi_nite_kaku_tatakaeri,3,Gate|Gate 自卫队于彼地战斗，斯世如斯|gate,GATE奇幻自卫队,860,柳内たくみ的轻小说，描绘自卫队通过异界之门在异世界作战，改编动画
devil_summoner_(series),3,Devil Summoner|devil_summoner,恶魔召唤师,859,女神转生系列的衍生角色扮演游戏子系列
dispatch,3,,Dispatch,859,AdHoc Studio开发的2025年分章剧情冒险游戏
ishuzoku_reviewers,3,interspecies_reviewers|isyuzoku|异种族レビュアーズ|异种族评论家,异种族风俗娘评鉴指南,859,天原原作、masha作画的漫画，以评鉴异种族风俗店为题材
dead_by_daylight,3,Dead by Daylight|deadbydaylight|deadbydaylightart,黎明杀机,858,Behaviour Interactive开发的四对一非对称恐怖对抗游戏
persona_5:_the_phantom_x,3,P5X|persona5:thephantomx|persona5thephantomx|女神异闻录5 夜幕魅影,女神异闻录：夜幕魅影,857,女神异闻录5的衍生手机游戏，以全新怪盗团为主角
gundam_build_divers_re:rise,3,Gundam Build Divers Re:RISE|高达创形者Re:RISE,高达创形者 再起,856,《高达创形者》的续作，以新主角团讲述网络世界的冒险
full_metal_panic!,3,Full Metal Panic!|full_metal_panic|full_metal_panic!_invisible_victory|惊爆危机（港台译名）,全金属狂潮,855,贺东招二的轻小说系列，讲述军事狂高中生与少女驾驶员的战斗
undefined_fantastic_object,3,东方星莲船 ～ Undefined Fantastic Object|星莲船,东方星莲船,855,东方Project第15作、Windows平台第10作，2009年发售的弹幕射击游戏
kininatteru_hito_ga_otoko_ja_nakatta,3,KINIOTO|kinioto|the_guy_she_was_interested_in_wasn't_a_guy_at_all|気になってる人が男じゃなかった,在意的人不是男生,853,音像店少女与常客之间的百合恋爱漫画，已宣布动画化
nyanko_daisensou,3,The Battle Cats|battle_cats|the_battle_cats|にゃんこ大戦争,猫咪大战争,849,PONOS于2012年推出的塔防手游，以猫咪军团进攻敌方基地为核心玩法
senjou_no_valkyria_1,3,Valkyria Chronicles|战场女武神,战场女武神（初代）,849,战场女武神系列首作，以虚构欧洲战争为舞台
grisaia_no_kajitsu,3,Grisaia no Kajitsu|the_fruit_of_grisaia|グリザイアの果実,灰色的果实,848,Frontwing于2011年推出的《灰色》系列首作，后被改编为动画
terraria,3,Terraria,泰拉瑞亚,848,Re-Logic开发的2D沙盒动作冒险独立游戏，2011年发售
genseishinki_sacred_virth,3,,幻聖神姫セイクリッドヴァース,847,以装甲少女为主角的日本成人向作品，具体内容待考
god_eater_burst,3,GOD EATER BURST|gods_eater_burst|噬神者爆裂,噬神者 爆裂,847,《噬神者》的加强版，追加爆裂剧情，为海外唯一发行的版本
family_guy,3,Family Guy|familyguy|全家福（港译）|盖酷家庭（台译）,恶搞之家,846,Seth MacFarlane为Fox创作的美国动画情景喜剧，围绕格里芬一家
baka_to_test_to_shoukanjuu,3,baka_and_test_summon_the_beasts|bakatest|バカとテストと召喚獣|笨蛋、测验、召唤兽,笨蛋测验召唤兽,845,井上坚二的轻小说及改编动画，以分班考试与召唤兽对决为题材
inu_x_boku_ss,3,Inu x Boku SS|妖狐×僕SS,妖狐×仆SS,843,藤原可可亚的漫画，2012年改编为动画
pixiv_fantasia_fallen_kings,3,PFFK|Pixiv幻想,Pixiv Fantasia Fallen Kings,843,2014年2月至5月举办的Pixiv Fantasia企划，主题为陨落之王
comiket_101,3,C101|Comiket 101|c101|コミケ101,Comic Market 101,842,Comic Market 第101届同人志即卖会，2022年12月30-31日举办
koumajou_densetsu,3,Touhouvania|koumajo_densetsu|touhouvania|红魔城伝説,红魔城传说系列,842,Frontier Aja 制作的东方Project同人游戏系列，玩法模仿恶魔城
fate/unlimited_blade_works,3,Fate/stay night UBW|fate/unlimitedbladeworks|命运长夜 无限剑制,命运之夜 无限剑制,840,《Fate/stay night》三条路线之一的UBW线，有电影与电视动画
makai_senki_disgaea_2,3,disgaea_2|魔界战记DISGAEA2|魔界戦記ディスガイア2,魔界战记2,839,日本一软件的战略角色扮演游戏《魔界战记》系列第二作
nijisanji_id,3,Nijisanji Indonesia,彩虹社ID,838,NIJISANJI的印尼分部，2022年4月并入日本本部
tsurezure_children,3,徒然喜欢,徒然喜欢你,838,若林稔弥创作的恋爱群像喜剧漫画，2017年动画化
dmm,3,DMM.com|dmm.com,DMM,837,日本互联网与电商公司，运营大量网页游戏
ragnarok_masters,3,Ragnarok Masters|ragnarok_m:_eternal_love|ラグナロクマスターズ,仙境传说：大师,835,韩国开发的《仙境传说》衍生手机MMORPG
uchuu_senkan_yamato_2199,3,宇宙战列舰大和号2199|宇宙战舰ヤマト2199,宇宙战舰大和号2199,834,Production IG制作、XEBEC动画的2012年重制版，以七章剧场版形式上映
iyowa_girls,3,iyowagirlsdraw|いよわ関連ガールズ,Iyowa女孩,833,Vocaloid创作者iyowa作品里反复登场的原创少女角色群
kimi_ga_shine,3,Your Turn to Die|your_turn_to_die|キミガシネ|你的回合,君死,833,Nankidai 用RPG Maker制作的免费恐怖解谜游戏，2017年起发布
valkyrie_profile_(series),3,北欧女神传|女神侧身像|女神战记（台译）,北欧女神,833,tri-Ace开发、Square Enix发行的角色扮演游戏系列
kodomo_no_jikan,3,kojika|こどものじかん|小孩的时间|萌少女的恋爱时光（台译）,孩子的时间,831,私屋薰创作的争议漫画，讲述小学生与教师之间的情感，已改编动画
wonder_woman_(series),3,Wonder Woman|wonderwoman|神力女超人（台译）|神奇女郎,神奇女侠,831,DC漫画的神奇女侠相关系列，含电影与动画等改编
gachiakuta,3,Gachiakuta|咔嗒咔嗒,GACHIAKUTA咔嗒咔嗒,829,浦那庆创作的少年漫画，描绘贫民窟少年在垃圾世界的战斗，2022年起连载
chi.:_chikyuu_no_undou_ni_tsuite,3,orb:_on_the_movements_of_the_earth|チ。ー地球の運動についてー|关于地球的运动|地。-关于地球的运动-,地。关于地球的运动,827,鱼豊的地球运动说历史漫画，2024年改编为动画
digimon_story:_cyber_sleuth,3,Digimon Story: Cyber Sleuth|digimon_cyber_sleuth|数码宝贝故事 网络侦探,数码宝贝物语 网络侦探,826,以黑客与数码宝贝为主题的PSV角色扮演游戏
mortal_kombat_(series),3,Mortal Kombat|mortal_kombat|mortalkombat|魔宫帝国（港台旧译）,真人快打,826,1992年起的格斗游戏系列，以血腥终结技闻名
piapro_studio,3,piapro|ピアプロスタジオ,Piapro Studio,825,Crypton Future Media相关的创作平台，围绕初音未来等角色展开
sunrise_(company),3,Sunrise|日昇,日升,824,日本动画制作公司，以机器人动画闻名，1993 年被万代收购
mario_&_luigi_rpg,3,Mario & Luigi RPG|marioluigirpg|马里奥与路易吉RPG（旧通用）,马力欧与路易吉RPG,822,任天堂与AlphaDream开发的马力欧系列角色扮演游戏子系列
paradox_live,3,PARALIVE|paradoxlive|paradoxlivepoint|paralive|パラライブ,Paradox Live,822,AVEX与GCrest合作的嘻哈多媒体企划，2020年启动，以幻影Live为舞台
ghost_in_the_shell:_stand_alone_complex,3,ghost_in_the_shell_stand_alone_complex|koukaku_kidoutai_stand_alone_complex|攻壳机动队 独立复合体|攻壳机动队SAC,攻壳机动队 Stand Alone Complex,819,《攻壳机动队》的电视动画系列，由神山健治执导
kemono_friends_2,3,けものフレンズ2|动物朋友2（台译）,兽娘动物园2,818,兽娘动物园系列第二季动画，因更换导演引发争议
high_school_dxd_born,3,恶魔高校DxD Born|高校D×D Born,高校D×D BorN,815,《恶魔高校D×D》的第三季电视动画，2015年播出
kingdom_hearts_i,3,kingdomheartsi|王國之心,王国之心（初代）,815,系列首作，2002年由史克威尔在PS2发行，融合最终幻想与迪士尼世界
dragon_quest_vii,3,DQ7|dragon_quest_7|勇者斗恶龙VII,勇者斗恶龙7,814,系列第七作，首度登陆索尼PlayStation平台
cygames,3,サイゲームス,Cygames,813,日本游戏开发商，代表作《碧蓝幻想》《赛马娘》《影之诗》
hyrule_warriors,3,zelda_musou|ゼルダ無双|海拉尔无双,塞尔达无双,813,光荣特库摩开发、任天堂发行的塞尔达题材动作游戏
scooby-doo_(series),3,,史酷比,813,汉纳巴伯拉制作的长寿超自然喜剧动画系列
the_witcher_3,3,the_witcher_3:_wild_hunt|thewitcher3|witcher3|witcher3wildhunt|witcher_3|巫师3 狂猎|猎魔人3（早期通用）,巫师3：狂猎,812,CD Projekt RED开发的2015年开放世界动作RPG，杰洛特寻找希里
mahou_shoujo_lyrical_nanoha_the_movie_1st,3,魔法少女リリカルなのは The MOVIE 1st|魔法少女奈叶 剧场版1st,魔法少女奈叶 The MOVIE 1st,810,奈叶系列首部剧场版动画，重制第一期电视动画的剧情
morenatsu,3,モレナツ,Morenatsu,810,日本兽人题材的同人恋爱游戏，舞台为乡村小镇
time_bokan_(series),3,タイムボカン|时光飞船（台译）,时间飞船,810,龙之子工作室1975年起推出的系列动画，以反派三人组与机械合体为特色
amphibia,3,Amphibia|amphibiafanart|amphibiaspoilers|两栖王国,奇幻沼泽,809,Matt Braly创作的美国奇幻动画，讲述少女穿越到青蛙世界
fire_emblem:_new_mystery_of_the_emblem,3,fire_emblem:_shin_monshou_no_nazo|ファイアーエムブレム 新・紋章の謎|火焰之纹章 新纹章之谜,火焰之纹章 新·纹章之谜,809,《纹章之谜》的NDS重制版，2010年在日本发售
ring_fit_adventure,3,Ring Fit Adventure,健身环大冒险,807,任天堂Switch的健身动作RPG，附带Ring-Con与腿部绑带
stardew_valley,3,Stardew Valley|stardewvalley|星露谷,星露谷物语,807,独立的农场经营模拟角色扮演游戏
vinesauce,3,ヴァインソース,Vinesauce,807,以主播Vinesauce Vinny为核心的Twitch直播者团体
super_mario_odyssey,3,超级马里奥 奥德赛|马力欧奥德赛,超级马力欧 奥德赛,803,2017 年登陆 Nintendo Switch 的《马力欧》3D 平台动作游戏
idolmaster_live_for_you!,3,THE iDOLM@STER Live For You!,偶像大师 Live For You!,800,2008年在Xbox 360发售的偶像大师节奏游戏
aikatsu_friends!,3,アイカツフレンズ!|偶活学园Friends!（台译）,偶像活动Friends!,799,偶像活动系列第三作，以双人组合为中心
chobits,3,Chobits|ちょびっツ,人形电脑天使心,799,CLAMP 的科幻漫画，讲述少年与人形电脑少女唧的同居故事，2002年动画化
pepsi,3,Pepsi|pepsi-cola|百事,百事可乐,799,百事公司生产的可乐味碳酸饮料，1893年问世
sakamoto_days,3,SAKAMOTO DAYS|sakamotodays,坂本日常,799,铃木祐斗的漫画，2020年起在周刊少年Jump连载
gundam_0080,3,機動戦士ガンダム0080 ポケットの中の戦争|高达0080 口袋中的战争,机动战士高达0080 口袋里的战争,797,1989年发售的6集高达OVA，以一年战争末期的小镇少年视角展开
sengoku_bushouki_muramasa,3,戦国武将姫MURAMASA,战国武将姬MURAMASA,797,Mobage的战国武将少女卡牌社交游戏
shinkai_shoujo_(vocaloid),3,deep-sea_girl_(vocaloid)|深海少女（Vocaloid曲）,深海少女,796,ゆうゆP创作、初音未来演唱的Vocaloid歌曲
mass_effect_(series),3,Mass Effect|mass_effect|masseffect,质量效应,794,BioWare开发的科幻动作角色扮演游戏系列，主角为谢泼德指挥官
gundam_g_no_reconguista,3,Gundam Reconguista in G|G之复国|gundam_reconguista_in_g|机动战士高达G之复国运动,高达G之复国运动,793,富野由悠季执导的2014年高达电视动画，简称G-Reco
log_horizon,3,ログ・ホライズン,记录的地平线,793,橙乃ままれ的轻小说，讲述玩家被困在游戏世界后建立社会秩序的故事
ace_attorney_investigations,3,gyakuten_kenji|逆転検事|逆转检察官,逆转检事系列,792,逆转裁判系列的衍生游戏系列，玩家扮演检察官御剑怜侍调查现场
hooters,3,pooters,Hooters,790,美国连锁餐厅品牌，以穿着橙色制服的店员闻名
honzuki_no_gekokujou,3,ascendance_of_a_bookworm|书虫的下克上|本好きの下剋上,爱书的下克上,783,香月美夜的网络小说，讲述转生少女在异世界推广书籍
school_days,3,School Days|schooldays,日在校园,782,Overflow的成人向视觉小说，2005年发行并改编为动画
medarot,3,Medabots（欧美名）|medabots|medarots|メダロット,徽章战士,780,掘部凛创作的机器人收集对战角色扮演游戏系列
palworld,3,Palworld|palworldart|帕鲁,幻兽帕鲁,780,Pocket Pair2024年推出的开放世界生存游戏，可捕捉并驱使帕鲁劳作
squid_game,3,Squid Game|squid_game_2|squidgame|squidgame2|오징어 게임,鱿鱼游戏,780,韩国生存题材剧集，参赛者在死亡游戏中争夺奖金
macross_7,3,MACROSS 7|マクロス7,超时空要塞7,779,1994年播出的《超时空要塞》电视动画续作，以乐队与歌声战斗为主题
inazuma_eleven_go_galaxy,3,イナズマイレブンGO ギャラクシー|闪电十一人GO银河,闪电十一人GO 银河,778,《闪电十一人GO》系列第三作
bang_dream!_yumemita,3,bang_dream!_mugendai_mewtype,BanG Dream! Yumemita,777,《BanG Dream!》系列动画，以虚拟乐队Mugendai Mewtype为主角
amazon_(company),3,Amazon|amazon|amazon.com|amazon_(copyright),亚马逊,776,美国跨国电商与云计算企业，其标志常见于快递纸箱
mato_seihei_no_slave,3,chained_soldier|魔都精兵のスレイブ,魔都精兵的奴隶,776,Takahiro原作、竹村洋平作画的漫画，2024年被改编为动画
atelier_sophie,3,ソフィーのアトリエ|苏菲的工作室（旧通用）,苏菲的炼金工房,774,《炼金工房》系列第17作，不可思议三部曲的第一部
kuro_no_kiseki_ii,3,英雄传说 黎之轨迹II|黎之轨迹2,英雄传说 黎之轨迹II,774,《黎之轨迹》的续作，副标题为 CRIMSON SiN，2022年发售
mahouka_koukou_no_rettousei,3,irregular_at_magic_high_school|the_irregular_at_magic_high_school|魔劣|魔法科高校の劣等生|魔法高校的劣等生,魔法科高中的劣等生,774,佐岛勤创作的轻小说，2011年起由电击文库刊行
rou-kyuu-bu!,3,RO-KYU-BU!|ro-kyu-bu!|萝球部,萝球社！,773,苍山サグ创作的轻小说，讲述小学女子篮球部的故事
2026_fifa_world_cup,3,,2026年世界杯,771,第23届国际足联世界杯，2026年由美国、墨西哥与加拿大联合举办
grandia_i,3,GRANDIA|格兰蒂亚,格兰蒂亚1,770,《格兰蒂亚》系列首作，以蒸汽朋克世界为舞台的冒险角色扮演游戏
metal_gear_solid_v:_the_phantom_pain,3,MGSV 幻痛|metal_gear_solid_v|合金装备V 幻痛|潜龙谍影5：幻痛（台译）,合金装备5：幻痛,770,2015年发售的潜行游戏，小岛秀夫执导的系列最后一作
niconico,3,NicoNico|N站|nico_nico_douga|nicovideo|ニコニコ動画,niconico动画,770,日本的视频分享网站，以弹幕留言与生放送功能为特色
duel_masters_play's,3,デュエル・マスターズPLAY'S|决斗王Play's（台译）,决斗大师Play's,769,DeNA与Takara Tomy开发的《决斗大师》手机卡牌游戏
mountain_of_faith,3,Mountain of Faith|风神录,东方风神录,769,东方Project第10作弹幕射击游戏，2007年发行
the_little_mermaid_(disney),3,The Little Mermaid|the_little_mermaid|the_little_mermaid_(1989_film)|thelittlemermaid|美人鱼,小美人鱼（迪士尼）,769,迪士尼1989年动画电影，改编自安徒生童话，主角为人鱼公主爱丽儿
afk_(series),3,AFK（系列）,剑与远征系列,768,莉莉丝游戏开发的放置类角色扮演游戏系列，含AFK Arena与AFK Journey
ikkitousen_extra_burst,3,,一骑当千 Extra Burst,766,《一骑当千》系列的手机游戏
renkin_san-kyuu_magical_pokaan,3,Magical Pokaan|magical_pokaan|magipoka|majipoka|まじぽか,炼金3级魔法Pokan,766,以魔女、机械少女、狼人与吸血鬼同住为题材的喜剧动画
shugo_seijo_prism_saber,3,,守护圣女 Prism Saber,765,以守护圣女与变身战斗为主题的日本成人向游戏
legacy_of_lunatic_kingdom,3,Legacy of Lunatic Kingdom|绀珠传,东方绀珠传,764,东方Project第15作弹幕射击游戏，2015年发售，副题为东方绀珠传
kamen_rider_revice_(series),3,,假面骑士Revice,763,令和假面骑士第3作，2021年播出
re:creators,3,RE:CREATORS,Re:CREATORS,760,2017年春季原创动画，讲述虚构角色现身现实世界的故事
kagurabachi,3,bachianime|bachiart|カグラバチ,神乐钵,759,外薗健2023年起在《周刊少年Jump》连载的漫画
pixiv_fantasia_t,3,PFT|Pixiv幻想,Pixiv Fantasia T,758,2015年举办的Pixiv Fantasia企划，为该系列的年度活动
reitaisai_7_contest,3,,例大祭7插画比赛,758,博丽神社例大祭第7届举办的插画比赛企划
wild_arms_2,3,ワイルドアームズ セカンドイグニッション,荒野兵器2,757,《荒野兵器》系列第2作，2000年由Media Vision推出
hoozuki_no_reitetsu,3,hozuki's_coolheadedness|鬼灯の冷徹|鬼灯的冷澈,鬼灯的冷彻,756,江口夏实的漫画，以地狱为舞台的黑色幽默作品
adachi_to_shimamura,3,Adachi and Shimamura|adachi_and_shimamura|安達としまむら,安达与岛村,755,入间人间的百合轻小说，描写两名女高中生的日常与感情
metal_gear_rising:_revengeance,3,MGRR|潜龙谍影崛起：再复仇（台译）,合金装备崛起：复仇,755,白金工作室开发、小岛工作室制作的科幻动作游戏
soukyuu_no_fafner,3,fafner_in_the_azure|苍穹之Fafner|苍穹的法芙娜|蒼穹のファフナー,苍穹之法芙娜,755,XEBEC 制作的科幻机甲动画，讲述少年少女对抗异界敌人
tenga,3,テンガ,TENGA,752,日本成人用品制造商，以一次性杯状产品与条纹包装闻名
bokura_wa_ima_no_naka_de,3,,我们在今天之中,751,Love Live! 动画第一季的片头曲
the_scum_villain's_self-saving_system,3,scum_villain's_self-saving_system,人渣反派自救系统,751,墨香铜臭创作的仙侠耽美网络小说，简称渣反
resident_evil_2_(remake),3,恶灵古堡2重制版,生化危机2 重制版,749,2019年发售的《生化危机2》重制版
seitenkango._shinyuu_to,3,,Seitenkango. Shinyuu to,749,日本原创作品或同人系列
girls_und_panzer_motto_love_love_sakusen_desu!,3,,少女与战车：更加恋爱作战！,748,《少女与战车》的福利向衍生漫画，2025年宣布改编剧场版
gundam_age,3,机动战士敢达AGE,机动战士高达AGE,748,2011年播出，剧本由LEVEL-5的日野晃博撰写的高达电视动画
kakyuusei_(series),3,,下级生,748,《同级生》的衍生成人游戏系列，以年幼角色为主
fire_emblem:_fortune's_weave,3,,火焰之纹章：Fortune's Weave,747,《火焰之纹章》系列第18作，2026年登陆Nintendo Switch 2
kekkai_sensen,3,blood_blockcade_battlefront|幻界战线,血界战线,747,内藤泰弘的漫画，2015年改编为动画
kirby_star_allies,3,kirby:_star_allies,星之卡比 新星同盟,747,Switch平台的卡比游戏，可投掷爱心让敌人成为同伴，支持四人合作
master_of_eternity,3,StraStella|strastella,Master of Eternity,746,Nexon开发的战术手机角色扮演游戏，2019年结束服务
reitaisai_9_contest,3,,例大祭9插画比赛,745,博丽神社例大祭第9届举办的插画比赛企划
fallout_4,3,fallout4|异尘余生4,辐射4,744,《辐射》系列第五部主线作品，舞台为波士顿废土
futari_wa_precure_max_heart,3,futari_wa_pretty_cure_max_heart|两个人的光之美少女Max Heart,光之美少女Max Heart,744,《光之美少女》续作，新增九条光变身的 Shiny Luminous
akuma_no_riddle,3,riddle_story_of_devil,恶魔的谜语,743,高河ゆん原作、南方纯作画的漫画作品
another_eden,3,穿越时空的猫,另一个伊甸：超越时空的猫,743,Wright Flyer Studios开发的日式角色扮演游戏，以时间旅行为主题
backrooms_(creepypasta),3,backrooms|the_backrooms,后室,743,源自4chan的恐怖网络怪谈，以无尽黄色房间的异空间为设定
classicaloid,3,,古典乐男子,743,2016年由 Bandai Namco Pictures 制作的动画，古典音乐家成为登场角色
tales_of_symphonia_knight_of_ratatosk,3,,仙乐传说：拉塔特斯克的骑士,743,仙乐传说的Wii平台续作，2014年与前作合集登陆PS3
umamusume:_beginning_of_a_new_era,3,,赛马娘：新时代之门,742,以丛林口袋为主角的《赛马娘》动画剧场版
atelier_resleriana,3,resleri|resleriana|莱丝蕾妮亚的炼金工房,蕾斯莱莉娅娜的炼金工房,741,《炼金工房》系列第25作，由晓游戏开发、光荣特库摩发行
digimon_story:_time_stranger,3,,数码宝贝物语 时空旅人,739,数码宝贝物语系列的时空穿越题材角色扮演游戏新作
kyoukai_no_kanata,3,beyond_the_boundary,境界的彼方,739,鸟居なごむ的轻小说，讲述半妖少年与异界士少女的黑暗奇幻故事，京都动画改编
the_loud_house,3,loud_house|theloudhouse|劳德之家,喧闹一家亲,737,Nickelodeon播出的美国动画，讲述十一兄妹家庭中男孩林肯的日常
digimon_beatbreak,3,,数码宝贝Beatbreak,736,数码宝贝系列第11部电视动画
tales_of_xillia_2,3,无限传说2,无尽传说2,735,无尽传说的直接续作，2012年登陆PS3，角色设计由奥村大悟担当
bandai,3,株式会社万代屋商店,万代,734,日本的玩具与游戏公司，2005年与南梦宫合并
bilibili,3,B站|bili_bili_douga|bilibili_douga,哔哩哔哩,733,中国的视频分享与ACG社区平台，提供动画播放与游戏发行
konosuba!_fantastic_days,3,,为美好的世界献上祝福！Fantastic Days,732,《为美好的世界献上祝福！》的手机游戏，2020年起由Sumzap运营
forever_7th_capital,3,forever_7_days|forever_seven_days,永远的7日之都,730,中国国产的都市幻想题材手游，玩家指挥神器使在循环的七日中战斗
dragon_quest_vi,3,dragon_quest_6|勇者斗恶龙VI,勇者斗恶龙6,729,系列第六作，超级任天堂平台最后的正传作品
love_hina,3,,纯情房东俏房客,729,赤松健的漫画，讲述景太郎为兑现童年约定而入住女生宿舍的故事
djmax,3,DJ Max|dj_max,DJMAX,728,韩国Neowiz MUCA出品的音乐节奏游戏系列
muv-luv_total_eclipse,3,muvluv_total_eclipse,MUV-LUV全蚀,728,Muv-Luv Alternative的外传轻小说，改编为24集动画
higurashi_no_naku_koro_ni_gou,3,,寒蝉鸣泣之时·业,727,《寒蝉鸣泣之时》的新章动画，2020年播出
choukou_tenshi_escalayer,3,beat_angel_escalayer,超昂天使Escalayer,726,AliceSoft 2002年的成人游戏，超昂系列首作，同年推出 OVA
puniru_wa_kawaii_slime,3,puniru_is_a_cute_slime,噗妮露是可爱史莱姆,726,在Corocoro Comic Online连载的漫画，讲述史莱姆少女与主人的日常
shaman_king,3,,通灵王,726,武井宏之的漫画，描写少年麻仓叶参加通灵王大战的故事
hentai_ouji_to_warawanai_neko.,3,henneko|hentai_ouji_to_warawanai_neko,变态王子与不笑猫,725,相乐总的轻小说，讲述变态王子与不笑猫的恋爱喜剧
atelier_totori,3,托托莉的工作室,托托莉的炼金工房,723,《炼金工房》系列第12作，亚兰德四部曲的第二部
bayonetta_2,3,魔兵惊天录2,猎天使魔女2,721,《猎天使魔女》系列第二作，2014年发售
comic_kairakuten,3,快乐天,COMIC快乐天,721,Wanimagazine 出版的成人漫画月刊，封面多由鸣子花春等画师绘制
fossilized_wonders,3,锦上京,东方锦上京,721,东方Project第20作弹幕射击游戏，2025年公布，以锦上京为舞台
hinata_channel,3,猫宫日向,日向频道,721,VTuber猫宫日向的YouTube频道，后加入多名成员
irasutoya,3,,いらすとや,721,三船高志提供的日本免费插图素材网站
mahou_shoujo_oriko_magica,3,oriko_magica|puella_magi_oriko_magica,魔法少女织莉子,721,魔法少女小圆的外传漫画，2011年推出，以织莉子为主角
psycho-pass,3,心灵判官,心理测量者,721,Production I.G制作、虚渊玄编剧的2012年科幻动画，主题为西比拉系统
iriam,3,,IRIAM,720,面向虚拟主播的日本直播平台，主播称虚拟Liver
natsuiro_egao_de_1_2_jump!,3,夏色笑颜1、2、Jump！,夏色笑容1，2，Jump！,720,动画Love Live!中μ's的第三张单曲
hidden_star_in_four_seasons,3,天空璋,东方天空璋,718,东方Project第16作，2017年发售的弹幕射击游戏
pragmata,3,,Pragmata,718,卡普空开发的科幻动作游戏，主角在月球研究站对抗失控AI
re:act,3,,Re:AcT,718,日本VTuber事务所，前身为KAGAYAKI STARS
senki_zesshou_symphogear_xd_unlimited,3,symphogearxd,战姬绝唱Symphogear XD Unlimited,718,战姬绝唱系列的手机扭蛋游戏，含大量原作换装
kamen_rider_dcd,3,假面骑士帝骑,假面骑士Decade,716,平成假面骑士第10作，2009年播出
learning_with_manga!_fgo,3,,用漫画了解FGO！,716,Riyo执笔的《Fate/Grand Order》官方解说漫画，2015年起在官网连载
talkex,3,,音街UNA TalkEX,716,Internet公司推出的文本朗读软件，使用音街UNA的形象
takopii_no_genzai,3,takopi's_original_sin|章鱼P的原罪,章鱼噼的原罪,715,以章鱼型宇宙人与少女为主角的漫画，2025年改编为动画
langrisser,3,佣兵传,梦幻模拟战,714,Masaya与Career Soft的战术角色扮演游戏系列，1991年首作问世
sekirei,3,,鹦鹉,711,极乐院樱子的战斗后宫漫画，讲述与鹡鸰共同战斗的故事
the_iron_of_yin_and_yang,3,阴阳铁,东方阴阳铁,711,以RPG Maker制作的东方Project同人视频系列，融入最终幻想XI元素
dragon_village_(series),3,dragon_village|dragonvillage,Dragon Village,710,韩国Highbrow开发发行的驯龙题材手机游戏系列
god_eater_2:_rage_burst,3,god_eater_2|gods_eater_2|噬神者2：狂暴解放,噬神者2：狂怒解放,709,《噬神者2》的加强版，新增狂怒解放剧情与系统
shin_megami_tensei_iii:_nocturne,3,shin_megami_tensei:_lucifer's_call|shin_megami_tensei:_nocturne|shin_megami_tensei_nocturne|真·女神转生3：夜想曲,真·女神转生III NOCTURNE,709,真女神转生系列第三作，2003年PS2发售，以东京受胎的末世为舞台
zutto_mayonaka_de_ii_no_ni,3,ZUTOMAYO|zutomayo,永远是深夜有多好,709,2018年出道的日本摇滚乐队，成员不公开，音乐与影像由不同创作者分工完成
claymore_(series),3,claymore,大剑,707,八木教广的黑暗奇幻漫画，讲述半人半妖的战士，2007年改编为动画
kamen_rider_ooo_(series),3,假面骑士欧兹,假面骑士OOO,706,平成假面骑士第12作，以硬币变身
the_end_of_evangelion,3,Air/真心为你|end_of_evangelion|theendofevangelion,新世纪福音战士剧场版：真心为你,706,1997年上映的福音战士剧场版，为电视动画的结局
valkyrie_drive,3,瓦尔基里驱动,女武神驱动,705,融合百合与动作要素的多媒体企划，包含动画与游戏
hanasaku_iroha,3,花开物语,花开伊吕波,704,P.A.Works制作的2011年原创动画，讲述少女在温泉旅馆的成长
haibane_renmei,3,灰羽连盟,灰羽联盟,703,安倍吉俊的2002年动画，讲述灰羽们在旧式城镇中的生活
choukou_shinki_ixseal,3,,超昂神骑,700,AliceSoft 超昂系列第三作的成人游戏
disco_elysium,3,discoelysium,极乐迪斯科,700,ZA/UM开发的2019年角色扮演游戏，以侦探与对话为核心
garbage_time,3,,Garbage Time,699,2019年起连载的韩国篮球题材漫画
xblaze,3,,XBLAZE,699,《苍翼默示录》世界观下的外传视觉小说系列
love_live!_nijigasaki_high_school_idol_club_the_movie_-_finale,3,love_live!_nijigasaki_high_school_idol_club_kanketsu-hen|虹咲剧场版最终章,Love Live! 虹咲学园学园偶像同好会 剧场版 Finale,698,虹咲学园的三部剧场版完结篇，围绕学园偶像大奖赛展开
mairimashita!_iruma-kun,3,welcome_to_demon_school!_iruma-kun,入间同学入魔了！,698,西修创作的漫画，2017年起在周刊少年Champion连载
the_transformers_(idw),3,all_hail_megatron|变形金刚IDW漫画,变形金刚（IDW）,698,IDW出版社2005至2018年连载的变形金刚漫画宇宙
suisei_no_gargantia,3,gargantia_on_the_verdurous_planet|翠星的伽尔冈缇亚,翠星之加尔刚蒂亚,697,Production I.G 制作的 2013 年科幻动画，讲述漂流到海洋星球的主角
unconnected_marketeers,3,虹龙洞,东方虹龙洞,697,东方Project第18作，2021年发售的弹幕射击游戏
koi_wa_sensou_(vocaloid),3,koi_wa_sensou|love_is_war|love_is_war_(vocaloid)|恋爱即战争,恋爱战争,696,ryo（supercell）创作、初音未来演唱的Vocaloid歌曲，插画由三轮士郎绘制
sekaiju_no_meikyuu_2,3,etrian_odyssey_ii|世界树迷宫II：诸王的圣杯,世界树迷宫2,696,2008年Nintendo DS上的系列第二作，由Atlus开发
sekaiju_no_meikyuu_4,3,etrian_odyssey_iv|世界树迷宫IV,世界树迷宫4,695,2012年发售的系列第四作，为系列首部Nintendo 3DS作品
yuukyuu_gensoukyoku,3,悠久,悠久幻想曲,695,1997年起在SS与PS平台推出的恋爱养成游戏系列
ao_no_kanata_no_four_rhythm,3,aokana:_four_rhythm_across_the_blue,苍之彼方的四重奏,694,sprite的恋爱视觉小说，以架空运动空中飞行为题材
the_road_to_el_dorado,3,eldorado|theroadtoeldorado,勇闯黄金城,694,梦工厂2000年上映的动画电影，两个骗子踏上寻找黄金城的旅程
aogiri_koukou,3,,あおぎり高校,693,日本虚拟主播团体，前身为あおぎり高校游戏部
devil_may_cry_4,3,恶魔猎人4,鬼泣4,693,鬼泣系列第四作，尼禄首次登场
utawarerumono:_itsuwari_no_kamen,3,utawareru_mono:_itsuwari_no_kamen|受赞颂者：虚伪的假面,传颂之物：虚伪的假面,693,《传颂之物》三部曲第二部，2015年发售的视觉小说
cytus,3,赛特斯|音乐世界,音乐世界,692,台湾雷亚游戏开发的手机音乐节奏游戏系列，2012年首发
peanuts_(comic),3,史努比,花生漫画,692,查尔斯·舒尔茨创作的长期连载报纸漫画，角色有查理·布朗与史努比
tangled,3,长发公主,魔发奇缘,691,迪士尼2010年动画电影，改编自长发公主童话，主角为长发少女乐佩
wrestle_angels,3,,摔角天使,691,以女子摔角选手对战与培养为题材的游戏系列
garou:_mark_of_the_wolves,3,fatal_fury:_mark_of_the_wolves|饿狼传说Mark of the Wolves,饿狼传说：狼之印记,689,《饿狼传说》系列第九作，舞台设在基斯死后十年的南镇
shinmai_maou_no_testament,3,the_testament_of_sister_new_devil,新妹魔王的契约者,689,上栖缀人的轻小说，描写魔王之女与少年的契约关系，并有动画改编
summon_night_3,3,召唤夜响曲3,召唤之夜3,689,《召唤之夜》系列第三作，2003 年登陆 PlayStation 2
princess_tutu,3,princesstutu,萩萩公主,688,2002年芭蕾题材魔法少女动画，少女化身公主抚慰人心
viper_(series),3,,VIPER,688,Sogna的成人美少女游戏系列，包含V6至V16等多部作品
dream_smp,3,dreamsmp|dreamsmpfanart,Dream SMP,687,Dream Team及其好友游玩的Minecraft角色扮演生存服务器
evertale,3,,Evertale,687,ZigZaGaming开发的手机RPG，因投放夸张广告而知名
formula_one,3,F1|formula_1|世界一级方程式锦标赛,一级方程式赛车,687,国际汽联主办的最高等级单座方程式赛车锦标赛
new_horizon,3,,NEW HORIZON,687,东京书籍出版的日本中学英语教科书，1966年起使用，登场角色为人熟知
toaru_kagaku_no_railgun_s,3,to_aru_kagaku_no_railgun_s,某科学的超电磁炮S,687,《某科学的超电磁炮》动画第二季，2013年播出
dragon_village_collection,3,dragonvillagecollection,Dragon Village Collection,686,Dragon Village系列的手机游戏，以培育收集像素龙为核心
kunoichi_tsubaki_no_mune_no_uchi,3,in_the_heart_of_kunoichi_tsubaki,女忍者椿的心事,686,山本崇一朗创作的漫画，2018至2023年连载，已改编动画
breath_of_fire_v,3,龙战士V,龙战士5,685,卡普空龙战士系列的第五作
ousama_ranking,3,ranking_of_kings,国王排名,685,十日草辅的漫画，2019年开始连载，2021年由WIT STUDIO改编动画
yuusha_to_maou,3,,勇者与魔王,685,松田优作的短篇漫画系列，勇者与魔王被传送到现代地球
zozotown,3,,ZOZOTOWN,682,日本时尚电商ZOZO旗下的服装购物网站，常与动画和手游展开联动
alien_(series),3,,异形系列,681,20世纪影业的科幻恐怖系列，围绕蕾普莉与异形生物的对抗
shadows_house,3,shadowshouse,影宅,681,ソウマトウ的悬疑漫画，描写无脸贵族与侍奉他们的活人偶
simoun,3,,西蒙,681,2006年播出的科幻百合动画，描写少女们驾驶飞行器作战
sony,3,SONY,索尼,681,日本的跨国综合企业集团，业务涵盖电子、游戏、音乐与影视
ena_(series),3,ena|ena(joel_g)|enafanart|enajoelg,ENA,679,Joel G创作的超现实动画系列，主角是情绪在喜悲间切换的ENA
oounabara_to_wadanohara,3,wadanohara|wadanohara_and_the_great_blue_sea|大海原和大海原,大海原与大海原,679,海底囚人用RPG Maker制作的剧情向RPG，2013年发布，描绘魔女大海原的冒险
dango_daikazoku,3,,团子大家族,678,《CLANNAD》的片尾曲，同时也是剧中虚构的团子形象
victory_gundam,3,机动战士V钢弹,机动战士V高达,678,1993至1994年播出的《机动战士高达》系列电视动画，共51集
jewelpet_(series),3,jewelpet,宝石宠物,677,三丽鸥与世嘉合作2008年创立的角色与玩具企划
madou_monogatari,3,魔法物语,魔导物语,677,Compile的第一人称地牢探索RPG三部曲，1989年首作问世，为噗哟噗哟的前身
akb0048,3,,AKB0048,675,以AKB48为原型的动画，2012年播出，角色由AKB48等成员配音
oboro_muramasa,3,muramasa_the_demon_blade|oboro_muramasa_youtouden|胧村正妖刀传,胧村正,675,Vanillaware开发、Marvelous发行的2D动作游戏，2009年登陆Wii，主角为百姬与鬼助
given,3,GIVEN,GIVEN 被赠予的未来,672,キヅナツキ创作的BL漫画，围绕四人乐队 Given 展开，改编动画
strawberry_panic!,3,strawberry_panic|草莓狂热,惊爆草莓,672,公野樱子原作的百合轻小说，2006 年改编为动画
dirty_pair,3,Dirty Pair,搞怪拍档,670,高千穗遥创作的小说系列，讲述两位WWWA探员的科幻冒险
olympics,3,olympic_games|奥林匹克运动会,奥运会,670,每四年举办一次的国际综合性体育赛事
pop-up_story,3,魔法与圣树学园,Pop-up Story,670,史克威尔艾尼克斯2015年推出的手机游戏，以魔法书与圣树学园为舞台
bravely_default:_flying_fairy,3,Bravely Default|bravely_default|勇气默示录 飞舞的妖精,勇气默示录,669,史克威尔艾尼克斯2012年在3DS推出的角色扮演游戏
futoku_no_guild,3,Immoral Guild|immoral_guild,不道德公会,669,改编为动画的奇幻喜剧漫画，以冒险者公会为舞台
gekitotsu!_joshikousei_oiroke_sensha_gundan,3,激突！女子高中生色气战车军团,Gekitotsu! Joshikousei Oiroke Sensha Gundan,668,装甲少女社团为《少女与战车》创作的同人企划
haiiro_teien,3,The Gray Garden|the_gray_garden|the_grey_garden,灰色庭园,667,海底囚人用RPG Maker 2000制作的剧情向伪RPG，2012年发布
paper_mario:_the_thousand-year_door,3,Paper Mario: The Thousand-Year Door|paper_mario:_the_thousand_year_door|paper_mario_ttyd|papermariottyd|thousandyeardoor|纸片马里奥 千年之门,纸片马力欧：千年之门,667,纸片马力欧系列GameCube角色扮演游戏，2024年在Switch推出重制版
subarashiki_kono_sekai,3,The World Ends with You|the_world_ends_with_you,美妙世界,667,史克威尔艾尼克斯为 NDS 开发、以涩谷为舞台的动作角色扮演游戏
yatterman,3,正义双侠,小双侠,667,《时间飞船》系列第二作，1975至1977年播出
summertime_render,3,Summer Time Rendering,夏日重现,665,田中靖规的悬疑漫画，2022 年改编为动画
aether_gazer,3,Aether Gazer|aether_gaze|aethergazer,深空之眼,664,勇仕网络开发的3D动作角色扮演手游
ar_tonelico_ii,3,ar_tonelico_2|魔塔大陆II,魔塔大陆2,663,《魔塔大陆》系列第二作，故事发生在前作约一年半后
blazblue:_central_fiction,3,BlazBlue: Central Fiction|blazbluecentralfiction,苍翼默示录 神观之梦,663,苍翼默示录系列的格斗游戏，系列正传故事的收束之作
mario_kart_world,3,Mario Kart World|mariokart9|mariokartworld|马里奥赛车世界,马力欧卡丁车世界,663,Nintendo Switch 2首发游戏，系列首次加入角色服装
blazblue:_chronophantasma,3,BlazBlue: Chronophantasma|blazblue:_chrono_phantasma|blazbluechronophantasma,苍翼默示录 刻之幻影,662,苍翼默示录系列的第三作格斗游戏
splatoon_3:_side_order,3,sideorder|喷射战士3 秩序篇,斯普拉遁3 秩序篇,662,《斯普拉遁3》扩充票第二弹的单人剧情模式
love_live!_the_school_idol_movie,3,Love Live! 剧场版,Love Live! 学园偶像电影,658,《Love Live! 学园偶像计划》的剧场版动画，讲述μ's的毕业故事
strinova,3,Strinova|calabiyau,卡拉彼丘,658,iDreamSky 开发、2024 年在 Steam 推出的动漫风格第三人称射击游戏
cave_story,3,,洞窟物语,657,个人制作的独立横版动作游戏，以剧情与操作手感著称
tales_of_arise,3,Tales of Arise|talesofarise|toarise,破晓传说,657,传说系列2021年发售的作品，登陆PS4、PS5、Xbox与PC
bishoujo_mangekyou_(series),3,Bishoujo Mangekyou|bishoujo_mangekyou,美少女万华镜,656,ωstar的成人向视觉小说系列，原画由八宝备仁负责
happiness!,3,,Happiness!,656,Windmill于2005年推出的成人向游戏，2006年由Artland改编为动画
record_of_lodoss_war,3,lodoss-tou_senki|罗德岛战记,罗德斯岛战记,656,水野良的奇幻小说系列，深受龙与地下城规则影响
kamen_rider_ryuki_(series),3,幪面超人龙骑,假面骑士龙骑,655,平成假面骑士第3作，2002年播出
noss_&_zakuro,3,,Noss & Zakuro,655,rariatto创作的搞笑日常漫画，描写吸血鬼母亲诺斯与养女扎克罗
resident_evil_1,3,Resident Evil 1|biohazard_1,生化危机1,654,系列首作，1996年发售，2002年推出重制版
beyblade,3,爆旋陀螺,战斗陀螺,653,Takara Tomy的陀螺对战玩具与动画多媒体系列
elf-san_wa_yaserarenai.,3,Plus-Sized Elf|plus-sized_elf,这位精灵小姐瘦不下来,653,Synecdoche创作的漫画，讲述爱薯条的精灵的减肥日常
idolmaster_sp,3,THE iDOLM@STER SP,偶像大师SP,653,2009年在PSP发售的偶像大师掌机作品
barbie_(franchise),3,barbie,芭比,651,美泰的芭比娃娃系列及衍生的影视多媒体企划
homestuck,3,,Homestuck,651,Andrew Hussie创作的知名网络漫画，讲述少年们参与的游戏
aku_no_musume_(vocaloid),3,Daughter of Evil|aku_no_musume|daughter_of_evil_(vocaloid)|the_princess_of_lucifer_(vocaloid),恶之娘,650,悪ノP创作、镜音铃与镜音连演唱的歌曲，系列首作
soccer_spirits,3,soccerspirits,Soccer Spirits,650,韩国BigBall开发、Com2uS运营的足球题材卡牌游戏
battle_girl_high_school,3,战斗女子高校,战斗女子学园,649,COLOPL的手机游戏，玩家扮演教师指导少女战斗，2019年停运
ef_(visual_novel),3,ef|ef - a tale of memories.|ef_-_a_tale_of_memories,ef - a fairy tale of the two.,648,minori发行的18禁视觉小说，片头动画由新海诚制作
kaijuu_no._8,3,8kaijuu|kaijuno8|kaijuu_8-goo,怪兽8号,648,松本直也的漫画，2024年动画化，讲述怪兽化的队员
queen's_gate,3,Queen's Gate|queens_gate,女王之门,648,女王之刃的外传画集系列，使用各游戏动画的授权角色
saihate_eki,3,,Saihate Station,647,独立制作的探索恐怖冒险游戏，讲述两名男性之间扭曲的关系
devilman,3,Devilman,恶魔人,646,永井豪创作的黑暗奇幻漫画，描写恶魔与人类的战争
higurashi_no_naku_koro_ni_mei,3,,寒蝉鸣泣之时 命,646,《寒蝉鸣泣之时》的手机游戏衍生作
wily_beast_and_weakest_creature,3,Wily Beast and Weakest Creature,东方鬼形兽,646,东方Project第17作弹幕射击游戏，以动物灵与畜生界为舞台
starward,3,Starward|星の翼,星之翼,645,2024 年的机甲少女题材第三人称射击游戏
tsugumomo,3,Tsugumomo,怪怪守护神,643,滨田义一创作的妖怪题材后宫漫画，有动画改编
urban_legend_in_limbo,3,Urban Legend in Limbo,东方深秘录,643,东方Project第14.5作，Tasofro制作的格斗游戏，首次登场宇佐见堇子
rinne_no_lagrange,3,Lagrange: The Flower of Rin-ne|lagrange:_the_flower_of_rin-ne,轮回的拉格朗日,640,Xebec与Production I.G制作的2012年原创机器人动画
black_jack_(series),3,Black Jack|black_jack_(copyright),怪医黑杰克,639,手冢治虫的漫画，讲述天才外科医生黑杰克以高超医术救治患者
metroid_dread,3,Metroid Dread|metroiddread|银河战士 生存恐惧,密特罗德 生存恐惧,639,2021年公布的系列新作，剧情接续融合
saga_frontier_2,3,SaGa Frontier 2,沙加开拓者2,639,1999年PlayStation上的沙加系列角色扮演游戏
windows_classic,3,Windows 经典主题,Windows 经典,639,指Windows 95至ME时期的界面风格，以方块按钮与像素图标为特征
bayonetta_1,3,bayonetta|贝优妮塔1|魔兵惊天录1,猎天使魔女1,638,《猎天使魔女》系列首作，2009年发售
formation_girls,3,Formation Girls|編隊少女,编队少女,637,i0Plus 开发的二战王牌飞行员拟人化3D空战手游，2019年停服
tenshinranman,3,Tenshin Ranman|tenshin_ranman,天神乱漫,637,柚子社的第四部美少女游戏，全名为天神乱漫 LUCKY or UNLUCKY!?
to_be_hero_x,3,tubian_yingxiong_x,凸变英雄X,637,李豪凌执导的中国超级英雄题材动画，英雄人气值决定其能力
aladdin_(movie),3,aladdin_(1992_disney_film),阿拉丁,636,迪士尼1992年动画电影，改编自一千零一夜中的阿拉丁与神灯
gantz,3,GANTZ,杀戮都市,636,奥浩哉的科幻漫画，描绘死者被传送到神秘房间执行猎杀任务，改编动画
dragon_ball_daima,3,Dragon Ball Daima|dragonballdaima|dragonballmagic|七龙珠大魔,龙珠大魔,635,龙珠40周年纪念动画，角色们被变成小孩展开冒险
pac-man_(game),3,Pac-Man|pacman_(game)|小精灵,吃豆人,635,南梦宫1980年发行的街机游戏，玩家操控吃豆人吃光迷宫中的豆子
yoru_mac,3,夜间麦当劳,Yoru Mac,635,日本麦当劳下午5点后供应的夜间菜单企划
blue_reflection_(series),3,Blue Reflection|blue_reflection|bluereflection,蓝色反射系列,634,Gust开发的魔法少女题材游戏系列，另有动画与手机游戏
tales_of_eternia,3,Tales of Eternia,永恒传说,634,传说系列第三部母舰作品，登陆PlayStation与PSP
final_fantasy_ii,3,FF2|ff2|ffii|最终幻想II,最终幻想2,633,《最终幻想》系列第二作，1988年12月登陆FC
xxl_woofia,3,woofia|xxl|xxlwoofia,XXL Woofia,633,2025年推出的bara向成人抽卡RPG，含兽人与LGBTQ+要素
digimon_liberator,3,Digimon Liberator|digimonliberator|数码兽 Liberator,数码宝贝 Liberator,632,数码宝贝系列的官方小说与漫画企划
tales_of_the_rays,3,Tales of the Rays,镜光传说,632,传说系列手机游戏，集结系列历代角色，2024年结束在线服务
bamboo_blade,3,Bamboo Blade,竹刀少女,631,土冢正浩原作、五十岚あぐり作画的剑道漫画，2007年动画化
pacific_rim,3,,环太平洋,631,吉尔莫·德尔·托罗执导的2013年科幻怪兽机甲电影
atelier_live,3,atelierlive,Atelier Live,630,英语圈的虚拟主播团体，成员多兼任自身形象设计
gosick,3,GOSICK,哥特萝莉侦探事件簿,630,樱庭一树的推理轻小说，以虚构欧洲小国为舞台的少女侦探故事
modern_mogal,3,,Modern MoGal,630,shepherd0821创作的漫画，描绘魔物娘在现代社会的日常
resident_evil_3_(remake),3,Resident Evil 3 (Remake),生化危机3 重制版,630,2020年发售的《生化危机3》重制版
tokimeki_memorial_girl's_side,3,心跳回忆女生版|纯爱手札 Girl's Side,心跳回忆 Girl's Side,630,科乐美《心跳回忆》系列的女性向分支，玩家扮演女高中生追求男生
cytus_ii,3,,音乐世界II,629,《音乐世界》的续作，2018年推出，延续多主角故事
hololive_grand_theft_auto,3,Hololive GTA RP|holoGTA|hologta|hologtafa,Hololive GTA,629,以GTA5为舞台的hololive大型角色扮演直播企划，2024年举办
maji_de_watashi_ni_koi_shinasai!,3,Majikoi|love_me_seriously!|majikoi,认真和我谈恋爱！,629,Minato Soft的成人游戏系列，2011年被改编为动画
ender_lilies_quietus_of_the_knights,3,ENDER LILIES|enderlielies|enderlilies|终焉之莉莉,终焉之莉莉 骑士寂夜,626,暗黑幻想风格的2D动作RPG，登陆PC与Switch
jibaku_shounen_hanako-kun,3,Toilet-Bound Hanako-kun|toilet-bound_hanako-kun,地缚少年花子君,626,あいだいろ的漫画，2014年起连载于《月刊G Fantasy》，2020年动画化
makai_senki_disgaea_4,3,Disgaea 4|disgaea_4,魔界战记4,626,《魔界战记》系列第四作，剧情带有浓厚的政治色彩
dream_believers,3,,Dream Believers,625,《Love Live! 莲之空女学院学园偶像俱乐部》的歌曲与服装
super_robot_wars_og_saga_mugen_no_frontier,3,Endless Frontier|endless_frontier|无限边疆,无限边界 超级机器人大战OG传说,625,《超级机器人大战》系列的 RPG 外传，以无限边疆为舞台
top_wo_nerae!,3,Gunbuster|gunbuster_(series)|top_o_nerae|top_o_nerae!|top_wo_nerae|飞越巅峰,飞跃巅峰！,625,Gainax1988年推出的机甲科幻OVA，英文名为Gunbuster
windows_xp,3,XP|windows_xp_mce|windowsxp|xp,Windows XP,625,微软发布的操作系统，以绿色开始按钮与蓝天壁纸为标志
aespa,3,aespafanart,aespa,624,SM娱乐2020年推出的韩国女子组合，作品以虚拟世界设定为特色
blame!,3,BLAME|blame,BLAME!,624,弐瓶勉的赛博朋克科幻漫画，在讲谈社Afternoon连载
final_fantasy_x-2,3,FFX-2|最终幻想10-2,最终幻想X-2,624,《最终幻想X》的续作，系列首部直接续篇，2003年发售
animedia,3,,Animedia,623,日本月刊动画杂志，1981年创刊
xenoblade_chronicles_x,3,Xenoblade X|xenoblade_x|异度之刃X,异度神剑X,623,科幻RPG，2015年登陆Wii U，2025年推出Switch加强版
flip_flappers,3,Flip Flappers,翻转少女（Flip Flappers）,622,Studio 3Hz 2016年播出的原创动画，押山清高执导
cyborg_009,3,Cyborg 009,人造人009,621,石森章太郎的科幻漫画，讲述九名改造人战士的故事
gundam_08th_ms_team,3,高达08MS小队,机动战士高达 第08MS小队,620,1996年发售的高达OVA，以一年战争时期的陆战小队为主角
persona_4_the_golden,3,P4G|Persona 4 Golden,女神异闻录4 黄金版,620,女神异闻录4的加强版，2012年登陆PS Vita，新增角色与剧情
absolute_dc,3,,绝对DC,619,DC漫画的重启系列，将旗下英雄重塑为社会的底层弱者
breaking_bad,3,breakingbad|絕命毒師,绝命毒师,617,美国犯罪剧，讲述化学教师沃尔特·怀特制毒的故事
octopath_traveler_ii,3,OCTOPATH TRAVELER II|octopathtraveler2|八方旅人2,歧路旅人II,617,《歧路旅人》系列第二作，2023年2月发售
onna_ga_nigate_na_yankee_to_shoujo_no_hanashi,3,,女が苦手なヤンキーと少女の話,617,描写不擅长与女性相处的不良少年与少女之间关系的漫画
yakusoku_no_neverland,3,The Promised Neverland|the_promised_neverland|約定的夢幻島,约定的梦幻岛,616,白井海宇原作、出水波须加作画的漫画，2019年播出动画
kyoufuu_all_back_(vocaloid),3,强风All Back|强风全背头,强风大背头,615,Yukopi创作、歌爱雪演唱的Vocaloid歌曲，描绘被强风吹成大背头的日常
the_addams_family,3,addams_family,亚当斯一家,615,查尔斯·亚当斯创作的哥特风格家族题材多媒体作品
comiket_94,3,C94|Comiket 94|c94,Comic Market 94,614,Comic Market 第94届同人志即卖会，2018年8月10-12日举办
kamen_rider_555,3,假面騎士555,假面骑士555,614,平成假面骑士第4作，2003至2004年播出
sakura_no_uta,3,,樱之诗,613,枕社的成人向视觉小说，标题全称为樱之诗
dohna_dohna_issho_ni_warui_koto_o_shiyou,3,ドーナドーナ|多娜多娜一起干坏事,多娜多娜 一起干坏事吧,612,Alicesoft出品的成人角色扮演游戏
mahou_shoujo_ikusei_keikaku_unmarked,3,魔法少女育成計画 unmarked|魔法少女育成計畫,魔法少女育成计划 unmarked,611,《魔法少女育成计划》系列小说的第一个篇章，动画改编的对应原作
another,3,another_(novel),Another,610,绫辻行人的悬疑恐怖小说，后改编为漫画、电影与动画
iris_mysteria!,3,あいりすミスティリア!|あいミス,Iris Mysteria!,610,AUGUST与DMM的2017年游戏，含成人版与全年龄版
neo-porte,3,merise|ネオポルテ,Neo-Porte,610,日本虚拟主播事务所，由まふまふ等人于2021年创立
pandora_hearts,3,Pandora Hearts|pandorahearts|潘朵拉之心,潘多拉之心,610,望月淳2006年起连载的漫画，含爱丽丝仙境元素并有动画改编
phoenix_wright:_ace_attorney_-_dual_destinies,3,ace_attorney_5|gyakuten_saiban_5|逆轉裁判5|逆转裁判：双重命运,逆转裁判5,610,系列第五作，成步堂龙一回归主角，新增搭档希月心音
shinza_bansho_series,3,神座万象,神座万象系列,610,正田崇执笔的视觉小说与轻小说系列，围绕可让人成神的王座展开
fate/requiem,3,,Fate/requiem,609,星空めてお执笔、NOCO插画的《Fate》系列小说
kamen_rider_build_(series),3,假面騎士Build,假面骑士Build,608,平成假面骑士第19作，2017年播出
sakura_trick,3,櫻Trick,樱Trick,608,tachi的四格百合漫画，2014年由Studio DEEN动画化
sangokushi_taisen,3,三国志大戦|三國志大戰,三国志大战,608,世嘉的三国志题材街机卡牌即时战略游戏
soredemo_ayumu_wa_yosetekuru,3,shougi_no_yatsu|それでも歩は寄せてくる,即使如此依旧步步进逼,608,山本崇一朗的将棋社恋爱喜剧漫画，后改编为动画
ash_arms,3,Ash Arms,灰烬战线,606,国产军武拟人手游，将二战坦克与战机拟人化为少女
pixiv_fantasia_age_of_starlight,3,,Pixiv Fantasia Age of Starlight,606,2020年举办的Pixiv Fantasia企划，主题为星光时代
kidou_keisatsu_patlabor,3,mobile_police_patlabor|patlabor|机动警察Patlabor|機動警察,机动警察,605,1988年由 Headgear 创作的科幻动画漫画企划，以警用机器人与特车二课为主角
high_school_dxd_infinity,3,ハイスクールD×D Infinity|高校DXD Infinity,高校D×D Infinity,603,《恶魔高校D×D》系列的衍生作品
himitsu_no_aipri,3,aipri|秘密的AiPri|秘密的偶像乐园,秘密的偶像公主,603,Takara Tomy Arts与syn Sophia的2024年街机节奏游戏
amairo_islenauts,3,天色*Islenauts|天色*アイルノーツ,天色Islenauts,602,Yuzusoft开发的成人向视觉小说，原画为むりりん与こぶいち
ore_twintail_ni_narimasu,3,gonna_be_the_twin-tail!!|我，要成为双马尾！,我，要成为双马尾,602,水泽梦的轻小说，2014年由Production IMS改编动画，讲述变身双马尾战士的男生
gensou_suikoden_ii,3,suikoden_ii|幻想水浒传2|幻想水滸傳II,幻想水浒传II,601,系列第二作，舞台为邓安，描绘两位主角与符文的故事
mazinger_z,3,无敌铁金刚|無敵鐵金剛,魔神Z（初代）,601,永井豪1972年起在周刊少年Jump连载的超级机器人漫画
persona_1,3,megami_ibunroku_persona|persona1|revelations:_persona|女神异闻录Persona|女神異聞録,女神异闻录1,601,系列首作，1996年在PlayStation推出，又名女神异闻录Persona
eiyuu_senki,3,英雄*戦姫|英雄戰姬,英雄战姬,600,Tenco 2012年推出的成人游戏，历史人物被女性化，画师为织音
fire_emblem:_shadow_dragon_and_the_blade_of_light,3,fe1|fire_emblem:_ankoku_ryuu_to_hikari_no_tsurugi|火焰之纹章：暗黑龙与光之剑,火焰之纹章 暗黑龙与光之剑,600,《火焰之纹章》系列首作，1990年登陆FC
helldivers_(series),3,helldivers|helldivers2|helldivers2fanart|地狱潜者|绝地潜兵2,绝地潜兵,600,Arrowhead Game Studios的科幻第三人称射击系列，以超级地球为舞台
atelier_ryza_3,3,atelierryza3|ryza3|莱莎3|莱莎的炼金工房3 ～终结之炼金术士与秘密钥匙～,莱莎的炼金工房3,599,《炼金工房》系列第24作，莱莎三部曲的完结篇
atri-my_dear_moments-,3,ATRI|ATRI -My Dear Moments-|atri|atri-mydearmoments-,亚托莉 -我挚爱的时光-,599,Frontwing与枕合作的视觉小说，讲述少年与机器人少女的夏日故事
white_album_(series),3,White Album|whitealbum|白色相簿系列,白色相簿（系列）,599,Leaf的恋爱视觉小说系列，包含《白色相簿》与《白色相簿2》
kerberos_blade,3,ケルベロスブレイド,Kerberos Blade,598,Tommy Walker 与 niconico 合作的网页角色扮演游戏，可自制角色请画师绘制
magnet_(vocaloid),3,magnet|磁石,Magnet,598,流星P创作、初音未来与巡音流歌演唱的Vocaloid二重唱歌曲
red_hood_and_the_outlaws,3,紅頭罩與法外者|红头罩与亡命之徒,红头罩与法外者,598,DC漫画的蝙蝠侠衍生系列，主角为红头罩杰森·托特
afk_journey,3,AFK Journey,剑与远征：启程,597,剑与远征系列新作，莉莉丝游戏开发的放置角色扮演游戏
cry_of_fear,3,Cry of Fear|cryoffear,恐惧之泣,597,Team Psykskallar 制作的恐怖游戏，原为《半条命》模组，2012年发行
mahoutsukai_no_yakusoku,3,mahoyaku|promise_of_wizard|魔法使いの約束|魔法使的約定,魔法使的约定,597,Coly出品的女性向手机游戏，以魔法使与贤者的约定为主题
sky:_children_of_the_light,3,Sky光·遇|光遇,光·遇,597,thatgamecompany开发的社交冒险游戏，玩家在云海中探索飞翔
breath_of_fire_iv,3,龍戰士IV|龙战士4,龙战士IV,596,卡普空龙战士系列的第四作
kimi_ga_nozomu_eien,3,kiminozo|rumbling_hearts|the_eternity_you_desire|你所期望的永遠|愿此刻永恒,你所期望的永远,596,âge 开发的视觉小说，2001年发行，2003年改编动画，以三角关系著称
sk8_the_infinity,3,SK8|sk8,SK8 the Infinity,596,Bones制作的2021年原创滑板题材动画
wactor_production,3,miraizu|miu_channel|wactor|ワクタープロダクション,WACTOR,596,日本的VTuber事务所，2019年起拓展bilibili中文直播业务
bleach:_epilogue,3,死神 尾声,死神 终章,595,死神漫画的最终两章，描写十年后的故事与新登场角色
milgram,3,milgram_fa,MILGRAM,595,DECO*27与山中拓也的互动音乐企划，以监狱审判为主题
dissidia_duellum_final_fantasy,3,,最终幻想 纷争 决斗,594,最终幻想纷争系列的手机免费游戏，角色被传送到现代东京
f-ism,3,,F-ism,594,村上水军的画集系列，收录原创角色的成人CG
portal_(series),3,portal|传送门系列,传送门,594,Valve开发的第一人称解谜游戏系列，以传送门枪为核心机制
hyoutenka_30-do_no_zetsubou,3,,氷点下30度の絶望,593,みつどもえ工房的成人向游戏，Esse系列第二作
zannen_onna-kanbu_black_general-san,3,zannen_jokanbu_black_general-san|可惜的女干部布莱克将军|残念女幹部ブラックジェネラルさん,残念女干部布莱克将军,593,jin的搞笑漫画，讲述邪恶组织女干部与英雄的恋爱喜剧
bang_dream!_our_notes,3,,BanG Dream! Our Notes,592,《BanG Dream!》企划的手机游戏，登场新老乐队
dororo_(tezuka),3,blood_will_tell|dororo_fanart|ドロロ,多罗罗,592,手冢治虫创作的黑暗奇幻漫画，1967年发表，多次改编动画
beastars,3,动物狂想曲,BEASTARS,591,板垣巴留的漫画，以动物拟人化社会中的肉食与草食矛盾为主题
blackpink,3,粉墨,BLACKPINK,591,YG娱乐旗下的韩国女子组合，2016年出道
kingdom_hearts_358/2_days,3,358/2_days|王国之心 358/2 Days,王国之心 358/2天,591,以罗克萨为主角的任天堂DS游戏，故事与记忆之链重叠并前接二代
dengeki_g's,3,電撃G's,电击G's,590,聚焦游戏与动画中少女、并连载漫画的兴趣杂志
pretty_rhythm_rainbow_live,3,星光少女 彩虹舞台|美妙旋律 彩虹舞台,美妙旋律 Rainbow Live,589,《美妙旋律》第3季动画，采用平行世界观，衍生出《KING OF PRISM》
sekaiju_no_meikyuu_5,3,etrian_odyssey_v|世界树迷宫V|世界樹迷宮5,世界树迷宫5,589,2016年发售的系列第五作，引入多种族与自定义外观
digimon_frontier,3,数码宝贝无限地带|数码宝贝第四部|数码暴龙04无限地带,数码宝贝04无限地带,588,数码宝贝系列第四部动画，主角可变身为数码宝贝
mouthwashing,3,mouthwashingart|mouthwashingfanart,缄默祸运,588,2024年发行的第一人称心理恐怖冒险游戏
pokemon_cafe_remix,3,Pokémon Café Mix|pokemon_cafe_mix|宝可梦咖啡厅,宝可梦咖啡厅Remix,588,宝可梦题材的手机益智游戏，玩家经营咖啡厅并制作餐点
pokemon_tcg_pocket,3,Pokémon TCG Pocket|宝可梦卡牌 POCKET,宝可梦卡牌Pocket,588,DeNA开发的手机卡牌游戏，2024年上线，规则较实体版简化
genjitsu_no_yohane,3,yohane|yohane_of_the_parhelion|夜羽|幻日のヨハネ,幻日的夜羽,587,《Love Live! Sunshine!!》的奇幻衍生动画，2023年播出，主角为夜羽
pikmin_4,3,,皮克敏4,587,系列第四作，2023年登陆Switch，新增冰皮克敏与救援犬
skoshism,3,,SKOSHISM,587,韩国歌手与虚拟主播组成的五人音乐组合，以J-POP男团为概念
xenosaga_episode_i,3,xenosaga_i|异度传说 一章 通向力量的意志|异度传说I,异度传说 一章,587,《异度传说》三部曲首作，2002年登陆PS2
ultraman_(1st_series),3,ultraman|初代奥特曼|宇宙英雄奥特曼,奥特曼,586,《奥特曼》系列第二部作品，首次出现奥特曼这一光之巨人
project_kv,3,projectkv,Project KV,585,DynamisOne与Studio Alaya已终止的企划，主题为持枪学园少女
devil_survivor_1,3,devil_survivor|megami_ibunroku_devil_survivor|恶魔幸存者1|真·女神转生 恶魔幸存者,恶魔幸存者（初代）,584,登陆任天堂DS的女神异闻录恶魔幸存者角色扮演游戏
tomb_raider,3,tombraider|古墓奇兵|盗墓者罗拉,古墓丽影,583,以考古冒险家劳拉·克劳馥为主角的动作冒险游戏系列
foster's_home_for_imaginary_friends,3,fostershomeforimaginaryfriends|親親麻吉|鬼马狂想屋,亲亲麻吉,582,Cartoon Network 2004年播出的美国动画，描绘人类与幻想朋友共存的世界
teenage_mutant_ninja_turtles,3,忍者龜|忍者龟,忍者神龟,582,美国多媒体企划，讲述纽约四只接受忍术训练的突变龟兄弟
rakudai_ninja_rantarou,3,Nintama Rantarō|ninjaboy_rantaro|nintama|nintama_rantaro|nintama_rantarou|落第忍者乱太郎,忍者乱太郎,581,尼子骚兵卫的忍者搞笑漫画，1993年起在NHK动画化
qurare_magic_library,3,QURARE: 魔法図書館|qurare|qurare:magic_library|qurare:magiclibrary,QURARE 魔法图书馆,580,面向移动端的卡牌收集游戏
gundam_arsenal_base,3,高達Arsenal Base,高达Arsenal Base,579,2022年启动的高达题材街机与集换式卡牌游戏
koishi_komeiji's_heart-throbbing_adventure,3,komeiji_koishi's_heart_throbbing_adventure|komeiji_koishi_no_dokidoki_daibouken|古明地恋的ドキドキ大冒险|古明地戀的心跳大冒險,古明地恋的心跳大冒险,579,洗濯船制作的东方Project同人Niconico动画系列，以古明地恋为主角
mainichi_kiss_shite_lolita,3,,Mainichi Kiss Shite Lolita,579,夜羊社2022年发售的成人视觉小说
rune_factory_4,3,符文工厂4|符文工房4 特别版,符文工房4,578,符文工厂系列第六作，首部登陆Nintendo 3DS的作品
saru_getchu,3,ape_escape|サルゲッチュ|捉猴啦系列,捉猴啦,578,索尼电脑娱乐的PlayStation平台游戏系列，欧美名为Ape Escape
shrek_(series),3,史力加|史瑞克,怪物史莱克,578,梦工厂的3D动画电影系列，改编自绘本，以恶搞童话为特色
kamen_rider_01_(series),3,假面騎士01|假面骑士Zero-One,假面骑士01,577,令和假面骑士第1作，2019年9月开播
shoukoujo,3,,小公女,577,以小说《小公主》为原作改编的日本动画，主角为少女萨拉
snow_white_(fairy_tale),3,白雪公主与七个小矮人,白雪公主（童话）,577,格林童话中的故事，讲述公主与七个小矮人及毒苹果
do_it_yourself!!,3,Do It Yourself DIY!!|do_it_yourself,Do It Yourself!!,575,Pine Jam制作的2022年原创动画，以DIY部为题材
kamen_rider_geats_(series),3,假面騎士Geats|假面骑士Geats,假面骑士极狐,575,令和假面骑士第4作，2022年播出
mahou_shoujo_madoka_magica:_walpurgis_no_kaiten,3,puella_magi_madoka_magica_-walpurgisnacht:rising-|walpurgisnacht:rising|ワルプルギスの廻天|魔法少女小圆 魔女之夜的回天,魔法少女小圆 瓦尔普吉斯的回天,575,魔法少女小圆系列新剧场版，2021年公布、2026年8月上映
mashle,3,MASHLE|mashle:_magic_and_muscles|肌肉魔法使,肌肉魔法使-MASHLE-,575,甲本一创作的搞笑奇幻漫画，2023年被改编为动画
sayonara_wo_oshiete,3,さよならを教えて|對你說再見,对你说再见,573,CRAFTWORK的成人向游戏，以精神错乱为主题
tennis_no_ouji-sama,3,Prince of Tennis|prince_of_tennis|網球王子,网球王子,572,许斐刚创作的网球题材漫画，1999年至2008年连载于少年Jump
avatar_aang:_the_last_airbender,3,,Avatar Aang: The Last Airbender,571,《降世神通》的剧场版动画电影，为原作系列的续篇
breath_of_fire_iii,3,龍戰士III|龙战士3,龙战士III,571,卡普空龙战士系列的第三作
f-zero,3,,F-Zero,571,任天堂的未来竞速游戏系列，首作1990年登陆SNES
gj-bu,3,GJ部!!,GJ部,571,新木伸的轻小说，描绘 GJ 部成员的日常，2013年改编动画
kmnz,3,kmnzart,KMNZ,571,以音乐为主题的日本虚拟主播组合，现以三人体制活动
owarimonogatari,3,終物語,终物语,571,西尾维新物语系列第十二部，以忍野扇与老仓育为中心展开
senbonzakura_(vocaloid),3,senbon-zakura_(vocaloid)|千本桜,千本樱,571,黒うさP创作的初音未来歌曲，插画由一斗まる负责
alice_sherlock:_the_rubious_nebula,3,,Alice Sherlock: The Rubious Nebula,570,日本漫画作品，具体作者与设定不详
power_pro-kun_pocket,3,power_pro_kun_pocket,Power Pro-kun Pocket,570,实况力量职业棒球的衍生棒球养成游戏，含恋爱模拟要素
shin_godzilla,3,新哥斯拉|正宗哥吉拉,新·哥斯拉,570,2016年东宝的哥斯拉重启电影，由庵野秀明执导
gunslinger_girl,3,gunslingergirl|神枪少女 GUNSLINGER GIRL|神槍少女,神枪少女,569,相田裕的漫画，讲述被改造的少女杀手们的故事，2003年起改编动画
pixiv_fantasia_sword_regalia,3,,Pixiv Fantasia Sword Regalia,569,2012年举办的Pixiv Fantasia企划，题为剑之圣器
sword_art_online:_alicization_-_war_of_underworld,3,刀剑神域 爱丽丝篇 异界大战|刀剑神域Alicization篇 War of Underworld,刀剑神域 爱丽丝篇 异界战争,569,刀剑神域Alicization动画的后半部分，围绕异界战争展开
voltron_(series),3,voltron|战神金刚之宇宙保卫战|百兽王,战神金刚,569,美国将《百兽王》与《机甲舰队》两部日漫剪辑合成的机器人动画，1980年代播出
fatal_frame:_maiden_of_black_water,3,fatal_frame_5,零 ～濡鸦之巫女～,567,《零》系列作品《零 ～濡鸦之巫女～》
fate/extella_link,3,Fate/EXTELLA Link|fate/extella-link,Fate/EXTELLA LINK,567,《Fate/EXTELLA》的续作动作游戏
kono_subarashii_sekai_ni_shukufuku_wo!_kono_yokubukai_game_ni_shinpan_o!,3,,为美好的世界献上祝福！为深爱这游戏献上审判!,567,改编自《为美好的世界献上祝福！》的视觉小说游戏，2017年登陆PS4与PSV
liver_city,3,LiverCity Inc.|emori_miku_project|livercity,Liver City,567,日本公司LiverCity，从事插画制作与IP运营，推出絵守未來企划
romancing_saga_2,3,浪漫沙加2 七英雄的复仇|浪漫沙加II,浪漫沙加2,567,1993年超级任天堂的沙加系列角色扮演游戏，2024年推出重制版
final_fantasy_iii,3,FF3|FFIII|ff3|ffiii|最终幻想3,最终幻想III,566,《最终幻想》系列第三作，1990年4月登陆FC
sakura_taisen_iii,3,樱花大战III|櫻花大戰3,樱花大战3,566,樱花大战系列第三作，首次加入巴黎花组
ten_desires,3,东方神霊庙,东方神灵庙,566,东方Project第13部正作，2011年发售的弹幕射击游戏
gensou_suikoden_v,3,幻想水浒传5|幻想水滸伝V,幻想水浒传V,565,系列第五作，舞台为法莲娜女王国的正统 RPG
pizza_hut,3,,必胜客,565,1958年由卡尼兄弟创立的美国披萨连锁餐厅品牌
snow_white_and_the_seven_dwarfs_(disney),3,snow_white_and_the_seven_dwarfs|白雪公主|白雪公主和七个小矮人,白雪公主与七个小矮人,565,迪士尼1937年的动画电影，改编自格林童话，为首部动画长片
dumbbell_nan_kilo_moteru?,3,哑铃，能举多少公斤？,流汗吧！健身少女,564,Sandrovich Yabako原作、MAAM作画的健身喜剧漫画，2019年动画化
atelier_rorona,3,atelierrorona|罗洛娜的工作室|罗罗娜的工作室,罗罗娜的炼金工房,563,《炼金工房》系列第11作，亚兰德四部曲的第一部
demonbane,3,斩魔大圣|斩魔大圣Demonbane,机神咆哮,563,Nitroplus出品的机战与克苏鲁神话题材作品系列
nexon,3,,Nexon,563,韩国的在线游戏开发与发行公司，长期以韩国与亚洲市场为主
hades_2,3,Hades II|黑帝斯2,哈迪斯2,562,《哈迪斯》的续作，以墨利诺厄为主角，2022年公布的动作roguelite游戏
yu-gi-oh!_sevens,3,yugioh_sevens|游☆戏☆王SEVENS|游戏王7,游戏王SEVENS,562,《游戏王》动画第七作，以面向低龄玩家的超速决斗为核心
four_goddesses_online:_cyber_dimension_neptune,3,cyber_dimension_netpune|cyberdimension_neptunia:_4_goddesses_online|yon_megami_online:_cyber_dimension_neptune|四女神Online 网络次元海王星|网络次元海王星,四女神Online,561,海王星系列的外传动作 RPG，四名女神在虚拟世界冒险，PS4平台
the_shining,3,鬼店,闪灵,561,斯坦利·库布里克执导、改编自斯蒂芬·金小说的1980年恐怖电影
akebi-chan_no_serafuku,3,akebi's_sailor_uniform|明日酱的水手服,明日同学的水手服,560,博创作的漫画，描写明日小路在女子中学的日常，2022年改编为动画
kantai_collection_(anime),3,KanColle|舰娘|舰队收藏,舰队Collection（动画）,560,改编自《舰队Collection》的多部动画作品
yumekui_merry,3,dream_eater_merry|梦喰いメリー|食梦者玛丽,食梦者玛莉,560,牛木义隆的漫画，2008至2020年连载，2011年播出动画
zoids_genesis,3,機獸創世紀,机兽创世纪,560,《ZOIDS》系列动画《ゾイドジェネシス》，台译机兽创世纪
makai_senki_disgaea_3,3,disgaea_3|迪斯盖亚3|魔界戦記ディスガイア3,魔界战记3,559,日本一软件的战略角色扮演游戏《魔界战记》系列第三作
shoujo_ramune,3,少女弹珠汽水|少女波子汽水,小女ラムネ,559,Tanuki Soft的成人向视觉小说，2016年起改编为成人动画
sword_art_online_alternative:_gun_gale_online,3,GGO|刀剑神域外传GGO,刀剑神域外传 Gun Gale Online,558,时雨泽惠一执笔、黑星红白插画的刀剑神域外传轻小说，2018年改编动画
big_hero_6,3,bighero6|大英雄天团,超能陆战队,557,迪士尼改编自漫威的3D动画电影，主角为少年宏与机器人Baymax
fushigi_na_neko_no_machi_meltier,3,猫メル,ふしぎな猫のまちメルティア,556,以猫拟人角色生活的城市梅尔提亚为舞台的作品
medium5,3,MEDIUM5,五维介质,556,中文歌声合成声库品牌，推出星尘等虚拟歌手
ukagaka,3,UkaGaka,伺か,556,日本的桌面宠物程序，可在电脑桌面上显示拟人化角色
wild_arms_1,3,wild_arms|wild_arms_alter_code_f|wildarms|荒野兵器1,荒野兵器,556,《荒野兵器》系列首作，1997年发售，并有重制版Alter Code F
ima_sugu_rinne_(vocaloid),3,,即刻轮回,555,なきそ创作、初音未来演唱的VOCALOID歌曲
pixiv_fantasia_new_world,3,PFNW,Pixiv Fantasia New World,555,2013年3月至6月举办的Pixiv Fantasia企划，题为新世界
gundam_perfect_file,3,高达完美档案,高达完美档案,554,DeAgostini自2011年起发行的高达系列图文设定资料集
muv-luv_girls_garden,3,,Muv-Luv Girls Garden,554,DMM平台的Muv-Luv系列网页游戏
otome_game_no_hametsu_flag_shika_nai_akuyaku_reijou_ni_tensei_shite_shimatta,3,hamefura|my_next_life_as_a_villainess:_all_routes_lead_to_doom!|乙女游戏世界的毁灭Flag|恶役千金|转生恶役只好拔除破灭旗标,转生成为了只有乙女游戏破灭Flag的邪恶大小姐,554,讲述转生为乙女游戏恶役千金、为回避破灭结局而奋斗的轻小说及动画
go!_go!_gris!,3,gogogris,Go! Go! Gris!,553,Vertigris 创作的喜剧漫画，描绘其原创角色在兽之都的日常
pokemon_champions,3,,宝可梦 Champions,553,宝可梦对战专用游戏，将系列竞技对战独立成作
arc_the_lad_ii,3,亚克传承2|阿卡迪亚2,亚克传说2,552,《亚克传说》系列第二作
xinyue_tongxing,3,xinyuetongxing,新月同行,552,Firewick开发的都市超自然题材回合制策略手游
chain_paradox,3,,Chain Paradox,551,Tommy Walker的PBW与桌游作品，为该社第七部作品
hololive_dreams,3,,hololive Dreams,551,hololive的官方手机节奏游戏，2026年7月上线
hori-san_to_miyamura-kun,3,horimiya|堀桑与宫村君,堀与宫村,551,HERO的四格漫画，讲述堀与宫村的校园恋爱
luminous_witches,3,光魔女|连盟空军航空魔法音乐队,联盟空军航空魔法音乐队Luminous Witches,551,《强袭魔女》系列的外传动画，以航空魔法音乐队为主题
my_adventures_with_superman,3,myadventureswithsuperman,我与超人的冒险,551,2023年播出的超人动画剧集，聚焦克拉克的青年时期
kim_possible_(series),3,kim_possible|kimpossible,麻辣女孩,550,迪士尼的动画系列，讲述高中生金·可能一边上学一边打击犯罪
kore_wa_zombie_desu_ka?,3,is_this_a_zombie|kore_wa_zombie_desu_ka|korezom|这样算是僵尸吗？,这个是僵尸吗？,549,木村心一创作的轻小说，讲述变成僵尸的少年的后宫喜剧，2011年改编动画
sengoku_rance,3,战国RANCE|战国Rance,战国兰斯,549,AliceSoft2006年推出的战略恋爱模拟游戏，为兰斯系列第七作
bokujou_monogatari,3,Story of Seasons|harvest_moon_1|story_of_seasons,牧场物语,548,经营农场的模拟游戏系列，玩家继承荒废农场并重建小镇
school_girl_strikers,3,スクールガールストライカーズ|校园少女强袭,校园女生强袭者,548,史克威尔艾尼克斯2014年推出的手机游戏，后更名并结束运营
final_fantasy_i,3,FF1|FFI|ff1|ffi|最终幻想1,最终幻想（初代）,546,《最终幻想》系列首作，1987年12月登陆FC
read_or_die,3,R.O.D,读或死（小说）,546,仓田英之的轻小说系列，2000年起由集英社出版
suna_no_wakusei_(vocaloid),3,dune_(vocaloid)|sand_planet_(vocaloid)|沙之行星|砂之惑星,砂之行星,546,ハチ使用初音未来制作的 Vocaloid 歌曲，为 Magical Mirai 2017 主题曲
yu-gi-oh!_go_rush!!,3,游☆戏☆王GO RUSH!!,游戏王GO RUSH!!,546,《游戏王》动画第八作，是《SEVENS》的续作，以超速决斗为主题
forbidden_scrollery,3,东方茨歌仙 ~ Forbidden Scrollery,东方铃奈庵,545,ZUN 原作、春河萌作画的东方Project漫画，以铃奈庵为舞台的妖怪故事
the_lord_of_the_rings,3,lordoftherings|指环王与魔戒|魔戒,指环王,545,托尔金创作的奇幻小说，为霍比特人的续作，属其神话体系
the_simpsons,3,辛普森家庭|阿森一族,辛普森一家,545,马特·格罗宁创作的美国长寿动画情景喜剧，1989年首播，讽刺美国生活
kamen_rider_kuuga_(series),3,幪面超人古迦,假面骑士空我,544,平成假面骑士第1作，2000年播出
senran_kagura_estival_versus,3,闪乱神乐EV,闪乱神乐 少女们的选择,544,闪乱神乐系列第七作，2015年发行的动作游戏
age_of_ishtaria,3,伊斯塔利亚年代记,伊丝塔利亚年代记,543,PARADE开发的手机游戏，以卡片战斗为核心
light_and_night_love,3,,光与夜之恋,543,腾讯的时尚题材女性向恋爱手游，2021年在中国开启测试
pukey_goddess_shot_trick,3,drunken_goddess_reflux,Pukey Goddess Shot Trick,543,odyk负责美术的roguelike饮酒游戏，与病娇恶魔玩喝酒轮盘
mechanical_buddy_universe,3,,Mechanical Buddy Universe,542,加藤拓弐创作的废土科幻原创企划，多以人类与机器人搭档为主角
voltron:_legendary_defender,3,voltron|圣战士：传奇守护者|战神金刚,战神金刚：传奇守护者,541,2016年Netflix推出的《战神金刚》重启动画，改编自《百兽王》
tenkuu_no_shiro_laputa,3,castle_in_the_sky|laputa|laputa:_castle_in_the_sky|laputa_castle_in_the_sky|天空之城拉普达,天空之城,540,宫崎骏执导、吉卜力制作的1986年动画电影，讲述少年与飞行石少女的冒险
kyu-kurarin_(cevio),3,Kyu-Kurarin,きゅうくらりん,539,いよわ创作、KAFU演唱的歌曲，表现晕眩与焦躁的情绪
otonari_no_tenshi-sama_ni_itsu_no_mani_ka_dame_ningen_ni_sarete_ita_ken,3,the_angel_next_door_spoils_me_rotten|邻家天使大人,关于邻家的天使大人不知不觉把我惯成了废人这档子事,539,佐伯さん的恋爱喜剧轻小说，2023年改编动画，插画由はねこと负责
prism_project,3,prismproject,Prism Project,539,日本英语圈VTuber事务所，2024年3月停止运营
sugar_sugar_rune,3,,魔界女王候补生,539,安野梦洋子的魔法少女漫画，2005 年改编为 51 集动画
enjo_kouhai,3,enjou_kouhai_oshiego_wa_elf_ryuu_ningyo_jinrou,援助交配,538,たくのみ创作的同人志作品
megami_tensei,3,Megami Tensei|megaten|女神転生,女神转生,538,Atlus开发的女神转生角色扮演游戏系列，改编自数字恶魔物语小说
romeo_to_cinderella_(vocaloid),3,romeo_and_cinderella|romeo_and_cinderella_(vocaloid)|罗密欧与灰姑娘,罗密欧与辛德瑞拉,537,doriko创作的初音未来歌曲，另有同作者的应答曲
sen_no_kiseki_ii,3,sen_no_kiseki_2|trails_of_cold_steel_ii|英雄传说 闪之轨迹2|闪轨2,闪之轨迹II,537,闪之轨迹系列第二作，为英雄传说轨迹系列的一环
witchblade_(anime),3,,Witchblade（动画）,537,改编自美国同名漫画的动画，以日本为舞台且角色原创
yoake_mae_yori_ruri_iro_na,3,crescent_love|yoakena|黎明前的琉璃色,夜明前的琉璃色,536,AUGUST于2005年推出的成人恋爱游戏，并有PS2版与动画
da_capo_ii,3,D.C.II|da_capo_2|初音岛2,初音岛II,535,《初音岛》系列第二作，主角为樱内义之
listen!!,3,,Listen!!,535,《轻音少女》第二季第一首片尾曲，由放学后茶会演唱
atelier_meruru,3,梅露露的工作室,梅露露的炼金工房,534,《炼金工房》系列第13作，亚兰德四部曲的第三部
carnival_phantasm,3,Carnival Phantasm,幻想嘉年华,534,改编自Type-Moon搞笑漫画Take Moon的OVA，Fate与月姬角色同台
comiket_99,3,C99|c99|コミックマーケット99,Comic Market 99,534,Comic Market 第99届，2021年12月30-31日举办，疫情后首次线下召开
grappler_baki,3,baki_the_grappler|格斗勇者刃牙,刃牙,534,板垣惠介1991年起连载的格斗漫画，以夸张肌肉与暴力表现著称
idolmaster_shiny_colors_song_for_prism,3,偶像大师 闪耀色彩SfP,偶像大师 闪耀色彩 Song for Prism,534,闪耀色彩的节奏游戏，2023年上线
oneshot_(game),3,oneshot|oneshotgame,OneShot,534,采用打破第四面墙机制的俯视角解谜游戏，2014年首发，2016年推出更新版
ouran_high_school_host_club,3,樱兰高校男接待部,樱兰高校男公关部,534,叶鸟螺子的少女漫画，2006年改编动画，描绘贵族学校男公关部的校园喜剧
pokemon_brilliant_diamond_and_shining_pearl,3,pokemon_bdsp,宝可梦 晶灿钻石／明亮珍珠,534,第四世代钻石珍珠在Switch上的重制版，采用Q版比例的地图
voicepeak,3,,VOICEPEAK,534,Dreamtonics与AH-Software共同开发的语音合成软件，2022年发布
jahy-sama_wa_kujikenai!,3,jahy_sama_wa_kujikenai|the_great_jahy_will_not_be_defeated!|迦希大人不气馁！,贾希大人不气馁！,533,魔界第二把交椅贾希在人间界生活的搞笑漫画及动画
night_sparrow_love,3,Night Sparrow Love,夜雀之恋,533,东方Project同人漫画，描写米斯蒂娅·萝蕾拉对藤原妹红的恋情
sonic_the_hedgehog_(idw),3,idwsonic|sonicidw|索尼克|音速小子,刺猬索尼克（IDW漫画）,533,IDW出版的索尼克漫画系列，2018年起连载
fatal_frame:_mask_of_the_lunar_eclipse,3,fatal_frame_4,零 ～月蚀的假面～,532,《零》系列作品《零 ～月蚀的假面～》
isekai_maou_to_shoukan_shoujo_no_dorei_majutsu,3,how_not_to_summon_a_demon_lord|异世界魔王与召唤少女的奴隶魔法,异世界魔王与召唤少女的奴隶魔术,531,紫雪夜原作、鹤崎贵大插画的异世界后宫轻小说，2018与2021年两度动画化
the_lego_group,3,lego|乐高集团,乐高,531,丹麦玩具公司，以可拼装的乐高积木闻名
7th_dragon_2020,3,セブンスドラゴン2020,第七龙神2020,530,第七龙神系列外传，2011年登陆PSP，初音未来参与联动
tales_of_destiny_2,3,命运传奇2,宿命传说2,530,传说系列第四部母舰作品，登陆PS2与PSP，未在欧美发行
a_channel,3,,A频道,529,黑田bb的四格漫画，2011年由Studio五组改编为动画
boruto:_two_blue_vortex,3,borutotwobluevortex|双蓝漩涡,博人传 双蓝漩涡,529,博人传的续篇漫画，主要角色以成年姿态登场
limelight_lemonade_jam,3,,ライムライト・レモネードジャム,529,Yuzusoft于2025年9月发售的视觉小说
slay_the_spire_2,3,,杀戮尖塔2,529,杀戮尖塔的续作，由MegaCrit开发的卡牌构筑游戏
yani_neko,3,,ヤニねこ,529,ニャンニャン工房的漫画，讲述尼古丁中毒少女的日常
bunny_garden,3,Bunny Garden|バニーガーデン,兔兔秘密花园,528,Qureate开发的陪酒俱乐部题材恋爱模拟游戏
doukyuusei,3,同級生,同级生,527,ELF开发的恋爱养成游戏，1992年首发，后有重制版
kotobukiya_bishoujo,3,Kotobukiya Bishoujo,寿屋美少女系列,527,寿屋的手办系列，将欧美流行文化角色美少女化，角色设计为山下俊也
kuroinu_~kedakaki_seijo_wa_hakudaku_ni_somaru~,3,黑兽 高傲的圣女被白浊玷污,黑兽,527,Liquid 出品的成人向视觉小说，2010年发售，2012年改编为四集OVA
mario_tennis,3,mariotennis|马力欧网球,马力欧网球,527,马力欧系列的网球运动游戏子系列
sunken_fossil_world,3,touhou_gouyoku_ibun|东方刚欲异闻 ~ 沉没化石世界,东方刚欲异闻,527,东方 Project 第 17.5 作，黄昏边境与上海爱丽丝幻乐团合作的横版水战弹幕游戏
yuusha_ou_gaogaigar,3,brave_king_gaogaigar|king_of_braves_gaogaigar|the_king_of_braves_gaogaigar|勇者王,勇者王GAOGAIGAR,527,勇者系列第8作，1997年播出，与《Betterman》共享世界观
choujigen_game_neptune_mk2,3,hyperdimension_neptunia_mk2|超次元战记 战机少女mk2|超次元游戏 海王星II,超次元游戏 海王星mk2,526,《海王星》系列第二作，2010年登陆 PS3，延续主机拟人化的世界观
danna_ga_nani_wo_itte_iru_ka_wakaranai_ken,3,i_can't_understand_what_my_husband_is_saying|完全听不懂老公在说什么,关于完全听不懂老公在说什么的事,526,Cool教信者的四格漫画，讲述宅男丈夫与普通妻子的日常
.hack//g.u.,3,.hack//G.U.|创世纪传说G.U.,黑客时空G.U.,525,黑客时空系列第二部三部曲，含Rebirth等三作，2017年推出重制版
kamen_rider_fourze_(series),3,假面骑士卌骑|幪面超人Fourze,假面骑士Fourze,525,平成假面骑士第13作，纪念系列40周年
netsu_ijou_(utau),3,heat_abnormal_(utau)|热度异常|熱異常,热异常,525,iyowa创作的歌曲，由足立レイ与初音未来演唱，PV围绕文明消逝后的独白展开
crash_bandicoot_(series),3,crash_(series)|crashbandicoot|袋狼大进击,古惑狼,524,Naughty Dog 为 PlayStation 打造的动作游戏系列，主角为变异袋狸
medaka_box,3,最强学生会长黑神,最强会长黑神,524,西尾维新原作、晓月あきら作画的漫画，2012年被改编为动画
monsters_raid,3,,怪物突袭,524,以怪物收集与对战为主题的游戏或动画作品
dies_irae,3,diesirae|神怒之日,Dies irae,523,Light制作的2007年成人视觉小说，2017年改编动画
no_i'm_not_a_human,3,,不，我不是人类,523,2025年推出的生存恐怖游戏，白天酷热无法出行，玩家在夜晚避难所接待访客
super_heroine_boy,3,超级女主角男孩,Super Heroine Boy,521,parari 创作的漫画，讲述不良少年沉迷魔法少女动画的故事
girls_und_panzer_saishuushou,3,girls_und_panzer_das_finale|少女与战车Das Finale|少女战车 最终章,少女与战车 最终章,520,《少女与战车》的六部剧场版最终章系列
rance_x,3,Rance X|rance_10|ランス10,兰斯10 决战,520,《兰斯》系列的完结作，系列第10部
blue_oath,3,Blue Oath|蒼藍誓約,苍蓝誓约,519,以舰船拟人少女为主题的中国手机游戏
crazy_raccoon,3,crazyraccoon,Crazy Raccoon,519,日本电子竞技战队，主要参与《堡垒之夜》《Apex 英雄》《Valorant》
friday_the_13th,3,Friday the 13th|十三號星期五,十三号星期五,519,美国恐怖电影系列，围绕戴面具的连环杀手杰森展开
mahoutsukai_linn_no_shiawase_na_kekkon,3,,魔法使いリンの幸せな結婚,519,魔法使题材的日本作品，具体出处与设定不详
omamori_himari,3,おまもりひまり,守护猫娘绯鞠,519,的良みらん的漫画，讲述少年与猫妖武士少女绯鞠的妖怪战斗故事
working_girls_weekly,3,,Working Girls Weekly,518,studionice2011创作的职场题材漫画
fallout:_new_vegas,3,fallout:newvegas|fallout_new_vegas|fallout_new_vegas_dead_money|異塵餘生：新維加斯,辐射：新维加斯,517,Obsidian开发、Bethesda发行的2010年动作RPG，系列第四部主线作
kanan-sama_wa_akumade_choroi,3,Kanan-sama wa Akumade Choroi|kanan_choroi|mistress_kanan_is_devilishly_easy,カナン様はあくまでチョロい,517,nonco的恋爱喜剧漫画，连载于《周刊少年Magazine》
valkyrie_drive_-mermaid-,3,Valkyrie Drive -Mermaid-,女武神驱动 美人鱼,517,《女武神驱动》企划的电视动画篇
after_war_gundam_x,3,After War Gundam X|kidou_shinseiki_gundam_x|機動新世紀鋼彈X,机动新世纪高达X,516,高达系列第三部非宇宙世纪作品，共39集，舞台为战后地球
dragon_quest_dai_no_daibouken,3,神龙之谜|达伊的大冒险,勇者斗恶龙 达伊的大冒险,516,以勇者斗恶龙3为背景的漫画与动画，主角为达伊
walt_disney's_peter_pan,3,peter_pan_(disney)|小飛俠|彼得潘,小飞侠,516,迪士尼改编的彼得潘动画电影，2004年推出续集《小飞侠重返梦幻岛》
alternative_girls,3,オルタナティブガールズ,Alternative Girls,515,CyberAgent发行的手机抽卡游戏，玩家训练少女对抗夜兽
danmachi_memoria_freese,3,Memoria Freese|danmachimemoria|ダンまち メモリア・フレーゼ|地错记忆憧憬,在地下城寻求邂逅是否搞错了什么 记忆憧憬,515,《地错》改编的手机抽卡游戏，以回顾原作剧情为特色
soulcalibur_iv,3,SoulCalibur IV|soul_calibur_iv|刀魂4|剑魂4,灵魂能力4,515,《灵魂能力》系列作品，2008 年登陆 PS3 与 Xbox 360，含星战客串角色
phoenix_wright:_ace_attorney_-_trials_and_tribulations,3,Gyakuten Saiban 3|ace_attorney_3|gyakuten_saiban_3|逆转裁判：审判与磨难,逆转裁判3,514,系列第三作，围绕成步堂与绫里千寻的过去展开的法庭推理游戏
devil_survivor_2,3,Devil Survivor 2|デビルサバイバー2,恶魔幸存者2,513,2011年发售的任天堂DS策略角色扮演游戏
tales_weaver,3,TalesWeaver|天翼之鍊,天翼之链,513,Nexon运营的韩国MMORPG，改编自小说《符文之子》，与传说系列无关
macross:_do_you_remember_love?,3,Macross: Do You Remember Love?|macross_dyrl|可曾记得爱|超時空要塞：愛・おぼえていますか,超时空要塞：可曾记得爱,512,1984年上映的《超时空要塞》剧场版动画，重制电视版故事
monster_musume_td,3,Monmusu TD|monmusu_td|モンスター娘TD,魔物娘TD,512,DMM发行的魔物娘塔防抽卡游戏，2022年上线
top_wo_nerae_2!,3,DieBuster|diebuster|gunbuster2|gunbuster_2|top_o_nerae_2|top_wo_nerae!_2|top_wo_nerae_2|トップをねらえ2!|飞越颠峰2,飞跃巅峰2,512,Gainax2004至2006年推出的《飞跃巅峰！》续篇OVA，英文名Diebuster
16personalities,3,16Personalities|16p,16型人格,511,基于迈尔斯-布里格斯类型指标的在线人格测试网站，其配色形象常被用于角色创作
disgaea_rpg,3,Disgaea RPG|魔界戦記ディスガイアRPG,魔界战记RPG,511,魔界战记系列的手机角色扮演游戏
meridian_project,3,Meridian Project|子午计划,子午计划,511,台湾的虚拟主播团体
sonic_frontiers,3,Sonic Frontiers|sonicfrontiers|音速小子 未知边境,索尼克 未知边境,511,2022年发售的开放区域动作游戏，舞台为星陨群岛
warframe,3,Warframe|战甲神兵,星际战甲,511,Digital Extremes开发的免费多人合作第三人称射击游戏
gundam_msv,3,MSV|msv|鋼彈MSV,高达MSV,510,高达系列的机体设定企划，为动画外未登场的机体与驾驶员做补充
hamidashi_creative,3,Hamidashi Creative|ハミクリ,ハミダシクリエイティブ,510,Madosoft的成人向视觉小说，以校园与创作社团为题材
initial_d,3,Initial D,头文字D,510,重野秀一的赛车漫画，以山路漂移竞速为题材
kirara_fantasia,3,Kirara Fantasia|きららファンタジア,闪耀幻想曲,510,芳文社的跨界奇幻RPG手游，集结《Manga Time Kirara》各杂志的角色
american_mcgee's_alice,3,American McGee's Alice|愛麗絲驚魂記,爱丽丝梦游魔境,509,以爱丽丝梦游仙境为背景的第三人称动作游戏，由American McGee设计
grand_theft_auto_vi,3,GTA VI|GTA6|横行霸道VI,侠盗猎车手VI,509,Rockstar Games正在开发的系列最新作，犯罪题材开放世界动作游戏
kamen_rider_(1st_series),3,初代假面骑士|幪面超人,假面骑士（初代）,509,1971年开播的初代《假面骑士》电视特摄
one_piece_treasure_cruise,3,ONE PIECE トレジャークルーズ|海贼王 寻宝之旅,航海王 秘宝巡航,509,万代南梦宫的手机游戏，以《航海王》角色组队冒险
houshin_engi,3,仙界伝 封神演義|封神演義,封神演义,508,藤崎龙改编自中国明代小说的漫画，1999年与2018年动画化
tower_of_god,3,Tower of God|신의 탑,神之塔,507,韩国漫画家SIU创作的网络漫画，少年夜为追寻少女登上塔
hitsugi_no_chaika,3,Chaika: The Coffin Princess|chaika:_the_coffin_princess|棺姫のチャイカ,棺姬嘉依卡,506,榊一郎的轻小说，2014年由BONES改编为动画
miru_tights,3,Miru Tights|みるタイツ,丝袜视界,506,基于読む原创角色的网络短篇动画，以丝袜为主题
satsuriku_no_tenshi,3,Angels of Death|angels_of_death|殺戮の天使,杀戮的天使,506,真田まこと用RPG Maker制作的免费游戏，2018年动画化
kamen_rider_ex-aid_(series),3,仮面ライダーエグゼイド|幪面超人EX-AID,假面骑士Ex-Aid,505,平成假面骑士第18作，以游戏为主题
zettai_karen_children,3,Psychic Squad|psychic_squad|絶対可憐チルドレン|绝对可怜小孩,绝对可怜Children,505,椎名高志的漫画，2008年由SynergySP改编为动画
fatal_fury:_city_of_the_wolves,3,Fatal Fury: City of the Wolves|fatalfurycotw|饿狼传说 群狼之城,饿狼传说 City of the Wolves,504,《饿狼传说》系列第10部作品，2025年4月发售
kuso_miso_technique,3,くそみそテクニック,粪味噌技术,504,山川纯一的同性搞笑漫画，1987年发表，以名台词「やらないか」闻名
sasayaku_you_ni_koi_wo_utau,3,Sasakoi|Whisper Me a Love Song|sasakoi|whisper_me_a_love_song|ささやくように恋をうたう,恋语轻唱,504,竹嶋えく的百合漫画，2024年改编为动画
sengoku_collection,3,戦国コレクション,战国Collection,504,科乐美2010年起在Mobage推出的战国武将少女题材社交游戏
terminator_(series),3,terminator|未来战士|魔鬼终结者,终结者,504,美国科幻电影系列，讲述人工智能天网与人类幸存者的战争及时间旅行
pixiv_fantasia_3,3,,Pixiv Fantasia 3,503,Pixiv Fantasia第三届企划，讲述三角洲三大势力间的战争
drifters,3,ドリフターズ|漂浪者,漂流武士,502,平野耕太创作的漫画，讲述历史武将穿越到异世界
shukusei!!_loli-kami_requiem,3,Shukusei!! Loli-Kami Requiem|shukusei!!_loli-gami_requiem|ロリ神レクイエム|粛聖!! ロリ神レクイエム☆,肃圣！！萝莉神镇魂曲,502,时雨羽衣的原创歌曲，IOSYS参与制作，MV在2023年走红
sleeping_beauty_(disney),3,睡公主,睡美人（迪士尼）,502,迪士尼1959年的动画电影，改编自睡美人童话，反派为黑魔女
vinland_saga,3,Vinland Saga|ヴィンランド・サガ|文兰传奇,冰海战记,502,幸村诚的历史漫画，以维京人托尔芬的复仇与远征为故事，2019年动画化
yappari_chinchirando,3,,ヤッパリチンチランド,502,bkub创作的漫画，以一只发情的蓝色龙猫为主角
reverseblue_x_re-birthend,3,,ReverseBlue×Re-birthEnd,501,Happy Elements推出的手机游戏
beauty_and_the_beast_(disney),3,Beauty and the Beast|beautyandthebeast,美女与野兽,500,迪士尼1991年的动画电影，改编自法国同名童话
mushishi,3,Mushishi|蟲師,虫师,500,漆原友纪的漫画，讲述虫师银古游历解决虫引起的事件
musuko_ga_kawaikute_shikatanai_mazoku_no_hahaoya,3,"Demon Mother: My Son is so Cute, I Just Can't Help Myself!|まぞ母",息子がかわいくて仕方ない魔族の母親,500,じゅごや的漫画，讲述魔族母亲与儿子的日常，简称まぞ母
ninja_slayer,3,Ninja Slayer|ninjaslayer|ニンジャスレイヤー,忍者杀手,500,2010年起在Twitter连载的赛博朋克忍者小说，衍生多部漫画，2015年由TRIGGER改编动画
love_and_producer,3,Love and Producer|koi_to_producer:_evol_x_love|mr._love:_queen's_choice|恋与製作人,恋与制作人,499,Paper Games开发的女性向恋爱手游，2017年上线，并有动画改编
project_diva_2nd,3,Project DIVA 2nd|初音ミク Project DIVA 2nd|歌姬计划2,初音未来 歌姬计划2nd,499,歌姬计划系列第2作，其他Vocaloid角色的曲目比重增加
star_ocean:_the_last_hope,3,Star Ocean: The Last Hope|star_ocean_4|star_ocean_the_last_hope|星之海洋4 最后的希望|星海遊俠4,星之海洋4,499,《星之海洋》系列第四作，2008 年登陆 Xbox 360、2010 年登陆 PS3
titanfall_(series),3,泰坦天降|神兵泰坦,泰坦陨落,499,Respawn开发、EA发行的机甲射击游戏系列，含两部正传与手机外传
catherine_(game),3,Catherine|凱薩琳,凯瑟琳,498,Atlus 2011年推出的恋爱恐怖解谜游戏，副岛成记负责角色设计
fire_emblem:_shadow_dragon,3,Fire Emblem: Shadow Dragon|fire_emblem:_shin_ankoku_ryuu_to_hikari_no_tsurugi|火焰之纹章 新·暗黑龙与光之剑,火焰之纹章：暗黑龙与光之剑,498,《暗黑龙与光之剑》的NDS重制版，2008年发售
hitozuma_sentai_aisaiger,3,,人妻戦隊アイサイガー,498,DISCOVERY的成人游戏，以人妻与战队为题材
rhythm_tengoku,3,Rhythm Heaven|rhythm_heaven|節奏天國,节奏天国,498,任天堂的节奏游戏系列，以配合音乐按下按键为核心玩法
kimetsu_gakuen,3,キメツ学園|鬼滅学園,鬼灭学园,497,《鬼灭之刃》的官方衍生平行世界，角色以现代学校师生身份登场
"mogyutto_""love""_de_sekkin_chuu!",3,"Mogyutto ""Love"" de Sekkin Chuu!","もぎゅっと""love""で接近中!",497,动画Love Live!中μ's的歌曲，服装以女仆装为主题
prison_school,3,Prison School|kangoku_gakuen|監獄学園,监狱学园,497,平本彰的校园搞笑漫画，以男子禁制学园为舞台
baccano!,3,Baccano!|baccano|バッカーノ!,永生之酒,496,成田良悟的群像轻小说，以不死之酒串联1930年代的美国故事
dr._slump,3,Dr. Slump|IQ博士|dr.slump|dr_slump|drslump|怪博士与机器娃娃,阿拉蕾,495,鸟山明创作的搞笑漫画，主角为则卷阿拉蕾与则卷千兵卫
dragon_quest_i,3,Dragon Quest I|dragon_quest_1|ドラゴンクエスト|勇者斗恶龙1,勇者斗恶龙I,495,1986年发售的勇者斗恶龙系列首作，奠定日式角色扮演基础
yuzusoft,3,yuzu-soft,柚子社,495,日本成人视觉小说开发公司，代表作有《千恋万花》等
da_capo_i,3,D.C. ～ダ・カーポ～|初音島,初音岛（初代）,494,《初音岛》系列首作，2002年发行的恋爱冒险游戏
gendai_ninjakko_zukan,3,Modern Ninja Girls Collection,現代忍者っ子図鑑,494,幸野光创作的原创系列，描绘现代忍者少女们的角色图鉴
yumemi_ga_cheek!,3,,Yumemi ga Cheek!,494,青春校园题材的漫画作品
foul_detective_satori,3,Cheating Detective Satori|cheating_detective_satori|hansoku_tantei_satori|反則探偵さとり|東方智霊奇伝,东方智灵奇传 犯规侦探沙都里,493,ZUN 原作、在 Comic Walker 连载的东方Project漫画，古明地觉担任侦探
monsterverse,3,MonsterVerse|怪獸宇宙,怪兽宇宙,492,传奇影业与东宝合作的怪兽电影宇宙，以哥斯拉与金刚为主
castlevania:_portrait_of_ruin,3,castlevaniaportraitofruin|portraitofruin|恶魔城：迷宫回廊|悪魔城ドラキュラ ギャラリー・オブ・ラビリンス,恶魔城：废墟的肖像,491,NDS平台的恶魔城作品，日文副题意为画廊迷宫
food_fantasy,3,Food Fantasy|foodfantasy|gourmet_kizuna|tasty_saga,食物语,491,以中华美食拟人化角色为主的手机 RPG，玩家收集食魂进行冒险
mahou_senki_lyrical_nanoha_force,3,mahou_shoujo_lyrical_nanoha_force|魔法戦記リリカルなのはForce,魔法战记奈叶Force,491,《魔法少女奈叶》的漫画外传，故事发生在StrikerS之后
clover_theater,3,Clover Theater|クローバーシアター,四叶草剧场,490,以四叶草剧场为舞台的手机游戏，角色多为拟人化少女
duffy_and_friends,3,Duffy and Friends|达菲熊,达菲和朋友们,490,东京迪士尼乐园为主的迪士尼角色组合，成员包括达菲、雪莉玫等
mahou_shoujo_lyrical_nanoha_the_movie_2nd_a's,3,魔法少女リリカルなのは The MOVIE 2nd A's|魔法少女奈叶剧场版A's,魔法少女奈叶 The MOVIE 2nd A's,490,奈叶系列剧场版第二部，重制A's篇的剧情
reitaisai_10_contest,3,,例大祭10插画比赛,490,博丽神社例大祭第10届举办的插画比赛企划
idolmaster_poplinks,3,THE iDOLM@STER POP LINKS|アイドルマスター ポップリンクス,偶像大师 POP LINKS,488,集合多个分支偶像的偶像大师益智游戏
nier_reincarnation,3,NieR Re[in]carnation|ニーア リィンカーネーション,尼尔：重生,488,Square Enix的手机游戏，2021年上线，2024年4月结束运营
umamusume:_road_to_the_top,3,road_to_the_top|ウマ娘 Road to the Top,赛马娘 Road to the Top,488,以成田路为主角的《赛马娘》网络动画
animage,3,アニメージュ,Animage,487,日本月刊动画杂志，1978年创刊，常附赠海报
cu-no,3,,CU-NO,487,Hisen Kaede 创作的原创网络漫画
hololive_official_card_game,3,,hololive OFFICIAL CARD GAME,487,与武士道合作的hololive集换式卡牌游戏，2024年发售
legend_clover,3,Legend Clover|れじぇくろ,レジェンドクローバー,487,DMM的2021年美少女扭蛋游戏，并有全年龄版本，简称れじぇくろ
fear_&_hunger_1,3,Fear & Hunger|fear_and_hunger|fearandhunger|恐饥,恐惧与饥饿（初代）,486,Miro Haverinen制作的独立生存恐怖地下城RPG，舞台为隆登王国
gyakushuu_no_fantasica,3,,逆襲のファンタジカ,486,2012年推出的手机游戏，以幻想世界为舞台的角色扮演作品
kemurikusa,3,Kemurikusa|ケムリクサ,烟草,486,irodori 制作、达纪执导的原创动画，2019年播出，以红虫与少女的世界为舞台
rune_factory_3,3,Rune Factory 3|ルーンファクトリー3|符文工厂3,符文工房3,486,符文工厂系列第三作，Neverland开发的角色扮演模拟游戏
kanpani_girls,3,Kanpani Girls,かんぱに☆ガールズ,485,DMM的MMORPG，以大量女性角色为特色
star_driver,3,STAR DRIVER 輝きのタクト|Star Driver|stardriver|闪亮的塔科特,STAR DRIVER 闪亮的塔科特,485,BONES 制作的 2010 年机甲动画，讲述少年驾驶机器人战斗
atelier_yumia,3,Atelier Yumia|atelieryumia|ユミアのアトリエ|優米雅的鍊金工房,优米雅的炼金工房,484,《炼金工房》系列第26作，2025年发售
dorei_to_no_seikatsu_~teaching_feeling~,3,Teaching Feeling|teaching_feeling|teachingfeeling|奴隷との生活,与奴隶的生活,484,FreakilyCharming制作的成人游戏，围绕少女Aurelia的养成
hercules_(1997_movie),3,Hercules|hercules_(disney)|海格力斯,大力士（迪士尼动画）,484,迪士尼1997年上映的动画电影，改编自希腊神话中的海格力斯
koe_no_katachi,3,A Silent Voice|a_silent_voice|聲之形,声之形,484,大今良时创作的漫画，讲述听觉障碍少女与曾经霸凌她的少年，2016年剧场版动画
mirai_akari_project,3,Mirai Akari project|ミライアカリ,未来明,484,虚拟YouTuber未来明及其相关企划
production_kawaii,3,kawaiiofficial5|productionkawaii|プロダクションkawaii,Production Kawaii,484,日本英语圈VTuber事务所，2024年11月停止运营
xenoblade_chronicles_2:_torna_-_the_golden_country,3,Xenoblade Chronicles 2: Torna - The Golden Country|xenoblade_2:_ogon_no_kuri_ira|xenoblade_2:_ougon_no_kuni_iira|ゼノブレイド2 黄金の国イーラ|黄金之国伊拉,异度神剑2：黄金之国伊拉,484,《异度神剑2》的前传DLC，讲述500年前的圣杯战争
boku_dake_ga_inai_machi,3,Erased|erased_(series)|僕だけがいない街,只有我不存在的城市,483,三部けい的时空穿越漫画，讲述男子回到小学时代阻止连环案件
jubilee_2025,3,Jubilee 2025|禧年2025,2025禧年,483,天主教2025年禧年，官方吉祥物为Luce
maison_ikkoku,3,Maison Ikkoku|めぞん一刻|一刻公寓,相聚一刻,483,高桥留美子的爱情漫画，描绘一刻馆公寓中的日常与人际关系
our_life,3,Our Life: Beginnings & Always|ourlife,我们的人生,483,GB Patch Games的视觉小说系列，以成长与日常为主题
murder_drones,3,Murder Drones|murderdrones|murderdronesfanart|杀人无人机,无机杀手,482,Glitch Productions的科幻喜剧恐怖网络动画，主角为人形机器人
.flow,3,dotflow,.flow,481,作者lol制作的梦日记同人探索游戏，以阴郁氛围与身体恐怖著称
wild_arms_3,3,Wild Arms 3|荒野兵器III,荒野兵器3,481,《荒野兵器》系列第3作，又称Advanced 3rd
everlasting_summer,3,Everlasting Summer|永远的夏天,永恒之夏,479,俄罗斯免费视觉小说，以苏联少年营为舞台，融入斯拉夫动漫圈梗
voisona,3,,VoiSona,479,Techno-Speech开发的歌声合成软件，基于CeVIO AI引擎的订阅制产品
zhu_xian,3,,诛仙,479,萧鼎的仙侠小说，衍生出游戏与影视作品
iosys,3,イオシス,IOSYS,478,札幌的东方同人音乐社团，以电波曲改编闻名
katanagatari,3,Katanagatari|刀語,刀语,478,西尾维新原作、竹插画的轻小说，2010年由White Fox动画化
urara_meirochou,3,URARA 迷路帖|うらら迷路帖,URARA迷路帖,478,はりかも的漫画，讲述少女占卜师的故事，2017年改编为动画
danshi_koukousei_no_nichijou,3,Daily Lives of High School Boys|daily_lives_of_high_school_boys|nichibros|男子高中生的日常生活|男高日常,男子高中生的日常,477,山内泰延的搞笑漫画，2012年由 Sunrise 改编为动画
transformers_(live_action),3,Transformers|变形金刚真人电影,变形金刚（真人版）,477,以迈克尔·贝执导作品为核心的变形金刚真人电影系列
kannazuki_no_miko,3,Destiny of the Shrine Maiden|destiny_of_the_shrine_maiden|kannazuki|神無月の巫女,神无月的巫女,476,介错组合的百合漫画，2004年起在《少年Ace》连载
metal_gear_solid_3:_snake_eater,3,MGS3|Metal Gear Solid 3: Snake Eater|metal_gear_solid_3|潜龙谍影3 食蛇者,合金装备3 食蛇者,476,2004年发售的系列第三作，登陆PS2
otaku-kun_to_gyaru_no_koi,3,,Otaku-kun to Gyaru no Koi,476,以宅男与辣妹之间的恋爱为主题的漫画作品
the_big_o,3,,魅影巨神,476,日升制作、小中千昭编剧的1999年动画，以失去记忆的都市与巨型机器人为题材
kamen_rider_den-o_(series),3,Kamen Rider Den-O|假面騎士電王|幪面超人電王,假面骑士电王,475,平成假面骑士第8作，2007年播出
maimai_(game),3,MAIMAI|maimai|maimai_art|舞萌DX,舞萌,475,世嘉开发的触屏街机音乐游戏
citrus_(saburouta),3,Citrus|citrus|citrus ～柑橘味香气～|柑橘味香氣,柑橘味香气,474,Saburouta 的百合漫画，讲述继姐妹之间的恋爱，2018年动画化
digimon_ghost_game,3,数码暴龙：幽灵游戏|數碼寶貝：幽靈遊戲,数码宝贝：幽灵游戏,474,数码宝贝系列第10部动画，以都市传说与幽灵数码兽为主题
furyou_michi_~gang_road~,3,Gang Road|gangroad|gangroad_joker|ギャングロード|不良道 ~Gang Road~,不良道,474,日本不良题材的手机卡牌游戏，玩家组建帮派进行争斗
gake_no_ue_no_ponyo,3,Ponyo|ponyo|ponyo_on_the_cliff_by_the_sea|崖上的波兒|崖上的波妞,悬崖上的金鱼姬,474,宫崎骏执导的吉卜力动画电影，2008年上映，描绘金鱼公主波妞
gundam_f91,3,Gundam F91|機動戰士鋼彈F91|機動戰士高達F91,机动战士高达F91,474,1991年上映的高达剧场版动画，由富野由悠季编剧并执导
hitoribocchi_no_marumaru_seikatsu,3,ひとりぼっちの○○生活|一个人的OO小日子,一个人的○○小日子,474,カツヲ的四格漫画，讲述极度怕生的少女交朋友的故事
nijisanji_koshien,3,,彩虹社甲子园,474,NIJISANJI的年度游戏企划，主播们在《实况力量棒球》甲子园模式中带队对战
tensui_no_sakuna-hime,3,Sakuna: Of Rice and Ruin|sakuna|sakuna:_of_rice_and_ruin|sakuna_of_rice_and_ruin|サクナヒメ,天穗之咲稻姬,474,Edelweiss开发、Marvelous发行的动作角色扮演与种稻模拟游戏，2020年发售
lilo_&_stitch,3,Lilo & Stitch|Lilo and Stitch|lilo_and_stitch|liloandstitch|莉萝与史迪奇,星际宝贝,473,迪士尼2002年动画电影及系列，讲述女孩莉萝与外星生物史迪奇的故事
plave,3,플레이브,PLAVE,473,VLAST旗下的五人虚拟男团，2023年出道
shine_post,3,Shine Post|shinepost|シャインポスト,闪耀路标,473,Konami与Straight Edge的偶像企划，含轻小说、动画与游戏
the_nightmare_before_christmas,3,The Nightmare Before Christmas|怪诞城之夜|聖誕夜驚魂,圣诞夜惊魂,473,迪士尼出品的定格动画电影，万圣节城的南瓜王杰克绑架了圣诞老人
18trip,3,ジュウハチトリップ,18TRIP,471,以未来横滨HAMA18地区为舞台的偶像题材手机游戏
saturday_night_fever,3,Saturday Night Fever|disco_pose|周六夜狂热,周末夜狂热,471,1977年由约翰·特拉沃尔塔主演的美国迪斯科电影
warrior_cats,3,Warriors|cat_warriors|catwarriors|warriorcats|warriors|warriorscats|猫戰士|猫武士系列,猫武士,471,Erin Hunter名义创作的儿童小说系列，描写野猫族群间的争斗
wakfu,3,,Wakfu,470,法国Ankama开发的回合制战术MMORPG，为《Dofus》千年后的世界
final_gear,3,Final Gear|ファイナルギア,重装战姬,469,Flashwing开发的机甲题材全女性射击游戏，由Artery Gear演化而来
tatakau_ni_atai_suru,3,Tatakau ni Atai Suru|Worth Fighting For|tatakau_ataisuru|worth_fighting_for,戦うに値する,469,美国作者0utlier创作的独立漫画企划，角色与插画为委托制作
tetris,3,Tetris|俄羅斯方塊,俄罗斯方块,469,阿列克谢·帕基特诺夫设计的益智游戏，1984年问世
comic_aun,3,COMIC アウン|コミックアウン,Comic Aun,468,日本成人漫画月刊，封面多由深崎暮人绘制，部分原创角色被立体化
ganbare!_nakamura-kun!!,3,"Go For It, Nakamura!|ganbarenakamurakun|go_for_it_nakamura|go_for_it_nakamura!|goforitnakamura|加油！中村同学！",加油！中村君！！,468,春泥创作的BL恋爱喜剧漫画，2014年起连载，2025年宣布动画化
shirokami_project,3,Shirokami Project|白髪教団,白发教团,468,三嶋くろね发起的原创角色企划，属Pixiv Fantasia 5的参与企划
mononoke,3,Mononoke|モノノ怪|物怪,怪化猫,467,从怪Ayakashi衍生出的怪异推理动画，主角为卖药郎
star_vs_the_forces_of_evil,3,Star vs. the Forces of Evil,星蝶公主,467,迪士尼电视动画制作的 2015 年动画，讲述来自异世界的公主
virtua_fighter,3,VR快打|VR戰士|Virtua Fighter|virtuafighter,VR战士,467,世嘉的3D格斗游戏系列，为史上首款3D格斗游戏
a_song_of_ice_and_fire,3,A Song of Ice and Fire|冰與火之歌,冰与火之歌,466,乔治·R·R·马丁自1996年起创作的奇幻小说系列，权力的游戏原著
national_basketball_association,3,nba|國家籃球協會|美国职业篮球联赛,NBA,466,美国与加拿大的职业篮球最高级别联赛
seto_no_hanayome,3,My Bride Is a Mermaid|Seto no Hanayome|my_bride_is_a_mermaid|瀨戶之花嫁,濑户之花嫁,466,木村太彦的人鱼题材恋爱喜剧漫画，2007年由GONZO改编动画
uni_create,3,Liverary|uni_channel|unicreate|ゆにクリエイト|ライヴラリ,uniCreate,466,日本的VTuber事务所，2018年成立，2022年更名为Liverary
girls_und_panzer_ribbon_no_musha,3,Ribbon Warrior|girls_und_panzer_ribbon_warrior|ガールズ&パンツァー リボンの武者|少女與戰車 緞帶武士,少女与战车 缎带武士,465,《少女与战车》外传漫画，以强袭战车竞技为主题
onegai_teacher,3,Please Teacher!|please_teacher!|おねがい☆ティーチャー,拜托了老师,465,2002年播出的恋爱动画，描写学生与教师之间的秘密关系，并有小说与漫画
winx_club,3,Winx|Winx Club|winx|winxclub,魔法俏佳人,465,Rainbow与Nickelodeon出品的意大利魔法少女动画
world_of_warships,3,World of Warships|戰艦世界,战舰世界,465,Wargaming的海战题材网游，2015年正式发行
chunithm,3,CHUNITHM|Chunithm|chunithm_art,中二节奏,463,SEGA 的街机音乐游戏，以触控滑条玩法为特色
silent_hill_3,3,Silent Hill 3|沉默之丘3,寂静岭3,463,寂静岭系列第三作，主角为少女海瑟，围绕教团复活邪神的阴谋
sora_wo_kakeru_shoujo,3,The Girl Who Leapt Through Space|the_girl_who_leapt_through_space|空を駆ける少女,穿越宇宙的少女,463,少女穿越宇宙的科幻动画，讲述少女在宇宙殖民地的冒险
akemiho_tabi_nikki,3,Akemiho Tabi Nikki|Akemiho Travel Diary|akemiho_travel_diary|朱美穂旅日記,朱美穗旅日记,462,Kouno Hikaru创作的原创系列，以少女晓美穗的旅行为主题
ange_vierge,3,Ange Vierge|アンジュ・ヴィエルジュ,圣洁天使,462,以卡牌游戏为核心的多媒体企划，2016年播出动画改编
shimeji_simulation,3,Shimeji Simulation|shimejisimulation|シメジシミュレーション,蘑菇的拟态日常,462,つくみず的日常系漫画，描绘少女们悠闲的日常生活
comiket_95,3,C95|c95|コミケ95|コミックマーケット95,Comic Market 95,461,Comic Market 第95届同人志即卖会，2018年12月29-31日举办
honey_come_chatka!!,3,ハニカムチャッカ!!,Honey Come Chatka!!,461,大川ぶくぶ的四格漫画，2016年起在Twitter连载
matryoshka_(vocaloid),3,Matryoshka|マトリョシカ,套娃,461,ハチ创作、初音未来与GUMI演唱的VOCALOID歌曲
saga_frontier,3,SaGa Frontier|復活邪神 邪神領域,沙加开拓者,461,1997年PlayStation上的沙加系列角色扮演游戏，可选七名主角
ookami-san,3,Ookami-san|ookami-san_to_shichinin_no_nakamatachi|オオカミさんと七人の仲間たち|大神與七位夥伴,大神与七位伙伴,460,冲田雅的轻小说，2010年改编动画，描绘狼少女与同伴们的校园生活
persona_2_tsumi,3,Persona 2: Innocent Sin|persona_2:_innocent_sin|女神異聞錄2 罪,女神异闻录2 罪,459,女神异闻录2前半部，海外标题为Innocent Sin，讲述都市传言成真的故事
iya_na_kao_sare_nagara_opantsu_misete_moraitai,3,Iya na Kao sare nagara Opantsu Misete Moraitai|iya_na_kao_sare_nagara_kozukuri_sasete_moraitai|iya_na_kao_sare_nagara_opantsu_misete_sasete_moraitai|一边露出嫌弃表情一边让我看内裤,露出嫌弃表情让我看内裤,458,40原的插图企划，改编为OVA的成人向系列
demon's_souls,3,Demon's Souls|恶魔灵魂|惡魔靈魂,恶魔之魂,457,FromSoftware开发、日本工作室监修的2009年PS3动作角色扮演游戏
hinako_note,3,Hinako Note|ひなこのーと|雏子笔记,雏子的笔记,457,march-bunny的漫画，2017年改编为动画
jingling_zhi_dan,3,,精灵之蛋,457,以精灵之蛋为题的中文作品，相关信息较少
maitetsu,3,Maitetsu|まいてつ|铁路浪漫谭,爱上火车,457,Lose开发的成人视觉小说，以火车拟人化为主题
mekakucity_actors,3,Mekakucity Actors|メカクシティアクターズ,目隐都市的演绎者,457,阳炎Project的动画改编作品，由SHAFT制作
the_legend_of_zelda:_echoes_of_wisdom,3,The Legend of Zelda: Echoes of Wisdom|echoesofwisdom|薩爾達傳說 智慧的再現,塞尔达传说 智慧的再现,457,塞尔达传说系列第二十一作，2024年发售，首次以塞尔达公主为主角
gatchaman_crowds,3,GATCHAMAN CROWDS|ガッチャマン クラウズ,科学小飞侠Crowds,456,《科学小飞侠》系列的第五部动画，以现代都市为舞台
pornhub,3,,Pornhub,456,知名成人视频网站，其标志常被用于服装与恶搞创作
gensou_suikoden_i,3,Genso Suikoden I|suikoden_i|幻想水浒传1|幻想水滸傳I,幻想水浒传I,455,幻想水浒传系列首作，描绘麦克多尔的革命与魂之纹章
baby_princess,3,babyprincess|ベイビー・プリンセス,Baby Princess,454,以19名姐妹与哥哥的同居生活为主题的恋爱视觉小说
creepypasta,3,恐怖意面|恐怖面食,Creepypasta,454,网络流传的恐怖故事与都市传说体裁，名称源自 copypasta
gfriend,3,女友|女朋友|여자친구,GFRIEND,454,韩国 Source Music 旗下的女子组合，2021年解散
k-project,3,K PROJECT|K 动画|K-project|k_(anime),K,454,GoHands 2012年制作的原创动画，围绕七王争斗
kowareta_sekai_to_utaenai_miku,3,A Miku Who Can't Sing|colorful_stage!_the_movie:_a_miku_who_can't_sing|壊れたセカイと歌えないミク|崩坏的世界与无法歌唱的Miku,坏掉的世界与无法歌唱的Miku,454,《Project SEKAI》剧场版动画，2025年1月上映，登场新的初音未来形象
cutie_honey,3,Cutie Honey|cutey_honey|キューティーハニー|甜心戰士,甜心战士,453,永井豪创作的改造人少女战士作品，主角为如月甜心
echocalypse,3,Echocalypse|echocalypsetsc|echoestsc|緋紅の神約|绯红的神约,绯色回响,453,以兽娘与末日题材为特色的日系2D策略手游
hatsune_miku_graphy_collection,3,MikuColle|mikucolle|ミクコレ|初音ミクぐらふぃコレクション,初音未来Graphy Collection,453,Crypton的手机卡牌收集游戏，2012年起运营，收录其虚拟歌手角色
san-x,3,サンエックス,San-X,453,日本文具与角色设计公司，以轻松小熊等角色闻名
comic_kairakuten_beast,3,コミック快楽天ビースト|快乐天,COMIC 快乐天Beast,452,Wanimagazine 出版的成人漫画月刊，为《快乐天》的姐妹刊
comiket_96,3,C96|c96|コミケ96|コミックマーケット96,Comic Market 96,452,Comic Market 第96届同人志即卖会，2019年8月9-12日举办
forestia_~chiisana_machi_no_bokujou_life~,3,,Forestia～小さな町の牧場ライフ～,452,Inazuma Soft 开发的 PC 农场模拟与成人恋爱游戏，主角在科科坦小镇经营牧场
rakudai_kishi_no_cavalry,3,Chivalry of a Failed Knight|chivalry_of_a_failed_knight|落第騎士英雄譚,落第骑士英雄谭,452,海空陆的轻小说，2015年动画化，题材为魔法学园剑斗
ar_tonelico_iii,3,Ar tonelico III|アルトネリコ3,魔塔大陆3,451,《魔塔大陆》系列第三作，以诗魔法为主题的RPG
doupo_cangqiong,3,Battle Through the Heavens|battle_through_the_heavens|dou_po_cang_qiong|鬥破蒼穹,斗破苍穹,451,天蚕土豆创作的中国玄幻小说，多次改编为漫画与动画
kamen_rider_blade_(series),3,Kamen Rider Blade|假面騎士劍|幪面超人劍,假面骑士剑,451,平成假面骑士第5作，2004年播出
koisuru_asteroid,3,asteroid_in_love|恋する小惑星|戀愛小行星,恋爱小行星,451,Quro 创作的四格漫画，讲述地学部少女们的日常，2020年冬改编动画
mahoromatic,3,Mahoromatic|まほろまてぃっく,魔力女管家,451,中山文十郎原作、ぢたま某作画的漫画，由Gainax与SHAFT改编为动画
mashiroiro_symphony,3,Mashiroiro Symphony|mashifoni|ましろ色シンフォニー|純白交響曲,纯白交响曲,451,Palette2009年发售的成人游戏，2011年被改编为动画
bokutachi_wa_benkyou_ga_dekinai,3,Bokuben|We Never Learn|bokuben|we_never_learn|我们无法一起学习|我們真的學不來,我们真的学不来,450,筒井大志的恋爱喜剧漫画，2017至2020年连载
elfen_lied,3,Elfen Lied|妖精の旋律,妖精的旋律,450,冈本伦创作的漫画及动画，围绕拥有触手能力的变异少女展开
galge.com,3,,galge.com,450,已关闭的日本美少女游戏壁纸下载网站，2010年停止服务
kinnikuman,3,Kinnikuman|キン肉マン|筋肉人,金肉人,450,蚵仔煎创作的摔跤漫画，1979年起在《周刊少年Jump》连载
mahou_shoujo_sae,3,,魔法少女Sae,450,魔法少女题材的日本作品，具体出处与设定不详
phoenix_wright:_ace_attorney_-_spirit_of_justice,3,Ace Attorney 6|Gyakuten Saiban 6|ace_attorney_6|gyakuten_saiban_6|逆轉裁判6,逆转裁判6,450,系列第六作，舞台为灵媒之国库拉因，成步堂与王泥喜分头行动
mode_aim,3,,MODE AIM,449,网络动画想变时尚！花生君第一季的执导方
tsunderia,3,,Tsunderia,449,美国的虚拟主播企划，2023年1月解散
shigatsu_wa_kimi_no_uso,3,Your Lie in April|your_lie_in_april|四月は君の嘘,四月是你的谎言,448,新川直司的漫画，描写钢琴少年与提琴少女的青春故事，2014年动画化
our_life:_beginnings_and_always,3,Our Life|our_life_1|ourlifebeginningandalways|ourlifebeginningsandalways,Our Life: Beginnings and Always,447,GB Patch Games的视觉小说，分四个成长阶段，主角与角色可高度自定义
project_hail_mary,3,,挽救计划,447,安迪·威尔的硬科幻小说，2026年改编为电影
roshin_yuukai_(vocaloid),3,Meltdown (Vocaloid)|meltdown_(vocaloid)|roshin_yukai_(vocaloid)|炉心融解 (Vocaloid),炉心融解,447,iroha创作的镜音铃歌曲，插画由なぎみそ负责
sore_wa_bokutachi_no_kiseki,3,それは僕たちの奇跡|那就是我们的奇迹,那是我们的奇迹,447,《Love Live!》第二季片头曲，由 μ's 演唱
tamacolle,3,Tamacolle|やまとまほろば地魂くにたまこれくしょん|魂コレ,魂これ,447,以日本各地神灵与地魂拟人为题材的同人角色企划
yuri-natsu:_minshuku_kagaya,3,,ゆりなつ-民宿かがや-,447,以民宿为舞台的百合题材成人游戏
idolmaster_side-m_growing_stars,3,アイドルマスター SideM GROWING STARS|偶像大师SideM,偶像大师 SideM GROWING STARS,446,SideM系列的节奏手机游戏，2021年上线
kamen_rider_gavv_(series),3,gavv|仮面ライダーガヴ|假面骑士Gavv,假面骑士加布,445,令和假面骑士第6作，2024年播出
mahou_shoujo_lyrical_nanoha_a's_portable:_the_battle_of_aces,3,THE BATTLE OF ACES|魔法少女リリカルなのはA's PORTABLE -THE BATTLE OF ACES-|魔法少女奈叶A's PORTABLE -THE BATTLE OF ACES-,魔法少女奈叶A's PORTABLE 王牌之战,445,PSP平台的格斗游戏，以《A's》的另一条时间线展开
my_life_as_a_teenage_robot,3,My Life as a Teenage Robot|mylifeasateenagerobot|青少年机器人,我的青少年机器人时代,445,尼克儿童频道的动画，讲述想当普通少女的机器人
wednesday_(netflix),3,Wednesday|wednesday|wednesdaynetflix,星期三,445,Netflix于2022年上线的剧集，讲述少女星期三在异类学校的经历
encanto,3,Enchant|魔法滿屋,魔法满屋,444,迪士尼2021年动画电影，讲述哥伦比亚马利加家族的魔法故事
high_school_dxd_pi,3,High School DxD Pi|恶魔高校D×D Pi,高校D×D Pi,444,以圆周率指代第四期的《恶魔高校D×D》相关作品
la_pucelle_tactics,3,,光之圣女传说,444,日本一软件为PS2开发的战术角色扮演游戏，借用玛露王国系列的世界观元素
persona_5:_dancing_star_night,3,Persona 5: Dancing Star Night|persona_5:_dancing_in_starlight|女神异闻录5：星夜舞步,女神异闻录5 星夜热舞,444,女神异闻录5衍生的节奏游戏，为Persona Dancing系列第三作
the_legend_of_zelda:_a_link_to_the_past,3,塞尔达传说 众神的三重力量|薩爾達傳說 眾神的三角神力,塞尔达传说 众神的三角神力,444,塞尔达传说系列第三作，1991年发售于SFC
doukyuusei_2,3,DOUKYUUSEI 2|同级生2,同级生2,443,ELF出品的恋爱养成游戏，同级生系列第二作
pui_pui_molcar,3,Pui Pui Molcar|天竺鼠车车,PUI PUI 天竺鼠车车,443,见里朝希执导的定格动画，世界中的车辆由天竺鼠取代
the_murder_of_sonic_the_hedgehog,3,The Murder of Sonic the Hedgehog|索尼克谋杀案,刺猬索尼克谋杀案,443,世嘉2023年愚人节推出的索尼克题材推理视觉小说
comiket_97,3,C97|Comic Market 97|c97|第97届Comiket,Comic Market 97,442,Comic Market 第97届同人志即卖会，2019年12月28-31日举办
tokimeki_memorial_2,3,Tokimeki Memorial 2|ときめきメモリアル2,心跳回忆2,442,科乐美恋爱养成游戏《心跳回忆》系列第二作
vigilante_-boku_no_hero_academia:_illegals-,3,Vigilante: My Hero Academia Illegals|mhavigilantes|my_hero_academia:_vigilantes|我的英雄学院：非法正义,我的英雄学院 非法正义,442,《我的英雄学院》的外传漫画，讲述无证英雄的活动
chuugoku_yome_nikki,3,,中国嫁日记,441,井上纯一的漫画随笔，记录与中国人妻子的婚后日常
rolling_girl_(vocaloid),3,滚动的女孩|翻滚女孩,Rolling Girl,441,wowaka创作的初音未来歌曲，以压抑旋律与歌词著称
shounen_jump,3,Weekly Shonen Jump|jump_square|weekly_shounen_jump|少年JUMP|少年Jump,周刊少年Jump,441,集英社1968年创刊的少年漫画杂志，连载众多人气作品
chaos;head_love_chu_chu!,3,CHAOS;HEAD Love Chu Chu|混沌之脑 甜蜜心跳,混沌之脑 Love Chu Chu,439,混沌之脑的续作，以恋爱模拟为玩法
ginga_eiyuu_densetsu,3,Legend of the Galactic Heroes|legend_of_the_galactic_heroes|logh|银河英雄传说 全新命题,银河英雄传说,439,田中芳树的太空歌剧小说，描绘银河帝国与自由行星同盟的战争
tsumamigui_(series),3,,妻みぐい系列,439,AliceSoft出品的成人向恋爱游戏系列，共四部作品
#compass,3,#COMPASS 战斗天赋解析系统|战斗天赋解析系统,#COMPASS,438,NHN PlayArt与DWANGO合作的多人在线对战手游，2025年推出动画
mishiranu_joshikousei_ni_kankin_sareta_mangaka_no_hanashi,3,mishiranu_joshikousei_ni_kankensareta_mangaka_no_hanashi|被不认识的女高中生囚禁的漫画家|陌生女高中生囚禁漫画家,被陌生女高中生囚禁的漫画家,438,ryouma创作的网络漫画，讲述漫画家被女高中生囚禁的经历
onsen_musume,3,Onsen Musume|温泉むすめ,温泉娘,438,以日本各地温泉拟人化少女推广观光的地方振兴企划
pia_carrot_(series),3,Pia Carrot|欢迎来到PIA卡罗特,欢迎来到Pia卡罗特,438,Cocktail Soft的恋爱模拟游戏系列，1995年起以餐厅为舞台
white_album_2,3,WHITE ALBUM 2|White Album 2|whitealbum2,白色相簿2,438,Leaf的成人视觉小说三部作，为《白色相簿》的续作
precure_all_stars,3,Pretty Cure All Stars|pretty_cure_all_stars|光之美少女All Stars,光之美少女全明星,437,光之美少女系列的年度跨界剧场版，历代角色共同登场
atelier_escha_&_logy,3,Atelier Escha & Logy|atelier_escha_and_logy|愛夏與羅吉的工作室,爱丝卡与罗吉的炼金工房,436,《炼金工房》系列第15作，黄昏三部曲的第二部
bobobo-bo_bo-bobo,3,BOBOBO-BO BO-BOBO|鼻毛真拳 阿母伏,鼻毛真拳,436,泽井启夫的搞笑漫画，2001年起在少年Jump连载，2003年改编动画
kagura_gumi,3,Kagura-gumi|kagura_mea_channel|神楽組,神乐组,436,神乐Mea发起的VTuber组合，成员含如月Koyori、九条Mashiro等
takaramonozu,3,Takaramonozu|宝物,タカラモノズ,436,Love Live!中μ's演唱的歌曲，配套服装为啦啦队风格
the_jojolands,3,JOJOLands|jojolands|thejojolands|乔乔的奇妙冒险 第9部,The JOJOLands,436,JOJO的奇妙冒险第九部漫画，舞台为现代夏威夷
enigmatic_recollection,3,ENReco|ENreco|enreco,Enigmatic Recollection,435,hololive English以模组Minecraft角色扮演为核心的多媒体企划
taimanin_asagi_kessen_arena,3,Taimanin Asagi Battle Arena|对魔忍浅木 战斗竞技场,对魔忍浅葱 决战竞技场,435,Lilith-soft角色集结的卡牌对战成人游戏，通过DMM平台运营
doom_eternal,3,DOOM Eternal|doometernal|毁灭战士 永恒,毁灭战士：永恒,434,id Software 2020年推出的第一人称射击游戏，毁灭战士的续作
girl_cafe_gun,3,Girl Café Gun|girlcafegun|少女咖啡枪II,少女咖啡枪,434,西山居开发的萌系射击手游，后更名为《双生视界》
looney_tunes,3,Looney Tunes|乐一通,乐一通,434,华纳兄弟的经典闹剧动画系列，以兔八哥、达菲鸭等角色闻名
tokimeki_memorial_1,3,Tokimeki Memorial|ときめきメモリアル|心跳回忆1,心跳回忆（初代）,434,科乐美1994年在PC Engine发售的恋爱养成游戏，系列开山之作
eden's_zero,3,EDENS ZERO|EDENS ZERO 伊甸星原|edenszero,伊甸星原,433,真岛浩创作的科幻冒险漫画及改编动画
jormungand_(manga),3,Jormungand|ヨルムンガンド,军火女王,433,高桥庆太郎的军火商题材漫画，2012年改编为动画
story_of_eastern_wonderland,3,Touhou Fuuma Rouku|东方封魔录 ～The Story of Eastern Wonderland～,东方封魔录,433,东方 Project PC-98 时期第二作，以灵梦为主角的弹幕射击游戏
yuru-chara,3,Yuru-chara|吉祥物角色,ゆるキャラ,433,指日本各地由地方政府或团体推出的吉祥物角色
marvel_vs._capcom_2,3,Marvel vs. Capcom 2|marvel_vs_capcom_2|marvelvscapcom2|漫威vs卡普空2,漫威对卡普空2,432,卡普空格斗游戏《漫威对卡普空2：新时代的英雄》
danganronpa_another,3,Danganronpa Another|超级弹丸论破 Another,弹丸论破Another,431,韩国作者 LINUJ 制作的《弹丸论破》同人游戏系列
ena:_dream_bbq,3,,ENA: Dream BBQ,431,Joel G制作的《ENA》系列超现实探索游戏，2025年发布第一章
legend_of_the_cryptids,3,,Legend of the Cryptids,431,Applibot开发发行的卡牌类大型多人在线角色扮演游戏
star_wars:_the_clone_wars_(2008_tv_series),3,star_wars:_the_clone_wars,星球大战：克隆人战争（2008）,431,2008 年开播的 3D 动画剧集，延续同名剧场版的克隆人战争故事
tsukuyomi_moonphase,3,Tsukuyomi -MOON PHASE-|月詠 -MOON PHASE-,月咏,431,有马启太郎创作的吸血鬼题材漫画，2004年由SHAFT动画化
wrestle_angels_survivor,3,レスラーエンジェルズ サバイバー|摔角天使幸存者,Wrestle Angels Survivor,431,《摔角天使》系列的女子摔角经营养成游戏
chrono_crusade,3,Chrono Crusade|クロノクルセイド,圣枪修女,430,森山大辅的漫画，讲述驱魔修女与搭档的战斗，2003年改编为动画
cyphers,3,CYPHERS|Cyphers,巅峰对决,430,Nexon 开发的 3D 视角对战 MOBA 游戏
half-life_(series),3,Half-Life|half-life|half_life|halflife|半条命|半衰期,半条命系列,430,Valve开发的科幻第一人称射击游戏系列，首作1998年推出
tribe_nine,3,tribenine|tribeninefanart|トライブナイン|部落Nine,TRIBE NINE,430,小高和刚与Akatsuki合作的多媒体企划，含游戏与动画
dragon_musume_ni_naritakunai!,3,,不想当龙娘！,429,《决斗大师》的衍生动画，以龙族卡牌拟人少女为主角
eyeshield_21,3,Eyeshield 21|アイシールド21|光速跑者21号,光速蒙面侠21,429,稻垣理一郎原作、村田雄介作画的美式橄榄球漫画，有145集动画
juuni_kokuki,3,The Twelve Kingdoms|juuni_kokki|twelve_kingdoms|十二国記,十二国记,429,小野不由美的奇幻小说，改编为45集动画
naruto_shippuuden:_ultimate_ninja_blazing,3,,火影忍者疾风传 究极忍者Blazing,429,改编自火影忍者疾风传的手机游戏
mahotama,3,,Mahotama,428,出处与类型不详的作品
null-meta,3,Nurumeta|nullmeta,ぬるめた,428,こかきむもせ的四格漫画，在Manga Time Kirara MAX连载
seikon_no_qwaser,3,The Qwaser of Stigmata|the_qwaser_of_stigmata|聖痕のクェイサー,圣痕炼金士,428,吉野弘幸与佐藤健悦的漫画，后被改编为动画
bougyoryoku_zero_no_yome,3,,防御力为零的新娘,427,矢野トシノリ的恋爱喜剧漫画
alice:_madness_returns,3,Alice: Madness Returns|alicemadnessreturns|爱丽丝 疯狂之城,爱丽丝：疯狂回归,426,麻辣马工作室开发、EA发行的动作冒险游戏，为爱丽丝梦游魔境续作
amakano_2,3,,Amakano 2,426,Amakano系列2020年发售的成人向视觉小说
k-on!_movie,3,K-On! The Movie|eiga_k-on!|剧场版 K-ON!,轻音少女 剧场版,426,2011年上映的《轻音少女》动画电影
nue_no_onmyouji,3,Nue's Exorcist|nue's_exorcist|鵺的阴阳师,鵺之阴阳师,426,川江康太的妖怪阴阳师题材漫画，2023年起在周刊少年Jump连载
power_pro_appli,3,,Power Pro Appli,426,实况力量职业棒球相关的手机应用游戏
king_of_prism,3,KING OF PRISM -Shiny Seven Stars-|kingofprism|棱镜之王,KING OF PRISM,425,《美妙旋律》系列衍生的男子偶像剧场动画企划，围绕棱镜之王大赛展开
love_live!_hasu_no_sora_jogakuin_school_idol_club_bloom_garden_party,3,,Love Live! 莲之空女学院学园偶像俱乐部 Bloom Garden Party,425,2026年上映的3D剧场版动画，为莲之空前三年故事的完结篇
sakura-sou_no_pet_na_kanojo,3,The Pet Girl of Sakurasou|the_pet_girl_of_sakurasou|さくら荘のペットな彼女,樱花庄的宠物女孩,425,鸭志田一的轻小说及改编动画，舞台为樱花庄
428:_fuusa_sareta_shibuya_de,3,428: Shibuya Scramble|428:_shibuya_scramble|428～被封锁的涩谷～,428：被封锁的涩谷,424,Chunsoft为Wii开发的真人影像冒险游戏，获Fami通满分评价
himehina_channel,3,HimeHina Channel|ひめひな|姬雏,HimeHina,424,VTuber田中ヒメ与鈴木ヒナ的YouTube频道
langrisser_mobile,3,Langrisser Mobile|梦幻模拟战手游,梦幻模拟战（手游）,424,《梦幻模拟战》系列的手机游戏，由紫龙游戏开发，汇集历代角色
nurarihyon_no_mago,3,Nura: Rise of the Yokai Clan|nura:_rise_of_the_yokai_clan|ぬらりひょんの孫,滑头鬼之孙,424,椎桥宽的妖怪题材漫画，在周刊少年Jump连载并改编动画
phantasmagoria_of_flower_view,3,东方花映冢|東方花映塚 〜Phantasmagoria of Flower View〜,东方花映塚,424,东方Project第十作，以对战形式进行的弹幕射击游戏，主题为樱花盛开
soukou_seiki_ysphere,3,,Soukou Seiki Ysphere,424,pin-point 开发的成人游戏，以装甲少女的变身与战斗为核心
suicide_squad,3,Suicide Squad|X特遣队,自杀小队,423,DC 漫画中的反派与反英雄团队
oda_nobuna_no_yabou,3,The Ambition of Oda Nobuna|the_ambition_of_oda_nobuna|織田信奈の野望,织田信奈的野望,422,春日御影的轻小说，舞台为武将多为女性的战国时代，并有动画与漫画
project_diva_f,3,Hatsune Miku: Project DIVA f|初音未来Project DIVA f,初音未来 歌姬计划f,422,歌姬计划系列第4作，以PSV与PS3为平台的节奏游戏
sonic_adventure_2,3,Sonic Adventure 2|音速小子大冒险2,索尼克大冒险2,422,2001年发售的3D动作游戏，并有GameCube等平台的移植版
darkest_dungeon,3,Darkest Dungeon|darkestdungeon|最黑暗的地牢,暗黑地牢,421,Red Hook Studios开发的回合制地牢探索角色扮演游戏，风格阴暗
fire_emblem_shadows,3,,火焰之纹章 Shadows,421,2025年推出的《火焰之纹章》系列策略与社交推理混合手游
google,3,Google|Google搜索,谷歌,421,Alphabet旗下的搜索引擎与科技公司，提供网页检索等互联网服务
kakyuusei,3,Kakyūsei|下级生（エルフ）,下级生（初代）,421,ELF的恋爱养成成人游戏《下级生》
kunio-kun_series,3,Kunio-kun|くにおくん|国夫君系列,热血系列,421,Technos Japan 开创的格斗动作游戏系列，以不良少年国夫为主角
kyoto_animation,3,Kyoto Animation|京都アニメーション|京阿尼,京都动画,421,位于京都府的日本动画制作公司，昵称京阿尼，以细腻的日常描写与高作画水准著称
mother_1,3,EarthBound Beginnings|EarthBound Zero|MOTHER|earthbound_beginnings|earthbound_zero|mother|mother1,地球冒险1,421,糸井重里设计的角色扮演游戏，1989年登陆FC
ryoujoku_gakuen,3,,凌辱学园,421,以学园社团为题材的日本成人向作品，插画由hogeroh负责
tiktok,3,TikTok|抖音国际版,抖音,421,字节跳动的短视频社交平台，国际版为TikTok、国内版为抖音
toy_story,3,Toy Story|玩具的故事,玩具总动员,421,迪士尼与皮克斯制作的3D动画电影系列，玩具在主人离开后活起来
demi-chan_wa_kataritai,3,Interviews with Monster Girls|interviews_with_monster_girls|亜人ちゃんは語りたい,亚人酱有话要说,420,Petos创作的漫画，2017年由A-1 Pictures改编动画
hidan_no_aria,3,Aria the Scarlet Ammo|aria_the_scarlet_ammo|绯弹的亚莉亚,绯弹的亚里亚,420,赤松中学的轻小说，讲述武装侦探少女的故事，2011年动画化
hikaru_no_go,3,Hikaru no Go|hikago|ヒカルの碁|光之围棋,棋魂,420,堀田由美原作、小畑健作画的围棋题材漫画，1998年起连载
kirby_air_ride,3,,卡比飞天赛车,420,2003年登陆GameCube的卡比竞速游戏，仅用摇杆与A键操控飞行器
tokyo_mirage_sessions_fe,3,Tokyo Mirage Sessions #FE|gen'ei_ibunroku_sharp_fe|tokyo_mirage_session_fe|幻影异闻录FE,幻影异闻录#FE,420,《真·女神转生》与《火焰之纹章》联动的Wii U角色扮演游戏
wake_up_girls!,3,Wake Up Girls|觉醒少女,"Wake Up, Girls!",420,Ordet与山本宽制作的2014年偶像动画，讲述七名少女的偶像活动
canaan_(series),3,CANAAN|canaan|迦南 CANAAN,迦南,419,基于428被封锁的涩谷剧本改编的动画，奈须蘑菇执笔原作
eversoul,3,Eversoul|soul_artifact|永恆靈魂,永恒灵魂,419,NINEARK开发、Kakao Games发行的3D放置抽卡手游
ar_tonelico_i,3,Ar tonelico|Ar tonelico 1|ar_tonelico_1|アルトネリコ,魔塔大陆1,418,《魔塔大陆》系列首作，PS2平台的角色扮演游戏
maou-jou_de_oyasumi,3,Sleepy Princess in the Demon Castle|sleepy_princess_in_the_demon_castle|魔王城でおやすみ,在魔王城说晚安,418,熊之股键次创作的搞笑漫画，讲述被掳公主在魔王城追求安眠
the_king_of_fighters_xiii,3,KOF XIII|The King of Fighters XIII|kofxiii,拳皇13,418,SNK拳皇系列第十三作，阿修篇的完结篇
tomo-chan_wa_onna_no_ko,3,Tomo-chan Is a Girl!|tomo-chan_is_a_girl!|智子是女孩,小智是女孩子啦！,418,ふみたん创作的校园恋爱喜剧四格漫画，有2023年动画改编
memories_off,3,Memories Off|memoriesoff|メモリーズオフ,秋之回忆,417,KID推出的恋爱文字冒险游戏系列，1999年首作问世
lotte_no_omocha!,3,Astarotte no Omocha|astarotte_no_omocha|astarotte_no_omocha!|lotte's_plaything|lotte_no_omocha|rotte_no_omocha|rotte_no_omocha!|萝德的玩具|阿斯塔罗特的玩具,萝黛的后宫玩具,416,叶贺唯的漫画，2011年由Diomedia改编为动画，讲述少女与随从们的日常
mahou_shoujo_inori,3,,魔法少女いのり,416,日本的成人魔法少女题材游戏作品
manga_time_kirara,3,Manga Time Kirara|manga_time_kirara_carat|まんがタイムきらら,漫画时间Kirara,416,芳文社出版的四格漫画杂志，以萌系日常题材为主
melty_blood:_type_lumina,3,Melty Blood: Type Lumina|type_lumina|月姬格斗 Type Lumina,月姬格斗：Type Lumina,416,以月姬重制版设定为基础的格斗游戏重启作
she-ra_and_the_princesses_of_power,3,She-Ra and the Princesses of Power|sheraandtheprincessesofpower|非凡的公主希瑞,希瑞与非凡的公主们,416,梦工厂为Netflix制作的2018年动画，重启自希曼系列
tales_of_legendia,3,Tales of Legendia|テイルズ オブ レジェンディア,神话传说,416,传说系列第七部母舰作品，登陆PS2，并在北美发行
black_bullet,3,Black Bullet|ブラック・ブレット|漆黑的子弹,黑色子弹,415,神崎紫电的科幻战斗轻小说，2014年由Kinema Citrus改编为动画
druaga_no_tou,3,The Tower of Druaga|龙之塔,德鲁亚加之塔,415,南梦宫1984年街机迷宫RPG《德鲁亚加之塔》系列，2008年有同名动画
hyrule_warriors:_age_of_calamity,3,Hyrule Warriors: Age of Calamity|塞尔达无双 灾厄默示录|薩爾達無雙 災厄啟示錄,塞尔达无双：灾厄默示录,415,塞尔达无双续作，讲述旷野之息百年前大灾厄的故事
kamoku_dakedo_mechakucha_nori_no_ii_kuroneko-chan,3,,虽然寡言但非常配合的黑猫酱,415,以沉默却配合的黑猫酱为主角的日本漫画
bokusatsu_tenshi_dokuro-chan,3,Bludgeoning Angel Dokuro-chan|bludgeoning_angel_dokuro-chan|dokurochan|扑杀天使朵库萝,扑杀天使小骷髅,414,搞笑动画与OVA，讲述中学生与天使之间的闹剧
otome_gee_sekai_wa_mob_ni_kibishii_sekai_desu,3,mobseka|the_world_of_otome_games_is_tough_for_mobs|乙女游戏世界对路人很不友善|转生为乙女游戏世界里的路人角色,乙女游戏世界对路人角色很不友好,414,三嶋与梦的网络小说，2022年春季改编动画，并有漫画版
touhou_danmaku_kagura,3,,东方弹幕神乐,414,AQUA STYLE开发的东方Project题材手机音乐游戏
yandere_simulator,3,Yandere Simulator|yanderesimulator|病娇少女模拟器,病娇模拟器,414,YandereDev开发的校园潜行暗杀模拟游戏
chaos_online,3,Chaos Heroes Online|混沌英雄,Chaos Online,413,韩国Neoact开发的MOBA游戏，日本与Steam版名为Chaos Heroes Online
coppelion,3,COPPELION|Coppelion,核爆默示录,413,井上智德的漫画，讲述辐射污染后的东京与免疫少女们，2013年动画化
ga-rei,3,Ga-Rei|喰霊,食灵,413,濑川初的灵异战斗漫画，描绘退魔师与灵兽的故事，另有前传动画
pacific_(kancolle),3,pacific|太平洋,Pacific（舰娘同人）,413,以二战美国海军舰娘为主题的舰C同人企划，主要设计由November绘制
pokemon:_twilight_wings,3,宝可梦薄明之翼|精灵宝可梦 破晓之翼,宝可梦 破晓之翼,413,以宝可梦剑盾伽勒尔地区为舞台的短篇动画系列
tamagotchi_(classic),3,Tamagotchi|宠物蛋|电子鸡,拓麻歌子（初代）,413,1990年代的经典蛋形电子宠物，配单色液晶屏与三个按键
tonari_no_kyuuketsuki-san,3,Ms. Vampire Who Lives in My Neighborhood|ms._vampire_who_lives_in_my_neighborhood|邻家吸血鬼,邻家的吸血鬼小妹,413,甘党创作的四格漫画，讲述吸血鬼少女与人类的日常
kamen_rider_gaim_(series),3,仮面ライダー鎧武|假面骑士Gaim,假面骑士铠武,412,平成假面骑士第15作，由虚渊玄主笔
washio_sumi_wa_yuusha_de_aru,3,washio_sumi_is_a_hero|鹫尾须美之章,鹫尾须美是勇者,412,Takahiro的轻小说，为《结城友奈是勇者》的前传，2017年动画化
strawberry_prince,3,Sutopuri|すとぷり|すとろべりーぷりんす,草莓王子,411,以 Niconico 与 YouTube 起家的日本男性偶像与唱见组合
djmax_respect,3,DJMAX致敬|dj_max_respect|djmaxrespect,DJMAX Respect,409,DJMAX系列登陆主机与PC的音乐节奏游戏
galaxy_angel_rune,3,galaxy_angel_ii|galaxy_angelune|ギャラクシーエンジェる〜ん|银河天使,银河天使Rune,409,《银河天使II》的喜剧动画，采用全新角色阵容
shiro_seijo_to_kuro_bokushi,3,saint_cecilia_and_pastor_lawrence|白聖女と黒牧師,白圣女与黑牧师,409,和武はざの的恋爱喜剧漫画，由动画工房改编动画
death_stranding,3,,死亡搁浅,408,小岛秀夫执导的开放世界动作游戏，以送货连接美国
kakumeiki_valvrave,3,valvrave_the_liberator|革命机|革命機ヴァルヴレイヴ,革命机Valvrave,408,日升2013年的原创机甲动画
maria_holic,3,まりあ†ほりっく,玛利亚狂热,408,远藤海成创作的搞笑漫画，2009与2011年被SHAFT改编为动画
mega_man_2,3,Rockman 2|rockman_2|洛克人2 威利博士之谜,洛克人2,408,1988年发售的原祖洛克人系列第二作
snk_heroines:_tag_team_frenzy,3,SNKヒロインズ|SNK女杰热血对打,SNK女主角 组队狂热,408,SNK旗下女性角色登场的2对2格斗游戏，2018年发售
soulcalibur_vi,3,刀魂6|灵魂能力6,灵魂能力VI,408,《灵魂能力》系列软重启之作，重述初代事件
makai_senki_disgaea_5,3,disgaea_5|魔界戦記ディスガイア5,魔界战记5,407,2015年发售的《魔界战记》系列第五作，登陆PS4
me!me!me!,3,,ME!ME!ME!,407,TeddyLoid与DAOKO合作、Studio Khara制作的动画音乐短片
off_(game),3,off|オフ,OFF,407,Mortis Ghost用RPG Maker制作的游戏，2008年首发法语版，2025年推出重制版
sarazanmai,3,さらざんまい,皿三昧,407,几原邦彦执导的原创电视动画作品
marl_kingdom,3,マール王国|玛尔王国的人偶公主|玛鲁王国,玛尔王国,406,日本一软件在PS与PS2平台推出的角色扮演游戏三部曲
bandai_namco,3,万代南梦宫娱乐,万代南梦宫,405,万代与南梦宫合并而成的日本娱乐企业集团
first_stage_production,3,Ichipro|firststageproduction|firststageproduction_en|一期プロダクション,First Stage Production,405,REALITY Studios成立、在东京运营的虚拟主播事务所
kumamiko,3,kuma_miko|kuma_miko:_girl_meets_bear|くまみこ,熊巫女,405,吉元ますめ创作的漫画，讲述熊耳巫女真知与熊同伴夏的乡村日常
samsung,3,samsung_electronics|三星电子,三星,405,韩国大型电子企业集团，为韩国四大财阀之一
splatoon_raiders,3,,Splatoon Raiders,405,《斯普拉遁》系列的外传作品，2026 年登陆 Nintendo Switch 2
7-eleven,3,7-Eleven|711便利店,7-11,404,起源于美国德克萨斯州的国际连锁便利店品牌，在日本拥有庞大市场
sweets_paradise,3,スイーツパラダイス|甜品天堂,甜点天堂,404,日本连锁甜品自助餐厅，常与动漫游戏角色举办期间限定合作咖啡活动
dai_(series),3,大シリーズ|大帝国|大恶司|大番长,Dai系列,403,AliceSoft 的成人向策略游戏系列，含《大番长》《大帝国》等
ga-rei_zero,3,喰霊-零-,食灵·零,403,《食灵》的前传动画，描绘土宫神乐与谏山黄泉的过去
gwechul,3,,괴담출근,403,DS.Back创作的韩国网络小说，讲述主角为回到原世界而进入各种怪谈
kamen_rider_wizard_(series),3,仮面ライダーウィザード|假面骑士魔法使,假面骑士Wizard,403,平成假面骑士第14作，2012年播出
mega_man_x4,3,Rockman X4|rockman_x4,洛克人X4,403,洛克人X系列第四作
mister_donut,3,Mister Donut|甜甜圈先生,美仕唐纳滋,403,源自美国的甜甜圈连锁品牌，现主要在日本等亚洲市场经营
unleashed,3,UNLSH|언리쉬드,Unleashed,403,韩国开发的卡牌收集战斗RPG，代号列维坦计划，登陆安卓与PC
clair_obscur:_expedition_33,3,,光与影：33号远征队,402,Sandfall Interactive 2025年的回合制角色扮演游戏，舞台为美好年代风格世界
fuuki_iinchou_seira,3,,Fuuki Iinchou Seira,402,Silkys 的成人游戏，由石垣隆负责插画，描绘风纪委员长的故事
kirby's_return_to_dream_land,3,星之卡比 重返梦想乡,星之卡比 重返梦幻岛,401,Wii平台的卡比游戏，回归传统复制能力玩法，支持多人合作
mahoujin_guruguru,3,magical_circle_guru_guru|魔法陣グルグル,咕噜咕噜魔法阵,401,以勇者与魔法少女冒险为主题的搞笑奇幻漫画，多次动画化
sengoku_otome,3,battle_girls:_time_paradox|戦国乙女,战国乙女,401,2011年TMS Entertainment的原创动画，并有游戏改编
hakanai_kimi_wa_moukou_wo_hajimeru,3,儚いキミは猛攻をはじめる|儚キミ,短暂的你开始猛攻,400,筧秀隆的网络连载漫画，讲述冬川佳织与青梅竹马的恋爱故事
kamen_rider_kabuto_(series),3,假面骑士Kabuto|假面骑士卡布托,假面骑士甲斗王,400,平成假面骑士第7作，2006年播出
king_(vocaloid),3,king|king(kanaria)|キング,KING,400,Kanaria 创作、GUMI 演唱的Vocaloid歌曲，因众多翻唱而走红
shinsou_kenki_arch_saver,3,,Shinsou Kenki Arch Saver,400,以装铠剑姬为主题的日本游戏作品
suguri,3,SUGURI|suguri_(game)|スグリ,Suguri,400,日本独立社团 Orange_Juice 开发的横版射击游戏
x-men_movie_series,3,x-men_film_series,X战警电影系列,400,20世纪福克斯制作的漫威《X战警》真人电影系列
yomi_no_tsugai,3,,黄泉之嗣,400,荒川弘的黑暗奇幻漫画，2021年起连载于月刊少年Gangan
fate/extra_ccc_fox_tail,3,Fate/EXTRA CCC 狐尾,Fate/EXTRA CCC Fox Tail,399,《Fate/EXTRA CCC》的衍生漫画，以玉藻前为主角
sinsekai_record,3,sinsekai|sinsekai_city_project|sinsekai_studio|シンセカイレコード|新世界レコード,SINSEKAI RECORD,399,神椿工作室旗下的音乐企划，成员包括Valis等虚拟歌手
taiho_shichauzo,3,you're_under_arrest_(manga)|巡逻美眉|皇家双妹嘜,逮捕令,399,藤岛康介的警察喜剧漫画，改编为动画，英文名为You're Under Arrest
code:_kite,3,代號鳶|如鸢,代号鸢,398,灵犀互娱开发的女性向卡牌手机游戏，背景设于三国时期
detroit:_become_human,3,detroit:becomehuman|detroitbecomehuman|底特律：变人,底特律：化身为人,398,Quantic Dream制作的2018年互动冒险游戏，以2035年底特律为舞台
sword_art_online:_unleashed_blading,3,sword_art_online:_alicization_rising_steel|sword_art_online:_unleash_blading|ソードアート・オンライン アンリーシュ・ブレーディング|刀剑神域 狂刃,刀剑神域：Unleash Blading,398,刀剑神域系列手机动作游戏，玩家编成队伍挑战迷宫
ensemble_girls!,3,engirls|ensemble_girls|あんさんぶるガールズ,Ensemble Girls!,397,Happy Elements 2013年推出的手机卡牌游戏，2017年停服，与《偶像梦幻祭》对应
grisaia_no_rakuen,3,グリザイアの楽園,灰色的乐园,397,《灰色》系列第三作，2013年发售，为三部曲的完结篇
onegai_my_melody,3,おねがいマイメロディ|拜托了 美乐蒂,拜托了，我的旋律,397,三丽鸥角色美乐蒂的动画，由Studio Comet制作，共三季
pokemon_winds_and_waves,3,pokemon_waves|pokemon_winds|pokemon_ww,Pokémon Winds and Waves,397,第十世代宝可梦游戏，预定2027年登陆Switch 2
22/7_ongaku_no_jikan,3,22/7 音楽の時間,22/7 音乐的时间,396,《22/7》企划改编的音乐节奏手机游戏，2021年停服
mimukauwa_nice_try_(vocaloid),3,みむかゥわナイストライ,みむかゥわナイストライ,396,N_u创作、初音未来演唱的Vocaloid歌曲，以玩UNO的初音为题材
moetan,3,もえたん,萌单,396,三才Books出版的英语学习书，以萌系插图讲解单词
rabbit_and_steel,3,rabbitandsteel|兔与钢,兔子与钢铁,396,mino_dev开发的独立合作动作roguelike弹幕游戏，2024年发售
schwarzesmarken,3,シュヴァルツェスマーケン,黑之宣告,396,Muv-Luv系列的外传轻小说，2016年由Lidenfilms动画化
double_dealing_character,3,東方輝針城 ～ Double Dealing Character,东方辉针城,395,东方Project第14作弹幕射击游戏，2013年发售
erha_he_ta_de_bai_mao_shizun,3,dumb_husky_and_his_white_cat_shizun|erha|erha_he_tadebai_mao_shizun|the_husky_and_his_white_cat_shizun|二哈|二哈和他那白猫师尊,二哈和他的白猫师尊,395,肉包不吃肉创作的耽美仙侠网络小说，又称2ha
magician's_aerial_dream,3,東方架空園,东方架空园,395,东方Project的同人创作企划，具体内容不详
metal_gear_solid_4:_guns_of_the_patriots,3,MGS4|metal_gear_solid_4|合金装备4 爱国者之枪,合金装备4：爱国者之枪,395,2008年发售的潜行游戏，登陆PS3
mieruko-chan,3,見える子ちゃん,看得见的女孩,395,泉朝树的漫画，讲述能看见妖怪却假装没看见的女高中生
nippon_ichi,3,日本一|日本一ソフトウェア,日本一软件,395,日本游戏开发公司，以《魔界战记》《玛尔王国》等动漫风格SRPG闻名
strike_witches_zero,3,强袭魔女Zero,强袭魔女 零,395,人间与岛田文金创作的《强袭魔女》漫画，讲述坂本美绪的早年经历
collar_x_malice,3,Collar×Malice|collarxmalice|项圈 × 恶意,项圈×恶意,394,Otomate 2016年在 PS Vita 推出的乙女向恋爱冒险游戏
elona,3,エロナ,Elona,394,日本独立roguelike角色扮演游戏，以奇特的幽默感著称
girls_und_panzer_little_army,3,少女与战车 リトルアーミー,少女与战车 小小军团,394,《少女与战车》外传漫画，描绘西住美穗的过去与仲间惠美的友情
ninja_gaiden,3,ninjagaiden|ニンジャガイデン|忍者外传,忍者龙剑传,394,Team Ninja开发、Tecmo发行的动作游戏系列，主角为忍者隼龙
digimon_xros_wars,3,digimon_fusion|数码兽合体战争|数码暴龙合体战争,数码宝贝合体战争,393,数码宝贝系列第六部动画，以合体进化与将军对决为主题
roco_kingdom,3,,洛克王国,393,中国儿童向在线角色扮演游戏系列，2010年起推出页游与手游
seito_kaichou_hikaru,3,,Seito Kaichou Hikaru,393,以学生会长为主角的日本作品系列
marvel_tokon:_fighting_souls,3,,漫威斗魂,392,Arc System Works开发的漫威题材格斗游戏，2026年发售
nurse_witch_komugi-chan,3,nurse_witch_komugi|nursewitchkomugichan|nursewitchkomugu|ナースウィッチ小麦ちゃん|护士魔女小麦,魔法护士小麦,392,恶搞《Soul Taker》与魔法少女题材的OVA动画，共5话
sword_art_online_progressive,3,刀剑神域 Progressive,刀剑神域：进击篇,392,以艾恩葛朗特各层攻略为线索重新演绎刀剑神域开篇的系列作品
titanfall_2,3,Titanfall 2|titanfall2|泰坦天降2,泰坦陨落2,392,2016年发售的系列第二作，加入完整的单人战役
transformers:_prime,3,transformers_prime,变形金刚：领袖之证,392,2010年播出的变形金刚动画，共三季，风格受真人电影影响
yuushakei_ni_shosu,3,yuusha-kei_ni_shosu:_choubatsu_yuusha_9004-tai_keimu_kiroku,勇者系に処す,392,Rocket商会的2021年轻小说，2026年1月播出动画
deemo,3,古树旋律,DEEMO,391,雷亚游戏开发的钢琴音乐节奏游戏，登陆iOS与Android
houchi_shoujo,3,放置少女 ～百花缭乱之萌姬们～,放置少女,391,C4Connect开发的2017年放置类手机RPG
maken-ki!,3,maken-ki|マケン姫っ!,魔剑姬！,391,武田弘光创作的漫画，2011年被改编为动画
watashi_no_oshi_wa_akuyaku_reijou,3,i'm_in_love_with_the_villainess|wataoshi|我推是恶役千金|私の推しは悪役令嬢,我的推是反派大小姐,391,Inori的百合轻小说，2023年改编为动画
yoru_no_yatterman,3,夜ノヤッターマン,夜之小双侠,391,《小双侠》40周年纪念续作动画，以多龙芝后裔为主角
iron_man_(series),3,Iron Man|iron_man_(comics)|钢铁侠（系列）,钢铁侠,390,漫威漫画中以装甲英雄钢铁侠为主角的系列作品
mario_kart_tour,3,mariokarttour|马里奥赛车巡回赛,马力欧赛车巡回赛,390,系列手机游戏，2019年起运营，含大量角色变装
phantasmagoria_of_dim.dream,3,東方夢時空,东方梦时空,390,东方Project第三作，1997年在PC-98平台发售，采用对战型弹幕玩法
snow_halation,3,snowhalation|スノーハレーション,Snow Halation,390,μ's的第二张单曲，出自Love Live!企划
bacchikoi!,3,バッチコイ,Bacchikoi!,389,BlackMonkey Pro的棒球题材BL视觉小说，2014年发售
princess_principal_game_of_mission,3,プリンセス・プリンシパル|公主代理人,公主代理人 Game of Mission,389,《公主代理人》改编的手机游戏，2017至2018年运营
2.5_jigen_no_ririsa,3,2.5_dimensional_seduction|2.5次元の誘惑|nigoriri,2.5次元的诱惑,388,桥本悠创作的Cosplay题材漫画，2024年改编为动画
daiblos_core,3,crosscore,Daiblos Core,388,广州麦格游戏开发的机甲题材回合制策略手游，2024年上线
monster_hunter_portable_3rd,3,怪物猎人 便携版3rd|怪物猎人P3,怪物猎人 携带版3rd,388,怪物猎人携带版系列第三作，以日式和风为主题
guilty_gear_x,3,ギルティギアX,罪恶装备X,387,《罪恶装备》系列第二作，2000年推出街机与PS2版本的格斗游戏
quiz_magic_academy_the_world_evolve,3,QMA|the_world_evolve|クイズマジックアカデミー THE WORLD EVOLVE,问答魔法学院 THE WORLD EVOLVE,387,《Quiz Magic Academy》系列第13作，加入新反派Evol-Grims
ai_the_somnium_files,3,AI梦境档案,AI：梦境档案,386,Spike Chunsoft开发的悬疑冒险游戏，2019年发售，打越钢太郎编剧
kitarou_tanjou:_gegege_no_nazo,3,鬼太郎誕生 ゲゲゲの謎,鬼太郎诞生：咯咯咯之谜,386,2023年上映的《鬼太郎》剧场版动画，讲述鬼太郎诞生与眼珠老爹的过去
trigger_(company),3,Studio TRIGGER|TRIGGER|studio_trigger,扳机社,386,今石洋之等前Gainax成员创立的日本动画制作公司
warhammer_fantasy,3,Warhammer Fantasy Battle|warhammer|战锤奇幻|战锤幻想,中古战锤,386,Games Workshop自1983年推出的奇幻桌面战棋游戏，为战锤40K的前身
kaoru_hana_wa_rin_to_saku,3,the_fragrant_flower_blooms_with_dignity|薫る花は凛と咲く,薰香花朵凛然绽放,385,三香见坂的青春恋爱漫画，连载于Magazine Pocket
isekai_ojisan,3,uncle_from_another_world|异世界叔叔|異世界おじさん,异世界舅舅,384,殆ど死んでいる的漫画，2022年夏由AtelierPontdarc动画化
tenki_no_ko,3,weathering_with_you|天気の子,天气之子,384,新海诚执导的2019年动画电影，讲述能操控天气的少女的故事
tom_and_jerry,3,tomandjerry|汤姆和杰瑞,猫和老鼠,384,威廉·汉纳与约瑟夫·巴伯拉创作的美国闹剧动画，1940年首映
kamen_rider_zi-o_(series),3,假面骑士Zi-O|假面骑士杰欧,假面骑士时王,383,平成假面骑士第20作，也是平成最后一作
miniskirt_pirates,3,bodacious_space_pirates|miniskirt_uchuu_kaizoku|mouretsu_pirates|mouretsu_uchuu_kaizoku|モーレツ宇宙海賊|迷你裙宇宙海贼,暴力宇宙海贼,383,笹本祐一的科幻轻小说，改编为2012年动画暴力宇宙海贼
walkure_romanze,3,ワルキューレロマンツェ 少女騎士物語|女武神罗曼史,Walkure Romanze,383,Ricotta的成人游戏，以马术与骑士为题材，并有动画改编
barbie_(live_action),3,barbiemovie|芭比娃娃真人电影,芭比（真人电影）,382,2023年上映的真人电影，改编自芭比娃娃系列
duet_night_abyss,3,,Duet Night Abyss,382,Pan Studio开发、Hero Games发行的双主角动作RPG，2025年10月全球上线
mega_man_x:_command_mission,3,Rockman X Command Mission|commandmission|megamanxcommandmission|rockman_x_command_mission|rockmanxcommandmission,洛克人X 指令任务,382,洛克人X系列的衍生角色扮演游戏，登陆PS2与GameCube
slow_start,3,スロウスタート,Slow Start,382,笃见唯子的四格漫画，2018年改编为动画，描写少女们的日常
vyugen,3,vyugenart|ヴィューゲン,Vyugen,382,2021至2023年活动的独立画师VTuber组合
dead_or_alive_xtreme_venus_vacation,3,DOAXVV|生死格斗 沙滩排球 维纳斯假期,死或生：沙滩排球 维纳斯假期,381,基于死或生沙滩排球的手机养成抽卡游戏
kemomimi_refle!,3,Kemomimi Refle|けもみみりふれっ!,兽耳Refle!,381,以ASMR与成人内容为主的日本虚拟主播组合，成员包括宇野樱等
oukoku_no_shugo_tenshi,3,,王国の守護天使,381,具体出处未确认的作品标签
qinshi_mingyue,3,天行九歌,秦时明月,381,改编自温世仁小说的中国3D武侠动画系列
sdorica,3,Sdorica Sunset|sdorica_-sunset-|万象物语-Sunset-,万象物语,381,以手绘美术风格为特色的角色扮演手机游戏
tsuujou_kougeki_ga_zentai_kougeki_de_ni-kai_kougeki_no_okaasan_wa_suki_desu_ka?,3,Okaasan Online|okaa-san_online|妈妈online,普通攻击是全体二连击，这样的妈妈你喜欢吗,381,井中だちま创作的异世界轻小说，主角与母亲一同冒险，有动画改编
bural_chingu,3,Balls Friend|ずっとも!|부랄친구,Bural Chingu,380,韩国网络漫画，以死党之间的友情为主题
cafe-chan_to_break_time,3,break_time_with_cafe-chan,Cafe-chan to Break Time,380,以咖啡店少女为主角的作品
predator_(series),3,掠夺者|终极战士,铁血战士（系列）,380,20世纪影业出品的科幻动作系列，以外星猎手狩猎人类等为题材
transformers:_animated,3,transformers_animated,变形金刚：动画版,380,2008年播出的变形金刚动画，以风格化的造型著称
antinomy_of_common_flowers,3,Antinomy of Common Flowers|凭依华,东方凭依华,379,东方Project第15.5作，由黄昏边境开发的格斗游戏，2017年发售
metroid_fusion,3,metroidfusion|银河战士 融合,密特罗德 融合,379,系列首款GBA作品，讲述萨姆斯对抗X寄生虫
tactics_ogre,3,Tactics Ogre|命运之轮,皇家骑士团,379,以欧洲中世纪战争为舞台的战棋角色扮演游戏系列，含多分支剧情
aku_no_meshitsukai_(vocaloid),3,Servant of Evil|servant_of_evil_(vocaloid),恶之召使,378,悪ノP创作、镜音连演唱的歌曲，恶之娘系列的续作
gundam_sentinel,3,Gundam Sentinel|钢弹前哨战,高达前哨战,378,1987年的高达摄影小说，讲述地球联邦军阿尔法特遣队的战斗
last_period,3,ラストピリオド,Last Period,378,Happy Elements的手机游戏，2016年上线、2022年停服，并有小说等衍生作品
tenmaku_no_jaadugar,3,,天幕のジャードゥーガル,378,tomatosoup创作、以13世纪为舞台的历史漫画，2026年改编动画
weather_planet,3,weatherplanet,Weather Planet,378,日本的独立VTuber组合
yami_to_boushi_to_hon_no_tabibito,3,Yami to Boushi to Hon no Tabibito,暗与帽子与书的旅人,378,Root于2002年推出的成人视觉小说，并有动画改编
kai-ri-sei_million_arthur,3,乖离MA|乖離性ミリオンアーサー,乖离性百万亚瑟王,377,SQUARE ENIX的手机卡牌游戏，百万亚瑟王系列一作
lord_of_vermilion,3,Lord of Vermilion,红莲之王,377,Square Enix发行的街机集换式卡牌游戏，玩家在机台上操作战斗卡牌
sakura_taisen_v,3,Sakura Wars: So Long My Love|sakura_wars:_so_long_my_love|サクラ大戦V|樱花大战5 再见吾爱,樱花大战5,377,樱花大战系列第五作，舞台移至纽约
shijou_saikyou_no_deshi_ken'ichi,3,Kenichi: The Mightiest Disciple|kenichi:_the_mightiest_disciple|shijou_saikyou_no_deshi_kenichi|史上最強弟子兼一,史上最强弟子兼一,377,松江名俊的格斗漫画，描写高中生兼一在道场修行的成长
the_amazing_world_of_gumball,3,The Amazing World of Gumball|theamazingworldofgumball,阿甘妙世界,377,Cartoon Network播出的英美合制动画，讲述猫少年阿甘一家的日常
tomodachi_life,3,Tomodachi Life|tomodachilife|朋友收藏集 新生活|朋友聚会！新生活,朋友收藏 新生活,377,任天堂在3DS推出的Mii生活模拟游戏，2013年发售
super_mario_3d_world,3,超级玛利欧3D世界|超级马里奥3D世界,超级马力欧3D世界,376,登陆 Wii U 与 Switch 的《马力欧》3D 平台动作游戏
super_mario_rpg,3,supermariorpg|超级玛利欧RPG|超级马里奥RPG,超级马力欧RPG,376,史克威尔与任天堂共同开发的《马力欧》RPG，1996 年登陆 SFC
143_ocean_boulevard,3,,143 Ocean Boulevard,375,原创插画或角色系列，具体作者与设定不详
bioshock_(series),3,BioShock|bioshock,生化奇兵,375,Irrational Games开发的第一人称射击游戏系列，以海底都市为舞台
danball_senki,3,LBX|Little Battlers eXperience|little_battlers_experience,纸箱战机,375,Level-5 的掌机游戏与动画企划，以小型机器人模型对战为主题
kyokugen_dasshutsu:_9_jikan_9_nin_9_no_tobira,3,"9 Hours, 9 Persons, 9 Doors|999|9_hours_9_persons_9_doors|kyokugen_dasshutsu:_ku_jikan_ku_nin_kyuu_no_tobira|nine_hours_nine_persons_nine_doors",极限脱出 9小时9人9之门,375,系列首作，2009年登陆任天堂DS，讲述九名参与者被迫进行脱出游戏
natsume_yuujinchou,3,Natsume's Book of Friends|natsume's_book_of_friends|夏目友人帳,夏目友人帐,375,绿川幸的漫画，讲述能看见妖怪的少年夏目，2008年起动画化
rain_world,3,Rain World|rainworld,雨世界,375,以蛞蝓猫为主角的生存平台游戏，舞台为末世生态系统
watashi_wo_tabetai_hitodenashi,3,watashi_o_tabetai_hitodenashi|watatabe,想吃掉我的非人少女,375,苗川采的百合漫画，讲述想吞噬少女的怪物
jissai_no_tokoro,3,,实际上,374,日本作品《实际上》，相关信息较少
pixiv_fate/grand_order_contest_2,3,,pixiv FGO 插画征集活动·第二回,374,pixiv为Fate/Grand Order举办的第二届插画征集活动，2018年举行
princess_peach:_showtime!,3,princesspeachshowtime|碧姬公主 Showtime!|碧姬公主 表演时刻！,碧姬公主 表演时刻！,374,2024年任天堂Switch游戏，碧姬公主主演的超级马力欧衍生作
seisenshi_dunbine,3,Aura Battler Dunbine|aura_battler_dunbine|圣战士邓拜因|聖戦士ダンバイン,圣战士丹拜因,374,富野由悠季创作、Sunrise制作的1983年机器人动画
the_incredibles,3,The Incredibles|incredibles|incredibles2|the_incredibles_2|theincredibles|theincredibles2|超人特工队|超人特攻队,超人总动员,374,迪士尼与皮克斯的超能力家庭题材动画电影系列，首作2004年上映
wangzhe_rongyao,3,Honor of Kings|honor_of_kings,王者荣耀,374,腾讯发行的国产手机MOBA游戏，英文名为Honor of Kings
100%_orange_juice,3,100 Percent Orange Juice|100% Orange Juice|100_percent_orange_juice|100orange|100orangejuice,100%鲜橙汁,373,同人社团Orange_Juice制作的棋盘派对游戏，2013年推出Steam版
ace_attorney_investigations_2:_prosecutor's_gambit,3,Gyakuten Kenji 2|ace_attorney_investigations_2|gyakuten_kenji_2|逆转检察官2,逆转检事2,373,逆转检事系列第二作，2024年前无本地化，后收入合集
cuphead_(game),3,Cuphead|cuphead,茶杯头,373,StudioMDHR 开发的1930年代卡通风格横版射击游戏，2017年发行
joshi_kousei_rich_thots,3,,Joshi Kousei Rich Thots,373,sky-freedom的成人向同人系列《与姐姐融化般的心情》
kemomimi_oukoku_kokuei_housou,3,Kemomimi Oukoku Kokuei Housou|kemomimi_vr_channel,兽耳王国国营放送,373,3DCG创作者 Nekomasu 旗下频道的运营品牌，2018年起活动
mc_axis,3,,MC Axis,373,IKAROS出版的军事与萌系题材杂志
muse_dash,3,Muse Dash|musedash,喵斯快跑,373,PeroPeroGames开发的音乐节奏游戏，2018年发行
to_heart_2_ad,3,TH2AD|ToHeart2 AD|ToHeart2 AnotherDays|to_heart_2_adnext|to_heart_2_adplus|toheart2anotherdays,心之彼端2 AnotherDays,373,Leaf2008年发售的《ToHeart2》外传视觉小说，讲述正传之后的故事
disgaea_d2,3,Disgaea D2|魔界戰記D2,魔界战记D2,372,2013年推出的魔界战记系列外传，为初代数年后的故事
fall_guys,3,Fall Guys: Ultimate Knockout|fall_guys:ultimate_knockout|fallguys|fallguysart|糖豆人：终极淘汰赛,糖豆人,372,Mediatonic开发、Devolver Digital发行的多人淘汰闯关游戏
invader_zim,3,Invader Zim|侵略者Zim,Invader Zim,372,Jhonen Vasquez为Nickelodeon创作的黑色喜剧动画
microsoft,3,微软公司,微软,372,美国跨国科技公司，开发Windows与Office等软件及硬件产品
oshi_no_taisetsuna_hito_ni_narikawaru,3,,Oshi no Taisetsuna Hito ni Narikawaru,372,みつどもえ工房制作的同人游戏作品
summon_night_2,3,Summon Night 2,召唤之夜2,372,《召唤之夜》系列第二作，2001 年登陆 PlayStation
super_blackjack,3,Super Black Jack|super_black_jack,Super Blackjack,372,资料不足，无法确认所指作品与类型
blade_runner_(series),3,Blade Runner|blade_runner|银翼杀手2049,银翼杀手系列,371,改编自菲利普·迪克小说的赛博朋克多媒体系列，主角为里克·戴克
cinderella_(disney_movie),3,Cinderella|cinderella|仙履奇缘,灰姑娘（迪士尼动画）,371,迪士尼1950年改编自童话的动画电影，主角为受继母虐待的少女
konjiki_no_gash!!,3,Zatch Bell!|konjiki_no_gash|zatch_bell|金色的卡修|金色的贾修,金童卡修,371,雷句诚创作的漫画，讲述少年卡修参加魔界王争霸，西方名Zatch Bell
ojisan_to_marshmallow,3,おじさんとマシュマロ,大叔与棉花糖,371,在Pixiv连载的网络漫画，描绘喜欢棉花糖的大叔与同事的日常，2016年改编短篇动画
undead_unluck,3,Undead Unluck|不死不幸,不死不运,371,户冢庆文2020年开始连载的漫画，2023年改编为动画
versailles_no_bara,3,Lady Oscar|The Rose of Versailles|lady_oscar|rose_of_versailles|roseofversailles|the_rose_of_versailles|凡爾賽玫瑰,凡尔赛玫瑰,371,池田理代子的少女漫画代表作，以法国大革命为背景
digimon_universe:_appli_monsters,3,Appli Monsters|Appmon|数码兽宇宙 应用怪兽,数码宝贝宇宙 应用怪兽,370,2016年播出的数码宝贝动画，以Appmon为题材
kaibutsu_oujo,3,Princess Resurrection,怪物王女,370,光永康则2005至2013年的漫画，2007年由Madhouse动画化
matai_toshi,3,,Matai Toshi,370,画师Rindou创作的原创系列
beacon_of_light_in_the_dark_sea,3,,Beacon of Light in the Dark Sea,369,2021年开始连载的韩国网络小说，以深海研究站为舞台
no_thank_you!_(k-on!),3,No Thank You,"No, Thank You!",369,《轻音少女》第二季的片尾曲，由秋山澪担任主唱
gundam_battle_operation_2,3,鋼彈戰鬥行動2|高达战斗行动2,机动战士高达 战斗行动2,368,万代南梦宫运营的高达题材免费多人机甲对战游戏
hatsune_miku_happy_16th_birthday_-dear_creators-,3,Happy 16th Birthday|初音ミク ハッピー16thバースデー,初音未来16岁生日企划,368,初音未来出道16周年的官方纪念企划，含专属服装与倒数插画
last_exile,3,Last Exile|最终流放：银翼的法姆,最终流放,368,GONZO的2003年原创动画，由千明孝一执导、村田莲尔负责角色设计
oomakase,3,,Oomakase,368,画师some1else45的原创系列，讲述成人用品公司S.T.成员们的日常
the_legend_of_zelda:_spirit_tracks,3,塞尔达传说 灵魂轨迹|薩爾達傳說 大地汽笛,塞尔达传说 大地的汽笛,368,塞尔达传说系列第十五作，2009年登陆任天堂DS，沿用风之杖画风
mahou_senshi_symphonic_knights,3,Mahou Senshi Symphonic Knights|魔法戰士交響騎士,魔法戦士シンフォニックナイツ,367,魔法战士系列的成人游戏作品
shuumatsu_no_valkyrie,3,Record of Ragnarok|record_of_ragnarok,终末的女武神,367,梅村真也原作、アジチカ作画的漫画，描写神与人类代表的对决
mighty_no._9,3,Mighty No. 9,无敌9号,366,稻船敬二与Comcept、Inti Creates合作的横版动作游戏
steam_(platform),3,Steam|steam,Steam,366,Valve 运营的全球性数字游戏发行与购买平台
agarest_senki_(series),3,Record of Agarest War|阿格雷斯特战记,阿加雷斯特战记系列,365,Compile Heart的战略角色扮演游戏系列，以魂之继承系统为特色
code_vein,3,Code Vein|codevein,嗜血代码,365,Bandai Namco 2019年发行的魂类动作角色扮演游戏，以吸血鬼为题材
manjuverunu_no_sen_otome,3,,Manjuverunu no Sen Otome,365,日本同人作品，具体出处与设定不详
castlevania:_rondo_of_blood,3,Castlevania: Rondo of Blood|castlevaniarondoofblood|rondoofblood|恶魔城 血之轮回,恶魔城X 血之轮回,364,1993年在PC Engine推出的恶魔城作品，主角为里希特与玛丽亚
jinrui_wa_suitai_shimashita,3,Humanity Has Declined|humanity_has_declined|jinrui_wa_suitaishimashita|jintai|人类衰退以后,人类衰退之后,364,田中罗密欧的轻小说，2012年改编为动画
tetsuwan_atom,3,Astro Boy|astro_boy|astroboy|小飞侠阿童木,铁臂阿童木,364,手冢治虫1952年开始连载的科幻漫画，主角为机器人少年阿童木
zako_(vocaloid),3,zako|ざこ,Zako,364,柊マグネタイト创作的Vocaloid歌曲，以初音未来声库演唱
andersen's_fairy_tales,3,安徒生童话集,安徒生童话,363,安徒生1835年起出版的童话集，含海的女儿等名篇
houkago_teibou_nisshi,3,Diary of Our Days at the Breakwater|diary_of_our_days_at_the_breakwater|放学后堤防日记,放学后海堤日记,363,小坂泰之的漫画，讲述少女们钓鱼的日常，2020年动画化
kage_no_jitsuryokusha_ni_naritakute!_master_of_garden,3,Shadow Garden|影之实力者 Master of Garden,想要成为影之实力者 Master of Garden,363,改编自《想要成为影之实力者》的2022年手机游戏
karakai_jouzu_no_(moto)_takagi-san,3,Karakai Jouzu no (Moto) Takagi-san|擅长捉弄人的（前）高木同学,擅长捉弄人的（元）高木同学,363,《擅长捉弄的高木同学》的续篇，描绘婚后生活
napoli_no_otokotachi,3,ナポリの男たち,Napoli no Otokotachi,363,由四名游戏实况主组成的日本创作团体
odd_taxi,3,Odd Taxi|oddtaxi|奇巧出租车,奇巧计程车,363,2021年由OLM与P.I.C.S制作的动画，主角为海象出租车司机，另有漫画、小说与电影
ooe_(adelta),3,ooe_(game),Ooe,363,くろさわ(adelta)的18禁BL视觉小说，2025年4月发售，角色名取自东京湾岸地名
osu!,3,osu,osu!,363,2007年发布的社区驱动音乐节奏游戏，玩法为随节奏点击圆圈
sakura_no_toki,3,,樱之刻,363,枕社的成人向视觉小说，为《樱之诗》的续作
valkyrie_profile_1,3,,北欧女神1,363,《北欧女神》系列首作，登陆PS1并移植PSP，主角蕾娜丝负责收集英灵
yowamushi_pedal,3,Yowamushi Pedal|弱虫ペダル,飙速宅男,363,渡边航的公路自行车竞技漫画及动画
danganronpa/zero,3,Danganronpa Zero|dangan_ronpa/zero|枪弹辩驳/零,弹丸论破/零,362,《弹丸论破》前传轻小说，讲述希望之峰学园入学前的事件
fantasy_earth,3,Fantasy Earth Zero|幻想大陸,幻想战记,362,Softgear开发、Square Enix发行的MMORPG系列
kamihime_project,3,Kamihime Project|神姫計画,神姬计划,362,DMM的免费浏览器RPG抽卡游戏
sabrina_to_muryoku_na_tamashii,3,,Sabrina to Muryoku na Tamashii,362,日本同人创作中的原创作品系列，围绕名为萨布丽娜的角色展开
soukou_kihei_votoms,3,Armored Trooper Votoms|armored_trooper_votoms|装甲骑兵ボトムズ,装甲骑兵,362,Sunrise 制作、高桥良辅执导的 1983 年真实系机甲动画
shantae_and_the_pirate's_curse,3,Shantae and the Pirate's Curse|香堤：海盗的诅咒,桑塔：海盗的诅咒,361,桑塔系列第三作，主角以海盗装备与变身能力展开冒险
sonic_adventure,3,Sonic Adventure|刺猬索尼克大冒险|音速小子大冒险,索尼克大冒险,361,1998年发售的Dreamcast游戏，索尼克系列首部3D正统作品
starcraft,3,StarCraft|星海争霸,星际争霸,361,暴雪娱乐 1998 年推出的科幻即时战略游戏，围绕人族、虫族与神族
bleach:_brave_souls,3,BLEACH Brave Souls|死神Brave Souls,死神：勇敢的灵魂,360,死神系列的3D动作手机游戏
chanto_suenai_kyuuketsuki-chan,3,,ちゃんと吸えない吸血鬼ちゃん,360,以不会吸血的吸血鬼少女为主角的作品
dream_hunter_rem,3,ドリームハンター麗夢,Dream Hunter Rem,360,1985至1992年推出的动画OVA系列，首集为成人向
itai_no_wa_iya_nano_de_bougyoryoku_ni_kyokufuri_shitai_to_omoimasu,3,BOFURI|bofuri|怕痛的我决定全点防御力,因为太怕痛就全点防御力了,360,夕蜜柑的轻小说，讲述少女在VR游戏中专精防御的冒险
kaze_no_klonoa,3,Klonoa|風之克羅諾亞,风之克罗诺亚,360,南梦宫的平台动作游戏系列
love_curse:_find_your_soulmate,3,Love Curse: Find Your Soulmate|bu_lian'ai_jiu_wandanle|lovecursefindyoursoulmate|寻找灵魂伴侣,不恋爱就完蛋了,360,Steam上的中文百合恋爱模拟游戏，主角为颜望舒与扶光等角色
punch-out!!,3,Punch-Out!!|punchout|拳无虚发,拳无虚发!!,360,任天堂1984年起的拳击游戏系列
black_surge_night,3,Black Surge Night|blacksurgenight|ブラックサージナイト,黑潮：深海觉醒,359,以舰船拟人少女为主题的中国手机游戏，2020年至2022年运营
chousoku_henkei_gyrozetter,3,Chousoku Henkei Gyrozetter|超速變形螺旋傑特,超速变形螺旋杰特,359,Square Enix 2012年的游戏企划，同年改编为动画并有漫画连载
lord_of_heroes,3,lordofheroes,Lord of Heroes,359,韩国Clover Games开发的回合制手机角色扮演游戏
oomuro-ke,3,Oomuro-ke|大室家 dear sisters,大室家,359,なもり《摇曳百合》的番外漫画，以大室三姐妹为中心
pixiv_fantasia_4,3,,Pixiv Fantasia 4,359,Pixiv Fantasia第四届企划，pixiv上的奇幻世界观创作活动
summer_wars,3,Summer Wars|夏日战争,夏日大作战,359,细田守执导、Madhouse 制作的 2009 年原创动画电影
sword_art_online:_memory_defrag,3,SAO记忆重组|Sword Art Online: Memory Defrag,刀剑神域：记忆重组,359,2016年在日本上线的手机动作游戏，2017年推出国际版
yu-gi-oh!_master_duel,3,Yu-Gi-Oh! Master Duel|masterduel|yugiohmasterduel|游戏王：大师决斗,游戏王 大师决斗,359,Konami的免费数字卡牌游戏，收录逾万张OCG与TCG卡片
crossbone_gundam,3,Crossbone Gundam|骨十字高达,海盗高达,358,长谷川裕一作画的《机动战士高达》漫画，为《高达F91》的续篇
gynoid_talk,3,ギノイドトーク,Gynoid Talk,358,Gynoid公司的语音合成软件，相关插画多以Flower等角色形象出现
kamen_rider_kiva_(series),3,Kamen Rider Kiva|假面骑士月骑,假面骑士Kiva,358,平成假面骑士第9作，2008年播出
nogi_wakaba_wa_yuusha_de_aru,3,Nogi Wakaba is a Hero|nogi_wakaba_is_a_hero|乃木若葉是勇者,乃木若叶是勇者,358,《勇者系列》的前传轻小说，在电击G's杂志连载
project_diva,3,Project DIVA|初音ミク Project DIVA,初音未来 歌姬计划,358,SEGA2009年在PSP推出的初音未来节奏游戏，系列首作
tales_of_innocence,3,Tales of Innocence|無罪傳說|纯真传说,圣洁传说,358,传说系列第九部母舰作品，登陆NDS，未在欧美发行
ultra_kaijuu_gijinka_keikaku,3,Ultra Kaiju Gijinka Keikaku|ウルトラ怪獣擬人化計画|超巨大怪兽拟人化计划,超怪兽拟人化计划,358,圆谷认可的怪兽拟人化企划，将奥特怪兽变为少女角色
crystal_maiden_(series),3,,Crystal Maidens,357,Nutaku 2019年发行的成人角色扮演游戏，2022年结束运营
escape_from_tarkov,3,Escape from Tarkov|escapefromtarkov|逃脱塔科夫,逃离塔科夫,357,Battlestate Games开发的硬核多人生存射击游戏
dragon_ball_xenoverse,3,Dragon Ball Xenoverse|dragonballxenoverse|dragonballxenoverse2|dragonballxenoverse3|xenoverse1|xenoverse2|xenoverse3|七龙珠 超宇宙,龙珠超宇宙,356,龙珠系列的动作格斗游戏，以时空巡逻队与原创剧情为特色
god_of_war_(series),3,,战神,356,以斯巴达战士奎托斯为主角的动作游戏系列，涉及多个神话体系
hataraku_saibou_black,3,Cells at Work! Code Black|cells_at_work!_code_black|工作细胞Black,工作细胞BLACK,356,《工作细胞》的衍生漫画，以不健康的人体为舞台，风格更为沉重
himawari-san,3,Miss Sunflower|ひまわりさん,向日葵小姐,356,菅野文的漫画，主角是当地书店的老板娘
kamen_rider_drive_(series),3,Kamen Rider Drive|假面骑士Drive|幪面超人Drive,假面骑士驰骑,356,平成假面骑士第16作，以汽车为主题
rilakkuma_(series),3,,轻松熊（系列）,356,San-X的角色品牌，主要角色为轻松熊与小白熊
usseewa,3,うっせぇわ,吵死了,356,Ado演唱的歌曲，2020年发布后成为热门单曲
happy_tree_friends,3,Happy Tree Friends|happytreefriends|欢乐树朋友,快乐树朋友,355,Mondo Mini Shows的flash动画，以可爱画风与极端血腥著称
kyokugen_dasshutsu_adv:_zennin_shibou_desu,3,virtue's_last_reward|zero_escape:_virtue's_last_reward|善人シボウデス|极限脱出 善人死报,极限脱出ADV：善人死亡,355,系列第二作，登陆3DS与PSV，英文名 Virtue's Last Reward
wendy's,3,Wendy's|wendys|温蒂,温迪,355,美国的快餐连锁品牌，以方形汉堡与新鲜牛肉为特色
c_(control),3,C|C: The Money of Soul and Possibility Control|c:_the_money_of_soul_and_possibility|c_the_money_of_soul_and_possibility_control|control|control:_the_money_of_soul_and_possibility|金钱掌控,C：金钱掌控,354,龙之子工作室制作的2011年原创科幻动画，以金钱与未来为题材
gachimuchi,3,Gachimuchi|gachigasm|ガチムチ|筋肉兄贵,兄贵,354,以健美男性摔跤影像为素材的日本网络迷因文化，又称哲学
heroman,3,HEROMAN|HEROMAN英雄主义,HEROMAN,354,斯坦·李原案、BONES制作的2009年机甲动画及漫画
plants_vs._zombies_2,3,Plants vs. Zombies 2|plants_vs_zombies_2,植物大战僵尸2,354,植物大战僵尸的手机续作，2013年推出并持续更新
sayonara_lara,3,goodbye_lara,再见拉拉,354,Kinema Citrus成立15周年的原创动画，题材取自人鱼公主
c.c._lemon,3,C.C.レモン,C.C.柠檬,353,三得利推出的柠檬味碳酸饮料，广告曾使用辛普森一家角色
nhk_ni_youkoso!,3,NHKへようこそ|Welcome to the NHK|nhk_ni_yookoso|nhk_ni_yookoso!|nhk_ni_youkoso|welcome_to_nhk|welcome_to_the_n.h.k.|welcome_to_the_nhk,欢迎加入NHK！,353,泷本龙彦的小说，描写家里蹲青年与少女的相遇，并有漫画与动画改编
queen's_blade_grimoire,3,Queen's Blade Grimoire|女王之刃 格利摩尔|女皇之刃 魔导书,女王之刃 魔导书,353,女王之刃系列外传，以平行世界为舞台的格斗画集
rokudenashi_majutsu_koushi_to_akashic_record,3,Akashic Records of Bastard Magic Instructor|akashic_records_of_bastard_magic_instructor|不正經的魔術講師與禁忌教典,不正经的魔术讲师与禁忌教典,353,羊太郎的异世界学园轻小说，2017年春季改编为动画
absolute_batman,3,,绝对蝙蝠侠,352,DC漫画2024年推出的系列，属绝对DC宇宙，主角为24岁的工程师布鲁斯·韦恩
professor_layton,3,Professor Layton|雷遁教授,雷顿教授,352,Level-5的NDS与3DS解谜冒险系列，主角为考古学家雷顿教授
shinsou_seiki_elementia,3,,Shinsou Seiki Elementia,352,Pin-Point开发的成人向同人游戏，以元素战士少女为主角
tiny_evil,3,TINY EVIL,Tiny Evil,352,むく创作的成人向漫画系列，描写男性与少女、魅魔等的性事
yuukyuu_gensoukyoku_revival,3,,悠久幻想曲 Revival,352,《悠久幻想曲》在Nintendo Switch上的重制版游戏
ichigo_100%,3,ichigo_100|ichigo_100_percent,草莓百分百,351,河下水希的恋爱漫画，讲述少年与少女们的青春故事
life_is_strange_(series),3,,奇异人生,351,Dontnod开发、Square Enix发行的冒险游戏系列，以选择影响剧情为特色
mystic_square,3,Mystic Square|東方怪綺談,东方怪绮谈,350,东方Project第5作弹幕射击游戏，PC-98平台末作
pokemon_mystery_dungeon:_explorers_of_time/darkness/sky,3,Pokemon Mystery Dungeon|口袋妖怪不可思议迷宫 时/暗/空之探险队|宝可梦神秘迷宫,宝可梦不可思议的迷宫 时之探险队／暗之探险队／空之探险队,350,不可思议迷宫系列第二作，2007年推出时与暗，2009年推出加强版空
urasekai_picnic,3,Otherside Picnic|otherside_picnic|裏世界ピクニック|里世界远足,里世界郊游,350,宫泽伊织的科幻奇幻小说，2021年由Liden Films改编为动画
dosanko_gal_wa_namaramenkoi,3,Dosanko Gal wa Namaramenkoi|dosanko_gyaru_wa_namaramenkoi|hokkaido_gals_are_super_adorable!|北海道辣妹很可爱,北海道辣妹贼拉可爱,349,伊科田海创作的校园恋爱漫画，2024年改编动画
hara_hara!!,3,,孕ら☆ハラっ!!,349,Swan于2007年推出的成人游戏，以学园为舞台
igaku_(utau),3,Igaku|Medicine|medicine_(utau)|医药(UTAU),医药,349,原口沙辅创作、重音テト演唱的UTAU歌曲
devil_summoner:_soul_hackers,3,Devil Summoner: Soul Hackers|soul_hackers|soulhackers|悪魔召唤师 灵魂黑客,恶魔召唤师 灵魂黑客,348,1997年登陆世嘉土星的恶魔召唤师系列角色扮演游戏
hapymaher,3,Hapimera|ハピメア,Hapymaher,348,Purple Software的视觉小说系列，以梦境与恋爱为主题
himekishi_olivia,3,,姬骑士奥莉维亚,348,以公主骑士为主角的日本成人向游戏作品
planetarian,3,planetarian ～小さな星の夢～|小小的星之梦,星之梦,348,Key社出品的科幻视觉小说，属于无分支的Kinetic Novel
seiken_gakuin_no_maken_tsukai,3,The Demon Sword Master of Excalibur Academy|the_demon_sword_master_of_excalibur_academy|聖剣学院の魔剣使い,圣剑学院的魔剑使,348,清水ユウ的异世界学园轻小说及改编动画
the_super_mario_bros._movie,3,The Super Mario Bros. Movie|super_mario_bros._(2023_movie)|supermariomovie|超级马里奥兄弟大电影,超级马力欧兄弟大电影,348,Illumination制作的马力欧系列3D动画电影，2023年上映
monsters_inc.,3,monsters_inc|怪兽公司|怪物电力公司|怪獸電力公司,怪兽电力公司,347,皮克斯2001年动画电影，怪物用孩子尖叫为城市发电
comiket_93,3,C93|Comic Market第93届|Comiket93|c93,Comic Market 93,346,Comic Market 第93届同人志即卖会，2017年12月29-31日举办
dragon_age,3,Dragon Age|dragonage|闇龍紀元,龙腾世纪,346,BioWare开发的奇幻角色扮演游戏系列，含小说与动画
jet_set_radio,3,JSR|Jet Set Radio|jetsetradio|喷射涂鸦,街头涂鸦,346,世嘉2000年的涂鸦滑板题材动作游戏，Dreamcast平台
megami_magazine_deluxe,3,Megami Deluxe|megami_deluxe|メガミマガジン|女神杂志增刊,Megami Magazine Deluxe,346,《Megami MAGAZINE》的不定期增刊合集
roco_kingdom:_world,3,,洛克王国：世界,346,腾讯洛克王国系列的开放世界宠物收集角色扮演游戏，2026年在中国上线
taiko_no_tatsujin,3,Taiko no Tatsujin|太鼓之达人,太鼓达人,346,万代南梦宫发行的和太鼓节奏游戏系列，敲击太鼓配合乐曲
tom_clancy's_the_division,3,Tom Clancy's The Division|division|the_division|thedivision|汤姆克兰西的全境封锁,全境封锁,346,育碧与Massive开发的第三人称射击角色扮演游戏系列
dragon_quest_ix,3,Dragon Quest IX|dragon_quest_9|勇者斗恶龙IX 星空的守护者,勇者斗恶龙9,345,2009年登陆任天堂DS的系列第九作，主打多人联机
pokemon_sleep,3,Pokémon Sleep|宝可梦Sleep,宝可梦睡眠,345,手机上的宝可梦衍生游戏，通过记录睡眠时间来影响游戏内容
sonic_the_hedgehog_(archie_comics),3,Archie Sonic|archiesonic|索尼克Archie漫画|音速小子(阿奇漫画版),刺猬索尼克（阿奇漫画）,345,阿奇漫画出版的索尼克漫画系列，1993年至2017年连载
tantei_wa_mou_shindeiru,3,The Detective Is Already Dead|the_detective_is_already_dead|侦探已经，死了。|探偵はもう、死んでいる,侦探已经死了,345,二语十创作的轻小说，有漫画与动画改编，围绕侦探与助手展开
the_legend_of_zelda:_link's_awakening,3,The Legend of Zelda: Link's Awakening|塞尔达传说 梦见岛,塞尔达传说 织梦岛,345,塞尔达传说系列第四作，1993年登陆Game Boy
twin_angel,3,Kaitou Tenshi Twin Angel|双天使|快盗天使Twin Angel,快盗天使,345,Trivy与Sammy推出的魔法少女题材多媒体企划
dragon's_dogma_(series),3,Dragon's Dogma|龙族教义,龙之信条（系列）,344,卡普空的动作角色扮演游戏系列，含在线版与二代
idol_land_pripara,3,Idol Land Pripara|偶像乐园Pripara,偶像乐园美妙天堂,344,美妙天堂系列的手机游戏与网络动画，2021年起推出
internet_explorer,3,IE|Internet Explorer,IE浏览器,344,微软开发的网页浏览器，1995年起随Windows提供
shimoneta_to_iu_gainen_ga_sonzai_shinai_taikutsu_na_sekai,3,SHIMONETA|shimoneta|shimoseka|下流梗不存在的灰暗世界|没有下流梗的世界,没有黄段子的无聊世界,344,赤城大空的下流梗搞笑轻小说，2015年改编为动画
kao_no_nai_tsuki,3,Moonlight Lady|moonlight_lady|no_surface_moon|顔のない月,无颜之月,343,Orbit 2000年的成人游戏，改编为5集OVA
masterwork_apocalypse,3,Shuumatsu no Akasha|shuumatsu_no_akasha|終末のアーカーシャ|终末的阿卡夏,幻书启世录,343,网易开发的书籍拟人题材手机角色扮演游戏，2022年停运
virtual_on,3,Virtual On|電脳戦機バーチャロン,电脑战机,343,世嘉的3D机甲格斗游戏系列，机体多由角木肇设计
azure_striker_gunvolt_2,3,Azure Striker Gunvolt 2|苍蓝雷霆 钢伏特 2|蒼き雷霆ガンヴォルト,苍蓝雷霆 钢伏特2,342,《苍蓝雷霆 钢伏特》系列第二作，稻船敬二监制
lotus_land_story,3,Lotus Land Story|東方幻想郷,东方幻想乡,342,东方Project第四作，1998年发售于PC-98平台，属旧作时期的弹幕射击游戏
mahjong_fight_girl,3,Mahjong Fight Club外传|麻将战斗女孩|麻雀ファイトガール,麻将斗士女孩,342,科乐美的街机麻将游戏，2023年3月在日本推出，为麻将格斗俱乐部系列衍生作
seihou,3,Seihou|西方计划,西方Project,342,由「瞬殺サレ道？」成员制作的同人纵版射击游戏系列
bakusou_kyoudai_let's_&_go!!,3,Let's & Go!!|热血四驱兄弟|爆走兄弟レッツ&ゴー!!,四驱兄弟,341,越田哲弘的迷你四驱车漫画，改编为多部电视动画
choukou_sennin_haruka,3,Beat Blades Haruka|beat_blades_haruka|超昂闪忍晴香|超昂闪忍遥,超昂闪忍哈鲁卡,341,AliceSoft 超昂系列第二作的成人游戏，主角为忍者少女哈鲁卡
puss_in_boots:_the_last_wish,3,Puss in Boots: The Last Wish|穿靴子的猫：最后的愿望,穿靴子的猫2：最后的愿望,341,梦工厂2022年动画电影，《怪物史莱克》系列第6部作品
amaryllis_gumi,3,Amaryllis|Amaryllis组|amaryllis|amaryllis_class|朱顶红组,孤挺花组,340,原由BitStar支援的虚拟YouTuber团体，成员独立后仍保持活动
atlus,3,Atlus|アトラス,阿特拉斯,340,日本的游戏公司，世嘉子公司，开发《女神异闻录》等系列
bakuon!!,3,Bakuon!!|bakuon|爆音少女！！,爆音少女,340,织本美奈的漫画，描写女子高中生摩托车部的日常，2016年动画化
hololive_alternative,3,hololive alt|hololivealt|ホロライブ・オルタナティブ,Hololive Alternative,340,Cover为hololive制作的跨媒体企划，含动画与漫画等
kirby_super_star,3,Kirby Super Star|星之卡比 超级豪华版|星之卡比 超豪华版,星之卡比 超级明星,340,SFC平台的卡比游戏，由八个单元组成，大幅扩充复制能力招式
melt_(vocaloid),3,melt|メルト|融化,Melt,340,ryo创作的初音未来歌曲，supercell的代表作之一
ninjago,3,,幻影忍者,340,LEGO的忍者主题玩具系列，2011年起发售，并有同名3D动画与续作《Dragons Rising》
ole_tower,3,ORE TOWER|Over Legend Endless Tower|ore_tower|俺のタワー,俺塔,340,SE Mobile开发的塔防页游，玩家用「工具少女」搭建无尽之塔
ryuu_ga_gotoku_0,3,Yakuza 0|yakuza_0|人中之龙0,如龙0,340,如龙系列的前传作品，舞台为1988年泡沫经济的日本
star_ocean:_first_departure,3,Star Ocean: First Departure|star_ocean_1|star_ocean_first_departure|星之海洋1|星海传说 初次启程,星之海洋 初次启程,340,《星之海洋》初代在 PSP 平台的重制版，2008 年发售
super_mario_bros._wonder,3,Super Mario Bros. Wonder|supermariobroswonder|超级马里奥兄弟 惊奇,超级马力欧兄弟 惊奇,340,2023 年登陆 Switch 的《马力欧》横版平台动作游戏
uchi_no_kuroneko_onnanoko,3,uchino_kuroneko_onnanoko,我家的黑猫女孩,340,メガテル的漫画，描绘黑猫拟人少女与饲主的日常
ys_viii:_lacrimosa_of_dana,3,Ys VIII: Lacrimosa of Dana|ys_viii_lacrimosa_of_dana|ysviii|イースVIII|伊苏Ⅷ 丹娜的陨涕日,伊苏8：丹娜的陨涕日,340,《伊苏》系列第八作，玩家可操作亚特鲁与丹娜
ame_to_kimi_to,3,amekimi|雨と君と|雨和君,雨与你,339,Nikaidou Kou创作的日常漫画，描写少女与狸猫的同居生活
brave_girl_ravens,3,ブレイヴガールレイヴンズ|勇者少女渡鸦,Brave Girl Ravens,339,DMM的网页游戏，玩家作为佣兵团长招募女性战士
mogeko_castle,3,Mogeko Castle|mogekocastle|モゲコキャッスル,モゲコキャッスル,339,海底囚人制作的搞笑恐怖角色扮演游戏，2012年发行
good_omens,3,Good Omens|goodomens,好兆头,338,改编自盖曼与普拉切特同名小说的奇幻剧集，描绘天使与恶魔阻止末日
hyakka_ryouran_samurai_girls,3,Samurai Girls|hyakka-ryoran|hyakka-ryouran|hyakka_ryoran|hyakka_ryoran_samurai_girls|hyakka_ryouran|百花繚乱 サムライガールズ|百花缭乱 武士女孩,百花缭乱 武士少女,338,铃木晓的轻小说，以架空江户为舞台，2010年动画化
ikemen_onna_to_hakoiri_musume,3,,帅哥女与深闺少女,338,もちオーレ原作、まじょこいど作画的百合漫画
inabakumori,3,Inabakumori|inaba_kumori|稲葉曇,稻叶昙,338,以歌爱雪为主要声源的VOCALOID音乐制作人，擅长电音
kakyuusei_2,3,リトルシスター2|下级生2,下级生2,338,ELF 2004年发售的恋爱养成成人游戏
majutsushi_orphen,3,Sorcerous Stabber Orphen|sorcerous_stabber_orphen|魔剑士奥芬|魔術士オーフェン,魔术师奥芬,338,秋田祯信创作的奇幻小说系列，后被改编为动画与游戏
orc_wa_nozomanai,3,,Orc wa Nozomanai,338,以兽人为题材的成人向作品
persona_4:_dancing_all_night,3,P4D|Persona 4: Dancing All Night|女神异闻录4 通宵热舞,女神异闻录4 彻夜热舞,338,女神异闻录4衍生的节奏游戏，2015年登陆PS Vita，由Atlus与Dingo开发
captain_america:_the_winter_soldier,3,Captain America: The Winter Soldier|美国队长2：冬兵,美国队长2：冬日战士,337,漫威电影宇宙第九部电影，美国队长首部电影的续集
houkago_play,3,Houkago Play|放課後プレイ,放学后PLAY,337,黑咲炼的同人四格漫画，描写三对情侣的日常
pokemon:_the_electric_tale_of_pikachu,3,The Electric Tale of Pikachu|dengeki!_pikachu|dengeki_pikachu|electric_tale_of_pikachu|皮卡丘电气物语|電撃!ピカチュウ,电击！皮卡丘,337,小野敏洋创作的宝可梦官方漫画，改编自动画并有较多设定差异
saikin_yatotta_maid_ga_ayashii,3,The Maid I Hired Recently Is Mysterious|the_maid_i_hired_recently_is_mysterious|最近雇ったメイドが怪しい|最近雇的女佣有点神秘,最近雇的女仆有点奇怪,337,昆布わかめ的漫画及改编动画，讲述新雇女仆的恋爱喜剧
sora_yori_mo_tooi_basho,3,A Place Further than the Universe|a_place_further_than_the_universe|yorimoi|宇宙よりも遠い場所,比宇宙更远的地方,337,Madhouse 制作的原创青春动画，讲述少女们前往南极的旅程
tsuma_shibori,3,,妻しぼり,337,AliceSoft出品的成人向游戏，《妻みぐい》系列第三作
all_saints_street,3,All Saints Street|allsaintsstreet|wan_sheng_jie|万圣街,万圣街,336,Lingzi创作的中国网络漫画，描写各国妖怪合租公寓的日常
anyamal_tantei_kirumin_zoo,3,Anyamal Tantei Kiruminzoo|animal_detective_kirumin_zoo|あにゃまる探偵 キルミンずぅ|动物侦探奇鲁敏,动物侦探Kiruminzoo,336,Satelight制作的原创变身动画，三姐妹可变成动物与奇鲁敏
how_to_train_your_dragon_(series),3,How to Train Your Dragon|驯龙骑士,驯龙高手,336,改编自英国儿童小说的梦工厂动画电影系列
kore_ga_watashi_no_goshujin-sama,3,He Is My Master|he_is_my_master|これが私の御主人様|这是我的主人,我的主人爱作怪,336,以女仆与cosplay为主题的搞笑恋爱喜剧漫画，2002至2007年连载
class_of_09,3,09届班级|Class of 09|classof09,Class of '09,335,2021年发行的英语视觉小说，讲述2008年美国高中女生妮可的校园生活
winnie_the_pooh,3,Winnie the Pooh|维尼熊,小熊维尼,335,A.A.米尔恩创作的绘本系列，迪士尼经营其相关衍生作品
bomberman,3,Bomberman|爆弹人|爆破人,炸弹人,334,放置炸弹解谜的动作游戏系列，1983年首发，现由科乐美持有
choujin_x,3,Choujin X|choujinx,超人X,334,石田翠的漫画，2021年起在《隔壁的Young Jump》等刊物连载
kagetsu_tooya,3,Kagetsu Tohya|kagetsu_tohya,歌月十夜,334,《月姬》的Fan Disc，收录多个番外篇章
kirby_air_riders,3,,Kirby Air Riders,334,《卡比飞天赛车》续作，2025年登陆Nintendo Switch 2，加入线上对战与故事模式
rikai_no_aru_karen-chan,3,懂事的卡莲酱|理解のあるカレンちゃん,善解人意的卡莲酱,334,以善解人意的卡莲酱为主题的系列插画梗
scryed,3,s-CRY-ed|スクライド,魂狩,334,谷口悟朗执导、Sunrise制作的2001年超能力动画
golden_sun,3,Golden Sun|黄金的太阳,黄金太阳,333,Camelot 开发、任天堂发行的 GBA 角色扮演游戏系列
monobeno,3,Monobeno|ものべの|茂伸,茂伸奇谈,333,Lose社的和风民俗视觉小说，原画由Cura负责
phoenix_wright:_ace_attorney,3,Phoenix Wright: Ace Attorney|ace_attorney_1|gyakuten_saiban_1|从严逆转的律师成步堂|逆转裁判1,逆转裁判（初代）,333,逆转裁判系列首作，成步堂龙一作为辩护律师首次登场
wario_land,3,Wario Land|warioland|瓦力欧大陆,瓦利欧大陆,333,以瓦利欧为主角的平台动作游戏系列，多为掌机上的2D作品
camp_buddy,3,CampBuddy|campbuddy|营友,Camp Buddy,332,BLits Games的男性向恋爱视觉小说，以夏令营为舞台
kamen_rider_agito_(series),3,假面骑士AGITO|幪面超人亚积多|幪面超人亞傑多,假面骑士亚极陀,332,平成假面骑士第2作，2001年播出
little_tail_bronx,3,Littletailbronx|小小尾巴布朗克斯|小尾巴布朗克斯,Little Tail Bronx,332,CyberConnect2的兽人题材游戏系列，各作共享天空岛屿的世界观
namco,3,Namco|纳姆科,南梦宫,332,日本老牌游戏与街机厂商，2005年与万代合并
no.6,3,NO.6|No.6|未来都市NO.6,未来都市No.6,332,浅野敦子的SF小说，2011年由BONES改编动画，角色设计由toi8负责
paper_mario:_the_origami_king,3,Paper Mario: The Origami King|origamiking|papermarioorigamiking|纸片马里奥：折纸国王,纸片马力欧：折纸国王,332,围绕奥利王将世界折纸化的纸片马力欧系列角色扮演游戏
v4mirai,3,,V4Mirai,332,Brave Group面向北美市场的英语VTuber企划
blood+,3,Blood Plus|blood_plus|血战|血戰,BLOOD+,331,Production I.G制作的动画，2005至2006年播出，讲述少女小夜与翼手的战斗
ginga_tetsudou_999,3,Galaxy Express 999|galaxy_express_999|銀河鉄道999,银河铁道999,331,松本零士的科幻漫画，少年星野铁郎搭乘银河铁道999展开旅程
illustration.media,3,,illustration.media,331,2013年起每年出版的日本插画年鉴系列
kanagawa_okinami_ura,3,The Great Wave off Kanagawa|kanagawa_oki_nami_ura|the_great_wave_off_kanagawa|巨浪|神奈川沖浪裏,神奈川冲浪里,331,葛饰北斋《富岳三十六景》中的浮世绘，1831年作
kin-iro_loveriche,3,kin'iro_loveriche|キンラブ|金恋|金色ラブリッチェ,金色Loveriche,331,SAGA PLANETS 出品的恋爱冒险游戏，2017年发售
paripi_koumei,3,Ya Boy Kongming!|ya_boy_kongming!|パリピ孔明|派对浪客孔明,派对浪客诸葛孔明,331,四叶夕人原作、小川亮作画的漫画，诸葛孔明转生现代涩谷助歌手成名
steampunk_(liarsoft),3,Liarsoft蒸汽朋克|Steampunk Series|スチームパンクシリーズ,蒸汽朋克系列,331,Liarsoft 的成人视觉小说系列，以蒸汽朋克世界观与悬疑剧情为特色
toki_wo_kakeru_shoujo,3,The Girl Who Leapt Through Time|Tokikake|the_girl_who_leapt_through_time|toki_o_kakeru_shoujo|tokikake|時をかける少女|跳躍吧！時空少女,穿越时空的少女,331,筒井康隆的科幻小说，多次改编为影视与动画，细田守版最为知名
zone_of_the_enders_(series),3,zone_of_the_enders,终极地带（系列）,331,小岛秀夫与科乐美创作的机甲动作游戏系列，首作随PlayStation 2首发并有动画等衍生作品
fire_emblem_gaiden,3,FE外传|Fire Emblem Gaiden|fe2|ファイアーエムブレム外伝|火焰之纹章外传,火焰纹章外传,330,《火焰之纹章》系列第二作，登陆FC，2017年重制为Echoes
grisaia_no_meikyuu,3,Grisaia no Meikyuu|The Labyrinth of Grisaia|グリザイアの迷宮|灰色迷宫,灰色的迷宫,330,《灰色》系列第二作，2012年发售，补完主角雄二过去的篇章
ice_climber,3,Ice Climber|ice_climbers|敲冰塊,敲冰块,330,任天堂1985年发行的平台游戏，主角为爱斯基摩双胞胎
kanokon,3,Kanokon|かのこん|狐仙女友,我的狐仙女友,330,西野胜海的轻小说，2008年改编为动画
saint_seiya_omega,3,Saint Seiya Omega|圣斗士星矢Omega|圣斗士星矢欧米伽,圣斗士星矢Ω,330,东映动画制作的圣斗士星矢系列动画，主角为新一代圣斗士光牙
tsubasa_chronicle,3,TSUBASA翼|Tsubasa: Reservoir Chronicle|ツバサ・クロニクル,翼·年代记,330,CLAMP创作的漫画，小狼与樱公主穿越次元寻找羽毛，与《xxxHOLiC》联动
battle_angel_alita,3,Battle Angel Alita|GUNNM|gunnm|战斗天使阿丽塔|銃夢,铳梦,329,木城幸人的科幻赛博朋克漫画，讲述改造人少女凯丽的故事
cinderella_(fairy_tale),3,Cinderella|cinderella|仙度瑞拉|辛德瑞拉,灰姑娘（童话）,329,欧洲流传的经典童话，以玻璃鞋与南瓜马车闻名
comic_lo,3,ComicLO|LO|comiclo|lo|コミックLO,Comic LO,329,茜新社出版的成人漫画月刊，以萝莉题材作品为主
comiket_91,3,C91|Comiket 91|c91|コミケ91|コミックマーケット91,Comic Market 91,329,Comic Market 第91届同人志即卖会，2016年12月29-31日举办
persona_5_scramble:_the_phantom_strikers,3,P5S|Persona 5 Strikers|ペルソナ5 スクランブル|女神异闻录5 对决,女神异闻录5 乱战：魅影攻手,329,女神异闻录5衍生动作角色扮演游戏，由Omega Force与P-Studio合作开发
red_velvet_(group),3,RV|redvelvet|redvelvetfanart|红贝贝|레드벨벳,Red Velvet,329,SM娱乐旗下2014年出道的韩国女子组合
shadowverse_(animated_series),3,Shadowverse|シャドウバース|影之诗动画,影之诗（动画系列）,329,ZEXCS制作的影之诗动画系列，含本篇与第二季Flame
beast_wars,3,Beast Wars|beastwars|百變金剛|野兽战争,野兽战争系列,328,《变形金刚》中以动物形态变形的子系列
code_geass:_boukoku_no_akito,3,Code Geass: Akito the Exiled|akitotheexiled|code_geass:_akito_the_exiled|コードギアス 亡国のアキト|亡国的阿基德,Code Geass 亡国的阿基德,328,《Code Geass》外传动画，舞台为被 EU 占领的欧洲战场
comic_party,3,コミックパーティー|漫画派对,Comic Party,328,Leaf 的恋爱冒险游戏，以同人创作生活为题材，后改编为动画
ganbare_goemon,3,Ganbare Goemon|Mystical Ninja Goemon|がんばれゴエモン|加油五右卫门,大盗五右卫门,328,科乐美以义贼五右卫门为主角的动作游戏系列
grand_theft_auto_v,3,GTA5|Grand Theft Auto V|grand_theft_auto_online|侠盗猎车V,侠盗猎车手5,328,Rockstar Games开发的开放世界动作游戏，2013年发售，系列第五作
hyakko,3,ヒャッコ|百子|虎子,Hyakko,328,2006年至2013年连载的四格漫画，2008年改编为动画
idolmaster_one_for_all,3,THE IDOLM@STER ONE FOR ALL|偶像大师 One for All,偶像大师 全力以赴,328,2014年在PS3发售的偶像大师正作
lake_of_voices,3,,Lake of Voices,328,GB Patch Games于2018年发布的免费英文恐怖视觉小说，主角为Kikka
seitokai_yakuindomo,3,SYD|Seitokai Yakuindomo|生徒会役員共,妄想学生会,328,氏家ト全的四格漫画，以校园黄段子搞笑为主题
tenco's_story,3,,天子的旅行,328,しーらかんす创作的东方Project同人漫画，主角为短发天子
yu-gi-oh!_the_dark_side_of_dimensions,3,Yu-Gi-Oh! The Dark Side of Dimensions|the_darkside_of_dimensions|游戏王 THE DARK SIDE OF DIMENSIONS|遊☆戯☆王 THE DARK SIDE OF DIMENSIONS,游戏王：次元的暗面,328,2016年《游戏王》20周年剧场版动画
kirby:_planet_robobot,3,Kirby: Planet Robobot|卡比机器机器人星球|星之卡比 机械行星,星之卡比 机器人星球,327,任天堂3DS上的卡比游戏，2016年发售，卡比可驾驶机器人装甲
atelier_ayesha,3,Atelier Ayesha|アーシャのアトリエ|炼金术士Ayesha|煉金工房 愛夏,爱夏的炼金工房,326,《炼金工房》系列第14作，黄昏三部曲的第一部
higanbana_no_saku_yoru_ni,3,Higanbana no Saku Yoru ni|彼岸花の咲く夜に|彼岸花开之夜|彼岸花綻放之夜,彼岸花盛开之夜,326,龙骑士07原作的视觉小说与漫画，以咒杀和彼岸花为主题的恐怖群像剧
hua_yi_shanxin_zhiyue,3,花亦山|花亦山心之月手游,花亦山心之月,326,朝夕光年发行的国风书院题材手游，2021年上线
ico,3,Ico|ico_(game)|古堡迷踪|迷雾古城,ICO,326,Team ICO开发、上田文人执导的2001年PS2解谜动作游戏
lonely_girl_ni_sakaraenai,3,Can't Defy the Lonely Girl|I Can't Say No To The Lonely Girl|can't_defy_the_lonely_girl|i_can't_refuse_lonely_girl's_request|i_can't_say_no_to_the_lonely_girl|孤独のGIRLに逆らえない|无法反抗孤独的少女,Lonely Girl ni Sakaraenai,326,カシカゼ的百合漫画，讲述孤僻少女与风纪委员之间的校园恋爱
madan_no_ichi,3,Ichi the Witch|ichi_the_witch|ichithewitch|魔弹一号|魔弹之壹|魔弾の一,魔男伊奇,326,西修原作、宇佐崎しろ作画的少年Jump漫画，讲述首位男性魔女的冒险
makai_tenshi_djibril,3,Makai Tenshi Djibril|makai_tenshi_jibril|魔界天使ジブリール|魔界天使吉布里尔,魔界天使,326,Frontwing的成人视觉小说系列
shinkyoku_soukai_polyphonica,3,Shinkyoku Soukai Polyphonica|polyphonica|神曲奏界Polyphonica|神曲奏界ポリフォニカ,神曲奏界,326,大迫纯一的轻小说系列，描写精灵与奏士的世界，并有动画改编
super_no_ura_de_yani_suu_futari,3,smoking_behind_the_supermarket_with_you,スーパーの裏でヤニ吸うふたり,326,じぬし创作的恋爱喜剧漫画，讲述超市后门抽烟的两人
uchuu_no_stellvia,3,Stellvia|stellvia|宇宙のステルヴィア|宇宙學園|宇宙的星路,宇宙学园,326,2003年的科幻动画，讲述少年少女在宇宙学院追逐梦想的故事
xxxholic,3,xxxHOLiC|ホリック|四月一日灵异事件簿|次元魔女,XXXHOLiC,326,CLAMP的漫画，讲述四月一日君寻与次元魔女壹原侑子的灵异故事
bakumatsu_rouman,3,Last Blade|The Last Blade|gekka_no_kenshi|last_blade|the_last_blade|幕末浪漫|幕末浪漫 月華の剣士,月华剑士,325,SNK的幕末题材剑戟格斗游戏系列
bionicle,3,810nicle|810nicleday|BIONICLE|legobionicle|乐高生化战士|生化战争,生化战士,325,乐高2000年至2010年推出的积木系列，以科幻与部落风格为特色
grand_summoners,3,グランドサマナーズ|格兰召唤师,Grand Summoners,325,日本推出的手机角色扮演游戏，以像素画风与联动活动著称
happy_sugar_life,3,ハッピーシュガーライフ|幸福甜蜜生活|快乐砂糖生活,幸福甜蜜生活,325,键空とみやき的漫画，讲述少女砂糖与盐的扭曲同居生活，2018年动画化
ombok_diving_and_delivery_services,3,,Ombok Diving and Delivery Services,325,Cessa创作的印尼语网络漫画，2013至2014年连载，主角为Arung Samudra
seeno_de!_hasu_no_sora!,3,,Seeno de! Hasu no Sora!,325,《Love Live! 莲之空女学院学园偶像俱乐部》的网综节目
shantae:_half-genie_hero,3,Shantae: Half-Genie Hero|香缇：半精灵英雄|香蒂：半精灵英雄,桑塔：半精灵英雄,325,WayForward开发的桑塔系列第四作，采用手绘美术的横版动作游戏
valkyrie_no_densetsu,3,Valkyrie no Densetsu|ワルキューレの伝説|瓦尔基里的传说,女武神传说,325,南梦宫1989年的街机动作游戏，主角瓦尔基里是早期游戏女主角之一
xblaze_code:_embryo,3,Xblaze|xblaze|エクスブレイズ コード:エンブリオ,Xblaze Code: Embryo,325,《苍翼默示录》前传视觉小说，2013年发行，舞台为2050年
advance_of_zeta,3,ADVANCE OF ZETA ティターンズの旗のもとに|AOZ|泰坦斯的旗下,Advance of Zeta,324,以提坦斯视角展开的Z高达外传企划，藤冈建机负责机体设计
banana_fish,3,bananafish|バナナフィッシュ|戰慄殺機|香蕉鱼,BANANA FISH,324,吉田秋生的漫画及改编动画，讲述亚修与英二的故事
duolingo,3,Duolingo,多邻国,324,2012年上线的语言学习应用，以绿色猫头鹰吉祥物Duo闻名
ninin_ga_shinobuden,3,Ninin ga Shinobuden|Ninja Nonsense|ninja_nonsense|shinobuden|ニニンがシノブ伝|忍忍传,酷伊忍者传,324,改编自Kagemaru漫画的搞笑忍者动画，2004年播出
shadow_of_the_colossus,3,Shadow of the Colossus|ワンダと巨像|巨像之影|旺達與巨象,汪达与巨像,324,Team ICO开发、上田文人执导的PS2动作冒险游戏，为复活少女挑战巨像
varium,3,,Varium,324,日本的VTuber事务所，旗下拥有多期虚拟主播
falkyrie_no_monshou,3,,ファルキューレの紋章,323,Gumi开发、MyNet运营的手机卡牌游戏，2012年上线
fruits_basket,3,Fruits Basket|フルーツバスケット|生肖奇缘,水果篮子,323,高屋奈月创作的少女漫画，描绘十二生肖诅咒下与草摩家的故事
kaleido_star,3,Kaleido Star|カレイドスター|卡莱多之星,万花筒之星,323,2003年播出的杂技马戏团题材励志动画
mahou_shoujo_ikusei_keikaku_restart,3,Magical Girl Raising Project: Restart|魔法少女育成計画restart|魔法少女育成计划重启,魔法少女育成计划 restart,323,《魔法少女育成计划》系列小说的第二个故事篇章，2026年动画化
melon_girls,3,,Melon Girls,323,Melonbooks以水果为主题的拟人化吉祥物角色
mono_(afro),3,Mono|mono|mono由あfろ|モノ,mono,323,あfろ的摄影与旅行题材漫画，2025年改编为动画
sidonia_no_kishi,3,Knights of Sidonia|Sidonia no Kishi|シドニアの騎士|银河骑士传,希德尼娅的骑士,323,弐瓶勉的科幻漫画，描写人类播种船与奇居子的战争
virtuareal_link,3,VirtuaReal|andou_inari_official|azusa_official|joi_official|karon_official|kero_official|mitsusa_official|nox_official|ruruna_official|sumire_hina_official|susam_official|维阿,VirtuaReal Link,323,VirtuaReal的合作企划，为独立或小团体VTuber提供技术支持
city_(arawi_keiichi),3,,CITY,322,あらゐけいいち的喜剧漫画，与《日常》同一世界观，2025年动画化
downtown_no_gaki_no_tsukai_ya_arahende!!,3,Gaki no Tsukai|ガキの使い|ガキ使|ダウンタウンのガキの使いやあらへんで!!,Downtown no Gaki no Tsukai ya Arahende!!,322,日本吉本兴业的综艺节目，由Downtown主持，以整蛊企划闻名
hello_charlotte,3,Hello Charlotte|hellocharlotte|こんにちはシャーロット,你好，夏洛特,322,etherane用RPG Maker制作的恐怖风格游戏系列，围绕少女夏洛特展开
pokemon_heroes:_latios_&_latias,3,Pokémon Heroes|pokemon_m05|水の都の護神 ラティアスとラティオス|神奇宝贝剧场版 水都的守护神|精灵宝可梦剧场版 水都的守护神,宝可梦：水都的守护神,322,宝可梦系列第5部剧场版，以拉帝亚斯与拉帝欧斯守护水都为主题
runescape,3,RS3|RuneScape 3|runescape_3,RuneScape,322,英国Jagex开发的中世纪奇幻MMORPG，另有怀旧服版本
sengoku_taisen,3,Sengoku Taisen|戦国大戦,战国大战,322,世嘉的战国题材街机卡牌即时战略游戏
vivid_strike!,3,ヴィヴィッドストライク|魔法少女奈叶 ViVid Strike!,ViVid Strike!,322,《魔法少女奈叶》系列的格斗向电视动画
yumenokessho,3,夢の結晶,梦之结晶,322,使用BanG Dream!角色声音的AI歌声合成企划
azure_striker_gunvolt_1,3,,苍蓝雷霆 钢伏特1,321,《苍蓝雷霆 钢伏特》系列首作，2014年登陆3DS
brave_sword_x_blaze_soul,3,ブレイブソード×ブレイズソウル|ブレソル,Brave Sword x Blaze Soul,321,grimoire发行的日本手机游戏，舞台是剑与人偶的幻想世界
ordo_mediare_sisters_(ironlily),3,,Ordo Mediare Sisters,321,画师Ironlily的原创系列，描绘军队中的少女修女们
readymade_(ado),3,Ado|レディメイド,Readymade,321,Ado演唱的歌曲，PV角色为Merry
the_bible,3,The Bible|The Holy Bible|bible|thebible|聖經,圣经,321,基督宗教的经典，包含旧约与新约两部分
five_nights_at_freddy's:_security_breach,3,FNAF: Security Breach|Five Nights at Freddy's: Security Breach|五夜后宫：安全漏洞,玩具熊的五夜后宫：安全漏洞,320,《玩具熊的五夜后宫》系列第八作，2021年推出
motto!_haramase!_honoo_no_oppai_isekai_oppai_bunny_gakuen!,3,,もっと!孕ませ!炎のおっぱい異世界おっぱいバニー学園!,320,Milk Factory计划于2025年发行的兔女郎学园题材成人视觉小说
overman_king_gainer,3,OVERMANキングゲイナー|王者盖纳,Overman King Gainer,320,日升制作、富野由悠季执导的科幻机器人动画，主角驾驶王者盖纳
saihate_(vocaloid),3,saihate|最果て,サイハテ,320,小林オニキス创作的初音未来歌曲
sentai_red_isekai_de_boukensha_ni_naru,3,sentai_red_ga_isekai_de_boukensha_ni_naru|the_red_ranger_becomes_an_adventurer_in_another_world,战队红在异世界成为冒险者,320,中吉虎吉的漫画及动画，以超级战队与异世界为题材
kaiten_muten-maru,3,回転むてん丸|快转无天丸,Kaiten Muten-maru,319,藏寿司推出的集换式卡牌游戏《回转むてん丸》
idolmaster_starlit_season,3,THE IDOLM@STER STARLIT SEASON|スターリットシーズン|偶像大师 星光季节,偶像大师 星耀季节,318,集合多个分支偶像的偶像大师家用机游戏
justice_league,3,Justice League|justiceleague|正義聯盟,正义联盟,318,DC漫画的超级英雄团队，核心成员包括超人、蝙蝠侠
mob_talker,3,mobtalker,Mob Talker,318,Minecraft模组，将游戏怪物拟人化为角色进行对话
shadow_hearts,3,Shadow Hearts|シャドウハーツ,影之心,318,以20世纪初为舞台的角色扮演游戏系列，含PS2三部曲与Koudelka
battlefield_(series),3,Battlefield|battlefield|战地|戰地風雲,战地风云,317,EA DICE开发的第一人称射击游戏系列，以大战场多人对战为特色
digimon_adventure_tri.,3,Digimon Adventure tri.|digimon_adventure_tri|digimonadventuretri|デジモンアドベンチャーtri.|数码暴龙大冒险tri.,数码宝贝大冒险tri.,317,数码宝贝大冒险与02的续篇剧场版系列，共六章
ochikobore_fruit_tart,3,Dropout Idol Fruit Tart|Ochikobore Fruit Tart|dropout_idol_fruit_tart|ochifuru|おちこぼれフルーツタルト|落第偶像的水果塔,满溢的水果塔,317,滨弓场双的四格漫画，2020年改编动画，讲述少女们组成偶像团体保卫宿舍
strike_witches:_katayoku_no_majo-tachi,3,Strike Witches: Katayoku no Majo-tachi|ストライクウィッチーズ 片翼の魔女たち,强袭魔女 片翼的魔女们,317,《强袭魔女》世界观下的漫画，围绕怀特岛派遣队
trickster_(ntreev_soft),3,Trickster Online|トリックスター,Trickster,317,Ntreev Soft开发的2003年韩国Q版MMORPG，2014年停运
uchuu_patrol_luluco,3,Space Patrol Luluco|space_patrol_luluco|宇宙パトロールルル子,宇宙巡警露露子,317,TRIGGER制作的短篇动画，2016年播出，讲述少女露露子的宇宙巡逻故事
tomodachi_life:_living_the_dream,3,,朋友收藏 梦想生活,316,任天堂2026年在Switch推出的Mii生活模拟游戏
atelier_firis,3,Atelier Firis|フィリスのアトリエ|炼金工房 菲莉丝|菲莉斯的工作室,菲莉丝的炼金工房,315,《炼金工房》系列第18作，不可思议三部曲的第二部
brawl_stars,3,Brawl Stars|brawlstars|brawlstarsart|荒野亂鬥,荒野乱斗,315,Supercell开发的多人对战手机游戏
rabi-ribi,3,ラビリビ|拉比·莉比|拉比哩比,Rabi-Ribi,315,台湾团队开发的2D银河城风格弹幕动作游戏
saiki_kusuo_no_psi_nan,3,the_disastrous_life_of_saiki_k.|超能力者齐木楠雄的灾难|齐木楠雄的Ψ难,齐木楠雄的灾难,315,麻生周一的搞笑漫画及改编动画，主角为超能力者齐木楠雄
shiritsu_justice_gakuen,3,Project Justice|Rival Schools|私立ジャスティス学園,私立正义学园（初代）,315,Capcom的街机格斗游戏，以各校学生之间的对抗为主题
slow_loop,3,slowloop|スローループ|慢速循环,Slow Loop,315,内野舞子的钓鱼题材漫画，2022年由Connect改编为动画
donkey_kong_country,3,森喜刚国度|超级大金刚,大金刚国度,314,Rare开发、任天堂发行的超级任天堂横版平台游戏
mabinogi_heroes,3,vindictus|玛英,洛奇英雄传,314,Nexon的MMORPG，为《洛奇》的前传，以写实暴力与物理引擎的动作战斗著称
nanatsuiro_drops,3,ななついろ★ドロップス|七彩星露,七色星露,314,UNiSONSHIFT的恋爱冒险游戏及其改编动画
noa-senpai_wa_tomodachi.,3,ノア先輩は友達。,诺亚前辈是朋友。,314,秋山えんま的日常系漫画，围绕少女与前辈们的相处展开
trusty_bell,3,信赖铃音~肖邦之梦~|肖邦之梦,信赖铃音,314,Tri-Crescendo开发、万代南梦宫发行的RPG，副标题为肖邦之梦
bishoujo_senshi_sailor_moon_crystal,3,美少女战士crystal|美少女战士水晶,美少女战士Crystal,313,《美少女战士》2014年的重制动画，更忠实于原作漫画
kimi_ga_shinu_made_koi_wo_shitai,3,kimishinu,在你死之前想谈恋爱,313,以少女之间的情感为主题的百合漫画，2026年夏季播出改编动画
pokemon_red/green/blue/yellow_(prototype),3,pokemon_rgby_(prototype),宝可梦 红／绿 原型版,313,第一世代未采用内容，早期开发阶段名为胶囊怪兽
comic_anthurium,3,コミックアンスリウム,Comic Anthurium,312,GOT 出版的成人漫画月刊
false_memory,3,,False Memory,312,Bilibili、Flint Sugar与Studio Tumble出品的中国动画系列
hopeless_masquerade,3,TH13.5|东方心绮楼~Hopeless Masquerade,东方心绮楼,312,东方Project第13.5作，黄昏边境开发的格斗游戏，2013年发布
nukigee_mitai_na_shima_ni_sunderu_watashi_wa_dou_surya_ii_desu_ka?,3,nukitashi|ぬきたし|住在拔作岛上的我是如何是好,拔作岛,312,Qruppo的2018年成人向视觉小说，并有漫画与2025年动画
sentimental_graffiti,3,,Sentimental Graffiti,312,NEC Interchannel的恋爱模拟游戏系列，并有改编动画
shining_wind,3,シャイニング・ウィンド,光明之风,312,光明之泪的续作，以异世界奇幻为舞台的PS2角色扮演游戏
shoujo_to_ura_roji,3,少女と裏路地,少女与里路地,312,画师as109在Pixiv发表的成人向系列作品
stalker_(game),3,S.T.A.L.K.E.R.|潜行者:切尔诺贝利的阴影,潜行者,312,乌克兰 GSC Game World 开发的生存恐怖射击游戏，舞台为切尔诺贝利禁区
strider_(game),3,,Strider,312,Capcom 1989 年推出的街机横版动作游戏，主角为忍者飞龙
super_mario_64,3,超级玛利欧64|超级马里奥64,超级马力欧64,312,1996 年登陆 Nintendo 64 的《超级马力欧》系列首款 3D 游戏
war_thunder,3,War Thunder|warthunder|战雷,战争雷霆,312,Gaijin Entertainment的多人载具对战游戏，涵盖陆海空三军
gensou_suikoden_iii,3,幻想水浒传III|幻想水滸伝III,幻想水浒传3,311,系列第三作，舞台设在邓安以西，采用多主角视点
irotoridori_no_sekai,3,いろとりどりのセカイ|色鸟鸟,五彩斑斓的世界,311,FAVORITE开发的恋爱冒险视觉小说，原画为司田カズヒロ
marvel_vs._capcom_3,3,MARVEL VS. CAPCOM 3|marvelvscapcom3|漫画英雄vs.卡普空3,漫威vs.卡普空3,311,系列第五作，卡普空与漫威角色同台格斗
rumble_roses,3,Rumble Roses|格斗玫瑰,摔角玫瑰,311,Konami 开发的女子摔角题材格斗游戏
umayuru,3,うまゆる|马娘四格,摇曳马娘,311,《赛马娘》的迷你动画，在官方YouTube频道播出
asobi_ni_iku_yo!,3,cat_planet_cuties|あそびにいくヨ!|一起去玩吧,玩伴猫耳娘,310,神野オキナ的轻小说，描写少年与猫耳外星人的同居生活
kamichu!,3,かみちゅ!|神是中学生,神中！,310,Brain's Base 2005年的动画，讲述中学生成为地方神
mahou_senshi_elixir_knights,3,魔法战士圣杯骑士|魔法戦士エリクサーナイト,魔法戦士エリクシルナイツ,310,Triangle开发的成人游戏，为魔法战士系列的变身题材作品
manaria_friends,3,Mysteria Friends|玛娜利亚学院,玛娜莉亚的朋友们,310,2019年冬动画，改编自《巴哈姆特之怒》的玛娜莉亚魔法学院活动
power_rangers,3,powerrangers|超凡战队|金刚战士,超凡战队,310,改编自日本超级战队的美国特摄系列，1993年起播出
princess_lover,3,プリンセスラバー,公主恋人,310,Ricotta2008年推出的成人向恋爱冒险游戏，并有动画改编
jujutsu_kaisen_modulo,3,jujutsu_kaisen_mojuro,咒术回战 Modulo,309,芥见下下原作、岩崎优次作画的《咒术回战》续篇，2025年开始连载
kiddy_grade,3,KIDDY GRADE|キディ・グレイド,银河战警,309,GONZO 制作的科幻动作动画，2002年播出，以赏金猎人少女为主角
mona_lisa,3,Mona Lisa|蒙娜麗莎,蒙娜丽莎,309,达·芬奇绘制的文艺复兴肖像画，以神秘微笑著称
wonder_egg_priority,3,WEP|WONDER EGG PRIORITY,奇蛋物语,309,CloverWorks制作的2021年原创动画，少女们与奇蛋相遇的故事
haite_kudasai_takamine-san,3,"履いてください、高峰さん|高峰小姐,请穿上",请穿上，高峰同学！,308,柊裕一创作的校园恋爱喜剧漫画，围绕高峰与白田的互动展开
seikimatsu_occult_gakuin,3,occult_academy|世纪末神秘学院|世纪末超自然学园,世纪末超自然学院,308,A-1 Pictures制作的2010年超自然题材动画
soukou_senki_prism_reica,3,装甲战姬 棱镜蕾卡|装甲戦姫プリズムレイカ,装甲战姬 普利兹姆蕾卡,308,Pin-Point 的同人游戏，与 Prism Shine 同属一个系列
star_wars:_return_of_the_jedi,3,star_wars_episode_6|star_wars_episode_vi|星球大战6:绝地归来|武士复仇|绝地大反攻,星球大战6：绝地归来,308,1983 年上映的星战正传三部曲第三部，编号为第六部
danganronpa_s:_ultimate_summer_camp,3,Danganronpa S|弹丸论破S:终极夏令营,弹丸论破S 超高校级的南国骰子合宿,307,《弹丸论破》系列的掷骰育成游戏，为系列十周年企划
liz_to_rose_no_koubou_~shakkin_shimai_no_koubou_nisshi~,3,,Liz to Rose no Koubou ~Shakkin Shimai no Koubou Nisshi~,307,日本的作品，具体类型与内容不详
re:zero_kara_hajimeru_isekai_seikatsu:_lost_in_memories,3,Re:从零开始的异世界生活 Lost in Memories|リゼロ Lost in Memories,Re:从零开始的异世界生活 迷失的记忆,307,SEGA开发的《Re:从零》改编手游，2023年停止运营
river_city_girls,3,River City Girls|rcgirls|rivercitygirls|河城区少女,热血少女,307,《热血物语》系列衍生清版动作游戏，主角为美佐子与京子
sonic_riders_(series),3,Sonic Riders|sonicriders|音速小子競速,索尼克竞速（系列）,307,索尼克系列的悬浮滑板竞速游戏系列，共三部作品
the_distortion_detective,3,The Distortion Detective|distortion_detective|distortiondetective,扭曲侦探,307,Project Moon的韩国网络小说，与《废墟图书馆》《边狱公司》共享世界观
atelier_lydie_&_suelle,3,atelier_lydie_and_suelle|莉蒂与苏尔的工作室|莉迪与苏瑞的工作室,莉迪与苏瑞的炼金工房,306,《炼金工房》系列第19作，不可思议三部曲的完结篇
fire_emblem_warriors,3,fire_emblem_musou|圣火降魔录无双|火焰之纹章无双,火焰纹章无双,306,光荣特库摩《无双》与《火焰之纹章》联动的动作游戏
gundam_narrative,3,机动战士高达NT|钢弹NT,机动战士高达NT,306,2018年上映的高达剧场版，故事发生在UC0097，接续独角兽
kampfer,3,Kampfer|カンファー,肯普法,306,筑地俊彦的轻小说，2009年改编为动画
masamune-kun_no_revenge,3,masamune-kun's_revenge|政宗くんのリベンジ,政宗君的复仇,306,竹冈叶月原作、Tiv作画的恋爱喜剧漫画
portal_1,3,Portal|传送门,传送门1,306,Valve推出的第一人称解谜游戏，主角雪儿用传送门枪闯关，由GLaDOS主持测试
taboo_japan_disentanglement,3,Taboo Japan Disentanglement,七夕坂梦幻能,306,上海爱丽丝幻乐团推出的第十张音乐CD，属ZUN's Music Collection系列
the_legend_of_zelda_(nes),3,海拉尔的幻想|萨尔达传说,塞尔达传说（初代）,306,塞尔达传说系列首作，1986年发售于FC磁碟机
xai_(company),3,X.AI|xAI公司,xAI,306,埃隆·马斯克创立的人工智能公司，开发了聊天机器人Grok
comiket_88,3,C88|Comiket 88|c88,Comic Market 88,305,Comic Market 第88届同人志即卖会，2015年8月14-16日举办
mobile_suit_gundam_the_origin,3,机动战士钢弹THE ORIGIN|高达The Origin|高达起源,机动战士高达 THE ORIGIN,305,安彦良和改编的高达漫画，讲述一年战争前夜的故事
portrait_of_exotic_girls,3,Portrait of Exotic Girls,异国少女肖像,305,ZUN在其旧网站发布的东方少女插画集，部分角色后来获得二次创作
3am,3,,3AM,304,美国虚拟主播事务所，一期生公寓101于2023年10月出道
ano_ko_wa_toshi_densetsu,3,あの子は都市伝説|她是都市传说,那孩子是都市传说,304,Gomennasai于2013年发行的同人志作品，主角为残虐さん
comiket_92,3,C92|Comiket 92|c92,Comic Market 92,304,Comic Market 第92届同人志即卖会，2017年8月11-13日举办
cream_lemon,3,Cream Lemon|クリームレモン,奶油柠檬,304,1984年开始发行的早期成人向 OVA 系列
left_4_dead,3,L4D|left4dead|恶灵势力|生存之旅,求生之路,304,Valve开发的四人合作丧尸射击游戏系列，强调团队协作
monster_high,3,Monster High|monsterhigh|怪物高中,怪兽高中,304,美泰2010年推出的玩偶系列，角色为著名怪物的后代
parasite_eve_(series),3,Parasite Eve|parasite_eve,寄生前夜,304,史克威尔艾尼克斯的生存恐怖RPG系列，改编自濑名秀明的小说
specialite_(company),3,スペシャリテ,Specialite,304,日本的虚拟主播事务所，旗下主播以直播与视频活动为主
cyberpunk:_edgerunners_2,3,,赛博朋克：边缘行者 第二季,303,《赛博朋克：边缘行者》第二季，预定2026年秋播出
gaki_kyonyuu,3,,Gaki Kyonyuu,303,Kaedeko 创作的原创系列，主角为佐佐木姐妹等角色
it_(stephen_king),3,IT|it|it1990|it2017|itminiseries|itmovie|它|死光,小丑回魂,303,斯蒂芬·金1986年的恐怖小说，讲述儿童对抗小丑潘尼怀斯
moyashimon,3,Moyashimon|moyasimon:_tales_of_agriculture|豆芽小文,萌菌物语,303,石川雅之的漫画，讲述农业大学中能看见菌类的学生
super_danganronpa_another_2,3,SDRA2|弹丸论破Another2,超级弹丸论破Another 2,303,LINUJ 制作的《弹丸论破》风格同人推理游戏
yuragisou_no_yuuna-san,3,yuragi-sou_no_yuuna-san|yuuna_and_the_haunted_hot_springs|摇曳庄的幽奈同学|汤摇庄的悠奈同学,汤摇庄的幽奈同学,303,三浦忠弘的后宫喜剧漫画，连载于周刊少年Jump
zombie_high_school,3,,Zombie High School,303,韩国AWESOMEPIECE开发的像素风2D街机动作游戏
jigoku_sensei_nube,3,地狱先生神眉|灵异教师神眉,地狱老师神眉,302,真仓翔原作的神怪校园漫画，1996年改编为动画
lost_universe,3,Lost Universe,失落的宇宙,302,神坂一的科幻轻小说，1992至2000年出版，1998年改编为26集动画
wonder_festival,3,WF|ワンフェス,Wonder Festival,302,日本千叶举办的一年两届手办模型展会，由海洋堂主办
city_hunter,3,City Hunter,城市猎人,301,北条司的都市动作漫画，1985年起连载，主角为冴羽獠
goho_mafia!_kajita-kun,3,ごほうマフィア!梶田くん,犒赏黑手党!梶田君,301,bkub 作画、梶田 Mafia 原作的搞笑四格漫画，声优常客串登场
jewelpet_twinkle,3,jewel_pet_tinkle|jewelpet_tinkle|ジュエルペットてぃんくる|宝石宠物Twinkle|宝石宠物闪耀,宝石宠物Tinkle,301,《宝石宠物》系列第二部电视动画
twice_(group),3,twice|twicefanart|兔瓦斯|트와이스,TWICE,301,JYP娱乐旗下的九人女子偶像团体，成员含韩日台籍
wcdonald's,3,WcDonalds|wcdonalds|山寨麦当劳,WcDonald's,301,日本动漫中常见的麦当劳戏仿品牌，将M标志倒置为W
eshi_100_nin_ten,3,百人绘师展,绘师100人展,300,每年举办、汇集百位画师原创插画的展览企划
gakuen_utopia_manabi_straight!,3,gakuen_utopia_manabi_straight|manabi_straight|manabi_straight!|学园乌托邦学美向前冲|学美向前冲,学园乌托邦 学美向前冲!,300,ufotable 的校园题材企划，含漫画、2007年动画与 PS2 游戏
one_piece:_strong_world,3,ONE PIECE FILM STRONG WORLD|strongworld|航海王:强者天下,航海王：强者世界,300,2009年上映的第10部《航海王》剧场版
ayakashi_triangle,3,Ayakashi Triangle|物怪三角,妖三角,299,矢吹健太朗的恋爱喜剧漫画，以妖怪与忍者为主题
detective_pikachu_(series),3,Detective Pikachu|detective_pikachu|大侦探皮卡丘,名侦探皮卡丘（系列）,299,涵盖游戏与真人电影的宝可梦衍生企划
game_&_watch,3,ゲーム&ウオッチ,Game & Watch,299,任天堂1980年代推出的便携液晶游戏机系列，现以 Mr. Game & Watch 形象出现
jinki,3,JINKI|jinki_extend|jinkiextend|人機,人机,299,纲岛志朗的机器人科幻漫画，含《人机》与《人机Extend》
macross_frontier:_itsuwari_no_utahime,3,Macross Frontier The False Diva|macross_frontier:_the_false_diva|macross_frontier:_the_false_songstress|假歌姬|剧场版超时空要塞F 虚空歌姬,超时空要塞F 虚空歌姬,299,《超时空要塞F》的第一部剧场版，2009年上映，重编电视版故事
nazo_no_kanojo_x,3,mysterious_girlfriend_x|神秘女友X|谜样女友X,谜之彼女X,299,植芝理一的漫画，讲述少年与神秘少女的恋爱，2012年动画化
saber_marionette_j,3,セイバーマリオネットJ,机械女神J,299,1996年起播出的机器人题材动画，角色设计为ことぶきつかさ
digimon_world_re:digitize,3,re:digitize|re:digitizedecode|デジモンワールド リ:デジタイズ|数码世界复原,数码宝贝世界 复元,298,数码宝贝世界系列的PSP养成角色扮演游戏，后移植3DS
fromsoftware,3,From Software|フロム・ソフトウェア,FromSoftware,298,日本游戏开发商，代表作为《黑暗之魂》与《艾尔登法环》
harem_futago_lolita,3,,ハーレム双子ロリータ,298,成人向游戏，以双胞胎萝莉角色的后宫剧情为内容
mahou_shoujo_no_inshuu_mura,3,,魔法少女ノ淫臭村,298,Acacia制作的黑暗魔法少女视觉小说，与《魔法少女的魔女审判》同系列
the_evil_within,3,The Evil Within|theevilwithin|心魔|邪灵入侵,恶灵附身,298,三上真司监制的生存恐怖游戏，2014年发售
witch_craft_works,3,WITCH CRAFT WORKS,魔女的使命,298,水薙龙连载于讲谈社Good! Afternoon的漫画及其动画
youkai_watch_2,3,妖怪ウォッチ2,妖怪手表2,298,《妖怪手表》系列第二作游戏
alien_(1979),3,Alien|alien_(movie)|异形1,异形,297,雷德利·斯科特执导的1979年科幻恐怖电影
bloodstained_(series),3,,赤痕系列,297,五十岚孝司打造的动作游戏系列，被视为恶魔城的精神续作
crawling_dreams,3,Crawling Dreams,爬行之梦,297,作品或曲目相关版权标签，具体信息不详
danganronpa_kirigiri,3,ダンガンロンパ霧切|雾切外传,弹丸论破雾切,297,北山猛邦执笔的外传小说，讲述雾切响子的过去
dungeon_travelers_2,3,ダンジョントラベラーズ2|地下城旅人2,迷宫旅人2,297,2013年在PSP发售的迷宫探索RPG，以《圆桌骑士学生会》角色为主
kono_subarashii_sekai_ni_bakuen_wo!,3,konosuba:_an_explosion_on_this_wonderful_world!|为美好的世界献上爆焰!|素晴外传:爆炎,为美好的世界献上爆炎!,297,《为美好的世界献上祝福！》的外传轻小说，以惠惠为主角，已改编动画
slow_damage,3,slowdamage|スローダメージ|慢伤,Slow Damage,297,Nitro+CHiRAL的BL视觉小说，2021年发售
sword_art_online_the_movie:_ordinal_scale,3,SAO剧场版:序列之争|刀剑神域剧场版 序列之争,刀剑神域:序列之争,297,2017年上映的刀剑神域剧场版动画，围绕AR游戏序列之争展开
tales_of_hearts,3,TALES OF HEARTS|心之传说,心灵传说,297,传说系列第十一部母舰作品，登陆NDS，2014年移植PSVita
vallure,3,vallureofficial,VAllure,297,以成人向内容为主的VTuber事务所，2026年6月宣布关闭
vanguard_princess,3,Vanguard Princess|先驱公主,先锋公主,297,Suge9制作的免费同人格斗游戏，以高质量画面受到关注
castlevania:_symphony_of_the_night,3,symphonyofthenight|恶魔城:夜之交响曲|月下夜想曲,恶魔城X 月下夜想曲,296,1997年在PS推出的恶魔城作品，以探索型玩法奠定银河恶魔城类型
metal_gear_solid_2:_sons_of_liberty,3,MGS2|metal_gear_solid_2|潜龙谍影2,合金装备2 自由之子,296,2001年发售的系列第二作，登陆PS2
taimanin_murasaki,3,makai_kishi_ingrid|むらさき|魔界骑士Ingrid,对魔忍紫,296,对魔忍系列中以紫为主角的作品，属Lilith-soft的成人游戏
2ch.ru,3,,2ch.ru,295,2007至2009年运营的首个俄语图像论坛Dvach，吉祥物为Dvach-tan
ao_no_roku-gou,3,Blue Submarine No.6|blue_submarine_no_6|蓝潜艇6号|青之六号,蓝色6号,295,1998年的OVA动画，讲述潜艇与神秘生物的对决
hogwarts_legacy,3,hogwartslegacy|霍格华兹传承|霍格沃茨遗产,霍格沃茨之遗,295,基于哈利波特世界观的2023年开放世界动作RPG
japanese_mythology,3,和风神话|日本神话传说,日本神话,295,日本以神道与佛教为背景的神话、传说与妖怪故事体系
reflect_(gawr_gura),3,,Reflect,295,Gawr Gura原创曲及其黑暗形象，特征为红眼与血染衣物
socks_agency,3,,Socks Agency,295,FlorkOfCows创立的虚拟YouTuber事务所
the_saga_of_darren_shan,3,,吸血侠达伦·山,295,达伦·山创作的十二卷青少年吸血鬼题材小说系列
tokimeki_memorial_girl's_side_3rd_story,3,心跳回忆Girl's Side 3|心跳回忆女生版3,心跳回忆GS3,295,科乐美女性向恋爱模拟游戏《心跳回忆 Girl's Side》第三作
bible_black,3,圣经黑,Bible Black,294,ActiveSoft的成人向视觉小说，2000年发售，并有动画改编
blue_reflection_maboroshi_ni_mau_shoujo_no_ken,3,Blue Reflection|bluereflection|蓝色反射 幻舞少女之剑,蓝色反射 幻舞的少女之剑,294,蓝色反射系列首作，Gust开发的PS4与PSVita游戏
fireball_(series),3,,Fireball,294,迪士尼的CG动画短片系列
gamer_supps,3,gamersupps,GamerSupps,294,美国能量饮料品牌，主打电竞玩家与网络红人联名杯具
honest_axe,3,金斧头银斧头|金斧银斧,诚实的樵夫,294,伊索寓言中的故事，讲述樵夫与金斧银斧的考验
maerchen_(sound_horizon),3,marchen_(album)|メルヒェン|童话,Marchen,294,Sound Horizon的专辑，以格林童话与七宗罪为题材重新演绎
no_more_heroes,3,No More Heroes,英雄不再,294,须田刚一执导、Marvelous等发行的动作游戏，主角为杀手特拉维斯
super_mario_sunshine,3,超级马里奥阳光|阳光马里奥|马里奥阳光,超级马力欧 阳光,294,2002 年登陆 GameCube 的《马力欧》3D 平台动作游戏，舞台为海豚岛
expo2025,3,2025年大阪世博会|大阪万博2025|大阪关西世博会,2025大阪世博会,293,2025年在日本大阪举办的世博会，会徽由岛田保设计
honoo_no_haramase_tenkousei,3,,炎の孕ませ転校生,293,日本成人向游戏，以转校生与恋爱为题材
kochikame,3,,乌龙派出所,293,秋本治创作的搞笑漫画，以龟有公园前派出所的警察两津勘吉为主角
photokano,3,Photo Kano,写真女友,293,角川游戏与Dingo开发的摄影题材恋爱模拟游戏，2012年登陆PSP
akatsuki_records,3,Akatsuki Records|暁Records,晓Records,292,2012年成立的东方Project同人音乐社团
assassin's_creed_ii,3,刺客信条II,刺客信条2,292,《刺客信条》系列第二作，舞台为文艺复兴时期的意大利
ga_geijutsuka_art_design_class,3,GA艺术科,GA 艺术科美术设计班,292,清月里子创作的四格漫画，描绘美术设计科学生的日常，2009年改编动画
hermitcraft,3,hermitcraftfanart|hermitcraftseason10|hermitcraftseason8|hermitship|hermitshipping|hermitsky|hermittwt,Hermitcraft,292,2012年开服的Minecraft私人生存多人服务器，多名创作者参与
kobeya,3,KOBEYA,神户屋,292,日本的连锁面包店与餐厅品牌，以蓝白制服的女店员形象闻名
love_live!_days:_love_live!_general_magazine,3,LoveLive!Days 综合杂志|lovelive!days,LoveLive! Days,292,KADOKAWA发行的《Love Live!》官方杂志
luvdia,3,,Luvdia,292,韩国的虚拟主播组合，成员有Bing Hayu、Yang Mei等
shin_sangoku_musou_6,3,dynasty_warriors_7|真三国无双6,真·三国无双6,292,真三国无双系列第六作，海外名为Dynasty Warriors 7
dragon's_dogma,3,Dragon's Dogma,龙之信条,291,卡普空2012年推出的开放世界动作角色扮演游戏，含随从系统
idolmaster_movie,3,偶像大师 剧场版 迈向闪耀的彼端,偶像大师剧场版,291,偶像大师的动画电影，副标题为迈向闪耀的彼端
lies_of_p,3,Lies of P|liesofp|liesofpfanart,匹诺曹的谎言,291,韩国Neowiz开发的2023年魂类动作角色扮演游戏，取材自匹诺曹
macross_frontier:_sayonara_no_tsubasa,3,macross_frontier:_the_wings_of_farewell|剧场版超时空要塞F 恋离飞翼,超时空要塞F 恋离飞翼,291,《超时空要塞F》的第二部剧场版，2011年上映，接续虚空歌姬
phantasy_star_portable_2,3,梦幻之星 便携版2,梦幻之星 携带版2,291,世嘉在PSP平台推出的动作RPG，为携带版系列第二作
who_framed_roger_rabbit,3,梦城兔福星,谁陷害了兔子罗杰,291,1988年上映的真人动画结合电影，讲述兔子罗杰被诬陷的故事
wild_and_horned_hermit,3,Wild and Horned Hermit,东方茨歌仙,291,东方Project的漫画作品，以仙人茨木华扇为主角
astral_party,3,,Astral Party,290,动漫题材的多人派对游戏，玩法类似《100%鲜橙汁》
comic_girls,3,Comic Girls|こみっくがーるず,漫画女孩,290,半泽香织的四格漫画，2014年起连载，2018年改编为动画
hatsune_miku_expo,3,Miku Expo|mikuexpo|mikuexpo2024|mikuexpor+,初音未来博览会,290,Crypton Future Media每年举办的初音未来世界巡回演唱会企划
kemono_jihen,3,怪物事変,怪物事变,290,蓝本松在《Jump Square》连载的漫画，2021年改编动画
nexas_(vtuber),3,modelrevealnexas|nexas,NEXAS,290,以AniLive为直播平台的虚拟主播事务所，现已停止活动
ochite_iku_seisenshi_lunatic_angels,3,,Lunatic Angels,290,Silky's Sakura于2015年推出的成人向视觉小说
sazae-san,3,サザエさん|海螺姑娘,海螺小姐,290,长谷川町子的四格漫画，动画自1969年起播出
star_trek,3,startrek|星空奇遇记|星舰迷航记|星际旅行,星际迷航,290,吉恩·罗登贝瑞创作的美国科幻影视系列，始于 1966 年
strike_witches:_aurora_no_majo,3,强袭魔女 欧若拉之魔女,强袭魔女 极光之魔女,290,《强袭魔女》世界观下的漫画，围绕苏穆斯空军第 24 中队
taimashi_ayano,3,,退魔师绫乃,290,以退魔师绫乃为主角的作品，具体出处不详
xenoblade_chronicles:_future_connected,3,xenoblade_1:_tsunagaru_mirai|异度之刃 未来连接|异度神剑 未来的联系,异度神剑 相连的未来,290,《异度神剑 终极版》收录的后日谈篇章
blade_runner_2049,3,,银翼杀手2049,289,丹尼斯·维伦纽瓦执导的2017年科幻电影，1982年银翼杀手的续集
busou_renkin,3,武装錬金,武装炼金,289,和月伸宏的漫画，2003至2006年连载，2006年改编动画
fullmetal_alchemist_(2003),3,,Fullmetal Alchemist (2003),289,《钢之炼金术师》2003年的第一版动画，剧情因赶超原作而独立展开
garfield,3,garfieldandfriends,加菲猫,289,吉姆·戴维斯创作的美国漫画，描绘橘猫加菲与主人乔恩的日常
gunsmith_cats,3,Gunsmith Cats|猫眼女枪手,美少女枪神,289,园田健一的漫画及OVA，以枪械店少女在芝加哥的行动为主线
ma_no_mono-tachi,3,魔のモノたち,魔のものたち,289,加藤拓二创作的幻想世界观系列，描绘怪物与恶魔同人类的互动
nezha_zhi_motong_jiangshi,3,nezha_(2019_movie)|魔童降世,哪吒之魔童降世,289,2019年饺子执导的中国3D动画电影，取材自《封神演义》的哪吒传说
nirvana_(band),3,Nirvana|nirvana|涅槃,涅槃乐队,289,1987年在美国华盛顿州成立的摇滚乐队，成员包括科特·柯本与戴夫·格罗尔
sora_no_method,3,Sora no Method|celestial_method|sorameso|天体のメソッド,天体的秩序,289,Studio 3Hz 制作、久弥直树编剧的原创动画，围绕少女与圆盘之约
chain_chronicle,3,Chain Chronicle|chainchronicle|锁链编年史,锁链战记,288,以羁绊与剧情为主轴的角色扮演手机游戏
cross_ange,3,Cross Ange 天使与龙的轮舞,天使与龙的轮舞,288,2014年由 Sunrise 制作的机甲动画
drag-on_dragoon_1,3,Drag-On Dragoon 1|drakengard_1|龙背上的骑兵1,龙背上的骑兵,288,2003年发售的PS2动作角色扮演游戏，龙背上的骑兵系列首作
green_lantern_(series),3,绿光战警,绿灯侠,288,DC漫画以绿灯军团与历代绿灯侠为中心的超级英雄系列
mahou_tsukai_no_yome,3,The Ancient Magus' Bride|the_ancient_magus'_bride|魔法师的新娘,魔法使的新娘,288,魔法使与少女缔结因缘的奇幻漫画，后被改编为动画
mario_&_sonic_(series),3,marioandsonic|马里奥与索尼克,马力欧与索尼克,288,马力欧与索尼克角色共同出演的奥运题材体育游戏系列
phineas_and_ferb,3,,飞哥与小佛,288,迪士尼频道的动画，讲述兄弟俩暑假的奇思妙想与姐姐的告状
tenkuu_no_crystalia,3,天空のクリスタリア,天空的水晶,288,CyberAgent推出的手机卡牌游戏
artwhirl_mahou_gakuen_no_otome-tachi,3,,アートワール 魔法学園の乙女たち,287,以魔法学园为舞台的日本美少女游戏
azure_striker_gunvolt_3,3,苍蓝雷霆 GUNVOLT 3,苍蓝雷霆 钢伏特3,287,《苍蓝雷霆 钢伏特》系列第三作，2022年发售
banjo-kazooie,3,Banjo-Kazooie|班卓熊,班卓熊大冒险,287,Rare开发的平台动作游戏系列，主角为熊班卓与鸟卡祖伊
legend_of_mana,3,Legend of Mana|圣剑传说 玛娜传奇,圣剑传说 玛娜传奇,287,史克威尔1999年在PlayStation发售的动作角色扮演游戏，圣剑传说系列第四作
one_-_kagayaku_kisetsu_e,3,ONE 光辉的季节|ONE ～向着光辉的季节～|one,ONE 辉之季节,287,Tactics制作的成人向视觉小说，1998年发售，制作团队后来成立Key
resort_boin,3,リゾートBOIN,Resort BOIN,287,日本成人向游戏，以度假岛为舞台
zero_escape:_toki_no_dilemma,3,zero_escape:_toki_no_jirenma|zero_time_dilemma,极限脱出：零时困境,287,《极限脱出》系列第三作及完结篇
bloodstained:_ritual_of_the_night,3,bloodstained|血污 夜之仪式,赤痕 夜之仪式,286,五十岚孝司主导开发的探索型动作游戏，恶魔城的精神续作
fortune_arterial,3,fortunearterial|财富动脉,命运动脉,286,AUGUST 2007年发售的成人视觉小说，2010年改编为动画
gimai_seikatsu,3,days_with_my_stepsister,义妹生活,286,三河 Ghost 的轻小说，描绘继妹与兄长逐步走近的恋爱故事，改编动画
gorillaz,3,街头霸王乐队,Gorillaz,286,Damon Albarn与Jamie Hewlett于1998年创立的虚拟动画乐队
kaitou_tenshi_twin_angel,3,快盗天使双胞胎|快盗天使双胞胎天使|怪盗天使双胞胎,快盗天使 Twin Angel,286,Trivy开发的柏青嫂游戏，后由Sammy推出续作
pakatube,3,赛马娘官方频道,PakaTube,286,赛马娘官方YouTube频道，由黄金船主持，2018年随动画开播
puyopuyo~n,3,Puyo Puyo~n|噗哟噗哟~n,噗哟噗哟疯,286,系列第4作，1999年发售的落块消除游戏
shining_hearts,3,Shining Hearts,光明之心,286,世嘉光明系列在PSP平台的角色扮演游戏，2010年发售
wacom,3,和冠,和冠,286,以数位板与手写笔技术闻名的日本公司
action_taimanin,3,アクション対魔忍|行动对魔忍,Action对魔忍,285,Lilith开发的对魔忍系列动作游戏，为该系列首款全年龄作品
dokusen_yoku_ga_tsuyo_sugiru_yandere_kai_neko-chan,3,dokusen_yoku_ga_tsuyo_sugiru_yandere_petto_neko-chan|overly_possessive_yandere_pet_cat-chan|独占欲が強すぎるヤンデレ飼い猫ちゃん|独占欲太强的病娇猫娘,独占欲过强的病娇家猫酱,285,こゆき创作的网络漫画，讲述与化猫的同居日常
hoshikuzu_witch_meruru,3,星くず☆うぃっちメルル,星屑魔女梅露露,285,《我的妹妹哪有这么可爱！》中的剧中剧魔法少女动画
red_dead_redemption_(series),3,红死救赎|荒野大镖客：救赎,荒野大镖客（系列）,285,Rockstar Games的西部题材开放世界动作游戏系列
artery_gear,3,Artery Gear|armor_girls|arterygear,机动战姬,284,国产机甲少女题材的手机游戏系列
haunted_hotel,3,,闹鬼酒店,284,2025年Netflix动画剧集，讲述弗里林一家经营闹鬼酒店的故事
moe!_ninja_girls,3,moeninjagirls,Moe! Ninja Girls,284,面向iOS与安卓平台的恋爱视觉小说，主角隐藏忍者身份
wizards_symphony,3,ウィザーズシンフォニー,Wizard's Symphony,284,日本限定的Nintendo Switch角色扮演游戏
bungou_to_alchemist,3,bungo_and_alchemist|文豪与炼金术士,文豪与炼金术师,283,DMM面向女性玩家的网页游戏，以文豪的美男子化为卖点
highly_responsive_to_prayers,3,Highly Responsive to Prayers,东方灵异传,283,东方Project第1作，1996年在PC-98平台发售的打砖块游戏
kyokkou_senki_mistletear,3,,极光战姬米斯缇亚,283,Mille-Feuille 开发的成人向游戏系列，以变身少女战姬为主题
oekaki_musume,3,お絵描き娘,Oekaki Musume,283,Pixiv上的原创角色绘画企划，以少女们作画为主题
rhapsody,3,Rhapsody: A Musical Adventure|狂想曲,玛尔王国的人偶姬,283,《玛尔王国》三部曲首作，主角为人偶师少女柯内特
tsuyokiss,3,Tsuyokiss|つよきす,强吻,283,Candy Soft开发的成人向恋爱游戏系列，2005年推出首作
pizza_tower,3,Pizza Tower|pizzatower|pizzatowerfanart|pizzatowertitlecards,披萨塔,282,受瓦力欧乐园启发的独立平台动作游戏，2023年发售，主角为佩皮诺
pringles,3,Pringles,品客,282,宝洁1967年推出的美国薯片品牌，以筒装与弧形薯片为特征
super_robot_wars_the_lord_of_elemental,3,魔装机神,超级机器人大战 魔装机神,282,《超级机器人大战》的魔装机神子系列
yakitate!!_japan,3,yakitate_japan|烘焙王,日式面包王,282,桥口隆志的料理喜剧漫画及动画
comic_exe,3,COMIC E×E|comicexe|コミックエグゼ,COMIC ExE,281,日本成人漫画杂志
dragonaut,3,Dragonaut: The Resonance,龙鸣,281,2007至2008年播出的动画，并有OVA与漫画
gundam_wing:_endless_waltz,3,gundam_wing_endless_waltz|无尽的华尔兹|高达W 无尽的华尔兹,新机动战记高达W 无尽的华尔兹,281,《高达W》的3集OVA续篇，后重新剪辑为剧场版上映
mahou_shoujo_lyrical_nanoha_innocent,3,,魔法少女奈叶INNOCENT,281,奈叶系列的外传漫画，角色们是虚拟现实游戏的玩家而非魔法少女
masters_of_the_universe,3,mastersoftheuniverse|themastersoftheuniverse|太空超人|希曼,宇宙的巨人希曼,281,美泰创作的科幻奇幻玩具与动画企划，主角为希曼
shiki_(novel),3,,尸鬼,281,小野不由美的恐怖小说，描写封闭村庄的连续死亡事件，2010年动画化
shin_sangoku_musou_7,3,dynasty_warriors_8|真三国无双7,真·三国无双7,281,真三国无双系列第七作，海外名为Dynasty Warriors 8
final_fantasy_iv:_the_after_years,3,final_fantasy_iv_the_after|final_fantasy_iv_the_after_years|最终幻想IV 月之归还,最终幻想4 月之归还,280,《最终幻想4》的手机平台续作，后移植至WiiWare与PSP
grimms_echoes,3,グリムエコーズ,Grimms Echoes,280,Square Enix于2019年推出的手机角色扮演游戏，2021年停运
idolmaster_xenoglossia,3,xenoglossia|偶像大师异说,偶像大师 XENOGLOSSIA,280,以偶像大师角色改编的机甲动画，设定与游戏不同
joshiraku,3,女子落,女子落语,280,久米田康治原作、ヤス插画的漫画，2012年由J.C.Staff动画化
kamen_rider_hibiki_(series),3,幪面超人响鬼,假面骑士响鬼,280,平成假面骑士第6作，以音击与鬼为主题
one_piece_(live_action),3,One Piece真人剧|onepieceliveaction|onepiecenetflix|航海王真人版,航海王真人版,280,Netflix于2023年8月推出的《航海王》真人剧集
soredemo_machi_wa_mawatteiru,3,And Yet the Town Moves|and_yet_the_town_moves|即便如此小镇依然转动|女僕咖啡廳,女仆咖啡厅,280,石黑正数的校园日常漫画，2010 年由 SHAFT 改编为动画
the_fairly_oddparents,3,fairlyoddparents|fairlyoddparentsfanart|fairyoddparents|thefairlyoddparents|theoddparents|神仙鬼爸妈|趣怪守护仙,反斗家族,280,Nickelodeon播出的美国动画，讲述男孩提米与两位神仙教父的故事
the_king_of_fighters_all-stars,3,KOF全明星|kof_allstar|kofallstar,拳皇全明星,280,Netmarble开发的手机游戏，集结拳皇角色，2018年至2024年运营
blood_tune,3,,Blood Tune,279,混沌之脑世界观中登场的虚构企划
dead_space_(series),3,dead_space,死亡空间,279,Visceral Games开发、EA发行的科幻生存恐怖游戏系列
donkey_kong_bananza,3,,大金刚 蕉力全开,279,2025年发售的Switch 2 3D平台动作游戏，大金刚系列新作
final_fantasy_tactics_advance,3,FFTA|ffta|最终幻想战略版A,最终幻想战略版Advance,279,GBA平台的《最终幻想战略版》外传战棋RPG
goth_girl_and_the_jock,3,,Goth Girl and the Jock,279,Merryweather编剧、AT2作画的网络漫画，主角为哥特少女与运动男生
himouto!_umaru-chan_himouto_ikusei_keikaku,3,,干物妹！小埋 养成计划,279,MAGES.于2015年在PS Vita发行的改编游戏
orenchi_no_meidosan,3,俺んちのメイドさん,Orenchi no Meidosan,279,描绘自家女仆日常的漫画作品
pacific_racing_team,3,PRT|Pacific Racing Team|pacificracingteam,太平洋车队,279,日本赛车队，2011年起以动漫角色痛车涂装参赛而闻名
shinkalion_(series),3,新干线变形机器人 SHINKALION,新干线变形机器人（系列）,279,TakaraTomy于2015年推出的玩具系列，可变形为新干线的机器人
tokyo_exe_girls,3,tokyoexegirls,TOKYO EXE GIRLS,279,资料不详，具体作品与体裁未能确认
caligula_(series),3,The Caligula Effect|卡里古拉效应,卡里古拉系列,278,FuRyu开发的角色扮演游戏系列
elfheim,3,エルフヘイム,Elfheim,278,Sunna制作的成人视觉小说，舞台是六精灵部族的世界
japan_racing_association,3,JRA|日本赛马协会,日本中央竞马会,278,日本举办与管理中央赛马赛事的机构，简称JRA
puyopuyo_fever_2,3,Puyo Pop Fever 2|魔法气泡狂热版2,噗哟噗哟狂热2,278,系列第6作，狂热版续作，2005年发售，含9条故事线
reject_(esports),3,reject,REJECT,278,日本职业电竞战队，旗下涵盖多款游戏的选手与主播
shigoto_neko,3,仕事猫,工作猫,278,クマミネ创作的插画角色，描绘系着领带疲惫工作的职场猫咪
tenka_touitsu_chronicle,3,Tenka Touitsu Chronicle|天下統一クロニクル,天下统一编年史,278,以日本都道府县拟人化为题材的社交卡牌手机游戏
the_mandalorian,3,The Mandalorian|themandalorian,曼达洛人,278,乔恩·费儒主创的《星球大战》衍生真人剧集，2019年起在Disney+播出
ueno-san_wa_bukiyou,3,"How Clumsy you are, Miss Ueno|how_clumsy_you_are_miss_ueno|笨拙的上野同学",笨拙之极的上野,278,Tugeneko的漫画，描绘理科少女上野笨拙的恋爱日常，2019年动画化
wild_arms_5,3,Wild Arms 5|狂野历险5,荒野兵器5,278,《荒野兵器》系列第五作，为系列十周年纪念作品
arifureta_shokugyou_de_sekai_saikyou,3,Arifureta|arifureta|平凡职业成就世界最强,平凡职业造就世界最强,277,白米良的异世界穿越轻小说，主角南云始从平凡职业逆袭变强
diablo_(series),3,Diablo|大菠萝(俗称),暗黑破坏神,277,暴雪娱乐出品的暗黑奇幻动作角色扮演游戏系列
kokoro_iroduku_koi_ga_shitai,3,Kokoro Iroduku Koi ga Shitai|想谈一场让心灵染色的恋爱,ココロ色づく恋がしたい,277,千种みのり创作的恋爱题材短篇漫画，源自作者的原创角色
lapis_re:lights,3,Lapis Re:LiGHTs|宝石幻想之光,宝石幻想,277,结合偶像与魔法元素的跨媒体企划，含手机游戏与电视动画
lattice_sos!_~happening&panic~,3,,Lattice SOS! ~Happening & Panic~,277,出处与类型不详的作品
mulan_(movie),3,mulan_(1998_film)|花木兰(1998年电影)|迪士尼花木兰,花木兰,277,迪士尼1998年动画电影，改编自花木兰从军传说
noragami,3,Noragami,野良神,277,安达渡嘉的漫画，以神明与神器为主题，2014年起改编动画
pokemon_ranger_(series),3,pokemon_ranger|神奇宝贝巡护员|精灵宝可梦巡护员,宝可梦巡护员,277,宝可梦的衍生游戏系列，巡护员借宝可梦力量保护自然与人们
shenmue,3,Shenmue,莎木,277,铃木裕主导、世嘉1999年推出的开放世界动作冒险游戏
silent_witch,3,,沉默的魔女,277,依空まつり的少女向奇幻网络小说，并有轻小说版
slime_taoshite_300_nen_shiranai_uchi_ni_level_max_ni_nattemashita,3,i've_been_killing_slimes_for_300_years_and_maxed_out_my_level|我打了300年史莱姆练满级|打了300年史莱姆,打了300年的史莱姆，不知不觉就练到了满级,277,森田季节的轻小说，描写不老魔女亚梓莎的慢生活，并有动画改编
bucchigiri?!,3,BUCCHIGIRI|bucchigiri|bucchigiri_anime,BUCCHIGIRI?!,276,MAPPA制作的原创青春动画，以不良少年为主角
endro!,3,,Endro!,276,Studio五组2019年冬季播出的原创搞笑奇幻动画，角色设计为なもり
growlanser,3,Growlanser|グローランサー,梦幻骑士,276,以召唤兽与战阵对战为特色的策略角色扮演游戏系列
kirby's_dream_land_3,3,Kirby's Dream Land 3|kirby's_dreamland_3,星之卡比3,276,SFC平台的系列第三作，卡比与伙伴合体挑战暗物质军团
kokkimusume,3,,国旗娘,276,画师 Ra 发起的拟人化潮流，将日本、中国、韩国等国旗画成少女
silver_palace,3,,银之宫殿,276,Elementa Games开发的维多利亚风都市动作角色扮演游戏
touhou_arcadia_record,3,,东方Arcadia Record,276,东方Project题材的同人游戏或企划，具体内容未能确认
anpanman,3,soreike!_anpanman!|それいけ!アンパンマン|冲吧!面包超人,面包超人,275,柳濑嵩创作的儿童漫画，1982年起连载，动画长年播出
kud_wafter,3,クドわふたー|库特后日谈,库特wafter,275,《Little Busters!》的外传视觉小说，以能美库特莉亚芙卡为主角，并有动画
mahou_shoujo_madoka_magica_plus,3,Puella Magi Madoka Magica Plus|魔法少女小圆加,魔法少女小圆Plus,275,小圆系列的手机卡牌游戏，2012年推出后停运
seitokai_no_ichizon,3,Seitokai no Ichizon|student_council's_discretion|学生会的一存,学生会的一己之见,275,葵关南的轻小说，2009年由Studio DEEN动画化
sonic_(live_action),3,sonic_movie|sonicmovie|索尼克真人版|音速小子真人电影,刺猬索尼克（真人电影系列）,275,派拉蒙制作的索尼克真人电影系列，含电影与剧集
yozakura_quartet,3,Yozakura Quartet|yozakura_shijuusou|夜樱四重奏 樱之歌,夜樱四重奏,275,安田典生的少年漫画，2008与2013年两度改编为动画
comiket_90,3,Comic Market 90|c90|コミックマーケット90,Comic Market 90,274,Comic Market 第90届同人志即卖会，2016年8月12-14日举办
granblue_fantasy_versus,3,Granblue Fantasy Versus|碧蓝幻想VS,碧蓝幻想Versus,274,Arc System Works开发、以《碧蓝幻想》为题材的2D格斗游戏
hibi_wa_sugiredo_meshi_umashi,3,Food For The Soul|hibimeshi|ひびめし,日々は過ぎれど飯うまし,274,P.A.WORKS制作的料理题材原创动画，2025年4月开播
love_live!_sunshine!!_the_school_idol_movie_over_the_rainbow,3,Love Live! Sunshine!! 剧场版 彩虹之上,Love Live! Sunshine!! 学园偶像电影 彩虹之上,274,《Love Live! Sunshine!!》的剧场版动画
senkou_no_ronde,3,Senkou no Ronde|旋光之轮舞,旋光轮舞,274,G.rev的街机射击格斗混合游戏系列，被称作2D版电脑战机
frankenstein,3,Frankenstein|科学怪人,弗兰肯斯坦,273,玛丽·雪莱1818年创作的科学怪人小说，及由此衍生的怪物形象
hikikomari_kyuuketsuki_no_monmon,3,The Vexations of a Shut-In Vampire Princess|the_vexations_of_a_shut-in_vampire_princess|家里蹲吸血鬼公主的烦闷,家里蹲吸血姬的苦闷,273,小林湖底的轻小说，讲述家里蹲吸血鬼将军的奇幻喜剧
killer_chat!,3,,Killer Chat!,273,同人作品标签，具体出处与内容不详
mahou_senshi_sweet_knights_2,3,,魔法戦士スイートナイツ2,273,《魔法战士甜蜜骑士》的续作
pepper&carrot,3,Pepper & Carrot,佩珀与胡萝卜,273,David Revoy创作的开源网络漫画，讲述见习魔女佩珀与猫的日常
sid_story,3,,SID STORY,273,以历史人物学生化为题材的手机卡牌RPG
sonic_rush,3,Sonic Rush|音速小子RUSH,索尼克RUSH,273,2005年发售的NDS高速横版动作游戏，登场角色为布蕾兹
steven_universe_future,3,steven_universe:_future,宇宙小子 未来,273,2020 年推出的《宇宙小子》限定剧集，作为全系列尾声
the_terminator,3,terminator|terminator_1|未来战士|魔鬼终结者,终结者（初代）,273,詹姆斯·卡梅隆执导、施瓦辛格主演的1984年科幻动作电影
waku_waku_7,3,wakuwaku7|ワクワク7,Waku Waku 7,273,Sunsoft于1996年推出的街机2D格斗游戏，以戏仿《龙珠》为特色
yuri_kuma_arashi,3,Yuri Kuma Arashi|百合熊岚,百合熊风暴,273,几原邦彦执导的原创百合题材动画，以熊与人类的隔阂为题材
borderlands_(series),3,Borderlands,无主之地,272,Gearbox开发的科幻第一人称射击刷宝游戏系列
hokkaido_nippon-ham_fighters,3,Nippon-Ham Fighters|北海道日本ハムファイターズ|日本火腿斗士队,北海道日本火腿斗士,272,日本职棒太平洋联盟的北海道球队
houkago_no_pleiades,3,Wish upon the Pleiades|wish_upon_the_pleiades|放学后的昴宿星团,放学后的昴星团,272,GAINAX与斯巴鲁合作企划改编的魔法少女动画
kamen_rider_gotchard_(series),3,假面骑士Gotchard|假面骑士哥查德,假面骑士歌查德,272,令和假面骑士第5作，2023年播出
monster_farm,3,Monster Rancher|monster_rancher|monsterrancher|怪兽农场,怪物农场,272,特库摩开发的怪兽养成对战游戏系列，海外名Monster Rancher
pokemon_gold/silver/crystal_(prototype),3,pokemon_gsc_(prototype),宝可梦 金／银 原型版,272,第二世代未采用内容，1997年Space World展示的试作版于2018年流出
command_&_conquer,3,C&C|Command & Conquer|command_and_conquer,命令与征服,271,Westwood 开创、后由 EA 接手的即时战略游戏系列，1995年首作
counter-strike_(series),3,CS|Counter-Strike|counterstrike|绝对武力(台),反恐精英系列,271,Valve 的多人第一人称射击游戏系列，含《反恐精英》《反恐精英2》等
gundam_card_game,3,,高达卡牌游戏,271,万代卡牌2024年公布的高达题材集换式卡牌游戏，多语言同步发行
kamippoina_(vocaloid),3,God-ish|god-ish_(vocaloid)|宛如神明,神っぽいな,271,ピノキオピー创作、初音未来演唱的Vocaloid歌曲
persona_2_batsu,3,Persona 2 罚|persona_2:_eternal_punishment|ペルソナ2 罰,女神异闻录2 罚,271,女神异闻录2后半部，海外标题为Eternal Punishment，主角换为天野舞耶
shin_megami_tensei_v:_vengeance,3,SMT5V|真女神转生V Vengeance,真女神转生V 复仇,271,真女神转生V的加强版，追加新恶魔与新剧本，2024年发售
sonic_boom_(series),3,Sonic Boom|sonic_boom_(game),索尼克音爆,271,索尼克系列的喜剧向衍生企划，含游戏、动画与漫画
super_robot_wars_30,3,Super Robot Wars 30|机战30,超级机器人大战30,271,《超级机器人大战》系列 30 周年纪念作，2021 年发售
tsuki_ni_yorisou_otome_no_sahou,3,Tsukiyori|月に寄りそう乙女の作法,近月少女的礼仪,271,Navel开发的恋爱视觉小说，主角男扮女装进入女校
world_of_tanks,3,WoT|World of Tanks|worldoftanks,坦克世界,271,Wargaming开发的坦克对战网游，涵盖二战前后各型战车
arai-san_mansion,3,Arai-san Mansion|阿拉伊桑公寓,アライさんマンション,270,Abubu创作的恐怖同人系列，以《兽娘动物园》的阿拉伊桑为主角
inazuma_eleven_ares_no_tenbin,3,Inazuma Eleven Ares no Tenbin|闪电十一人外传 阿瑞斯的天秤,闪电十一人 阿瑞斯的天秤,270,《闪电十一人》系列的重启作，含游戏与电视动画
outlaw_star,3,Outlaw Star,星方武侠,270,伊东岳彦的漫画，1998年由日升改编为电视动画，以宇宙寻宝为主题
shin_subarashiki_kono_sekai,3,NEO: The World Ends with You|NEO美妙世界|neo:_the_world_ends_with_you,新·美妙世界,270,美妙世界的续作，2021年由Square Enix发售的动作角色扮演游戏
touhou_hisoutensoku,3,unthinkable_natural_law|东方非想天则 ～追寻未知的已知|非想天则,东方非想天则,270,上海爱丽丝幻乐团与黄昏边境合作的东方Project格斗游戏，系列第16作
xtale,3,,XTale,270,Jakei创作的Undertale平行世界故事，与Underverse联动
amagami-san_chi_no_enmusubi,3,tying_the_knot_with_an_amagami_sister,甘神家的结缘,269,内藤マーシー创作的恋爱喜剧漫画，含奇幻要素，2024年改编为动画
hamtaro_(series),3,Hamtaro,哈姆太郎,269,河井律子创作的仓鼠题材漫画与绘本，后改编为动画
puyopuyo_sun,3,,噗哟噗哟SUN,269,系列第3作，1996年发售的落块消除游戏
shingoku_no_valhalla_gate,3,Shingoku no Valhalla Gate|神獄のヴァルハラゲート,神狱的瓦尔哈拉之门,269,Grani开发、在GREE平台运营的手机卡牌游戏
super_robot_wars_z,3,Super Robot Wars Z|机战Z,超级机器人大战Z,269,《超级机器人大战》的 Z 子系列，共三部作品
vee_(vtuber),3,vee,VEE,269,索尼音乐娱乐日本推出的虚拟人才开发管理企划，2022年启动
gothic_wa_mahou_otome,3,ごまおつ|ゴ魔乙|哥特魔法少女,ゴシックは魔法乙女,268,CAVE于2015年推出的手机弹幕射击游戏，仅在日本地区运营
high_school_dxd_new,3,高校DXD NEW|高校龙中龙NEW,恶魔高校D×D NEW,268,《恶魔高校D×D》的第二季电视动画，2013年播出
kizuato,3,Kizuato|キズアト|痕,痕,268,Leaf 开发的恐怖悬疑视觉小说，1996年发售，后多次重制并改编动画
krt_girls,3,K.R.T.GIRLS|高雄捷运少女,高捷少女,268,高雄捷运公司委托绘制的动漫风格代言少女系列
pepoyo_(copyright),3,,PEPOYO,268,音乐制作人兼插画师PEPOYO的相关作品总称，含多位原创角色
the_last_of_us_(series),3,最后生还者|末日余生|美国末日,最后生还者（系列）,268,顽皮狗开发的末世生存动作冒险游戏系列，以真菌疫情后的世界为舞台
ultraman_tiga_(series),3,Ultraman Tiga|ultramantiga|超人力霸王迪卡|超人迪加,迪迦奥特曼,268,《奥特曼》系列第12作，1996年播出，平成首部，首创形态转换设定
wwe,3,World Wrestling Entertainment|世界摔角娱乐,WWE,268,美国最大的职业摔角娱乐公司及赛事品牌，前身是WWF
dengeki_hime,3,Dengeki Hime|電撃姫,电击姬,267,1997至2014年发行的日本美少女游戏杂志
night_wizard,3,Night Wizard|ナイトウィザード,暗夜魔法使,267,F.E.A.R.开发的TRPG，2002年首版，并有2007年电视动画版
sonic_the_hedgehog_(2006),3,Sonic '06|刺猬索尼克(2006),索尼克2006,267,2006年发售的PS3与Xbox360平台游戏，为系列15周年作
the_beatles,3,The Beatles|披头四|甲壳虫乐队,披头士,267,1960年成立于利物浦的英国摇滚乐队，流行音乐史上影响深远
touhou_lost_branch_of_legend,3,Lost Branch of Legend|東方光耀夜,东方光耀夜,267,Alioth Studio开发的东方Project同人卡牌构筑游戏
yokohama_kaidashi_kikou,3,Yokohama Kaidashi Kikou|横滨出行购物记,横滨购物纪行,267,芦奈野仁的治愈系漫画，讲述仿生人阿尔法的日常
dirge_of_cerberus:_final_fantasy_vii,3,dirge_of_cerberus_final_fantasy_vii,最终幻想7 地狱犬的挽歌,266,《最终幻想VII》的外传第三人称射击游戏，主角为文森特
dissidia_012_final_fantasy,3,Dissidia Duodecim Final Fantasy|dissidia_duodecim_final_fantasy|最终幻想 纷争2,最终幻想 纷争012,266,2011年登陆PSP的最终幻想外传动作角色扮演游戏，纷争的前传
"hime-sama_""goumon""_no_jikan_desu",3,公主殿下“拷问”的时间|姬様拷问的时间,公主大人“拷问”的时间到了,266,春原ロビンソン的搞笑漫画，公主被美食拷问的喜剧，2024年动画化
kono_bijutsubu_niwa_mondai_ga_aru!,3,KonoBijutsubu|konobi|konobi_anime|this_art_club_has_a_problem!|这个美术社大有问题|这个美术部大有问题!,这个美术部有问题!,266,いみぎむる创作的校园搞笑漫画，讲述美术部成员的日常，已改编动画
phantasy_star_online_2_new_genesis,3,PSO2 NGS|梦幻之星在线2 新纪元,梦幻之星Online2 新创世纪,266,梦幻之星Online2的大型更新与再启动版本，简称NGS
shining_resonance,3,Shining Resonance|光明共鸣,光明之响,266,世嘉光明系列的角色扮演游戏，2014年发售于PS3
windows_10,3,Win10|windows10|视窗10,Windows 10,266,微软2015年发布的操作系统，Windows 8.1的后继版本
dead_or_alive_6,3,DOA6|生与死6|生死格斗6,死或生6,265,Team NINJA开发的死或生系列第六作3D格斗游戏
don_quijote_(store),3,Don Quijote|ドン・キホーテ|惊安殿堂,唐吉诃德,265,日本的大型连锁折扣店，商品涵盖食品到电子与服装
glitch_stars,3,,Glitch Stars,265,美国的虚拟YouTuber事务所，旗下有多期成员
lanxi_zhen,3,Lanxi Zhen|蘭溪鎮,蓝溪镇,265,中国原创漫画，为《罗小黑战记》的前传故事，讲述古代蓝溪镇的往事
tengoku_daimakyou,3,Heavenly Delusion|heavenly_delusion|天國大魔境,天国大魔境,265,石黑正数创作的末世冒险漫画，2023年改编为电视动画
wonderful_rush,3,wonderfulrush|ワンダフルラッシュ,Wonderful Rush,265,《Love Live!》中μ's演唱的歌曲
aiyoku_shimai_lolita,3,,愛欲姉妹ロリータ,264,同人社团夜のひつじ制作的成人向视觉小说，Piyodera Mucha负责原画
black_rock_shooter_(game),3,Black★Rock Shooter THE GAME|黑岩射手THE GAME,黑岩射手 THE GAME,264,以黑岩射手为主角的PSP动作角色扮演游戏
boruto:_naruto_the_movie,3,BORUTO-NARUTO THE MOVIE-|boruto|博人传 火影忍者剧场版,火影忍者剧场版 博人传,264,火影忍者第11部剧场版，以鸣人之子博人为主角
despicable_me,3,despicableme|卑鄙的我|坏蛋奖门人,神偷奶爸,264,照明娱乐制作的3D动画电影系列，以小黄人闻名，首作2010年上映
king_kong_(series),3,King Kong|kingkong,金刚,264,以巨型猩猩金刚为主角的怪兽电影系列，角色首见于1933年同名电影
otome_wa_boku_ni_koishiteru,3,Otome wa Boku ni Koishiteru|処女はお姉さまに恋してる|恋上姐姐的少女,少女爱上姐姐,264,Caramel Box的视觉小说，讲述男学生扮成女生转入女子学校的故事，并有动画
rune_factory_5,3,Rune Factory 5|符文工房5,符文工厂5,264,符文工厂系列第五作，最初登陆Nintendo Switch后移植PC
super_cub,3,Super Cub|スーパーカブ|超级幼兽,本田小狼与我,264,トネ・コーケン的轻小说，讲述少女与本田小狼摩托车的日常
2014_fifa_world_cup,3,2014国际足联世界杯|巴西世界杯,2014年世界杯,263,第20届国际足联世界杯，2014年在巴西举行
adventure_time:_fionna_and_cake,3,fionnaandcake|探險活寶：菲奧娜與蛋糕,探险活宝：菲奥娜与蛋糕,263,探险活宝的2023年衍生动画，面向青年观众，源自原作的性转剧集
fate/tiger_colosseum,3,Fate/Tiger Colosseum|命运/猛虎斗技场,Fate/老虎竞技场,263,卡普空基于《Fate/stay night》制作的Q版乱斗游戏
garo_(tokusatsu_series),3,,牙狼〈GARO〉,263,雨宫庆太创作的日本特摄系列，围绕魔戒骑士与魔兽的战斗
giant_robo,3,Giant Robo|ジャイアントロボ|大铁人 地球静止之日,大铁人,263,横山光辉的机器人漫画，OVA《地球静止之日》为其改编
goodbye_sengen_(vocaloid),3,Goodbye Declaration|グッバイ宣言|再见宣言,再见宣言,263,Chinozo创作的Vocaloid歌曲，由flower演唱，并有漫画与广播剧改编
servamp,3,,SERVAMP,263,田中Strike的漫画，描写高中生与吸血鬼仆人缔结契约的战斗
arcana_heart_2,3,Arcana Heart 2|阿卡纳之心2,圣灵之心2,262,《圣灵之心》系列第二作，Examu开发的街机格斗游戏
mahou_senshi_princess_tear,3,,魔法戦士プリンセスティア,262,魔法战士系列的成人游戏与OVA作品
mahou_shoujo_tart_magica,3,puella_magi_tart_magica|tart_magica|魔法少女Tart☆玛吉卡|魔法少女塔特☆玛吉卡,魔法少女Tart☆Magica,262,魔法少女小圆的外传漫画，以贞德为主角，2013至2017年连载
mega_man_x6,3,rockman_x6|洛克人X6,洛克人X6,262,洛克人X系列第六作
queen's_blade_unlimited,3,QUEEN'S BLADE|女皇之刃,女王之刃 UNLIMITED,262,女王之刃的重启作，大崎シンヤ重新设计角色，主角为艾莉娜
si_land,3,,SI LAND,262,在讲谈社Comic Days连载的日本漫画
bliss_(image),3,Bliss|Windows XP桌面壁纸|windows_xp_background|幸福,极乐,261,Windows XP的默认桌面壁纸，画面是蓝天白云与绿色丘陵
cyberbots,3,钢铁战士,Cyberbots,261,CAPCOM 的机甲格斗街机游戏，1995年推出并移植至家用机
doko_demo_issyo,3,doko_demo_issho,到哪都相伴,261,索尼电脑娱乐推出的生活模拟游戏系列，主角为井上多罗
koumajou_densetsu_2,3,koumajo_densetsu_2|touhouvania_2|红魔城伝説2|红魔城传说II,红魔城传说II,261,《红魔城传说》系列第二作，2023年以红魔城蕾米莉亚II之名重制
kumo_desu_ga_nani_ka?,3,我是蜘蛛又怎样|轉生成蜘蛛又怎樣！,转生成蜘蛛又怎样！,261,讲述少女转生为蜘蛛并在异世界迷宫求生的轻小说，已改编动画
ryuu_ga_gotoku_1,3,yakuza_1|人中之龙1|龙が如く1,如龙1,261,如龙系列首作，讲述桐生一马出狱后追查事件真相
sketchbook_full_colors,3,Sketchbook ～full color's～|素描簿full colors,素描簿,261,小箱とたん的漫画，2007年改编为动画，描写美术部的日常
stella_glow,3,星光幻譚,星光幻歌,261,日本一软件在 PSP 平台推出的战略角色扮演游戏
akatsuki_no_yona,3,yona_of_the_dawn|拂晓的尤娜|曉之尤娜,晨曦公主,260,草凪みずほ创作的少女漫画，讲述尤娜公主的复仇与成长
aquaplus,3,AQUAPLUS|アクアプラス,Aquaplus,260,日本游戏公司，以Leaf品牌的视觉小说闻名
bishoujo_(game),3,,Bishoujo,260,Tanuki Soft开发的恋爱冒险游戏
blue_reflection_sun,3,,蓝色反射 燦,260,DMM Games与光荣特库摩开发的手机抽卡角色扮演游戏
date_a_live:_spirit_pledge,3,Date A Live: Spirit Pledge|约会大作战：精灵再临,约战：精灵再临,260,《约会大作战》改编的手机抽卡角色扮演游戏
ena_(web_series),3,,ENA（网络动画）,260,Joel G创作的超现实网络动画系列
mega_man_zero_3,3,Rockman Zero 3|rockman_zero_3|洛克人零3,洛克人Zero 3,260,洛克人Zero系列第三作
newjeans,3,新牛仔裤|牛腱子,NewJeans,260,HYBE旗下厂牌ADOR推出的韩国女团，2022年出道，2025年宣布无限期休止
sora_no_woto,3,Sound of the Sky|so-ra-no-wo-to|so_ra_no_wo_to|sora_no_oto|sound_of_the_sky|天籁之音,空之音,260,A-1 Pictures 制作的原创动画，以废土世界中少女从军吹号为主题
twitch.tv,3,twitch|图奇,Twitch,260,美国的游戏直播平台，也是聊天表情与电竞文化的重镇
vspo!_en,3,VSPO! EN|vspo!_english|vspo!en|vspoen|vspoen_debut|ぶいすぽっ!,VSPO! EN,260,VSPO!的英语分部，2024年6月启动
2024_summer_olympics,3,games_of_the_xxxiii_olympiad|巴黎奥运会|第33届夏季奥林匹克运动会,2024年巴黎奥运会,259,2024年在法国巴黎举行的第33届夏季奥运会
advent_cirno,3,アドベントチルノ,Advent Cirno,259,One Night Stand创作的东方与最终幻想VII同人恶搞漫画，主角为琪露诺
akuma_shitsuji_to_kuroi_neko,3,,恶魔执事与黑猫,259,Studio Wasabi开发的手机游戏，玩家与专属执事互动
bioshock_infinite,3,生化奇兵无限,生化奇兵：无限,259,《生化奇兵》系列第三作，舞台为空中城市哥伦比亚
comic_penguin_club,3,コミックペンギンクラブ,Comic Penguin Club,259,1986年创刊的成人漫画杂志
ghostly_field_club,3,Ghostly Field Club|蓮台野夜行,莲台野夜行,259,ZUN 的音乐专辑，东方Project音乐CD第二作，2003年发布
kawaii_dake_ja_nai_shikimori-san,3,shikimori's_not_just_a_cutie|不只是可爱的式守同学|式守同學不只可愛而已,式守同学不只可爱而已,259,真木萤的漫画，2022年改编为动画
qualidea_code,3,クオリディア・コード,Qualidea Code,259,含轻小说前传与2016年动画的多媒体企划
tekken_tag_tournament_2,3,铁拳Tag Tournament 2|铁拳双人赛2,铁拳TT2,259,铁拳系列的双人组队格斗游戏，为1999年铁拳TT的续作
ultra_galaxy_(series),3,ultragalaxy|ultragalaxyfight|ウルトラギャラクシー|奥特银河大怪兽之战,奥特银河,259,圆谷《奥特曼》系列的衍生子系列，2007年起推出，常与正传联动
ultraseven_(series),3,ultra7|ultra_seven_(series)|ultraseven|奥特曼赛文|赛文奥特曼|超人七号,奥特赛文,259,《奥特曼》系列第3作，主角为赛文奥特曼，并包含平成赛文系列
cuddly_octopus,3,抱枕厂家Cuddly Octopus,Cuddly Octopus,258,英国的抱枕套同人社团，以原创角色为主
koi_to_senrigan_to_aonisai,3,,恋と千里眼と青二才,258,大内蛙创作的恋爱喜剧漫画，讲述少年少女的恋爱故事
seiken_densetsu_2,3,Secret of Mana|secret_of_mana|圣剑传说2：玛娜的秘密,圣剑传说2,258,圣剑传说系列第二作，超级任天堂平台，欧美名为Secret of Mana
shinkon_gattai_godannar!!,3,god_soul_combination_godannar|god_soul_combination_godannar!!|marriage_of_god_and_soul_godannar|marriage_of_god_and_soul_godannar!!|shinkon_gattai_godannar|shinkon_gattai_godannar!|神魂合体GODANNAR!!|神魂合体ゴーダンナー!!,神魂合体,258,2003年播出的巨大机器人动画，全两季共26集
twinkle_star_knights,3,,Twinkle Star Knights,258,DMM的网页游戏，玩法上继承《Twinkle Crusaders》
un-go,3,安吾侦探物语,UN-GO,258,Bones制作的2011年动画及剧场版，改编自坂口安吾的小说
back_to_the_future,3,Back to the Future|回到未來,回到未来,257,以德罗宁时光车穿越时空为主题的美国科幻电影系列
comic_bavel,3,コミックバベル,Comic Bavel,257,文苑堂出版的成人漫画月刊
eiken,3,エイケン,Eiken,257,松山せいじ创作的校园搞笑漫画，2001年起连载
final_fantasy_type-0,3,FF零式|final_fantasy_agito_xiii|final_fantasy_reishiki|final_fantasy_type_0|final_fantasy_type_zero|最终幻想：零式,最终幻想零式,257,《最终幻想》系列PSP动作RPG，2011年在日本发售
grimlight,3,griml|裂光,Grimlight,257,韩国开发的手机角色扮演游戏，以童话角色为题材，支持多语言
ookiku_furikabutte,3,big_windup|big_windup!|大振|王牌投手,王牌投手振臂高挥,257,樋口朝的高中棒球漫画，2007年起改编为动画
suzumiya_haruhi-chan_no_yuuutsu,3,凉宫春日酱的忧郁|涼宮春日ちゃん的憂鬱,小凉宫春日的忧郁,257,ぷよ以《凉宫春日的忧郁》为基础创作的恶搞漫画及短篇动画
the_boys,3,The Boys|theboys|黑袍纠察隊,黑袍纠察队,257,加斯·恩尼斯创作的超级英雄讽刺漫画，2006年至2012年刊行，后有剧集改编
the_crawling_city,3,,The Crawling City,257,merryweather编剧、parororo作画的2016年漫画，讲述少女与触手怪物的同居
tower_records,3,塔唱片|淘儿唱片,Tower Records,257,起源于美国的唱片零售连锁品牌，2006年后多国门店停业
burger_king,3,Burger King,汉堡王,256,国际快餐连锁品牌，以汉堡为主打，吉祥物是国王
dance_dance_revolution,3,DDR|DanceDanceRevolution|热舞革命,劲舞革命,256,Konami 的街机音乐节奏游戏系列，1998年首发，简称 DDR
link_to_the_future_(love_live!),3,link_to_the_future|通往未来的连接,Link to the Future,256,《Love Live! 莲之空女学院学园偶像俱乐部》的歌曲，2023年北陆大会首次演唱
mayoineko_o_tomeyou,3,,迷い猫をとめよう,256,日本作品，具体出处与设定不详
puchimasu!,3,Petit Idolmaster|ぷちます!,迷你偶像大师,256,《偶像大师》的Q版四格漫画，描绘765事务所偶像的日常
toeto_(vocaloid),3,トエト,TOETO,256,トラボルタP创作、使用巡音流歌幼声的VOCALOID歌曲
arcana_heart_3,3,Arcana Heart 3|阿卡纳之心3,圣灵之心3,255,《圣灵之心》系列第三作，延续圣灵与少女格斗题材
avengers:_infinity_war,3,复仇者联盟：无限战争|復仇者聯盟3：無限之戰,复仇者联盟3：无限战争,255,漫威电影宇宙作品，复仇者联盟第三部，2018年上映
galgrease,3,,Galgrease,255,音乐作品相关条目，详细内容与创作者待考
getter_robo_armageddon,3,,真盖塔机器人 世界最后之日,255,1998年的盖塔 OVA，融合系列多部元素改编自真盖塔机器人
kimagure_orange_road,3,きまぐれオレンジ☆ロード,橙路,255,松本泉的80年代校园恋爱漫画及动画，讲述少年少女的三角关系
kyouryuu_sentai_zyuranger,3,恐竜戦隊ジュウレンジャー|恐龙战队,恐龙战队兽连者,255,超级战队系列第16作，1992年播出，首次引入第六位战士与奇幻元素
mayoi_neko_overrun!,3,迷途猫|迷途猫overrun,迷途猫OVER RUN!,255,松智洋创作的轻小说系列，由矢吹健太朗改编为漫画
real_mo_tama_ni_wa_uso_wo_tsuku,3,sometimes_even_reality_is_a_lie!,Real mo Tama ni wa Uso wo Tsuku,255,资料不足，无法确认作品类型与出处
return_of_the_mount_hua_sect,3,Return of the Blossoming Blade|hwasan_gwihwan|return_of_the_blossiming_blade|return_of_the_blossoming_blade|華山歸來,华山归来,255,韩国网络小说及改编漫画，主角为华山派梅花剑尊
ryuu_ga_gotoku_7,3,Yakuza: Like a Dragon|yakuza:_like_a_dragon|人中之龙7：光与暗的去向|如龙7,如龙7：光与暗的去向,255,如龙系列第八部正传，主角换为春日一番
senjou_no_valkyria_3,3,Valkyria Chronicles 3|戰場女武神3,战场女武神3,255,战场女武神系列第三作，战略角色扮演游戏
the_lion_king,3,The Lion King,狮子王,255,迪士尼的狮子王系列，始于1994年动画电影，衍生多部续作
upotte!!,3,upotte|うぽって!!|步枪少女,枪械少女,255,天王寺キツネ的喜剧漫画，将枪械拟人化为少女，2012年动画化
yakimochi_stream,3,,ヤキモチストリーム,255,恋爱题材作品，以嫉妒心理为主题
atomic_heart,3,Atomic Heart|atomicheart,原子之心,254,Mundfish开发的科幻第一人称射击游戏，舞台为架空的苏联
danmachi_battle_chronicle,3,,在地下城寻求邂逅是否搞错了什么 战斗编年史,254,《地错》改编的手机抽卡游戏，2023年上线、2025年结束运营
diao_ye_zong,3,,凋叶棕,254,RD-Sounds主导的日本东方Project改编音乐同人社团
gochuumon_wa_usagi_desu_ka??_wonderful_party!,3,,请问您今天要来点兔子吗?? Wonderful Party!,254,改编自《点兔》的 PS Vita 视觉小说，2016年发售
internet_yamero,3,インターネットやめる|别上网了,Internet Yamero,254,游戏《主播女孩重度依赖》的官方主题曲之一
leon_the_professional,3,Léon|leon|杀手莱昂|终极追杀令,这个杀手不太冷,254,1994年法国动作惊悚电影，吕克·贝松执导，让·雷诺与娜塔莉·波特曼主演
raisei_no_ryuu_tsukai,3,raisei_no_ryu_tsukai,来世之龙使,254,itoryo创作的日本同人漫画系列
romancing_saga,3,Romancing SaGa|ロマンシング サ・ガ,浪漫沙加,254,1992年超级任天堂上的沙加系列角色扮演游戏，后移植多个平台
uber_eats,3,UberEats|ubereats|优步外卖|优食,Uber Eats,254,优步旗下的餐饮外卖配送服务，以保温配送箱为标志
arc_the_lad_i,3,,亚克传说1,253,《亚克传说》系列首作
char's_counterattack_-_beltorchika's_children,3,夏亚的逆袭：贝托蒂嘉的子女|逆襲的夏亞：貝托蒂嘉的子嗣,逆袭的夏亚：贝托蒂嘉的子嗣,253,富野由悠季1988年的小说，为逆袭的夏亚的原案版本
discord,3,,Discord,253,2015年推出的语音与文字聊天软件，多用于游戏社区
lineage,3,Lineage|리니지,天堂,253,韩国NCsoft的MMORPG，1998年上线，为韩国网游的代表作之一
scott_pilgrim_(comics),3,斯科特·皮尔格林|歪小子史考特,歪小子斯科特（漫画）,253,布莱恩·李·奥马利的漫画原作，后改编为电影与动画
sonic_and_the_black_knight,3,音速小子與黑暗騎士,索尼克与黑暗骑士,253,2009年发售的Wii动作游戏，以亚瑟王传说为题材
the_ghost_and_molly_mcgee,3,幽灵与莫莉麦吉|莫莉·麦琪的幽灵,幽灵与莫莉·麦琪,253,迪士尼频道2021年至2024年播出的动画剧集，讲述少女与幽灵的友谊
ca_(deino),3,ca_(maeda_koutarou),Ca,252,画师Deino创作的原创角色
capsule_servant,3,Capsule Servant|カプセルさーばんと,胶囊从者,252,Fate/hollow ataraxia PSV版附带的塔防小游戏
gundam_00_a_wakening_of_the_trailblazer,3,机动战士高达00剧场版|機動戰士鋼彈00劇場版：先驅者的覺醒|高达00剧场版,机动战士高达00：先驱者的觉醒,252,《机动战士高达00》的剧场版，讲述人类与ELS的首次接触
higyaku_no_noel,3,noel_the_mortal_fate|被虐之诺艾尔|被虐的诺艾儿,被虐的诺艾尔,252,Kanawo用RPG Maker制作的冒险游戏，讲述少女的复仇故事
phantom_brave,3,Phantom Brave|幽灵勇者,幻域战记,252,日本一软件开发的策略角色扮演游戏，以幽灵与魔界为题材
supernatural_(tv_series),3,Supernatural|凶鬼恶灵|超自然档案,邪恶力量,252,讲述温彻斯特兄弟猎杀超自然生物的美国人气剧集
the_exit_8,3,8番出口|The Exit 8|出口8号,8号出口,252,Kotake Create开发的解谜游戏，以地下通道与异空间为题材，2025年改编真人电影
total_drama,3,total_drama:_revenge_of_the_island|total_drama:_the_ridonculous_race|total_drama_action|total_drama_allstars|total_drama_island|total_drama_pakhitew_island|total_drama_world_tour|total_dramarama|totaldrama|totaldramaaction|totaldramaallstars|totaldramaisland|totaldramapahkitewisland|totaldramarama|totaldramarevengeoftheisland|totaldramatheridonculousrace|totaldramaworldtour|全明星总动员,Total Drama,252,加拿大出品的动画剧集，以恶搞真人秀竞赛节目为题材
celeste_(game),3,,蔚蓝,251,Maddy Thorson与Noel Berry开发的独立平台跳跃游戏，2018年发售
ghostblade,3,鬼刃,鬼刀,251,wlop 创作的网络漫画，描绘冰公主等角色的奇幻故事
hunie_(series),3,HuniePop|亨妮波普,Hunie（系列）,251,HuniePot开发的融合恋爱与解谜元素的游戏系列
pronant_symphony,3,,Pronant Symphony,251,2017年使用RPG Maker制作的成人向游戏
sailor_element,3,,Sailor Element,251,日本原创角色系列，以三名水手服少女为主角
saishuu_chikan_densha_(series),3,,最终痴汉电车系列,251,Atelier Kaguya Team Heartbeat制作的成人向视觉小说系列，共三部
the_silmarillion,3,The Silmarillion|silmarillion|希尔玛瑞利恩,精灵宝钻,251,托尔金创作的《魔戒》世界观远古时代神话与历史集
yukijirushi,3,Yukijirushi|雪印乳业,雪印,251,日本乳制品公司MEGMILK SNOW BRAND旗下的品牌
action_pizazz,3,,Action Pizazz,250,日本成人向杂志Action Pizazz及其增刊刊载的壁纸图
danny_phantom,3,Danny Phantom|丹尼奇幻,幻影丹尼,250,Butch Hartman 制作的美国动画，主角为半人半鬼的少年英雄
fatal_frame_iii:_the_tormented,3,fatal_frame_3,零 ～刺青之声～,250,《零》系列第三作《零 ～刺青之声～》
life_is_strange_1,3,,奇异人生（初代）,250,《奇异人生》系列首作，主角为拥有时间回溯能力的少女麦克斯
octopath_traveler:_champions_of_the_continent,3,,歧路旅人 大陆的霸者,250,《歧路旅人》系列的手游，2020年在日本上线，后有2025年的离线重制版
perfect_blue,3,Perfect Blue|perfectblue|完美蓝,未麻的部屋,250,今敏执导的1997年动画电影，讲述偶像雾越未麻转向演员的故事
robotech,3,Robotech|太空堡壘,太空堡垒,250,Harmony Gold将三部日本机器人动画改编缝合而成的美国动画
sky_girls,3,Sky Girls|スカイガールズ,天翔少女,250,以少女驾驶飞行机械作战为题材的日本动画，2007年播出
twinbox_school,3,,Twinbox School,250,以学园为舞台的同人插画与作品系列，描绘少女角色
windows_95,3,windows95|视窗95,Windows 95,250,微软1995年发布的操作系统，首次引入开始菜单与任务栏
ancient_ys_vanished,3,Ancient Ys Vanished|Ys I,伊苏1 失落的古代王国,249,Falcom伊苏系列初代两作的副标题，1987年起在多平台发售
artery_gear:_fusion,3,Artery Gear: Fusion|arterygearfusion|机动战姬聚变,机动战姬：聚变,249,《机动战姬》系列第二作，机甲少女题材的手机游戏
bastard!!,3,BASTARD!!|BASTARD!!暗黑破坏神,暗黑破坏神（漫画）,249,萩原一至的奇幻漫画，1988年开始连载，以魔法与战斗为主题
grimoire_~shiritsu_grimoire_mahou_gakuen~,3,GRIMOIRE|私立グリモワール魔法学園,私立格里摩瓦魔法学园,249,Applibot开发的魔法学园题材手机游戏，以角色养成与战斗为主
heavy_object,3,HEAVY OBJECT|重装兵器,重装武器,249,镰池和马2009年起连载的轻小说，讲述超巨大兵器OBJECT的战争
inou-battle_wa_nichijou-kei_no_naka_de,3,Inou Battle|inobato|inou_battle_wa_nichijou-kei_no_naka_de|日常系的戰鬥,日常系的异能战斗,249,望公太的轻小说，2014年改编为动画
mayo_chiki!,3,Mayo Chiki!|mayo_chiki|迷途管家與懦弱的我,迷茫管家与懦弱的我,249,朝野始创作的轻小说，2011年被改编为动画
wrestle_angels_survivor_2,3,レスリングエンジェルス サバイバー2,摔跤天使幸存者2,249,《摔角天使幸存者》的续作游戏
zom_100:_zombie_ni_naru_made_ni_shitai_100_no_koto,3,Zom 100|僵尸百分百～变成僵尸前想做的100件事～,僵尸百分百,249,麻生羽吕原作、高田康太郎作画的漫画，后改编为动画与真人电影
bravely_second:_end_layer,3,BRAVELY SECOND|bravely_second|勇气默示录2：终结次元|勇气默示录Second,勇气默示录2,248,勇气默示录系列的续作，在3DS平台推出的角色扮演游戏
daredevil_(series),3,,夜魔侠,248,漫威漫画系列，主角为盲人律师马特·默多克化身的超级英雄
gal_gun_(series),3,Gal Gun|Gal*Gun|少女射击Double Peace,少女射击,248,Inti Creates 开发的系列游戏，含初代、Double Peace 与2等作品
phantom_kingdom,3,makai_kingdom|ファントム・キングダム|幻域王国,Phantom Kingdom,248,日本一软件出品的策略RPG，为魔界战记系列外传，海外改编为Makai Kingdom
suicide_squad_(2016_movie),3,,自杀小队（2016）,248,2016 年上映、改编自 DC 团队的真人电影，以哈莉·奎茵造型著称
tari_tari,3,taritari,TARI TARI,248,P.A.Works于2012年播出的原创电视动画，围绕合唱部少女展开
baby_walkure,3,Baby Walkure|baby_assassins|ベイビーわるきゅーれ,Baby Assassins,247,日本的动作电影系列，讲述两名女杀手的生活，含三部电影与剧集
comic_hotmilk,3,,Comic Hotmilk,247,Core Magazine 出版的成人漫画月刊
critical_role,3,critical_role_fanart|criticalrole|criticalrolefanart,Critical Role,247,马修·默瑟等美国配音演员进行的《龙与地下城》跑团直播节目
mewkledreamy,3,ミュークルドリーミー,Mewkledreamy,247,三丽鸥推出的少女向多媒体企划，2020年被改编为动画
pretty_rhythm_aurora_dream,3,Pretty Rhythm 極光之夢|星光少女 极光之梦,美妙旋律 极光之梦,247,《美妙旋律》的首部TV动画，讲述少女以偶像为目标的成长
quanzhi_gaoshou,3,,全职高手,247,蝴蝶蓝所著的电竞题材网络小说，并有动画与真人剧改编
suisei_tenshi_primaveil_zwei,3,,彗聖天使プリマヴェールZwei,247,Escu:de 开发的成人游戏，原画为花畑れとむ
bayonetta_3,3,bayonetta3|贝优妮塔3|魔兵惊天录3,猎天使魔女3,246,《猎天使魔女》系列第三作，2022年发售
fairy_fencer_f,3,Fairy Fencer F,妖精剑士F,246,以妖精与剑士为主题的日式角色扮演游戏
hentai_key,3,,HentaiKey,246,早期成人向图像来源或创作社团，作品信息较少
holiday_holiday_(love_live!),3,,Holiday Holiday,246,《Love Live! 莲之空女学院》中Cerise Bouquet演唱的歌曲
imaizumin-chi_wa_douyara_gal_no_tamariba_ni_natteru_rashii,3,imaizumi_brings_all_the_gals_to_his_house|imaizumi_brings_all_the_gyarus_to_his_house|今泉家好像是辣妹们的聚集地,今泉家似乎成了辣妹的聚集地,246,nori gorou的同人志系列，讲述辣妹聚集在男主家的故事
jinguang_budaixi,3,golden_light_puppet_show|金光布袋|金光布袋戲,金光布袋戏,246,1994年起播出的台湾金光布袋戏系列
omega_strikers,3,Omega Strikers|omegastrikers,欧米茄前锋,246,Odyssey Interactive的3对3在线动作竞技游戏，2023年4月上线
pixiv_fantasia_scepter_of_zeraldia,3,,Pixiv Fantasia Scepter of Zeraldia,246,2022年举办的第13届Pixiv Fantasia企划，以泽拉尔迪亚权杖为主题
riot_music,3,riotmusic,Riot Music,246,Brave Group旗下的虚拟歌手厂牌
smite,3,SMITE|smitegame,神之浩劫,246,Hi-Rez Studios开发的第三人称MOBA，角色取自各地神话神明
star_wars:_revenge_of_the_sith,3,star_wars_episode_3|star_wars_episode_iii|星战前传3|星球大战前传3：西斯的复仇,星球大战3：西斯的复仇,246,2005 年上映的星战前传第三部，讲述安纳金堕入黑暗面
tactics,3,タクティクス,Tactics,246,东山和子与木下樱创作的奇幻侦探题材漫画，并有动画与小说
a-soul,3,ASOUL|a_soul|asoul,A-SOUL,245,字节跳动与乐华娱乐推出的中国虚拟偶像女团，成员五人
ben-tou,3,便当,便·当,245,朝浦的轻小说及改编动画，以超市半价便当争夺战为主题
cult_of_the_lamb,3,Cult of the Lamb,咩咩启示录,245,Massive Monster 的肉鸽经营游戏，玩家扮演羊羔建立教团
gal_gamer_ni_homeraretai,3,ギャルゲーマーに褒められたい|想被GAL玩家夸奖,想被辣妹玩家表扬,245,Geshumaro 创作的漫画，描绘宅男与辣妹玩家的恋爱喜剧
hakuouki_shinsengumi_kitan,3,薄樱鬼,薄樱鬼 新选组奇谭,245,Idea Factory的女性向游戏系列，以新选组与吸血鬼设定为题材
kamisama_ni_natta_hi,3,The Day I Became a God|the_day_i_became_a_god|神様になった日,成神之日,245,Key与ANIPLEX共同制作的2020年原创动画
outbreak_company,3,Outbreak Company|萌萌侵略者 OUTBREAK COMPANY,萌萌侵略者,245,榊一郎的轻小说，2013年改编动画，讲述被派往异世界推广御宅文化的故事
propro_production,3,pro_production,ProPro Production,245,日本VTuber事务所，2025年更名为VKano
quackity_smp,3,QSMP|qsmp|quackitysmp|quesadilla_smp,Quackity SMP,245,Quackity创办的多语言Minecraft角色扮演服务器
sousai_shoujo_teien,3,創彩少女庭園,创彩少女庭园,245,寿屋推出的 1/10 可动少女模型套件系列，角色由森仓圆设计
akatsuki_blitzkampf,3,暁ブリッツカンプ,Akatsuki Blitzkampf,244,SUBTLE STYLE制作、2007年发布的同人格斗游戏，后推出街机版
casshern_(series),3,Casshan|casshan_(series)|人造人卡夏|卡夏,新造人间卡夏,244,1973年开播的卡夏系列，后续有1995年与2008年的新作
ever_17,3,Ever17 -the out of infinity-|ever17,Ever17,244,KID出品的视觉小说，最初登陆PS2与Dreamcast主机
getting_over_it,3,Getting Over It|getting_over_it_with_bennett_foddy|gettingoveritwithbenettfoddy|掘地求升,和班尼特福迪一起攻克难关,244,Bennett Foddy 制作的攀岩受苦游戏，玩家用锤子坐在壶中爬山
mahou_senshi_sweet_knights,3,,魔法戦士スイートナイツ,244,魔法战士系列的成人游戏，以甜蜜骑士为名
mahou_shoujo_lyrical_nanoha_exceeds:_gun_blaze_vengeance,3,,魔法少女リリカルなのはExceeds,244,为纪念奈叶系列二十周年制作的电视动画，都筑真纪原作、Seven Arcs制作
mebae_(game),3,,めばえ,244,Tanuki Soft开发的成人恋爱游戏
monster_(manga),3,MONSTER|m0nster,怪物,244,浦泽直树的悬疑漫画，讲述医生与连环杀手的追查，改编为动画
witch's_heart,3,Witch's Heart|witch'sheart|witchsheart|ウィッチズ・ハート,魔女之心,244,IZ用RPG Maker制作的恐怖解谜游戏，少女被困诅咒洋馆的故事
comic_unreal,3,,Comic Unreal,243,KILL TIME COMMUNICATION 2008年创刊的成人漫画杂志
destiny_(game),3,Destiny|destiny|destiny2|天命,命运,243,Bungie开发的科幻第一人称射击游戏系列
gravity_daze_2,3,Gravity Rush 2|重力眩晕2,重力异想世界2,243,《重力眩晕》的续作，2017年发售于PlayStation 4的动作游戏
hololive_china,3,Hololive中国分部|holocn|hololive CN|hololive_cn|hololivecn,Hololive 中国,243,hololive曾在中国大陆运营的分部，主要在Bilibili活动
poketoon,3,POKÉTOON|ポケトゥーン|宝可梦小动画,POCKÉTOON,243,宝可梦Kids TV频道播出的短篇动画系列合集
portal_2,3,Portal 2,传送门2,243,传送门的续作，2011年推出，新增合作模式与更多剧情
real_drive,3,RD潜脑调查室|Real Drive,RD潜脑调查室,243,Production I.G与士郎正宗合作的科幻动画
sensha_otoko,3,战车男,戦車男,243,TYPE-MOON 2009年愚人节企划，戏仿电车男
superman_(2025),3,,超人（2025）,243,2025 年由詹姆斯·古恩执导的超人真人电影，开启新 DC 宇宙
the_great_ace_attorney_2:_resolve,3,dai_gyakuten_saiban_2|大逆转裁判2|大逆转裁判2 -Resolve-,大逆转裁判2,243,大逆转裁判系列的续作，2017年发售
wild_arms_4,3,Wild Arms 4|狂野历险4,荒野兵器4,243,Media.Vision开发的西部题材RPG《荒野兵器》系列第四作
gotcha!,3,Acacia|gotcha|宝可梦MV GOTCHA!,GOTCHA!,242,2020年宝可梦主题MV，使用BUMP OF CHICKEN的歌曲《Acacia》
masou_gakuen_hxh,3,魔装学園H×H,魔装学园H×H,242,久慈マサムネ创作的轻小说，以机甲装备战斗为题材
metroid_prime_3:_corruption,3,Metroid Prime 3: Corruption|银河战士Prime3 腐蚀,密特罗德Prime 3：腐蚀,242,Prime三部曲最终作，登陆Wii
star_ocean:_integrity_and_faithlessness,3,Star Ocean 5|star_ocean_5|star_ocean_integrity_and_faithlessness|星之海洋5,星之海洋5 忠诚与背叛,242,《星之海洋》系列第五作
terminator_2:_judgment_day,3,魔鬼终结者2,终结者2：审判日,242,詹姆斯·卡梅隆执导的1991年电影，为终结者系列第二部
coefont,3,CoeFont Studio|coefont_studio|coefontstudio,CoeFont,241,CoeFont 公司运营的在线文字转语音服务，提供多位 AI 语音角色
comiket_89,3,CM89|Comic Market 89|c89,Comic Market 89,241,Comic Market 第89届同人志即卖会，2015年12月29-31日举办
facebook,3,Facebook|脸谱,脸书,241,马克·扎克伯格创立的社交网络平台
manemane_nichinichi,3,マネマネにちにち,マネマネにちにち,241,山本崇一朗创作的棒球题材搞笑漫画，2024年开始连载
project-sp,3,project_sp,Project SP,241,在bilibili活动的中国VTuber企划，又称psplive
psychic_hearts,3,,Psychic Hearts,241,日本桌面角色扮演游戏，并提供角色检索服务
super_metroid,3,Super Metroid|超级密特罗德,超级银河战士,241,1994 年登陆 SFC 的《银河战士》系列第三作
twinbee,3,TwinBee|ツインビー,兵蜂,241,科乐美1985年推出的街机纵向卷轴射击游戏，以蜜蜂造型战机为特色
zanki_mugen-chan_vs_deathtrap_dungeon,3,,残機無限ちゃんvsデストラップダンジョン,241,以无限残机少女挑战陷阱地牢为题材的作品
air_gear,3,Air Gear|飛輪少年,飞轮少年,240,大暮维人创作的漫画，以空中轮滑运动为题材
avatar_2.0_project,3,avatar2.0,Avatar 2.0 Project,240,VRoid、pixiv等合作的虚拟主播企划，成员通过选拔组建
corpse_party,3,Corpse Party|コープスパーティー,尸体派对,240,Team GrisGris 的同人恐怖游戏，后在 PSP 等平台重制
dr._mario_(game),3,Dr. Mario|dr.mario|drmario|马里奥医生,马力欧医生,240,1990年推出的益智游戏，主角为医生打扮的马力欧
kimi_to_tsuzuru_utakata,3,The Summer You Were There|the_summer_you_were_there|和你共度泡沫夏天,与你编缀的泡沫,240,Yuama 创作的百合漫画，英文标题为 The Summer You Were There
legends_of_runeterra,3,Legends of Runeterra|LoR,符文之地传说,240,基于《英雄联盟》世界观的免费集换式卡牌游戏，由Riot Games发行
sonic_unleashed,3,Sonic World Adventure|sonic_world_adventure|sonicunleashed|音速小子：世界冒险,索尼克：释放,240,2008年发售的动作冒险游戏，白天与夜晚形态能力不同
soulcalibur_v,3,soul_calibur_v|刀魂5|剑魂5,灵魂能力5,240,《灵魂能力》系列作品，舞台为 17 世纪，讲述前作 17 年后的故事
warzard,3,Red Earth|Warzard|red_earth_(game),红色大地,240,Capcom于1996年推出的CPS3格斗游戏，日版名为Warzard
blazblue_remix_heart,3,ブレイブルー リミックスハート|蒼翼默示錄 Remix Heart,苍翼默示录 Remix Heart,239,苍翼默示录的漫画外传作品
freezing_(series),3,Freezing|freezing|结界女王,零度战姬,239,韩国漫画 Lim Dall-Young 原作、金广贤作画的战斗漫画，2011年改编动画
hengen_souki_shine_mirage,3,変幻装姫シャインミラージュ,変幻装姫シャインミラージュ,239,以变身装姬为主角的成人向作品
hourou_musuko,3,Wandering Son|wandering_son|放浪息子,放浪男孩,239,志村贵子的漫画，讲述性别认同困惑的少男少女，2011年动画化
kaii_to_otome_to_kamikakushi,3,Mysterious Disappearances|kaii_to_otome_to_kamigakushi|mysterious_disappearances|怪異と乙女と神隠し,怪异与少女与神隐,239,ぬじま的漫画，2024年春改编为动画
kamen_rider_black_(series),3,假面騎士BLACK|幪面超人Black,假面骑士Black,239,假面骑士系列第8作，1987年播出
mega_man_1,3,Rockman 1|rockman_1|元祖洛克人1,洛克人1,239,1987年发售的系列首作，登陆FC平台
nissin,3,Nissin|日清食品,日清,239,日本食品公司，以方便面与速食产品的开发制造为主
ars_goetia,3,Ars Goetia|所罗门七十二柱魔神,哥耶提亚,238,所罗门之钥的第一部，记载七十二柱恶魔的十七世纪魔法书
atelier_lulua,3,ルルアのアトリエ|露露亚的工作室,露露亚的炼金工房,238,《炼金工房》系列第20作，亚兰德四部曲的第四部
genmu_senki_leda,3,Leda|leda_the_fantastic_adventure_of_yohko|幻夢戦記レダ,幻梦战记蕾妲,238,1985年的 OVA 动画，少女蕾妲成为装甲战士对抗异界暴君
novelpia,3,,Novelpia,238,韩国的网络小说连载平台
perfume_(band),3,perfume|perfume_fanart,Perfume,238,广岛出身的日本电音流行女子组合，2005年正式出道
sonic_generations,3,Sonic Generations|音速小子 世代,索尼克：世代,238,2011年发售的平台游戏，经典与现代索尼克同台登场
tales_of_rebirth,3,Tales of Rebirth,重生传说,238,传说系列第六部母舰作品，登陆PS2与PSP，未在欧美发行
windows_7,3,Win7|windows7,Windows 7,238,微软开发的个人电脑操作系统，沿用Aero界面并改进任务栏
wizardry,3,Wizardry|辟邪除妖,巫术,238,经典地下城探索RPG系列，以第一人称迷宫冒险为特色
world_masterpiece_theater,3,World Masterpiece Theater|世界名作劇場,世界名作剧场,238,1969至2009年播出，改编西方儿童文学的动画系列
bijin_onna_joushi_takizawa-san,3,,美人女上司滝沢さん,237,以美女上司与下属的日常为主题的日本漫画
blazblue_variable_heart,3,蒼翼默示錄 Variable Heart,苍翼默示录 Variable Heart,237,苍翼默示录漫画外传，为Remix Heart的续篇
breath_of_fire_i,3,Breath of Fire 1,龙战士1,237,卡普空龙战士系列的首作
jurassic_park,3,Jurassic Park|jurassicpark,侏罗纪公园,237,迈克尔·克莱顿小说改编、斯皮尔伯格执导的1993年电影
mario_&_luigi:_brothership,3,Mario & Luigi: Brothership|marioluigibrothership|马里奥与路易吉RPG：兄弟情谊,马力欧与路易吉RPG 兄弟情谊,237,《马力欧与路易吉RPG》系列新作，登陆Switch，首次由AlphaDream以外公司开发
mili_(band),3,mili,Mili,237,日本独立乐队，为Project Moon、哥布林杀手等作品创作歌曲
skip_to_loafer,3,Skip and Loafer|skiptoloafer|跳跃和乐福鞋,跃动青春,237,高松美咲的漫画，描写少女岩仓美津未的高中生活，2023年动画化
super_mario_world,3,Super Mario World|超级马里奥世界,超级马力欧世界,237,任天堂 SFC 平台的《马力欧》横版平台动作游戏
totally_spies!,3,totally_spies,间谍少女组,237,法国Marathon Media制作的动画，以三名少女特工为主角
z.a.t.o._//_i_love_the_world_and_everything_in_it,3,,Z.A.T.O. // I Love the World and Everything in It,237,Ferry制作的悬疑视觉小说
zaregoto_series,3,戯言シリーズ,戏言系列,237,西尾维新的轻小说系列，以《斩首循环》为开端
aerisdies,3,,Aeris Dies,236,早期较知名的成人向图片仓库网站，Danbooru早期常见其图源
bird/binary,3,bird_binary,Bird/Binary,236,las91214的科幻变形机甲网络漫画，有B站改编动画与玩具周边
elysion,3,Sound Horizon Elysion|乐园幻想物语组曲,Elysion,236,Sound Horizon发行的专辑，后有树下樱绘制的漫画版
harry_potter:_magic_awakened,3,Harry Potter: Magic Awakened|哈利·波特：魔法觉醒,哈利波特：魔法觉醒,236,网易开发的卡牌角色扮演手游，剧情设定在霍格沃茨大战十年后
hilda_(series),3,Hilda,希尔达,236,改编自英国绘本的动画，舞台为魔法生物栖息的北欧风世界
kamisama_hajimemashita,3,Kamisama Kiss|kamisama_kiss|神様はじめました,元气少女缘结神,236,铃木ジュリエッタ的少女漫画，2012年由TMS动画化
nana_(series),3,nana|娜娜,NANA,236,矢泽爱的少女漫画，讲述两位同名NANA的友情与恋爱
one_piece:_stampede,3,海贼王：狂热行动|航海王 夺宝争霸战,航海王：狂热行动,236,2019年上映的《航海王》第14部剧场版
armored_core:_for_answer,3,ACFA|Armored Core: For Answer|装甲核心4A,装甲核心 For Answer,235,《装甲核心4》的直接续作，FromSoftware的机甲战斗游戏
bokutachi_wa_hitotsu_no_hikari,3,僕たちはひとつの光|我们是同一束光,我们是一束光,235,Love Live! 剧场版的片尾曲，由μ's演唱
drawfee,3,,Drawfee,235,由多位画师主持的喜剧向绘画YouTube频道
japan_railways,3,JR日本铁路|JR日本铁道|Japan Railways,日本铁路,235,日本国有铁道民营化后成立的七家JR铁路公司集团
kirby:_triple_deluxe,3,卡比三重豪华|星之卡比 三重豪华,星之卡比 三重豪华,235,任天堂3DS上的首款卡比游戏，2014年发售，沿用传统玩法并加入新能力
mahou_shoujo_madoka_magica_portable,3,,魔法少女小圆Portable,235,万代2012年在PSP平台发行的小圆游戏，首次公开主角们的魔女形态
metroid:_zero_mission,3,密特罗德：零点任务,密特罗德：零点任务,235,初代《密特罗德》的重制版，2004年登陆GBA
vchiban,3,V-Chiban|由于番号,Vchiban,235,2023年成立的小型VTuber团体，以咖啡店与拟似家庭为主题
11eyes,3,11eyes -Cross of eyes-|11eyes: 交叉之眼,11eyes,234,Lass制作的成人向视觉小说，副标题为罪与罚与赎的少女
athena_(series),3,Athena|麻宫雅典娜,雅典娜,234,SNK的横版动作游戏系列，以雅典娜公主为主角
gainax,3,Gainax动画,GAINAX,234,日本动画制作公司，代表作有《新世纪福音战士》《天元突破》
guild_no_uketsukejou_desu_ga_zangyou_wa_iya_nanode_boss_wo_solo_toubatsu_shiyou_to_omoimasu,3,公会前台小姐想单刷boss|公会的接待小姐虽然讨厌加班，但是要一个人单挑BOSS,虽然是公会前台小姐，但我不想加班，所以打算单刷BOSS,234,香坂マト的轻小说及动画，讲述公会前台为准时下班而单刷BOSS
ryuu_ga_gotoku_3,3,yakuza_3,如龙3,234,如龙系列第三作，桐生一马在冲绳经营孤儿院
shiroi_suna_no_aquatope,3,the_aquatope_on_white_sand|白砂水族馆|白砂的水族馆,白沙的水族馆,234,P.A.Works制作的2021年原创动画，以水族馆少女的成长为主题
wonderland_wars,3,Wonderland Wars|不思议的国度战争,仙境战争,234,SEGA的童话题材街机在线对战游戏
ghost_trick,3,Ghost Trick|ghost_trick:_phantom_detective|ghost_trick_fanart|ghost_trick_phantom_detective|ghost_trick_spoilers|ghosttrick|ghosttrick:phantomdetective|ghosttrickfanart|ghosttrickphantomdetective|ghosttrickspoilers|grick|幽灵诡计,幽灵诡计：幻影侦探,233,Capcom 2010年发行的 NDS 解谜游戏，由巧舟执导，主角为失忆幽灵
ghostbusters,3,Ghostbusters|捉鬼特工队|魔鬼克星,捉鬼敢死队,233,1984年的美国超自然喜剧电影，三名灵异学家在纽约经营捉鬼业务
inazuma_eleven_victory_road,3,,闪电十一人 英雄们的胜利之路,233,《闪电十一人》系列新作游戏，2023年发售
megami_device,3,メガミデバイス|美少女装置,女神装置,233,寿屋推出的可动模型系列
mozilla_firefox,3,Firefox|火狐浏览器,Mozilla Firefox,233,Mozilla基金会开发的免费开源网页浏览器
ninja_to_koroshiya_no_futarigurashi,3,a_ninja_and_an_assassin_under_one_roof|ninkoro|忍者与杀手二人的同居生活|忍者与杀手的两人生活,忍者与杀手的二人生活,233,hundredburger的喜剧漫画，描写逃亡忍者与杀手少女的同居，2025年改编动画
peripeteia,3,佩里皮提亚,Peripeteia,233,以架空后苏联波兰为舞台的动漫风沉浸式模拟游戏
space_adventure_cobra,3,Cobra|cobra|哥普拉|太空冒险科布勒,宇宙海盗哥普拉,233,寺泽武一的太空歌剧漫画，主角为宇宙海贼哥普拉
suntory,3,Suntory|桑特利,三得利,233,日本的饮料与酒类制造企业集团，1899 年创立
suzume_no_tojimari,3,すずめの戸締まり|铃芽户缔|铃芽的关门之旅,铃芽之旅,233,新海诚编剧执导、2022 年上映的动画电影
taima_seikou_alice,3,,退魔圣光爱丽丝,233,以退魔为主题、围绕女主角爱丽丝展开的作品，具体出处不详
takt_op.,3,takt op.|taktop.|谭克·奥帕斯·德泰尼,宿命回响,233,万代南梦宫与DeNA发起的古典音乐拟人化多媒体企划，含动画与游戏
v&u_entertainment,3,VU Entertainment|vnuentertain,V&U Entertainment,233,由韩国Maros Studio与Metaro合作的VTuber经纪公司
border_break,3,战场之绊|边境之战,Border Break,232,世嘉2009年推出的街机机甲对战游戏
flowers_(innocent_grey),3,FLOWERS系列|Flowers 春篇|flowers,FLOWERS,232,Innocent Grey 2014年推出的百合悬疑冒险游戏，原画为杉菜水姬
junk_gaming_maiden,3,垃圾游戏少女,Junk Gaming Maiden,232,stggc创作、Gamespark赞助的电子游戏题材网络漫画
kamen_rider_ghost_(series),3,仮面ライダーゴースト|假面骑士Ghost 幽灵,假面骑士Ghost,232,平成假面骑士第17作，2015年播出
kamen_rider_saber_(series),3,仮面ライダーセイバー|假面骑士Saber,假面骑士圣刃,232,令和假面骑士第2作，2020年播出
mahou_no_tenshi_creamy_mami,3,creamy_mami_the_magic_angel|我是小忌廉|我系小忌廉|魔法天使奶油咪咪,魔法天使Creamy Mami,232,Studio Pierrot1983年的魔法少女动画，开创歌手配音与角色歌曲的媒体混合模式
mega_man_x1,3,Megaman X|Rockman X|rockman_x1|洛克人X1,洛克人X（初代）,232,洛克人X系列首作
nora_cat_channel,3,nora_cat|のらキャットチャンネル,Nora Cat Channel,232,虚拟YouTuberのらきゃっとのYouTube频道
nora_to_oujo_to_noraneko_heart,3,nora_princess_and_stray_cat|nora_to_koujo_to_noraneko_heart|ノラと皇女と野良猫ハート|野良与皇女与野良猫之心,野良与皇女与流浪猫之心,232,Harukaze的2016年视觉小说，并有动画改编
saishuu_chikan_densha,3,,最终痴汉电车,232,Atelier Kaguya Team Heartbeat的成人向视觉小说，以电车为题材
tetsuwan_birdy_decode,3,Birdy the Mighty DECODE|birdy_the_mighty_decode|铁腕女刑警DECODE|铁腕巴蒂DECODE,铁腕巴迪DECODE,232,铁腕巴迪的2008年电视动画版，共25集
the_grim_adventures_of_billy_&_mandy,3,Billy & Mandy|billyandmandy|billyymandy|grimadventures|the_grim_adventures_of_billy_and_mandy|thegrimadventuresofbillyandmandy|死神之位争夺战|比利和曼迪的恐怖冒险,比利和曼蒂的格林冒险,232,Cartoon Network播出的美国动画，讲述男孩比利与曼蒂和死神的故事
bokura_no_live_kimi_to_no_life,3,Our Live Your Life|僕らのLIVE 君とのLIFE,我们的LIVE 与你的LIFE,231,Love Live! μ's的首张单曲
chucolala,3,チュコララ,Chucolala,231,Paryi 组建的虚拟主播团体，成员多为在其企划下出道的主播
coco_(disney),3,Coco|coco|可可夜总会|玩转极乐园,寻梦环游记,231,皮克斯2017年制作的动画电影，以墨西哥亡灵节为题材
deep_one_kyomu_to_mugen_no_fragment,3,,Deep One 虚無と夢幻のフラグメント,231,DMM与Fanza平台推出的网页游戏
kamen_america_(comic),3,kamenamerica|卡门美国队长,Kamen America,231,Timothy Lim创作的美国独立超级英雄漫画
mahou_shoujo_lyrical_nanoha_detonation,3,魔法少女リリカルなのは Detonation|魔法少女奈叶 剧场版Detonation|魔法少女奈叶剧场版,魔法少女奈叶Detonation,231,魔法少女奈叶系列剧场版动画，接续Reflection的剧情
mist_train_girls,3,misttraingirls|ミストトレインガールズ|幻雾列车少女|雾中列车女孩,迷雾列车少女,231,DMM发行的车站拟人化抽卡游戏，由Exnoa开发
papa_no_iu_koto_wo_kikinasai!,3,listen_to_me_girls._i_am_your_father!|listen_to_me_girls_i_am_your_father!|papa_no_iu_koto_wo_kikinasai|papa_no_iukoto_o_kikinasai|papa_no_iukoto_o_kikinasai!|papa_no_iukoto_wo_kikinasai|papa_no_iukoto_wo_kikinasai!|papakiki|パパのいうことを聞きなさい!|听爸爸的话！ 三只小猫|老爸当家,听爸爸的话！,231,松智洋创作、中岛有华插画的轻小说，讲述三姐妹寄住大学生家中的生活
predator_(1987),3,Predator|掠夺者|终极战士,铁血战士（1987年电影）,231,1987年科幻恐怖动作电影，特种部队在中美洲丛林遭遇外星猎手
space_dandy,3,Space Dandy|宇宙丹迪,太空丹迪,231,渡边信一郎执导、Bones 制作的 2014 年科幻喜剧动画
yuuwaku_2_tsume_ato,3,,誘惑 第二章 爪痕,231,ScooP于2002年推出的成人游戏，原画为田丸诚
absolute_wonder_woman,3,,绝对神奇女侠,230,绝对DC宇宙作品，描写由瑟西而非亚马逊人抚养长大的神奇女侠
caligula_(game),3,Caligula|Caligula Overdose|caligula|caligulaod|卡里古拉 过量,卡里古拉,230,2016年在PSV推出的角色扮演游戏，后以加强版重制
canvas_(cocktail_soft),3,,Canvas,230,Cocktail Soft的成人向恋爱游戏系列
digimon_savers,3,Digimon Data Squad|digimon_data_squad|数码兽拯救者|数码宝贝拯救队,数码宝贝拯救者,230,数码宝贝系列第五部动画，讲述大门大等DATS队员的故事
hanasaki_work_spring,3,Hanasaki Work Spring|花咲ワークスプリング,花咲Work Spring!,230,SAGA PLANETS于2015年推出的成人向视觉小说
hanikami_kanojo,3,Hanikami Kanojo|ハニカミ彼女,羞涩女友,230,成人向恋爱游戏，以害羞的女友为主要题材
hitomi_sensei_no_hokenshitsu,3,Nurse Hitomi's Monster Infirmary|nurse_hitomi's_monster_infirmary|保健室老师瞳,瞳老师保健室,230,Shake-o的漫画，独眼护士瞳老师与学生的校园日常
kokuhaku_jikkou_iinkai,3,告白执行委员会|告白预行演习,告白实行委员会,230,HoneyWorks 的歌曲企划，围绕恋爱与偶像系列展开，并衍生动画电影
mega_man_9,3,Megaman 9|Rockman 9|rockman_9,洛克人9,230,原祖洛克人系列第九作，采用8位机像素风格
ninjala,3,,泡泡糖忍战,230,GungHo于2020年推出的多人动作对战游戏，以忍者与忍具为题材
slay_the_princess,3,Slay the Princess|slaytheprincess|屠戮公主,杀死公主,230,Black Tabby Games制作的恐怖视觉小说
super_paper_mario,3,Super Paper Mario|superpapermario|超级纸马,超级纸片马力欧,230,《纸片马力欧》系列第三作，登陆 Wii，可在 2D 与 3D 间切换
tekken_6,3,Tekken 6|tekken_comic|鉄拳6,铁拳6,230,铁拳系列第七作，2007年在街机推出，采用PS3架构基板
the_super_mario_galaxy_movie,3,,超级马力欧银河大电影,230,Illumination制作的马力欧动画电影，改编自《超级马力欧银河》，2026年上映
your_diary,3,你的日记|君の日記,Your Diary,230,Cube的视觉小说，由カントク负责原画与角色设计
arakawa_under_the_bridge,3,荒川Under the Bridge|荒川桥下,荒川爆笑团,229,中村光的搞笑漫画，讲述河床居民的日常，2010年由SHAFT改编为动画
ashita_no_nadja,3,明日のナージャ|明日之星娜佳,明日之星娜嘉,229,东映动画制作的少女向动画，2003年至2004年播出
black_clover_m:_rise_of_the_wizard_king,3,,黑色五叶草M：魔法帝的崛起,229,改编自黑色五叶草的手机游戏
boku_no_himitsu_taiken,3,,ボクの秘密体験,229,具体题材与出处均不详的作品
dragon_nest,3,Dragon Nest|dragonnest|龙之谷手游,龙之谷,229,韩国Eyedentity Games开发的3D动作大型多人在线角色扮演游戏
hasbro,3,Hasbro|赫利波特玩具,孩之宝,229,美国的大型玩具与娱乐公司，旗下拥有变形金刚、小马宝莉等品牌
hundred_(light_novel),3,HUNDRED|Hundred百武装战记,百武装战记,229,箕崎准的轻小说，2016年改编为动画
isshiki-san_wa_koi_wo_shiritai.,3,Isshiki-san Wants to Know About Love|isshiki-san_wants_to_know_about_love.|一色さんは恋を知りたい,一色小姐想知道恋爱,229,以想了解恋爱的少女为主角的校园恋爱漫画
nichijou_kamoshirenai,3,,日常かもしれない,229,wolrero的网络漫画，以四位角色的搞笑日常为主题
sengoku_musou_2,3,Samurai Warriors 2|samurai_warriors_2|戦国無双2,战国无双2,229,光荣的无双系列第二作，以战国武将为可操作角色
shachiku_succubus_no_hanashi,3,社畜サキュバスの話|社畜女梦魔的故事,社畜魅魔的故事,229,描写在现代社会当社畜的魅魔日常生活的同人漫画
star_wars:_the_force_awakens,3,Star Wars: The Force Awakens|star_wars_episode_7|star_wars_episode_vii|星球大战7|星球大战7：原力觉醒,星球大战7：原力觉醒,229,2015 年上映的星战后传三部曲首部，故事发生在绝地归来 30 年后
sunoharasou_no_kanrinin-san,3,Miss Caretaker of Sunohara-sou|miss_caretaker_of_sunohara-sou|阳春庄的管理员小姐,春原庄的管理员小姐,229,ねこうめ创作的漫画，讲述少年与公寓管理员小姐的日常
the_seven_deadly_sins,3,The Seven Deadly Sins|七原罪|七宗罪,sin 七宗罪,229,Hobby Japan推出的多媒体企划，以西条敦设计的七位魔王少女为主角
titanic_(movie),3,Titanic|titanic|铁达尼号,泰坦尼克号,229,詹姆斯·卡梅隆执导的1997年爱情灾难电影，以泰坦尼克号沉没为背景
xianjian_qixia_zhuan,3,Xian Jian Qi Xia Zhuan|仙剑奇侠传 剑圣,仙剑奇侠传,229,姚壮宪创作、软星开发的仙侠题材游戏及多媒体企划
codename:_kids_next_door,3,Codename: Kids Next Door|codenamekidsnextdoor|小孩大联盟 秘密特工|少年特攻队,小孩大联盟,228,Cartoon Network 2002至2008年播出的美国动画，儿童特工对抗大人统治
cue!,3,,CUE!,228,Liber Entertainment 的声优养成手机游戏，2022年改编为动画
gundam_thunderbolt,3,Gundam Thunderbolt|机动战士高达雷霆宙域|雷霆战记,机动战士高达 雷霆宙域,228,太田垣康男2012年起连载的高达漫画，以一年战争后期为舞台
senran_kagura_burst,3,Senran Kagura Burst|闪乱神乐 爆裂,闪乱神乐爆裂,228,2012年Nintendo 3DS上的闪乱神乐系列动作游戏
tasogare_otome_x_amnesia,3,Dusk Maiden of Amnesia|dusk_maiden_of_amnesia|tasogare_otome_amnesia|黄昏乙女与失忆症|黄昏少女×失忆症,黄昏乙女×失忆症,228,MAYBE创作的漫画，2012年改编为动画，讲述旧校舍幽灵少女的故事
trouble_spirit!,3,异变困境,Trouble Spirit!,228,南创作、以妖怪少女为主角的漫画
valkyrie_connect,3,Valkyrie Connect|女武神连击|瓦尔基里连线,瓦尔基里连接,228,日本手机游戏，以召唤英灵与公会战为玩法
zegapain,3,ゼーガペイン|泽格佩因,Zegapain,228,Sunrise制作的2006年科幻机器人动画，并有漫画与游戏
30_minutes_sisters,3,30 MINUTES SISTERS|30minutessisters|三十分钟姐妹,30分钟少女,227,万代2021年推出的原创机娘拼装模型系列，主打模块化换装
capcom_vs._snk,3,CAPCOM VS SNK|Capcom vs. SNK|capcom_vs_snk|capcomvssnk,卡普空对SNK,227,卡普空与SNK角色对决的格斗游戏，2000年推出街机版
capcom_vs._snk_2,3,CAPCOM VS SNK 2|Capcom vs. SNK 2|capcom_vs_snk_2,卡普空对SNK 2,227,卡普空对SNK的续作格斗游戏，可自由编组两队角色
dewprism,3,Threads of Fate|threads_of_fate|デュープリズム|命运的丝线,Dewprism,227,史克威尔在PlayStation平台推出的动作角色扮演游戏
doom_(2016),3,DOOM|DOOM (2016)|doom2016|毁灭战士4,毁灭战士2016,227,id Software开发、2016年推出的毁灭战士系列重启作
freedom_planet,3,Freedom Planet|freedomplanet|自由行星,自由星球,227,受索尼克启发的2D平台动作独立游戏系列，以动物角色为主角
linux,3,林纳斯Linux,Linux,227,基于Linux内核的自由开源类Unix操作系统家族，吉祥物为企鹅Tux
majin_tantei_nougami_neuro,3,Neuro: Supernatural Detective|neuro:_supernatural_detective|魔人侦探涅罗|魔人侦探食脑奈罗,魔人侦探脑啮涅罗,227,松井优征创作的推理漫画，2005至2009年连载于周刊少年Jump
monster_hunter_3,3,モンスターハンター3|怪物猎人 3tri,怪物猎人3,227,怪物猎人系列第三世代首作，Wii平台发行
paper_mario_64,3,Paper Mario 64|纸片马力欧64,纸片马力欧64,227,任天堂64上的首部纸片马力欧RPG，日版名为马力欧物语
ring_dream,3,リングドリーム,Ring Dream,227,女子职业摔角题材的手机卡牌游戏，2012至2020年运营
ruridragon,3,ruri_dragon,琉璃龙龙,227,真藤雅兴的漫画，2022年起在周刊少年Jump连载
searching_for_a_world_that_doesn't_exist,3,,寻找不存在的世界,227,Minecraft的另类实境游戏，由YouTuber Wifies创作推广
shin_megami_tensei_ii,3,真・女神転生II|真女神转生2,真女神转生II,227,真女神转生系列第二作，最初发售于超级任天堂的角色扮演游戏
ace_combat_7,3,Ace Combat 7|王牌空战7|空战奇兵7,皇牌空战7 未知的天空,226,皇牌空战系列第七作，2019年登陆PS4、Xbox One与PC，含VR内容
gagraphic,3,Ga Graphic,Gagraphic,226,日本 GA 文库旗下提供壁纸下载的网站
hakoiri_musume,3,,箱入り娘,226,D'z的成人游戏，由The SEIJI作画，后有《生娘》等更新版本
high_school_dxd_hero,3,High School DxD Hero|恶魔高校DxD HERO|高校DxD 第四季,高校D×D HERO,226,《恶魔高校D×D》的第四季电视动画，2018年播出
mega_man_11,3,Megaman 11|Rockman 11|rockman_11,洛克人11,226,原祖洛克人系列第十一作，登陆Switch等平台
beautiful_gunbari,3,,Beautiful Gunbari,225,韩国网络漫画，2015年起连载，讲述女性被征召入伍的故事
daten_keikaku,3,,Daten Keikaku,225,出处与作品类型暂不明，尚无可靠作品信息
five_star_stories,3,The Five Star Stories|五星物語,五星物语,225,永野护创作的太空歌剧与机甲漫画，1986年开始连载
ghost_sweeper_mikami,3,GS美神|Ghost Sweeper Mikami|幽灵清扫者美神,GS美神极乐大作战,225,椎名高志的漫画，描绘美神令子与灵能者的除灵喜剧，改编动画
i-chu,3,I★CHU|アイ★チュウ|偶像恋曲,I-Chu,225,LIBER Entertainment的偶像养成节奏手机游戏
jianxia_qingyuan_(series),3,JX Online|jx_online|剑侠情缘系列|剑侠情缘网络版,剑侠情缘,225,西山居与金山旗下的武侠游戏系列，含单机与网游
kanojo_x_kanojo_x_kanojo,3,Kanojo x Kanojo x Kanojo|彼女×彼女×彼女,女友×女友×女友,225,Crossnet 2008年的成人游戏，原画为祝部仁
koi_ni_naritai_aquarium,3,恋になりたいAQUARIUM|恋水族馆,想成为恋人AQUARIUM,225,《Love Live! Sunshine!!》中Aqours的单曲，2016年发行
luminous_arc,3,Luminous Arc|ルミナスアーク,弧光之源,225,任天堂DS平台的战略角色扮演游戏，以魔女与骑士的幻想故事为题材
otomedius,3,Otomedius|オトメディウス|少女射击,少女巡航机,225,科乐美推出的射击游戏系列，融合《Gradius》玩法与美少女角色
rokka_no_yuusha,3,Rokka: Braves of the Six Flowers|rokka:_braves_of_the_six_flowers|六花の勇者|六花勇者,六花的勇者,225,以六名勇者对抗魔神为题材的日本轻小说及改编动画
tokyo_necro,3,toukyou_necro|トーキョーネクロ|东京Necro|东京亡者都市,Tokyo Necro,225,Nitroplus制作的科幻恐怖视觉小说，以冷冻都市东京为舞台
witch_watch,3,witchwatch|魔女守护者,WITCH WATCH,225,筱原健太的恋爱喜剧奇幻漫画，2025年播出电视动画
avengers:_endgame,3,复仇者联盟：终局之战|复联4,复仇者联盟4：终局之战,224,漫威电影宇宙作品，复仇者联盟系列的终章
dexter's_laboratory,3,Dexter's Laboratory|dexterslaboratory|德克斯特实验室,德克斯特的实验室,224,Cartoon Network播出的美国动画，由格恩迪·塔塔科夫斯基创作
imouto_ga_bun_retsu_shita.,3,,妹妹分裂了,224,标题意为妹妹分裂了的日本作品
kyuuketsuki_sugu_shinu,3,the_vampire_dies_in_no_time|吸血鬼很快就死|吸血鬼立刻死亡,吸血鬼马上死,224,盆之木至的搞笑漫画，讲述吸血鬼屡屡惨死又复活的荒诞日常，并有动画
mahou_shoujo_lucifer_ouka,3,,Mahou Shoujo Lucifer Ouka,224,题为魔法少女的作品，具体类型与内容不详
shuumatsu_nani_shitemasu_ka?,3,终末时在做什么？有空吗？快来拯救我|终末，你在做什么呢？可以的话，请来拯救我吧。,末日时在做什么？有没有空？可以来拯救吗？,224,枯野瑛的轻小说，描写末日世界中少女兵器与青年的故事
t.m.revolution,3,TM Revolution|tmrevolution|西川贵教,T.M.Revolution,224,西川贵教的个人音乐企划，以高音演唱与华丽舞台造型为特色
wild_arms_xf,3,Wild Arms XF|荒野兵器·十字火焰,荒野兵器 XF,224,《荒野兵器》系列第六作，PSP平台的策略RPG外传
.hack//games,3,.hack//imoq|.hack//infection|.hack//mutation|.hack//outbreak|.hack//quarantine|.hack//游戏|.hack//系列游戏,黑客时空 游戏系列,223,CyberConnect2开发的PS2四部RPG，讲述The World最初世代的故事
ao_no_hako,3,Blue Box|ao_no_hako_(wsj)|blue_box_(manga)|蓝色盒子|蓝色箱子,青之箱,223,三浦糀的青春恋爱漫画，以羽毛球部与篮球部的校园生活为舞台
benesse,3,贝乐思,倍乐生,223,日本的教育与出版企业，经营进研补习等教育品牌
bunny_and_fox_world,3,,Bunny and Fox World,223,面向兽迷爱好者的英文作品发布平台
hajime_(idolmaster),3,Hajime|初（学园偶像大师）,初,223,《学园偶像大师》的主题曲，由九名可游玩偶像共同演唱
scarlet_weather_rhapsody,3,东方绯想天 ～ Scarlet Weather Rhapsody,东方绯想天,223,东方Project第10.5作，与黄昏边境合作的第二部格斗游戏
seiken_no_blacksmith,3,The Sacred Blacksmith|圣剑的刀锻冶师|圣剑的锻冶师,圣剑锻造师,223,三浦勇雄的轻小说，2009年动画化
shadowverse_flame,3,,影之诗 Flame,223,2022年播出的影之诗动画第二季，接续第一季剧情
station_memories,3,Ekimemo|ekimemo|ekimemo!|站台记忆|駅メモ,车站记忆,223,以铁路车站拟人化为主题的手机游戏及其漫画改编
tenjou_tenge,3,Tenjo Tenge,天上天下,223,大暮维人创作的格斗漫画，围绕柔剑部与武术家的战斗展开
touran-sai,3,,玉钢学园斗乱祭,223,Pixiv上征集持刀穿学兰或水手服角色的插画企划
ultraman_gaia_(series),3,ultramangaia|奥特曼盖亚|超人佳亚（港）|超人力霸王盖亚（台）,盖亚奥特曼,223,《奥特曼》系列第14作，首次加入第二位奥特曼主角与蓝色奥特曼阿古茹
ai_shite!_homun,3,,アイして! ホムン,222,作者Endou Hiroto创作的原创角色系列
dankira!!!,3,"Boys, be Delinquent!|ダンキラ!!!",Dankira!!!,222,Konami 的节奏手机游戏，2019年上线，以不良少年偶像为主题
liar_dancer_(synthesizer_v),3,ライアーダンサー,Liar Dancer,222,Masarada制作、重音テト演唱的Synthesizer V歌曲
passion_(manhwa),3,激情|패션,Passion,222,由Yuuji原作、Kangjak作画的韩国BL网络漫画，背景为UNHRDO组织
phantasy_star_online,3,PSO|梦幻之星在线,梦幻之星Online,222,世嘉推出的线上动作角色扮演游戏，主机平台早期网络游戏代表作
pixiv_fate/grand_order_contest_1,3,Pixiv Fate/Grand Order 征稿活动第1回,pixiv FGO 插画征集活动·第一回,222,pixiv为Fate/Grand Order举办的第一届插画征集活动，2017年举行
resident_evil_-_code:_veronica,3,Resident Evil Code: Veronica|resident_evil_code:_veronica|生化危机 代号维罗妮卡|生化危机CV,生化危机：代号维罗妮卡,222,卡普空2000年为Dreamcast开发的生存恐怖游戏，主角为克莱尔
the_magnus_archives,3,,The Magnus Archives,222,Jonathan Sims创作的2016年至2021年恐怖题材播客
tongkkangi,3,Tongkkangi,통깡이,222,韩国作品或企划名，具体体裁与内容未能确认
yondemasu_yo_azazel-san.,3,召唤恶魔阿萨谢尔先生|请召唤我，阿萨谢尔先生,恶魔阿萨谢尔在召唤你,222,久保保久的搞笑漫画，2011年由Production I.G改编为动画
zenbu_kimi_no_sei,3,,全是你的错,222,以性别转换体质为题材的恋爱漫画，2019至2023年连载
advance_wars,3,Advance Wars|Famicom Wars|famicom_wars,高级战争,221,Intelligent Systems开发、任天堂发行的军事题材回合制战略游戏系列
akb48,3,,AKB48,221,日本大型女子偶像团体，成员数量众多，以秋叶原为据点
clinical_trial_(game),3,Clinical Trial (Game)|clinical_trial|clinicaltrial|clinicaltrialfanart|clinicaltrialgame,Clinical Trial,221,homie 制作的免费 RPG Maker 恐怖游戏，以精神病药物试验为主题
granado_espada,3,GE|Granado Espada|granadoespada|格兰纳多·艾斯帕达,王者之剑,221,韩国开发的MMORPG，以17世纪欧洲风格的幻想大陆为舞台
lol_comics,3,lol-comics,LOL Comics,221,prguitarman在2000年代运营的搞笑涂鸦网络漫画站，彩虹猫的最初出处
mario_power_tennis,3,Mario Power Tennis|mariopowertennis|power_tennis|马里奥网球,马力欧网球GC,221,系列第三作，2004年登陆GameCube
monster_hunter_x,3,Monster Hunter Generations|monster_hunter_generations|怪物猎人X代|魔物猎人X,怪物猎人X,221,怪物猎人第四世代作品，海外名Generations，加入狩猎风格
sengoku_musou_3,3,Samurai Warriors 3|samurai_warriors_3|戰國無雙3,战国无双3,221,光荣特库摩的无双系列第三作，以战国时代为舞台
shuumatsu_no_izetta,3,Izetta: The Last Witch|末世的伊泽塔,终末的伊泽塔,221,2016年播出的原创动画，描写魔女与公主在战乱欧洲的故事
super_mario_bros._3,3,Super Mario Bros. 3|超级马里奥兄弟3,超级马力欧兄弟3,221,1988 年登陆 NES 的《超级马力欧兄弟》系列第三作
tayutama,3,Tayutama|kiss_on_my_deity|游魂 -Kiss on my Deity-,游魂,221,Lump of Sugar的2008年美少女游戏，2009年改编为电视动画
tetsuwan_birdy,3,Birdy the Mighty|birdy_the_mighty|铁腕女刑警|铁腕女警,铁腕巴迪,221,结城正美的科幻漫画，讲述宇宙警察与少年合体的故事，多次改编动画
the_king_of_fighters_2001,3,KOF 2001|kof2001|格斗天王2001,拳皇2001,221,SNK拳皇系列第八作，NESTS篇的终结
2018_fifa_world_cup,3,2018 FIFA World Cup|2018年俄罗斯世界杯,2018年世界杯,220,第21届国际足联世界杯，2018年在俄罗斯举行，法国夺冠
akarui_kioku_soushitsu,3,Cheerful Amnesia|明るい記憶喪失,开朗的失忆症,220,奥たまむし创作的百合漫画，在Comic Cune连载
boku_to_koi_suru_ponkotsu_akuma.,3,koikuma.|僕と恋するポンコツアクマ。|和废柴恶魔恋爱,我与废柴恶魔谈恋爱,220,SMILE发行的视觉小说，さより负责原画与角色设计
bunny_suit_planning,3,,Bunny Suit Planning,220,高峰なだれ的原创系列，以兔女郎装与机械元素的结合为主题
horse_race_tests,3,Horse Race Tests|horseracetests,赛马模拟测试,220,snakesandrews在推特发布的赛马模拟企划，衍生出拟人化创作
itazuraguma_no_gloomy,3,Gloomy the Naughty Grizzly|gloomy_the_naughty_grizzly|gloomybear|gloomythenaughtygrizzly|捣蛋熊Gloomy,恶作剧熊Gloomy,220,森チャック创作的熊角色Gloomy，衍生出动画与周边品牌
jianxia_qingyuan_online_3,3,JX3|剑三|剑网3,剑侠情缘网络版3,220,西山居的武侠MMORPG，简称剑网3
kashimashi,3,Girl Meets Girl|Kashimashi,女生爱女生,220,赤堀悟原作、桂游生丸作画的百合漫画，2006年动画化
katamari_damacy,3,Katamari Damacy,块魂,220,南梦宫以滚动黏球黏取物体为玩法的游戏系列
musunde_hiraite_rasetsu_to_mukuro_(vocaloid),3,"Hold, Release; Rakshasa and Carcasses|close_and_open_demons_and_the_dead_(vocaloid)|musunde_hiraite_rasetsu_to_mukuro|一开一合罗刹与骸",結ンデ開イテ羅刹ト骸,220,ハチ创作、初音未来演唱的Vocaloid歌曲
poppy_playtime,3,Poppy Playtime|poppyplaytime|波比游乐时间,波比的游戏时间,220,恐怖解谜类游戏，玩家在玩具工厂中躲避猎杀玩偶
shinsougumi,3,新撰組|新撰组,深层组,220,以暗网家族为设定活动的虚拟YouTuber组合
toaru_majutsu_no_index:_imaginary_fest,3,Toaru IF|某魔法的禁书目录 幻想收束|禁书目录 幻想收束,魔法禁书目录 幻想收束,220,Square Enix开发的《魔法禁书目录》题材手机游戏
transformers_unicron_trilogy,3,Transformers: Unicron Trilogy|变形金刚 尤尼克隆三部曲,变形金刚 宇宙大帝三部曲,220,围绕宇宙大帝展开的三部变形金刚动画，含舰队、能量晶体与塞伯坦传奇
v-dere,3,,V-Dere,220,美国独立VTuber团体，成员分为Realm与Illus两组
alice_in_wonderland_(disney),3,,爱丽丝梦游仙境（迪士尼）,219,迪士尼改编自爱丽丝梦游仙境的动画，始于1951年的长篇动画
bad_girl_(manga),3,,ばっどがーる,219,肉丸的校园四格漫画，描写少女们的日常
epic_battle_fantasy,3,,Epic Battle Fantasy,219,Matt Roszak制作的Flash游戏系列，主体为RPG并有多种衍生作
godzilla:_king_of_the_monsters,3,哥斯拉2|哥斯拉：怪兽之王,哥斯拉2：怪兽之王,219,传奇影业怪兽宇宙电影，2019年上映，为哥斯拉系列第三作
huniepop,3,Hunie Pop|HuniePop|hunie_pop,寻爱少女,219,Hunie系列首作，结合三消与恋爱养成的游戏
ice_cream_kanojo,3,アイスクリームカノジョ,冰淇淋女友,219,Kuune Rin创作的原创漫画系列
idolmaster_side-m_live_on_stage!,3,THE IDOLM@STER SideM|偶像大师SideM LIVE ON ST@GE!,偶像大师 SideM LIVE ON ST@GE!,219,SideM的节奏游戏，2017年至2021年运营
macross_delta:_zettai_live!!!!!!,3,Macross Delta: Zettai Live!!!!!!|超时空要塞Delta绝对LIVE,超时空要塞Δ 绝对LIVE!!!!!!,219,《超时空要塞Δ》的第二部剧场版动画
metal_slug_attack,3,Metal Slug Attack|合金弹头：进攻,合金弹头攻击,219,SNK2016年推出的手机塔防游戏，2023年停运
monster_high_(g1),3,Monster High|monsterhighg1|怪兽高中|怪物高中,怪兽高中（第一代）,219,怪兽高中玩偶品牌的第一代系列，2010年起推出
mountain_dew,3,Mountain Dew,激浪,219,百事公司旗下的碳酸饮料品牌，1940年在美国诞生
zeno_(game),3,zeno|zeno_game|zeno_remake,ZENO,219,Umami Mazu用RPG Maker制作的心理学恐怖RPG
aurora_flower_(love_live!),3,aurora_flower|极光之花,AURORA FLOWER,218,《Love Live! 莲之空》中三支小队共同演唱的歌曲
gigo,3,GENDA GiGO|ギーゴ,GiGO,218,日本连锁电玩城，前身为世嘉游戏中心
gunvolt_chronicles_luminous_avenger_ix,3,Gunvolt Chronicles: Luminous Avenger iX|白钢之X,苍蓝雷霆 光之复仇者iX,218,Inti Creates《苍蓝雷霆》的外传，以平行世界为舞台，2019年发售
han'you_no_yashahime,3,Yashahime: Princess Half-Demon|yashahime|yashahime:_princess_half-demon|yashahimeprincesshalfdemon|夜叉姬,半妖的夜叉姬,218,《犬夜叉》的续作动画，讲述犬夜叉与杀生丸女儿们的故事
idolmaster_stella_stage,3,THE IDOLM@STER Stella Stage,偶像大师 星光舞台,218,2017年在PS4发售的经典偶像大师系列游戏
karaoke_manekineko,3,,卡拉OK招财猫,218,日本的连锁卡拉OK店
knights_of_guinevere,3,,Knights of Guinevere,218,Glitch Productions 出品的澳大利亚独立成人向网络动画，科幻心理惊悚题材
majo_no_ie,3,The Witch's House|the_witch's_house,魔女之家,218,ふみー用RPG Maker制作的免费恐怖解谜游戏
moana_(movie),3,Moana|moana|魔海奇缘（港）,海洋奇缘,218,迪士尼2016年动画电影，讲述少女莫阿娜的海洋冒险
odds_&_ends_(vocaloid),3,オッズ・アンド・エンズ,Odds & Ends,218,ryo(supercell)制作的初音未来歌曲，插画由宇木敦哉负责，造型被收入Project DIVA
persona_4_revival,3,,女神异闻录4 Revival,218,女神异闻录4的重制企划，风格类似女神异闻录3 Reload
samurai_champloo,3,Samurai Champloo|武士蓝调|琉球狂侍,混沌武士,218,渡边信一郎执导的2004年动画，以江户时代与嘻哈配乐为特色
solatorobo,3,Solatorobo: Red the Hunter|红之猎人,索拉托罗博,218,CyberConnect2为NDS开发的2010年动作RPG
tell_your_world_(vocaloid),3,tell_your_world|テル・ユー・ワールド,Tell Your World,218,livetune创作、初音未来演唱的歌曲，与Google合作推出
akane-iro_ni_somaru_saka,3,Akaneiro ni Somaru Saka|染红的坡道,染红的街道,217,feng于2007年发售的恋爱冒险游戏，后改编为动画
flying_witch,3,Flying Witch|飞行魔女,飞翔的魔女,217,石冢千寻的日常系漫画，讲述魔女寄居亲戚家的生活，2016年改编动画
kamikaze_kaitou_jeanne,3,Phantom Thief Jeanne|phantom_thief_jeanne|怪盗贞德,神风怪盗贞德,217,种村有菜的少女漫画，1999年改编为动画
mondaiji-tachi_ga_isekai_kara_kuru_sou_desu_yo?,3,Mondaiji|来自异世界的问题儿童,问题儿童都来自异世界？,217,龙之湖太郎的轻小说，讲述来自异世界的问题儿童们，改编为动画
papico_(ice_cream),3,パピコ|帕比可,Papico,217,格力高推出的袋装冰品，包装仿可挤压塑料瓶并有吉祥物
r.o.d_the_tv,3,R.O.D|Read or Die,读或死 THE TV,217,《读或死》的TV动画版，为OVA的续篇
strike_witches_1991,3,Strike Witches 1991,强袭魔女 1991,217,Dakku 发起的《强袭魔女》系列同人企划，有多位画师参与
ufo_robo_grendizer,3,UFO Robot Grendizer|古连泰沙|金毛狮王（港）,UFO机器人古连泰沙,217,永井豪创作的超级机器人动画，1970年代播出，为《魔神Z》的衍生续作
grand_chase,3,Grand Chase|grandchase|勇者向前冲,永恒冒险,216,韩国KOG开发的横版动作网游，后推出《艾尔之光》等精神续作
hai_to_gensou_no_grimgar,3,Grimgar of Fantasy and Ash|grimgar_of_fantasy_and_ash|灰幻,灰与幻想的格林姆迦尔,216,十文字青的轻小说，讲述失忆年轻人在异世界的生存故事
jinhongi,3,鎭魂記|진혼기,镇魂记,216,韩国作品《镇魂记》，体裁等相关信息未确认
lol_-lots_of_laugh-_(vocaloid),3,LOL（lots of laugh）,LOL -lots of laugh-,216,四次元P与Mikumix制作、初音未来演唱的Vocaloid歌曲
romancing_saga_3,3,Romancing SaGa 3|浪漫沙迦3,浪漫沙加3,216,1995年超级任天堂上的沙加系列角色扮演游戏
spy_kyoushitsu,3,SPY教室|Spy Classroom|spy_classroom,间谍教室,216,竹町的轻小说，讲述间谍学校中少女们执行任务的故事
the_hunchback_of_notre_dame_(disney),3,,钟楼怪人（迪士尼）,216,迪士尼1996年动画电影，改编自雨果的巴黎圣母院，主角为加西莫多
binbougami_ga!,3,Binbougami ga!|穷神来了！,贫乏神来了！,215,助野嘉昭的搞笑漫画，改编为2012年日升动画
book_off,3,,ブックオフ,215,日本的二手书与二手商品连锁店
comp_h's,3,Comp Heroines|comp_heroines|コンプH's,COMP H's,215,2006至2008年出版的美少女杂志，附赠动漫少女海报
devilman_crybaby,3,devilmancrybaby|恶魔人 DEVILMAN crybaby,恶魔人Crybaby,215,Science SARU制作、汤浅政明执导的2018年Netflix动画
emiya-san_chi_no_kyou_no_gohan,3,Today's Menu for the Emiya Family|today's_menu_for_the_emiya_family|卫宫饭,卫宫家今天的饭,215,TAa创作、以《Fate/stay night》角色日常美食为主题的外传漫画
haou_taikei_ryuu_knight,3,Lord of Lords Ryu Knight|haou_daikei_ryuu_knight|lord_of_lords_ryu_knight|霸王大系龙骑,霸王大系龙骑士,215,1994年播出的奇幻机器人动画，讲述少年与龙骑士的冒险
majo_no_ochakai,3,,魔女的茶会,215,Frontwing开发的魔女题材视觉小说
mugen_senshi_valis,3,Valis|梦幻战士法利斯,梦幻战士瓦里斯,215,日本电信开发的横版动作游戏系列，主角为持剑魔法少女
nandemo_iu_koto_wo_kiite_kureru_akane-chan_(voiceroid),3,Seyana|什么都听你的小茜,什么话都听的茜酱,215,ギャリィ创作的2017年Voiceroid歌曲，简称セヤナ
one_piece_film:_gold,3,ONE PIECE FILM GOLD|onepiecefilmgold|航海王之黄金城,航海王之黄金城,215,2016年上映的第13部《航海王》剧场版
pia_carrot_e_youkoso!!_3,3,Pia Carrot 3|Piaキャロットへようこそ!!3|pia_carrot_3,欢迎来到Pia Carrot!!3,215,系列第三作，2001年发售的恋爱模拟游戏
rimworld,3,RimWorld,环世界,215,Ludeon Studios的殖民地模拟生存游戏，舞台为边境星球
shin_megami_tensei_iv,3,Shin Megami Tensei IV|真女神转生IV,真女神转生4,215,真女神转生系列第四部编号作，2013年发售的3DS角色扮演游戏
castlevania:_order_of_ecclesia,3,Castlevania: Order of Ecclesia|castlevaniaorderofecclesia|orderofecclesia|恶魔城：被夺的刻印,恶魔城 圣教密令,214,NDS平台的恶魔城系列第三作，主角为夏洛雅
futakoi,3,Futakoi,双恋,214,以双胞胎恋爱为主题的多媒体企划，含轻小说、游戏与2004年动画
hotel_transylvania,3,Hotel Transylvania|怪物酒店,精灵旅社,214,索尼动画的3D动画电影系列，舞台为德古拉经营的怪物旅馆
indivisible,3,不可分割,Indivisible,214,Lab Zero Games开发的动作角色扮演游戏
kimi_ni_todoke,3,Kimi ni Todoke|只想告诉你,好想告诉你,214,椎名轻穗的少女漫画及动画，讲述被同学疏远的黑沼爽子的青春恋爱
nagato_yuki-chan_no_shoushitsu,3,The Disappearance of Nagato Yuki-chan|the_disappearance_of_nagato_yuki-chan|长门有希酱的消失,小长门有希的消失,214,凉宫春日系列的衍生漫画，2015年改编为动画
phantasy_star_universe,3,Phantasy Star Universe|梦幻之星Universe,梦幻之星宇宙,214,世嘉2006年推出的线上动作RPG，为梦幻之星Online的后继作
the_weaker_sex_1_(gibson),3,The Weaker Sex,The Weaker Sex 1,214,查尔斯·达纳·吉布森1903年创作的插画，描绘男子在两个女性间左右为难
tuyu_(band),3,Tuyu|ツユ,TUYU,214,由ぷす、礼衣与miro组成的日本音乐组合
zenkoku_seifuku_bishoujo_grand_prix,3,全国制服美少女グランプリ,全国制服美少女大奖赛,214,Lyceen于1996年推出的成人益智与视觉小说，并有续作
akatsuki_no_goei,3,暁の護衛,晓之护卫,213,2008年发售的成人向视觉小说，原画为Tomose Shunsaku
algorhythm_project,3,,Algorhythm Project,213,泰国虚拟YouTuber团体，成员分为多个行动组
ben_10:_alien_force,3,Ben 10 外星势力|Ben 10: Alien Force,少年骇客 外星势力,213,《少年骇客》系列动画的续作，故事设定在五年后
burn_the_witch,3,Burn the Witch|burnthewitch,龙与魔女,213,久保带人的漫画，2020年在少年Jump连载，与死神同一世界观
comic_x-eros,3,,COMIC X-EROS,213,日本成人漫画杂志，通称 X-EROS
game_of_thrones,3,Game of Thrones|gameofthrones|冰与火之歌：权力的游戏,权力的游戏,213,HBO 改编自《冰与火之歌》的奇幻剧集，舞台为维斯特洛与厄索斯
kill_bill,3,Kill Bill,杀死比尔,213,昆汀·塔伦蒂诺执导的动作电影系列，讲述女杀手向比尔及其党羽复仇
machine-doll_wa_kizutsukanai,3,kikou_shoujo_wa_kizutsukanai|unbreakable_machine-doll|机巧少女不受伤|機巧少女は傷つかない,机巧少女不会受伤,213,海冬レイジ的轻小说，讲述机关人偶与少年的学园战斗，2013年改编动画
onegai_twins,3,please_twins!|おねがい☆ツインズ|拜托了老师2：双子星|星空的邂逅2,拜托了双子星,213,《拜托了老师》的续作动画，2003年播出，并有小说与漫画改编
rail_wars!,3,railwars!|铁路战争,RAIL WARS!,213,丰田巧的轻小说《日本国有铁道公安队》，2014年动画化
seisenki_iris,3,,聖戦姫イリス,213,以圣战与少女为主角的日本作品系列
shinkansen_henkei_robo_shinkalion,3,新干线变形机器人 新卡利安|新幹線変形ロボ シンカリオン,新干线变形机器人（动画）,213,新干线变形机器人系列的首部电视动画，2018年至2019年播出
tetoris_(synthesizer_v),3,TETRIS|テトリス,Tetris,213,柊マグネタイト创作的Synthesizer V歌曲，由重音テト演唱，编曲引用俄罗斯方块主题曲
thunderbolt_fantasy,3,Thunderbolt Fantasy|thunderboltfantasy|东离剑游记,东离剑游纪,213,虚渊玄编剧、Nitroplus与霹雳国际多媒体合作的台日布袋戏奇幻剧
transformers:_japanese_generation_1,3,,变形金刚 日版G1,213,日本独占的G1续作动画，包含《头领战士》等多部作品
comiket_84,3,C84|Comic Market 84|c84,Comic Market 84,212,Comic Market 第84届同人志即卖会，2013年8月10-12日举办
doctor_strange_(series),3,Doctor Strange,奇异博士,212,漫威漫画中以奇异博士为主角的系列
hisabisa_ni_atta_osananajimi_ga_iroiro_to_seichou_shiteirunoni_nounai_dake_seichou_shiteinakute_douyou_shiteiru,3,久別重逢的青梅竹马成长了但只有内心没成长而动摇,久々に会った幼馴染がいろいろと成長しているのに脳内だけ成長していなくて動揺している,212,成人漫画系列，讲述与长大的青梅竹马重逢的故事
kyuusaikei_v-ttara_messiah-chan,3,,Kyuusaikei V-ttara Messiah-chan,212,日本的作品，具体类型与内容不详
lunar,3,LUNAR|露娜,Lunar,212,Game Arts的角色扮演游戏系列，含《银色之星》《永恒之蓝》等作
metal_gear_solid:_peace_walker,3,Metal Gear Solid: Peace Walker|metal_gear_solid_peace_walker|和平行者|潜龙谍影：和平先驱,合金装备：和平行者,212,2010年发售的潜行游戏，讲述Big Boss的故事
namco_x_capcom,3,ナムコ×カプコン,NAMCO × CAPCOM,212,南梦宫与卡普空合作推出的2005年PS2战略角色扮演游戏
otoyomegatari,3,a_bride's_story|otoyome-gatari|乙嫁語り|大嫁物语,姊嫁物语,212,森薰的历史浪漫漫画，以19世纪中亚为舞台，描绘各民族的新娘故事
scream_(movie),3,Scream|scream|夺命狂呼,惊声尖叫,212,以鬼脸杀手为主角的美国恐怖电影系列
senran_kagura_peach_beach_splash,3,SENRAN KAGURA Peach Beach Splash|闪乱神乐PEACH BEACH SPLASH|闪乱神乐沙滩戏水,闪乱神乐 桃色沙滩,212,闪乱神乐系列的第三人称射击游戏，2017年发行
shiraken!_shiranai_koto_kenkyukai,3,,しらけん！,212,Hololive白上建设成员登场的漫画，在周刊少年Champion连载
tejina_senpai_(series),3,Magical Sempai|magical_sempai|tejima_sempai|手品先輩,魔术学姐,212,Azu创作的喜剧漫画，2019年改编为电视动画
a_date_with_death,3,,A Date with Death,211,高度可自定义的聊天模拟视觉小说，主角与死神Casper相遇
daiteikoku,3,大帝国 ALICEソフト,大帝国,211,AliceSoft 的战争模拟成人游戏，Dai系列第三作
final_fantasy_xiii-2,3,FF13-2|ff13-2|太空战士13-2|最终幻想13-2,最终幻想XIII-2,211,《最终幻想13》三部曲的第二部作品
hito_mania_(utau),3,ヒトマニア,Hito Mania,211,原口沙辅创作、重音テト演唱的UTAU歌曲
hotline_miami,3,Hotline Miami|hotlinemiami,迈阿密热线,211,Dennaton Games的2012年俯视角暴力动作游戏
kaii_shoukougun,3,怪異症候群|怪病综合症,怪异症候群,211,夕闇の季節用RPG Maker 2000制作的免费恐怖游戏
kaitou_saint_tail,3,圣少女|怪盗セイント・テール,怪盗圣少女,211,立川惠的魔法少女漫画，1995年改编为动画
koufuku_graffiti,3,gourmet_girl_graffiti|幸福涂鸦|幸腹グラフィティ,幸腹涂鸦,211,川井マコト创作的四格漫画，讲述少女们的料理与日常，2015年由SHAFT动画化
neopets,3,Neopets|neopet|neopetsfanart|尼奥宠物站,尼奥宠物,211,1999年上线的虚拟宠物养成网站，玩家可饲养宠物并参与各种小游戏
summer_memories,3,,Summer Memories,211,Doujin Otome 于 2020 年推出的成人游戏
taito,3,TAITO|泰托,太东,211,日本老牌游戏与街机公司，总部位于东京新宿，以街机与玩具业务闻名
tate_no_yuusha_no_nariagari_rerise,3,,盾之勇者成名录 ReRise,211,改编自盾之勇者成名录的手机游戏，2021年上线，2023年结束服务
final_fantasy_brave_exvius,3,FFBE|最终幻想BRAVE EXVIUS,最终幻想：勇气启示录,210,Square Enix推出的《最终幻想》系列手机RPG
korekara_no_someday,3,Korekara no Someday,これからのSomeday,210,《Love Live!》中μ's的歌曲，作为动画插曲使用
star_fox_adventures,3,Star Fox Adventures|星际火狐大冒险,星际火狐 大冒险,210,《星际火狐》系列在 GameCube 平台的动作冒险游戏
the_flash_(series),3,The Flash,闪电侠（剧集）,210,以DC漫画角色闪电侠为中心的系列作品
umi_monogatari,3,うみものがたり|海物语 ~只要有你~,海物语,210,Zexcs制作的2009年动画，改编自同名弹珠机，讲述海与空的少女故事
engage_kiss,3,Engage Kiss|engage_kill|エンゲージキス,契约之吻,209,A-1 Pictures 2022年7月首播的原创动画，另有Square Enix改编手游
gekijouban_hibike!_euphonium,3,劇場版 響け！ユーフォニアム|吹响吧！上低音号 剧场版,剧场版 吹响！上低音号,209,《吹响！上低音号》的剧场版，描绘黄前久美子二年级的吹奏部故事
knight_lamune_&_40_(series),3,,NG骑士拉姆内&40,209,以少年召唤骑士拉姆内为主轴的搞笑机器人动画系列，1990年起播出
nogizaka_haruka_no_himitsu,3,Haruka Nogizaka's Secret|haruka_nogizaka's_secret|乃木坂春香の秘密,乃木坂春香的秘密,209,五十岚雄策的轻小说，插画由しゃあ负责，并有漫画、游戏与两季动画
pokemon:_lucario_and_the_mystery_of_mew,3,Pokemon Movie 8|pokemon_m08|神奇宝贝：梦幻与波导的勇者|精灵宝可梦：梦幻与波导的勇者,宝可梦：梦幻与波导的勇者,209,宝可梦系列第8部剧场版，围绕路卡利欧与波导之力展开
sakura_quest,3,Sakura Quest,樱花任务,209,P.A.Works制作的原创动画，2017年播出，讲述地方振兴
selector_wixoss,3,WIXOSS|selector infected WIXOSS|selector_destructed_wixoss|selector_infected_wixoss|selector_spread_wixoss,选择感染者WIXOSS,209,WIXOSS卡牌游戏改编的动画系列，含感染与扩散等多季
sen'yuu.,3,Senyuu|senyuu._(series)|戦勇. 乙女/勇者系|戦勇。,战勇。,209,春原罗宾逊的搞笑奇幻漫画，2013年动画化
smiling_friends,3,Smiling Friends|smilingfriends|微笑伙伴,微笑朋友,209,Adult Swim播出的成人向动画，描写传播快乐的小公司的荒诞日常
sword_of_convallaria,3,Sword of Convallaria|swordofconvallaria|铃兰之剑：为这和平的世界,铃兰之剑,209,心动网络发行的像素风战棋手机游戏，配乐由崎元仁担当
ten_(manga),3,,天 天和通的快男儿,209,福本伸行创作的麻将题材漫画，1989年起连载
the_legend_of_zelda:_the_minish_cap,3,The Legend of Zelda: The Minish Cap|塞尔达传说 小人帽,塞尔达传说 缩小帽,209,塞尔达传说系列第十二作，2004年登陆GBA
tree_of_savior,3,Tree of Savior|treeofsavior|救世者之树,救世之树,209,金学圭开发的韩国MMORPG，以立陶宛民俗为背景，职业众多
words_worth,3,ワーズ・ワース,WORDS WORTH,209,1993年PC-98平台的成人RPG，后改编为五卷动画
do!_do!_do!_(love_live!),3,DO! DO! DO! (Love Live!)|Love Live! Do! Do! Do!,Do! Do! Do!,208,《Love Live! 莲之空女学院学园偶像俱乐部》Mira-Cra Park!的歌曲
dogs:_bullets_&_carnage,3,D.O.G.S|DOGS|dogs,DOGS：Bullets & Carnage,208,三轮士郎创作的漫画，DOGS系列的后篇
gakusen_toshi_asterisk,3,学战都市|学戦都市アスタリスク,学战都市Asterisk,208,三屋咲悠的轻小说，以水上学院都市为舞台，2015年改编动画
juusenki_l-gaim,3,Heavy Metal L-Gaim|heavy_metal_l-gaim|重戦機エルガイム,重战机L-Gaim,208,1984至1985年由日升制作、富野由悠季执导的机甲动画
lethal_company,3,Lethal Company|lethalcompany,致命公司,208,独立合作科幻恐怖游戏，玩家在废弃卫星上搜集废料卖给公司
mahou_shoujo_(raita),3,魔法少女(らいた),绝对纯白魔法少女,208,本庄雷太的同人系列，以绝对纯白魔法少女为主题，并有OVA
pair_tabi_skinship,3,,Pair Tabi Skinship,208,colorjelly制作的独立成人游戏，以双人旅行与亲密互动为题
queen's_blade_white_triangle,3,Queen's Blade White Triangle|女皇之刃 白之黎明,女王之刃 白色三角,208,免费游玩的卡牌RPG，舞台为UNLIMITED世界
the_elder_scrolls_iv:_oblivion,3,The Elder Scrolls IV: Oblivion|oblivion|湮没,上古卷轴4：湮灭,208,上古卷轴系列第四作，2006年发售，2025年推出重制版
bloodlight_(nyantcha),3,Bloodlight (Nyantcha),Bloodlight,207,画师Nyantcha的原创系列，以修女Almonde与同伴为主角
donpachi_(series),3,,首领蜂系列,207,Cave开发的弹幕射击游戏系列，以高难度著称
fuuto_tantei,3,Fuuto PI|fuuto_pi|fuutopi|風都探偵,风都侦探,207,《假面骑士W》的漫画续作，2022年改编为动画
galhound,3,,Galhound,207,独立游戏或原创作品，详细信息待考
jock_studio_(blits_games),3,Jock Studio (Blits Games),Jock Studio,207,BLits Games的成人向BL视觉小说，舞台为奥林匹斯大学
kemono_friends_pavilion,3,けものフレンズぱびりおん|动物朋友Pavilion,兽娘动物园Pavilion,207,兽娘动物园系列的衍生手机游戏，由 Unique Wave 开发运营
koisuru_(otome)_no_tsukurikata,3,Koisuru (Otome) no Tsukurikata|i_think_i_turned_my_childhood_friend_into_a_girl|恋する(おとめ)の作り方|把青梅竹马变成女孩,恋爱少女的养成方法,207,讲述男扮女装男子恋爱故事的BL漫画，2019年起连载
okujou_no_yurirei-san,3,kindred_spirits_on_the_roof|屋上の百合霊さん,屋顶的百合灵,207,Liar-soft的百合向视觉小说
resident_evil_0,3,Resident Evil 0|恶灵古堡0,生化危机0,207,卡普空2002年推出的系列前传，主角为蕾贝卡与比利
seisenki_valkyrie_sisters,3,,Seisenki Valkyrie Sisters,207,以女武神姐妹为主角的日本作品系列
spider-man:_brand_new_day,3,,蜘蛛侠：崭新的一天,207,2026 年上映、属漫威电影宇宙的蜘蛛侠系列第四部真人电影
touhou_sangetsusei,3,東方三月精,东方三月精,207,ZUN监修的东方Project官方漫画，主角为三只妖精
toushinden,3,Battle Arena Toshinden|Toshinden|battle_arena_toshinden|toshinden|闘神伝,斗神传,207,Takara1995年推出的PlayStation首款3D格斗游戏
vivy:_fluorite_eye's_song,3,Vivy -Fluorite Eye's Song-|vivy-fluoriteeye'ssong-|薇薇：萤石眼之歌,薇薇 -萤石眼之歌-,207,WIT Studio制作的2021年原创动画，讲述AI歌姬薇薇的故事
zone_of_the_enders:_the_2nd_runner,3,anubis:_zone_of_the_enders|zone_of_the_enders_2,终极地带 The 2nd Runner,207,小岛秀夫与科乐美推出的机甲动作游戏，2003年发售于PlayStation 2，是《终极地带》的续作
asdfmovie,3,,asdfmovie,206,TomSka创作的网络动画系列，以无厘头黑色幽默短片著称
jikkyou_powerful_soccer,3,,实况力量足球,206,《实况力量棒球》系列的手机足球外传作品
mass_effect_3,3,Mass Effect 3|质量效应三,质量效应3,206,《质量效应》系列第三作
milky_subway,3,milky_highway,银河地下铁,206,龟山阳平创作的日本动画系列，由银河高速与续作银河地下铁组成
monster_hunter_4,3,Monster Hunter 4|魔物猎人4,怪物猎人4,206,怪物猎人系列第四世代首作，新增操虫棍武器
sengoku_musou_4,3,samurai_warriors_4,战国无双4,206,光荣的无双系列第四作，以战国时代为舞台
bakuten_shoot_beyblade,3,Bakuten Shoot Beyblade|beyblade:_g-revolution|beyblade:_v-force|爆転シュート ベイブレード|陀螺战士,战斗陀螺（2001年动画）,205,《战斗陀螺》系列最初的电视动画，2001年播出
half-life_2,3,Half-Life 2|half-life2|half_life_2|halflife2|半衰期2|战栗时空2,半条命2,205,2004年发售的《半条命》续作，以17号城市与重力枪为特色
ip_police_tsuduki-chan,3,ip_police_tsuduki_chan,IP警察 续酱,205,大川ぶくぶ的漫画，以Sunrise各作品IP为题材
kimi_no_kokoro_wa_kagayaiteru_kai?,3,Kimi no Kokoro wa Kagayaiteru kai?,君のこころは輝いてるかい？,205,《Love Live! Sunshine!!》中Aqours的出道单曲，2015年发行
kyou_wa_kanojo_ga_inai_kara,3,My Girlfriend's Not Here Today|my_girlfriend's_not_here_today|今天她不在|今日は彼女がいないから,今天女朋友不在,205,岩见树也的百合漫画，以出轨与三角关系为主线的校园恋爱故事
lusterise,3,ラステライズ,Lusterise,205,日本的成人游戏品牌，作品有《光翼战姬》系列等
mahoraba,3,Heartful Days|Mahoraba|まほらば,我们的仙境,205,小岛あきら的漫画，2005年由J.C.STAFF改编为动画《我们的仙境》
touhou_mystia's_izakaya,3,Touhou Mystia's Izakaya|夜雀食堂,东方夜雀食堂,205,以米斯蒂娅为主角的东方Project同人经营模拟游戏
true_tears,3,true tears,真实之泪,205,P.A. Works2008年制作的原创电视动画，以恋爱群像剧为题材
wreck-it_ralph,3,Wreck-It Ralph|破坏王拉尔夫,无敌破坏王,205,迪士尼2012年动画电影，讲述游戏反派跨界成为英雄的故事
ai_scream!_(love_live!),3,AI Sream! (Love Live!)|aiscream,Ai Scream!,204,Love Live!系列歌曲，由AiScReam演唱，2024年亚洲巡演后走红
evolution_championship_series,3,EVO 格斗游戏锦标赛|Evolution Championship Series|evo,EVO,204,每年在美国拉斯维加斯举办的世界最大规模格斗游戏赛事
fata_morgana_no_yakata,3,the_house_in_fata_morgana,海市蜃楼之馆,204,Novectacle制作的2012年视觉小说，以复兴之馆为舞台
gag_manga_biyori,3,gyagu_manga_biyori|ギャグマンガ日和|幽默漫画日和,搞笑漫画日和,204,増田こうすけ的搞笑漫画，改编为多季动画，以无厘头短篇著称
kira-kira_sensation!,3,キラキラセンセーション,KiRa-KiRa Sensation!,204,《Love Live!》中μ's的歌曲，作为动画第二季全国大赛的参赛曲
magical_astronomy,3,マジカルアストロノミー,Magical Astronomy,204,上海爱丽丝幻乐团2006年发售的音乐CD，属ZUN's Music Collection系列
mighty_morphin_power_rangers,3,Mighty Morphin Power Rangers|mightymorphin|mightymorphinpowerrangers|超凡战队|金刚战士,恐龙战队,204,美国超级英雄特摄剧，改编自日本超级战队系列恐龙战队
mortal_kombat_1_(2023),3,Mortal Kombat 1,真人快打1,204,真人快打系列2023年新作，由刘康重建时间线
pixiv_fantasia_wizard_and_knight,3,Pixiv Fantasia: Wizard and Knight,Pixiv Fantasia 魔法师与骑士,204,2011年下半年举办的Pixiv Fantasia企划，标为第5.5届
rojiura_satsuki:_chapter_heroine_sanctuary,3,Rojiura Satsuki: Chapter Heroine Sanctuary|路地裏さつき,路地裏さつき,204,TYPE-MOON 2013年愚人节企划的视觉小说式游戏，围绕多位女主角展开
steins;gate:_linear_bounded_phenogram,3,STEINS;GATE 線形拘束のフェノグラム|Steins Gate Linear Bounded Phenogram,命运石之门：线性拘束的树状图,204,《命运石之门》的衍生游戏，由多个平行故事构成
yu-gi-oh!_rush_duel,3,rushduel|游☆戏☆王RUSH DUEL|游戏王突击决斗,游戏王RUSH DUEL,204,《游戏王》的简化卡牌规则，登场于《SEVENS》与《GO RUSH!!》
2022_fifa_world_cup,3,2022年世界杯|FIFA World Cup 2022|qatar2022|qatarworldcup2022|wcqatar2022|卡塔尔世界杯,2022年卡塔尔世界杯,203,第22届国际足联世界杯，2022年在卡塔尔举行，阿根廷夺冠
ben_10:_omniverse,3,Ben 10 外星最终进化|Ben 10: Omniverse,少年骇客：全面进化,203,《少年骇客》系列第四部电视动画
junketsu_duelion,3,,纯洁Duelion,203,caerux开发的手机卡牌游戏
kero_kero_keroppi,3,Kerokerokeroppi|Keroppi|大眼蛙,可洛比,203,三丽鸥的角色品牌，主角是青蛙可洛比，并有短篇动画改编
kibou_no_chikara_~otona_precure_'23~,3,Power of Hope: PreCure Full Bloom|otonapre|power_of_hope:_precure_full_bloom|キボウノチカラ～オトナプリキュア'23～|大人光之美少女,希望之力 ~大人光之美少女'23~,203,光之美少女20周年纪念企划之一的成人向续作动画，主角们均已长大
left_4_dead_1,3,Left 4 Dead 1|left4dead1|恶灵势力|求生之路,求生之路1,203,Valve的丧尸射击游戏，2008年发售，四名幸存者合作求生
touhou_bougetsushou,3,Bougetsushou|梦月抄,东方梦月抄,203,ZUN原作的东方Project官方小说与漫画，围绕月之都与月面战争展开
aquarian_age,3,,水瓶世纪,202,Broccoli的集换式卡牌游戏，1999年推出并有动画改编
captain_earth,3,Captain Earth|宇宙警备队,地球队长,202,BONES制作的原创机器人动画，主角隶属地球防卫组织
henry_stickmin_(series),3,,亨利火柴人,202,PuffballsUnited创作的点击式冒险游戏系列，主角为火柴人亨利
kamen_rider_zeztz_(series),3,,假面骑士Zeztz,202,令和假面骑士第7作，以间谍与梦为主题
mahou_shoujo_ai,3,Mahou Shoujo Ai|魔法少女AI,魔法少女爱,202,Colors的成人视觉小说系列，讲述魔法少女爱使用天使之泪战斗的故事
red_dead_redemption_2,3,Red Dead Redemption 2|reddeadredemption2|碧血狂殺2,荒野大镖客：救赎2,202,《荒野大镖客》系列第2作，2018年发售，主角为亚瑟·摩根
splatoon_(manga),3,Splatoon|喷射战士|斯普拉通,斯普拉遁（漫画）,202,《斯普拉遁》游戏的漫画改编，在月刊 CoroCoro 连载
swapnote,3,Swapnote|いつの間に交換日記|交换日记|笔记互换,交换笔记,202,任天堂3DS上的书信交流应用，由Mii向导Nikki协助管理信息
tensei_shitara_dai_nana_oji_datta_no_de:_kimama_ni_majutsu_o_kiwamemasu,3,dainanaoji|第七王子|转生成第七王子|转生成第七王子随心所欲地学习魔法,转生成第七王子，随心所欲地精通魔法,202,谦虚なサークル创作的奇幻网络小说，2024年改编为动画
aggressive_retsuko,3,Aggretsuko|aggretsuko|愤怒的烈子|衝吧烈子,冲吧烈子,201,三丽鸥的小熊猫角色烈子为主角的动画，描写职场生活与发泄压力
gangsta,3,GANGSTA.|gangsta.|街头恶徒,黑街,201,Kohske 创作的青年漫画，描绘黑街中两位佣兵的故事，改编动画
hakuchuumu_no_aojashin,3,,白昼梦的青写真,201,Laplacian的视觉小说，由しもふり与Pellet作画，2020年发售成人版
lotus_eaters,3,东方醉蝶华Lootus Eaters|东方醉蝶华：食莲者|東方酔蝶華,东方醉蝶华,201,东方Project官方漫画，由ZUN编剧、水本正作画，讲述甜品店的日常故事
poker_fate,3,,Poker Fate,201,2025年上线的手机扑克游戏，由7 Points Digital Tech开发发行
sengoku_saga,3,,戦国サーガ,201,Mobage的手机卡牌游戏
utawarerumono:_lost_flag,3,utawareru_mono:_lost_frag|うたわれるもの ロストフラグ|传颂之物Lost Flag|传颂之物：迷失传旗,传颂之物：失落的旗帜,201,《传颂之物》系列的手机游戏衍生作品
vimalion_pro,3,VIMALION PR|VIMALION PROJECT|VIMALION Pro|vimalion|vimalion_project|vimalionpro,VIMALION PROJECT,201,Rice Deity与CircusP发起的非商业企划，为无声库角色设计原创形象
yume_no_tobira,3,Yume no Tobira|ユメノトビラ,梦之扉,201,《Love Live!》第二季插入曲，由μ's演唱
zero_kara_hajimeru_mahou_no_sho,3,Grimoire of Zero|grimoire_of_zero|从0开始的魔法书|零之魔法书,从零开始的魔法书,201,虎走かける的轻小说，并有漫画与动画改编
bikkuriman,3,Surprise Man|ビックリマン|惊喜人,惊奇人,200,乐天的巧克力零食系列，以附赠的随机贴纸收藏闻名
c2_kikan,3,C2機関,C2机关,200,舰队Collection的版权持有方之一，负责线下活动与音乐制作
devil_summoner:_raidou_kuzunoha_vs_the_soulless_army,3,デビルサマナー 葛葉ライドウ 対 超力兵団|恶魔召唤师 葛叶雷道VS超力兵团,恶魔召唤师：葛叶雷道对超力兵团,200,2006年发售的女神转生外传动作角色扮演游戏，主角为葛叶雷道
hanayamata,3,Hanayamata|花漾少女,花舞少女,200,浜弓场双的夜来舞题材漫画，2011年起连载并于2015年动画化
harukana_receive,3,Harukana Receive|遥的接球,遥之彼方的接发球,200,以冲绳沙滩排球为题材的漫画及动画，讲述遥与彼方的搭档故事
love_lab_(manga),3,Love Lab|ren'ai_lab|renai_lab|恋爱实验室,恋爱研究所,200,宫原琉璃的校园搞笑漫画，讲述少女们的恋爱研究与学生会日常
mahou_reiki_magisphere,3,,Mahou Reiki Magisphere,200,Lusterise的2025年魔法少女题材成人游戏，与《Seimetsu Reiki Etherea》同系列
namiuchigiwa_no_muromi-san,3,Muromi-san|むろみさん|波打際的穆罗米,波打际的穆罗米桑,200,搞笑漫画，讲述人类与海人少女穆罗米的日常，2013年动画化
otome_domain,3,乙女领域|少女☆领域,少女领域,200,Palette Qualia的百合向视觉小说，讲述主角转入女校并住进女生宿舍的故事
pita_ten,3,Pita-Ten|匆忙天使,迷糊天使（Pita-Ten）,200,小夏钝帆创作的漫画，讲述小天使美莎与少年小太郎的同居日常
svc_chaos,3,SNK vs Capcom 混沌|SNK对卡普空：混沌|SVC Chaos|svc|svcchaos,SVC混沌,200,SNK与卡普空角色联动的2003年街机格斗游戏，两社人气角色跨作品对战
greaseberries,3,Greaseberries,Greaseberries,199,Danbooru上的作品标签，具体来源与内容尚不明确
happy_mille-feuille_(idolmaster),3,,ハッピーミルフィーユ,199,《学园偶像大师》的歌曲与服装，组合版由姬崎莉波、篠泽广、十王星南演唱
mad_max,3,Mad Max|疯狂麦斯,疯狂的麦克斯,199,乔治·米勒执导的末世废土动作电影系列，以改装车与荒野暴走族为特色
mofumofu_channel,3,MOFUMOFU Channel|もふもふチャンネル,毛茸茸频道,199,播出毛茸茸时间等虚拟主播节目的YouTube频道
narutaru,3,Shadow Star|shadow_star_(series)|なるたる|外星宝贝,娜露达鲁,199,鬼头莫宏的科幻漫画，讲述少女与神秘生物的故事
persona_4:_the_ultimax_ultra_suplex_hold,3,P4U2|Persona 4 Arena Ultimax|persona_4_arena_ultimax|女神异闻录4 无敌终极原爆拳,女神异闻录4 竞技场终极版,199,女神异闻录4终极深夜竞技场的续作格斗游戏，又称P4U2
ragnador,3,,Ragnador,199,Grams Inc.2021年推出的手机游戏
shining_tears,3,Shining Tears|光明之泪·双龙,光明之泪,199,世嘉光明系列的角色扮演游戏，2004年发售于PS2
sonic_x,3,Sonic X|sonicx|音速小子X,索尼克X,199,2003年播出、TMS制作的索尼克动画系列
sonic_x_shadow_generations,3,Sonic X Shadow Generations|sonicxshadowgenerations|索尼克×暗影：世代|音速小子×夏特世代,索尼克×暗影世代,199,索尼克世代的重制版，追加以暗影为主角的新内容
you_can_eat_the_girl,3,You Can Eat The Girl|食用系少女,食用系少女,199,STORIA开发、Simon Creative发行的台湾美食拟人经营游戏
ai_the_somnium_files:_nirvana_initiative,3,AI: The Somnium Files - nirvanA Initiative|AI梦境档案 涅槃开始|AI：梦境档案2,AI：梦境档案 涅槃肇始,198,AI：梦境档案的续作，2022年发售的悬疑冒险游戏
hoshizora_no_memoria,3,星空のメモリア|星空之记忆,星空的记忆,198,Feng的恋爱冒险游戏，讲述主角回到海边小镇的故事
kokoro_connect,3,Kokoro Connect|心连心|心连情结,心灵链环,198,庵田定夏的轻小说，讲述文化研究部成员遭遇交换身体等灵异现象
kotobukiya,3,コトブキヤ|寿屋模型,寿屋,198,日本模型与手办厂商，主要面向成年收藏者，生产拼装模型与美少女手办
kouya_no_kotobuki_hikoutai,3,The Magnificent Kotobuki|the_magnificent_kotobuki|荒野的壽飛行隊,荒野的寿飞行队,198,水岛精二执导的3DCG空战动画，2019年播出，讲述少女飞行员们的战斗日常
lout_of_count's_family,3,trash_of_the_count's_family,成为伯爵家的废物,198,韩国柳丽韩的网络小说，2018年起连载，并有网络漫画改编
madan_no_ou_to_vanadis,3,Lord Marksman and Vanadis|泰格勒与战姬|魔弹之王和战姬,魔弹之王与战姬,198,川口士的轻小说，讲述弓手泰格勒与七位战姬的战争与恋情，2014年改编动画
mahou_senshi_lemmtear_knights,3,レムティアナイツ|魔法战士勒姆蒂亚骑士,魔法戦士レムティアナイツ,198,魔法战士系列的OVA作品，以魔法少女变身与战斗为题材
miracreation,3,Mira-Creation|ミラクリエーション,みらくりえーしょん,198,莲之空女学院学园偶像俱乐部的歌曲，由Mira-Cra Park!演唱
no.1_sentai_gozyuger,3,,头号战队豪兽者,198,超级战队系列第49作兼50周年纪念作，以战队戒指召唤历代红战士的力量
veil_(manga),3,面纱,Veil,198,Kotteri创作的全彩恋爱漫画
.hack//link,3,,黑客时空//Link,197,黑客时空系列在PSP平台的作品，串联历代角色与剧情
100th_black_market,3,东方barrettfilia们的暗市场|东方第18.5作|東方バレットフィリア達の闇市場|第一百回黑市,100th Black Market,197,东方Project第18.5作，以雾雨魔理沙为主角的弹幕射击游戏
da_capo_iv,3,,初音岛IV,197,《初音岛》系列第四作的恋爱冒险游戏
doctor_who,3,Doctor Who|doctorwho|异世奇人|超时空博士,神秘博士,197,BBC自1963年起播出的英国科幻电视剧
kotoura-san,3,琴浦さん|琴浦桑,琴浦小姐,197,えのきづ创作的漫画，讲述能读心的少女与同学们的校园喜剧，2013年动画化
menhera-chan_(ezaki_bisuko),3,wrist-cut_transformation_subculture_menhera|メンヘラちゃん|心理疾病酱|病气酱,メンヘラ酱,197,江崎びす子创作的心理健康题材网络漫画角色
orangina,3,橘子汽水|橘汁汽水,Orangina,197,源于法国的橙汁碳酸饮料品牌，现由三得利在日本经营，常出现在插画背景中
phoenix_wright:_ace_attorney_-_justice_for_all,3,Gyakuten Saiban 2|ace_attorney_2|gyakuten_saiban_2|逆转裁判2 正义再临,逆转裁判2,197,系列第二作，成步堂龙一继续担任辩护律师的法庭推理游戏
pokemon_the_movie:_the_power_of_us,3,Pokémon the Movie: The Power of Us|pokemon_m21|剧场版 宝可梦：大家的故事|精灵宝可梦剧场版 大家的故事,宝可梦剧场版 大家的故事,197,宝可梦系列第21部剧场版，以人与宝可梦的共同故事为主题
senjou_no_valkyria_2,3,Valkyria Chronicles 2|战场的女武神2,战场女武神2,197,战场女武神系列第二作，登陆PlayStation Portable
super_gt,3,Super GT|supergt,超级GT,197,日本最高级别的房车耐力赛系列，1993 年以全日本 GT 锦标赛起步
trinity_seven,3,Trinity Seven|三一七|魔道书7使者,七人魔法使,197,齐藤健二原作、奈央晃德作画的魔法学院题材漫画，2014年动画化
chikanoko,3,Chikanoko,ちかのこ,196,具体题材与出处均不详的作品
gunxsword,3,Gun X Sword|Gun×Sword|gun_sword|gunsword|枪×剑,枪与剑,196,讲述枪手梵与剑客温蒂结伴旅行的机器人动画
ladybug_(love_live!),3,Ladybug,瓢虫,196,《Love Live! 莲之空女学院学园偶像俱乐部》中DOLLCHESTRA演唱的歌曲
mahou_tsukai_to_kuroneko_no_wiz,3,Wizard and Black Cat Wiz|wizard_and_black_cat_wiz|魔法使いと黒猫のウィズ|魔法使与黑猫维兹,黑猫维兹,196,COLOPL出品的答题角色扮演手游，主角为魔法使与黑猫维兹
parappa_the_rapper,3,PaRappa the Rapper|parappatherapper|帕拉帕拉啪,啪啦啪啦啪,196,索尼PlayStation节奏游戏，玩家按提示按键帮纸片狗帕拉帕完成说唱
priapus,3,Priapus|普利阿普斯,普里阿普斯,196,itto(mentaiko)2011年创作的希腊神话题材成人向同人漫画
yume_oukoku_to_nemureru_100-nin_no_ouji-sama,3,yume-100|yume100,梦王国与沉睡的100名王子,196,面向女性的手机益智RPG
bakuman,3,爆漫。|食梦者,爆漫王,195,大场鸫原作、小畑健作画的漫画，讲述少年搭档创作漫画的故事
black_cat_(series),3,BLACK CAT|黑猫(矢吹健太朗),黑猫,195,矢吹健太朗的漫画，讲述赏金猎人托雷的冒险，2000至2004年连载
command_&_conquer:_red_alert,3,command_and_conquer:_red_alert,命令与征服：红色警戒,195,《命令与征服》红色警戒子系列的首作
five_nights_at_freddy's_2,3,Five Nights at Freddy's 2|弗莱迪的五夜惊魂2,玩具熊的五夜后宫2,195,《玩具熊的五夜后宫》系列第二作，2014年推出
inari_konkon_koi_iroha.,3,いなり、こんこん、恋いろは|狐仙的恋爱入门|稻荷恋歌,稻荷恋之歌,195,讲述少女获得神明之力的恋爱漫画，2014年动画化
megami_no_cafe_terrace,3,The Café Terrace and Its Goddesses|the_cafe_terrace_and_its_goddesses|女神咖啡屋,女神咖啡厅,195,濑尾公治创作的恋爱喜剧漫画，2023年起动画化
sangatsu_no_lion,3,3_gatsu_no_lion|3月之狮|3月的狮子|March Comes in Like a Lion|march_comes_in_like_a_lion,三月的狮子,195,羽海野千花的将棋题材漫画，讲述少年棋士的成长
shin_sakura_taisen,3,Sakura Wars|new_sakura_wars|sakura_wars_(2019)|新樱大战,新樱花大战,195,樱花大战系列的重启作，2019年发售的PS4游戏
sonic_channel,3,Sonic Channel|音速小子频道,索尼克频道,195,世嘉运营的索尼克日文资讯网站，2003年开设
asagao_to_kase-san,3,Kase-san and Morning Glories|kase-san|kase-san_and_morning_glories|加瀨同學|朝颜与加濑同学,牵牛花与加濑同学,194,高岛博美的百合漫画，描写园艺部与田径部少女的恋情
atelier_sophie_2,3,炼金工房苏菲2|苏菲的炼金工房2 ～不可思议梦的炼金术士～,苏菲的炼金工房2,194,《炼金工房》系列第23作，2022年发售，苏菲的续篇
boroboro_no_elf-san_wo_shiawase_ni_suru_kusuri_uri-san,3,破破烂烂的精灵小姐与卖药人|让衣衫褴褛的精灵小姐变得幸福的卖药人,让破烂不堪的精灵小姐幸福的卖药人,194,Gibagiba的网络漫画，讲述卖药人帮助落魄精灵的治愈故事
gems_company,3,Gems Company|gemscompany|ジェムカン|ジェムズカンパニー,宝石公司,194,日本的虚拟偶像团体，成员以宝石为主题
gensou_suikoden_iv,3,Suikoden IV|幻想水浒伝IV,幻想水浒传IV,194,系列第四作，时间设定在初代150年前，以群岛为舞台
konami,3,KONAMI|日本科乐美|科拿米,科乐美,194,日本游戏与娱乐公司，业务涵盖电子游戏、街机、卡牌与玩具等
kurenai_no_buta,3,Porco Rosso|porco_rosso|紅色豬,红猪,194,宫崎骏执导的吉卜力动画电影，1992年上映，讲述亚得里亚海的赏金飞行员
mega_man_zero_2,3,Mega Man Zero 2|rockman_zero_2|洛克人Z2,洛克人Zero 2,194,洛克人Zero系列第二作
mitsuboshi_colors,3,Mitsuboshi Colors|三星Colors|三颗星colorful,三颗星彩色冒险,194,カツヲ的漫画，讲述三个小学生的都市冒险日常
mumei_(song)_(hololive),3,Mumei|ナナシ・ムメイ,无名,194,hololive English成员七诗无名的原创歌曲
override_(synthesizer_v),3,,Override,194,吉田夜世创作的Synthesizer V歌曲，由重音テト演唱
seirei_gensouki,3,Seirei Gensouki|精靈幻想記,精灵幻想记,194,北山结莉的轻小说，讲述转生异世界的少年与精灵的故事
space_channel_5,3,Space Channel 5|太空频道5,太空第5频道,194,世嘉出品的音乐游戏系列，主角乌拉拉以舞蹈对抗外星人
yowa_yowa_sensei,3,,弱弱老师,194,以弱气老师为主角的校园恋爱喜剧漫画
cross_edge,3,Cross Edge|幽境边缘,交叉边缘,193,多家游戏公司联合开发的 PS3/Xbox360 角色扮演游戏，汇集各家角色
d-frag!,3,D-FRAG!|D-Frag,属性同好会,193,春野友矢的校园喜剧漫画，2014年改编为动画
densetsu_kyojin_ideon,3,Space Runaway Ideon|space_runaway_ideon|伝説巨神イデオン|传说巨神伊甸王,传说巨神伊迪安,193,富野由悠季执导、日升制作的1980年机器人动画
dream_pool,3,the_poolrooms,Dream Pool,193,3DCG艺术家Jared Pike创作的CG系列，后被Backrooms社区引用
forsaken_(roblox),3,forsaken|forsakenfanart|forsakenroblox|弃子|被遗弃者,Forsaken,193,Roblox 平台的非对称恐怖游戏，登场角色来自 Roblox 历史与各游戏
getbackers,3,Gets Backers|夺还屋|闪灵小子,闪灵二人组,193,青树佑夜原作、绫峰栏作画的漫画，描绘夺还专家美堂蛮与天野银次
kimi_ga_aruji_de_shitsuji_ga_ore_de,3,you_are_the_master_and_the_servant_is_me|你是主人我是仆人|君が主で執事が俺で,你是主人我是仆,193,Minato Soft 的恋爱冒险游戏，讲述男主成为大小姐管家的日常
noble_works,3,Noble Works|のーぶる☆わーくす|贵族的工作,贵族工作,193,柚子社第5作恋爱冒险游戏，讲述少年转入贵族学校并开始打工的故事
poppippoo_(vocaloid),3,POPIPO|Po Pi Po|Poppippo|popipo_(vocaloid)|poppippoo,波比波,193,LamazeP创作的初音未来歌曲，以蔬菜汁广告为题材的洗脑曲
robf,3,,ROBF,193,《仙境传说》的非官方成人向同人游戏，由The Knights of Asgar制作
shoushimin_series,3,Shoushimin Series|小市民シリーズ,小市民系列,193,米泽穗信的推理小说系列，2024年改编为动画
star!!_(idolmaster),3,star!!|スター!!|灰姑娘女孩OP,Star!!,193,《偶像大师 灰姑娘女孩》动画的片头曲，由 CINDERELLA PROJECT 演唱
ushinawareta_mirai_wo_motomete,3,In Search of the Lost Future|in_search_of_the_lost_future|失われた未来を求めて|追寻失去的未来,寻找失去的未来,193,Trumple的美少女游戏，以时间旅行与失去的未来为主题
what_is_my_life?_(love_live!),3,,What is my life?,193,《Love Live! 蓝鸟》中Ikizulive!的出道歌曲
ys_ix:_monstrum_nox,3,Ys IX: Monstrum Nox|ys_ix_monstrum_nox|伊苏IX：怪人之夜,伊苏9：怪人之夜,193,《伊苏》系列第九作，舞台为监狱都市巴尔杜克
casshern_sins,3,Casshern Sins|キャシャーンシンズ|再造人卡辛,卡夏之罪,192,2008年重启的卡夏系列动画，舞台是末日世界
cat_busters,3,,Cat Busters,192,Happy Elements开发的兽人猫题材手机抽卡游戏，2018年停运
choudenji_robo_combattler_v,3,Combattler V|combattler_v|孔巴特拉V|超电磁机器人 倩比特V,超电磁机器人孔巴特拉V,192,长滨忠夫执导的超级机器人动画，五架电磁机体合体成孔巴特拉V
dragon:_marked_for_death,3,DRAGON Marked for Death|dragon_marked_for_death|dragonmarkedfordeath|龙之印记：死亡,龙：死亡印记,192,Inti Creates开发的横版动作游戏，讲述龙血战士的复仇
i_want_you,3,I Want You for the U.S. Army|山姆大叔征兵海报,我要你（征兵海报）,192,弗拉格1917年创作的美国征兵海报，一战期间使用
kirby's_return_to_dream_land_deluxe,3,卡比之星：重返梦幻岛豪华版|星之卡比 重回梦幻岛豪华版,星之卡比 重返梦幻岛豪华版,192,《重返梦幻岛》的Switch重制版，2023年发售，追加新复制能力
mega_man_x8,3,Mega Man X8|rockman_x8|洛克人X 8,洛克人X8,192,洛克人X系列第八作
octopath_traveler_0,3,,歧路旅人0,192,2025年发售的RPG，为手游《大陆的霸者》的离线重制版
project_x_zone,3,Project X Zone|交叉领域计划,穿越领域计划,192,万代南梦宫与Monolith Soft的3DS跨界战棋RPG，集结多作品角色
saikyou_tenshi_to_baito_senshi,3,,最强天使与打工战士,192,佐藤アメ的恋爱喜剧漫画
senjuushi_(series),3,,千铳士系列,192,Marvelous推出的千铳士系列手机角色扮演游戏
spectral_(series),3,IF Neverland|アイエフ ネバーランド|光谱系列,Spectral系列,192,Idea Factory 的战略角色扮演游戏系列，又名 IF Neverland
sweet_home,3,Sweet Home,甜蜜之家（CODEPINK）,192,CODEPINK制作的2007年成人视觉小说，以多位女性角色为中心
dragon_quest_yuusha_abel_densetsu,3,Dragon Quest: Legend of the Hero Abel|勇者阿贝尔传说,勇者斗恶龙：阿贝尔传说,191,1989年播出、以勇者斗恶龙初代为蓝本的电视动画
from_argonavis,3,Argonavis from BanG Dream!|argonavis|argonavis_from_bang_dream!|阿古纳维斯|阿尔戈纳维斯,ARGONAVIS,191,以男子乐队为主题的企划，原为 BanG Dream! 的衍生系列
fuufu_ijou_koibito_miman.,3,"Fuukoi|More Than a Married Couple, But Not Lovers|fuukoi|more_than_a_married_couple_but_not_lovers|夫妻以上、恋人未满",夫妇以上，恋人未满。,191,金丸悠树创作的恋爱漫画，描绘同居高中生夫妇的恋爱喜剧，2022年改编动画
inkya_gyaru_demo_ikigaritai!,3,inkya_gal_demo_ikigaritai!|内向辣妹也要逞强！|陰キャギャルでもイキがりたい！,阴角辣妹也要出人头地！,191,以阴角女生与辣妹为主角的百合漫画
nine_sols,3,,九日,191,台湾赤烛游戏2024年推出的类银河战士恶魔城动作游戏，融合赛博朋克与道教元素
nisoku_hokou_(vocaloid),3,Two Breaths Walking|two_breaths_walking_(vocaloid)|ニソクホコウ,二息步行,191,DECO*27创作的VOCALOID歌曲，由初音未来演唱，插画由白黒むぎ负责
red:_pride_of_eden,3,红色：伊甸园的骄傲,伊甸园的骄傲,191,YOOZOO Games的手机RPG，舞台为只有兽人少女的伊甸
rune_factory_frontier,3,Rune Factory: Frontier|符文工房：边境,符文工厂：边境,191,符文工厂系列在Wii平台的作品，为初代的正统续作
shangri-la_frontier,3,Shangri-La Frontier|神域之边境,香格里拉边境,191,硬梨菜的网络小说，描写玩家攻略VR游戏，2023年动画化
sola,3,,sola,191,2007年播出的原创奇幻动画，由久弥直树原案、七尾奈留设计角色
tsuritama,3,Tsuritama|钓鱼球,钓球,191,A-1 Pictures制作的2012年原创动画，以钓鱼与友谊为主题
vivi_and_the_magical_island,3,,Vivi and the Magical Island,191,X-Rabbit制作的同人游戏，与《Alps to Kiken na Mori》同一世界
arc_the_lad_iii,3,Arc the Lad III|阿尔卡传说III,亚克传说3,190,《亚克传说》系列第三作，PS平台的战略角色扮演游戏
astrae_oratio,3,,Astrae Oratio,190,DynamisOne开发的抽卡角色扮演游戏，舞台为1889年的魔法东京
bra-ban!,3,Bra-Ban!,ぶらばん!,190,Yuzusoft制作的成人向恋爱冒险游戏
chibi_maruko-chan,3,小丸子,樱桃小丸子,190,樱桃子的日常漫画与动画，1986年起连载，主角是9岁的小丸子
comiket_86,3,C86|c86|コミケ86,Comic Market 86,190,Comic Market 第86届同人志即卖会，2014年8月15-17日举办
daitoshokan_no_hitsujikai,3,A Good Librarian Like a Good Shepherd|a_good_librarian_like_a_good_shepherd|大図書館の羊飼い,大图书馆的牧羊人,190,AUGUST 2012年发行的校园恋爱冒险游戏，后改编为动画
djmax_portable,3,DJMAX|DJMax Portable|dj_max_portable,DJMAX 携带版,190,Pentavision为PSP与PC推出的韩国音乐节奏游戏系列
dlsite.com,3,DLSite|DLsite.com|dlsite,DLsite,190,日本的同人与成人数字内容销售网站
etotama,3,えとたま,干支魂,190,以十二生肖拟人少女为主题的日本动画
grand_sphere,3,,Grand Sphere,190,2015年由Silicon Studio开发的iOS与Android角色扮演游戏
harlock_saga,3,ハーロック・サーガ,哈洛克传奇,190,以《宇宙海贼哈洛克》为基础、取材自瓦格纳乐剧的OVA
idolmaster_va-liv,3,,偶像大师 Va-liv,190,偶像大师系列的虚拟主播分支企划
ilog,3,,ilog,190,GREE推出的手机游戏作品
koukan_nikki,3,こうかんにっき,交换日记,190,画师 Yone Kinji 与其社团制作的原创系列，以交换日记为主题
nengoku_no_liese,3,,炼狱之莉泽,190,mille-fieuille的成人游戏，主角为莉泽·海德布兰德
otogi-juushi_akazukin,3,Fairy Musketeers|fairy_musketeers|otogi-jushi_akazukin|おとぎ銃士赤ずきん,童话枪手小红帽,190,以童话人物为原型的电视动画及OVA作品
shin_ultraman,3,Shin Ultraman|shinultraman|新奥特曼,新·奥特曼,190,2022年上映的奥特曼重启电影，由樋口真嗣执导、庵野秀明编剧
starry_sky_(game),3,Starry Sky|星空物语,Starry☆Sky,190,Honeybee 2009 年推出的星座主题乙女向恋爱游戏系列
summon_night_5,3,Summon Night 5|サモンナイト5,召唤之夜5,190,《召唤之夜》系列第五作，2013 年登陆 PSP
tenchuu,3,Tenchu,天诛,190,以忍者潜行与暗杀为题材的动作游戏系列，首作由Acquire开发
transformers_one,3,,变形金刚：起源,190,2024年上映的动画电影，讲述擎天柱与威震天的起源
villainous,3,,Villainous,190,墨西哥与美国合制的动画系列，讲述反派角色的日常，在Cartoon Network播出
afraid_of_monsters,3,,Afraid of Monsters,189,2005年发布的半条命模组，由Andreas Rönnberg制作的恐怖游戏
atelier_marie,3,Atelier Marie: The Alchemist of Salburg|atelier_marie_alchemist_of_salburg|炼金术士玛莉|玛莉的工作室,玛莉的炼金工房,189,《炼金工房》系列首作，萨尔布鲁克三部曲的第一部
bakuretsu_hunters,3,Sorcerer Hunters|sorcerer_hunters|爆れつハンター|魔法猎人,爆裂猎人,189,赤堀悟原作的奇幻喜剧漫画，1990年代改编为动画
bereal,3,BeReal.|bereal.,BeReal,189,法国的社交应用，以每日限时的真实自拍分享为特色
hanshin_tigers,3,阪神タイガース|阪神老虎,阪神虎,189,以大阪为根据地的日本职棒中央联盟球队，与读卖巨人并为热门球队
koukei_(idolmaster),3,Koukei,光景,189,《学园偶像大师》中篠泽广演唱的歌曲
lovers_(game),3,Love Escalator|ラブ・エスカレーター,恋人,189,1998年海月制作所（现Jellyfish）发售的成人恋爱冒险游戏
moero!_justice_gakuen,3,Project Justice|moero_justice_gakuen|projectjustice|热血学园|萌えろ！ジャスティス学園,正义学园,189,卡普空的校园格斗游戏，为正义学园系列第二作
motto!_haramase!_honoo_no_oppai_isekai_oppai_maid_gakuen!,3,,もっと!孕ませ!炎のおっぱい異世界おっぱいメイド学園!,189,Milk Factory于2022年发行的异世界女仆学园题材成人视觉小说
negative_yuusha_to_maou-gun_kanbu,3,,消极勇者与魔王军干部,189,标题为消极勇者与魔王军干部的创作作品
queen_(band),3,Queen|queen,皇后乐队,189,1971年在伦敦成立的英国摇滚乐队，主唱为弗雷迪·默丘里
sansha_san'you,3,"Three Leaves, Three Colors|three_leaves_three_colors|三者三葉",三者三叶,189,荒井チェリー的四格漫画，2016年由动画工房改编为动画
seikai_no_senki,3,Banner of the Stars|banner_of_the_stars|sekainosenki|星界の戦旗|星界之战旗,星界战旗,189,森冈浩之的太空歌剧小说系列，为星界系列第二部
shin_kamen_rider,3,Shin Kamen Rider|新假面骑士,新·假面骑士,189,2023年上映的假面骑士初代重启电影，由庵野秀明执导
suika_game,3,Suika Game|すいかゲーム|合成大西瓜,西瓜游戏,189,AladdinX 开发的水果合成益智游戏
touhou_spell_carnival,3,,Touhou Spell Carnival,189,Compile Heart开发的东方Project题材策略角色扮演同人游戏
ane_naru_mono,3,The Elder Sister-like One|the_elder_sister-like_one|像姐姐般的存在|姉なるもの,姉なるもの,188,Pochi创作的同人漫画系列，以恶魔少女与少年为主角
battle_athletes,3,Battle Athletes|バトルアスリーテス大運動会|格斗运动员大运动会,大运动会,188,AIC制作的以未来运动竞技为主题的动画系列
charon_universe,3,,Charon Universe,188,韩国娱乐经纪公司，经营音乐人与虚拟主播
final_fantasy_crystal_chronicles,3,FFCC|ffcc|ファイナルファンタジー・クリスタルクロニクル,最终幻想：水晶编年史,188,以任天堂平台为主的《最终幻想》外传ARPG系列
irisu_shoukougun!,3,Iris Syndrome|irisu_syndrome|irisusyndrome|イリスの症候群！,爱丽丝症候群！,188,免费的益智同人游戏，主角为大学生爱丽丝京子等
kagerou_days_(vocaloid),3,Kagerou Days|カゲロウデイズ|阳炎Daze,阳炎Days,188,Jin创作、初音未来演唱的Vocaloid歌曲，阳炎Project代表曲
karakuri_pierrot_(vocaloid),3,Clockwork Clown|clockwork_clown_(vocaloid)|カラクリピエロ|发条小丑|机关小丑,机巧小丑,188,40mP创作、初音未来演唱的Vocaloid歌曲
karigurashi_no_arrietty,3,The Secret World of Arrietty|the_secret_world_of_arrietty|借物少女艾莉缇,借东西的小人阿莉埃蒂,188,吉卜力2010年的动画电影，改编自《地板下的小矮人》
munou_na_nana,3,Talentless Nana|talentless_nana|无能的奈奈,无能力者娜娜,188,るーすぼーい原作的漫画，讲述无能力少女在少年院的故事，2020年动画化
persona_q_(series),3,Persona Q|ペルソナQ,女神异闻录Q,188,女神异闻录系列的迷宫探索RPG分支，玩法受世界树迷宫影响
sasha-chan_to_classmate_otaku-kun,3,,Sasha-chan to Classmate Otaku-kun,188,日本的漫画作品，围绕萨莎与同班宅男同学展开
space_invaders,3,Space Invaders|宇宙侵略者,太空侵略者,188,Taito 于 1978 年推出的街机射击游戏，以击落外星人为玩法
unitia,3,ユニティア|神托的使徒×终焉的女神,UNITIA 神托的使徒×终焉的女神,188,日本手机角色扮演游戏，围绕神托使徒与终焉女神展开
yuusha_ou_gaogaigar_final,3,GaoGaiGar FINAL|The King of Braves GaoGaiGar FINAL|gaogaigar_final|the_king_of_braves_gaogaigar_final|勇者王高凯亚FINAL,勇者王我王凯牙FINAL,188,《勇者王GAOGAIGAR》的OVA续作
chou_shittou_caduceus,3,Trauma Center|trauma_center|超執刀 カドゥケウス|超执刀：卡杜克斯,超执刀,187,Atlus 的科幻外科手术游戏系列，玩家扮演医生为患者动手术
confessions_of_a_rotten_girl_(vocaloid),3,confessions_of_a_rotten_girl|confessionsofarottengirl|堕落少女的自白|腐烂少女的告白,Confessions of a Rotten Girl,187,SAWTOWNE 创作的英语 VOCALOID 歌曲，由初音未来演唱
huion,3,HUION,绘王,187,中国数位板与数位屏品牌，主要生产绘画板
isekai_tensei_shite_v_ni_narimashita,3,いせぶい|异世界转生成为V|異世界転生してVになりました,转生异世界成为V,187,コアク・マヨ创立、2022年8月解散的VTuber团体
kiseijuu,3,Parasyte|parasyte|寄生獣,寄生兽,187,岩明均创作的科幻漫画，讲述被寄生生物侵占右手的高中生新一
kyokou_suiri,3,In/Spectre|in/spectre,虚构推理,187,城平京创作的推理小说，讲述妖怪的智慧之神岩永琴子，已改编漫画与动画
lost_property_control_organization_(samidare),3,Lost Property Control Organization|遗失物管理机构,失物管理机构,187,画师samidare的原创恐怖游戏概念系列，描绘管理失物的组织
mobile_legends:_bang_bang,3,,无尽对决,187,面向手机平台的多人在线战术竞技游戏
nitro+_chiral,3,Nitro+Chiral|nitro+chiral,Nitro+CHiRAL,187,NITRO+旗下2004年设立的游戏品牌，专门开发与发行BL视觉小说
playerunknown's_battlegrounds,3,PUBG|playerunknown'sbattlegrounds|playerunknownsbattlegrounds|pubg|绝地求生：大逃杀,绝地求生,187,Krafton开发的2017年大逃杀射击游戏，简称PUBG
popotan,3,ぽぽたん,Popotan,187,Petit Ferret出品的成人视觉小说，由渡边明夫负责角色设计，讲述三姐妹的故事
resident_evil:_revelations,3,BIOHAZARD Revelations|Resident Evil: Revelations|resident_evil_revelations|生化危机 启示录,生化危机：启示录,187,《生化危机》系列外传游戏，舞台为游轮与海上都市
uta_macross_sumaho_deculture,3,Uta Macross|歌マクロス スマホでデカルチャー,歌Macross,187,《超时空要塞》的手机音乐节奏游戏，2022年结束运营
zeta_gundam_define,3,,机动战士Z高达 Define,187,北爪宏幸的漫画，重新演绎《Z高达》电视动画的剧情
arc_system_works,3,Arc System Works,亚克系统,186,日本格斗游戏开发商，代表作《罪恶装备》《苍翼默示录》
arika,3,,Arika,186,日本游戏开发公司，由前卡普空员工创立，开发《街头霸王EX》
beast_wars:_transformers,3,Beast Wars: Transformers|变形金刚：野兽之战|百变金刚,超能勇士,186,1996年的三维动画《变形金刚：超能勇士》
comiket_85,3,C85|c85|コミケ85,Comic Market 85,186,Comic Market 第85届同人志即卖会，2013年12月29-31日举办
fate/empire_of_dirt,3,Fate/帝国余烬|fate/empireofdirt|fate/eod|命运/尘埃帝国,Fate/Empire of Dirt,186,Luwen workshop制作的《Fate》题材同人成人战略游戏
girls_band_cry_rpg,3,GIRLS BAND CRY RPG,少女乐队哭RPG,186,《GIRLS BAND CRY》的奇幻RPG企划，角色化为冒险者
hajimete_no_gal,3,My First Girlfriend Is a Gal|my_first_girlfriend_is_a_gal|第一次的辣妹,第一次的辣妹,186,植野メグル的校园恋爱喜剧漫画，讲述男主与辣妹八女由佳奈的交往
hisho_collection,3,秘書コレクション,秘书收藏,186,GREE出品的以秘书为主题的手机游戏
metroid:_other_m,3,Metroid: Other M|密特罗德：另一个M,密特罗德：另一个M,186,《密特罗德》系列作品，剧情为融合的前传，登陆Wii
shinigami_bocchan_to_kuro_maid,3,The Duke of Death and His Maid|the_duke_of_death_and_his_maid|死神坊ちゃんと黒メイド,死神少爷与黑女仆,186,井上小春的恋爱喜剧漫画，描写被诅咒的少爷与黑女仆
sonic_heroes,3,Sonic Heroes|音速小子英雄,索尼克英雄,186,2003年发售的3D动作游戏，以三人小队切换能力为特色
stellula_eques,3,ステルラエクエス|赎罪姬骑士,Stellula Eques,186,C:drive 开发的成人游戏，主角为赎罪的公主骑士
the_kiss,3,The Kiss|克里姆特《吻》,吻,186,克里姆特约1907年创作的油画，描绘一对相拥亲吻的男女
assassin's_creed,3,Assassin's Creed|assassin'screed,刺客信条（初代）,185,育碧的动作游戏，讲述刺客阿泰尔在第三次十字军东征时期的故事
digital_devil_saga,3,Digital Devil Saga|真女神转生：数字恶魔传说,数字恶魔传说,185,女神转生系列衍生的PS2角色扮演游戏二部曲
divine_heart_makina,3,,Divine Heart Makina,185,以来栖真奈与来栖亚莉亚为主角的成人游戏
etra-chan_wa_mita!,3,Etra-chan Saw It!|etra-chan_saw_it!|etrachansawit|エトラちゃんは見た！,艾特拉酱看到了！,185,以同一批角色扮演不同故事的YouTube网络漫画频道
live_a_live,3,Live A Live|livealive|ライブ・ア・ライブ,时空勇士,185,史克威尔1994年在SFC发售的角色扮演游戏，由多位主角的多线叙事构成
maburaho,3,Maburaho,まぶらほ,185,筑地俊彦的轻小说，讲述魔法学校中少年与少女们的恋爱喜剧，并有动画
moechakkafire,3,,もえちゃっかふぁいやー,185,弌誠创作的歌曲，以绝区零角色艾莲·乔的工作日常为主题
nekojishi,3,Nekojishi,家有大猫,185,台湾Studio Klondike开发的兽人向视觉小说，主角能看见神灵
old_school_runescape,3,2007scape|OSRS|Old School RuneScape|oldschoolrunescape|旧版RuneScape,Old School RuneScape,185,《RuneScape》基于2007年版本推出的怀旧版，并有新增角色与内容
otomari_koibito_lolita,3,,Otomari Koibito Lolita,185,夜のひつじ制作的成人向视觉小说，原画由ぴよ寺むちゃ负责
sankarea,3,Sankarea|sankarea:_undying_love|さんかれあ,散华礼弥,185,服部充的漫画，2012年动画化，讲述僵尸少女与少年的故事
unlight,3,无光,Unlight,185,2010年上线的免费卡牌对战网页游戏，由日本Techway开发
vampirella,3,吸血鬼女郎,Vampirella,185,美国漫画中由Warren Publishing创造的吸血鬼女英雄角色
wikipedia,3,Wikipedia|維基百科,维基百科,185,由维基媒体基金会运营的自由多语言在线百科全书
beastiez,3,,Beastiez,184,以怪物为主题的虚拟主播团体，原为VShojo旗下组合
danbooru_(site),3,,Danbooru,184,以标签检索为主的英文图片分享与图库网站，收录大量插画
jurassic_world,3,Jurassic World|jurassicworld,侏罗纪世界,184,《侏罗纪公园》系列第4部，2015年上映
mario_kart_8,3,Mario Kart 8|mario_kart_8_deluxe|马车8|马里奥赛车8,马力欧卡丁车8,184,2014年发售的系列第八作，引入反重力赛道设计
mary_skelter,3,Mary Skelter|メアリースケルター,神狱塔：玛丽·斯凯尔特,184,Compile Heart的地牢角色扮演游戏系列
plastic_memories,3,Plastic Memories,可塑性记忆,184,动画工房制作的2015年动画，讲述人造人寿命与离别为主题的恋爱故事
pokemon_colosseum,3,Pokémon Colosseum|口袋妖怪竞技场,宝可梦圆形竞技场,184,GameCube上的宝可梦游戏，玩家从其他训练家手中抢夺黑暗宝可梦
saijaku_muhai_no_bahamut,3,Undefeated Bahamut Chronicle|最弱無敗の神装機竜,最弱无败的神装机龙,184,明月千里的轻小说及改编动画，以最弱骑士与神装机龙为题材
seimetsu_reiki_etherea,3,,Seimetsu Reiki Etherea,184,日本的成人向游戏或漫画作品
servant_x_service,3,サーヴァント×サービス|公务员×服务,Servant×Service,184,高津カリノ的四格漫画，以区政府公务员日常为舞台，2013年动画化
sesame_street,3,Sesame Street,芝麻街,184,美国长期播出的儿童教育节目，以布偶角色与短剧教学为特色
shadow_the_hedgehog_(game),3,Shadow the Hedgehog|刺猬索尼克：暗影,暗影刺猬,184,2005年世嘉发售的动作游戏，以索尼克系列角色暗影为主角
tales_of_the_world,3,,世界传说,184,传说系列的跨界外传作品系列，集结历代角色共同冒险
tenkuu_no_escaflowne,3,Escaflowne|escaflowne_of_the_heavens|the_vision_of_escaflowne|vision_of_escaflowne|天空のエスカフローネ|天空之艾斯卡弗洛尼,天空的艾斯嘉科尼,184,日升制作的1996年奇幻机器人动画，少女瞳被召唤到异世界盖亚
unknown_mother_goose_(vocaloid),3,Unknown Mother Goose|アンノウン・マザーグース,未知的鹅妈妈,184,wowaka创作、初音未来演唱的VOCALOID歌曲
warui_ga_watashi_wa_yuri_janai,3,不好意思但我不百合|悪いが私は百合じゃない,抱歉，我不是百合,184,以「不是百合」为噱头的百合喜剧漫画
a3!,3,a3,A3!,183,Liber Entertainment开发的手机游戏，以MANKAI剧团的四个组为中心
black_panther_(series),3,,黑豹（漫画）,183,漫威漫画系列，讲述瓦坎达王子特查拉继承黑豹身份
chihayafuru,3,歌牌情缘,花牌情缘,183,末次由纪的竞技歌牌漫画，改编为动画与真人电影
dragon_ball_minus,3,dragonballminus|龙珠负,龙珠minus,183,鸟山明2014年发表的短篇漫画，讲述悟空被送往地球的经过
ero_condo,3,,Ero Condo,183,Erocondo团队开发的成人向LGBT手机游戏，玩家经营公寓
guilty_gear_2,3,Guilty Gear 2|圣骑士之魂2,罪恶装备2,183,《罪恶装备》系列第四作，采用第三人称动作与MOBA要素的玩法
joker_(2019),3,Joker (2019),小丑（2019）,183,托德·菲利普斯执导、杰昆·菲尼克斯主演的2019年DC电影
kurogane_no_linebarrel,3,Linebarrels of Iron|kurogane_no_linebarrels|linebarrels_of_iron|鉄のラインバレル,武装机甲,183,清水荣一与下口智裕创作的机器人漫画，2008年改编动画，日文名Linebarrel
love_live!_school_idol_festival_2,3,LoveLive! 学园偶像祭2|SIF2,Love Live! 学园偶像祭2,183,《学园偶像祭》的续作节奏手游，日服与国际服于2024年3月停服
lovely_x_cation_2,3,Lovely×Cation 2,LOVELY×CATION 2,183,hibiki works的2013年成人恋爱游戏，为LOVELY×CATION的续作
neko_to_chiyo,3,,猫与千代,183,日常系喜剧漫画，2019年起在Manga Time Kirara Forward连载
parasite_eve_i,3,Parasite Eve|寄生都市,寄生前夜1,183,系列首作，以纽约为舞台、主角阿雅·布雷亚对抗线粒体生物的恐怖RPG
suicide_boy,3,自杀少年,Suicide Boy,183,Parkgee 创作、在 Lezhin 连载的韩国网络漫画
vershion,3,,Vershion,183,2023年成立的澳大利亚独立VTuber团体
amnesia_(idea_factory),3,AMNESIA|amnesia|恶魔之恋,失忆症,182,Idea Factory的OTOMATE开发的女性向恋爱游戏，后被改编为动画
bondlive,3,,BondLive,182,2021年成立的日本虚拟主播事务所，业务覆盖YouTube与IRIAM
juuni_taisen,3,Jūni Taisen|juni_taisen:_zodiac_war|十二大战 拍照时的十二大战,十二大战,182,西尾维新原作、中村光插画的轻小说，十二名战士互相厮杀
kimagure_temptation,3,KimaTen|kimaten|きまぐれテンプテーション,Kimagure Temptation,182,Silky's Plus WASABI 开发的悬疑推理视觉小说
kiznaiver,3,KIZNAIVER,羁绊者,182,TRIGGER 制作的原创动画，讲述通过痛觉共享伤口相连的少年少女
lineage_2,3,Lineage 2|天堂II,天堂2,182,《天堂》的前传MMORPG，背景设定在初代150年前，由NCsoft开发
reddit,3,红迪网,Reddit,182,美国的社交新闻聚合网站，内容由用户投稿与投票决定
rgb_paw,3,,RGB Paw,182,yogurt200创作的架空世界观，由三名兔耳女神统治，含多部作品
star_wars:_a_new_hope,3,星球大战：新的希望,星球大战4：新希望,182,1977 年上映的《星球大战》首部电影，后编号为第四部
demento,3,Haunting Ground|haunting_ground|デメント|狂气之城,狂气古城,181,卡普空2005年发售的PS2生存恐怖游戏
haevest,3,,Haevest,181,Daimaou_K创作的希腊神话题材网络漫画，角色多取材自厄琉息斯秘仪
ikkitousen_great_guardians,3,一骑当千GG,一骑当千 Great Guardians,181,《一骑当千》动画第三季
kaizoku_sentai_gokaiger,3,Kaizoku Sentai Gokaiger,海贼战队豪快者,181,2011年播出的超级战队系列第35作
kouya_no_naga_samurai,3,,荒野的长武士,181,由成人漫画家 Thomasz 设计的独立虚拟主播组合
kyouran_kazoku_nikki,3,,狂乱家族日记,181,日日日的轻小说，讲述问题家庭被指定为模范家族候选的搞笑故事，并有动画
lagtrain_(vocaloid),3,LAG TRAIN|lag_train_(vocaloid)|ラグトレイン,ラグトレイン,181,稻叶昙创作、歌爱雪演唱的Vocaloid歌曲，MV使用ぬくぬくにぎりめし的插画
lilith-soft,3,Lilith|lilith|リリス,Lilith Soft,181,日本成人游戏制作公司，代表作有《对魔忍》系列等
love-bullet,3,,Love Bullet,181,Ineesan创作的漫画系列，角色包括小春、环等少女
macross_plus,3,Macross Plus|マクロスプラス,超时空要塞Plus,181,1994年的《超时空要塞》OVA，由河森正治与渡边信一郎执导，菅野洋子配乐
majo_to_hyakkihei,3,The Witch and the Hundred Knight|the_witch_and_the_hundred_knight|witch_and_the_hundred_knight|魔女与百鬼兵团,魔女与百骑兵,181,日本一软件为PS3开发的动作角色扮演游戏
no_brand_girls,3,,No Brand Girls,181,《Love Live!》第一季的插入曲，由μ's演唱
roman_(sound_horizon),3,Sound Horizon Roman|roman|ロマン,Roman,181,日本音乐团体 Sound Horizon 发行的故事专辑
ryouran!_victory_road_(love_live!),3,ryouran!_victory_road_(love_live),繚乱!ビクトリーロード,181,《Love Live! 虹咲学园学园偶像同好会》的歌曲
shinmai_fukei_kiruko-san,3,New Policewoman Kiruko-san|新人巡査キル子さん,新米婦警キルコさん,181,平形真博的搞笑漫画，2012年至2013年在少年Jump连载
soushisouai_lolita_no_seikatsu,3,,相思相愛ロリータの生活,181,夜之羊开发、Piyodera Mucha 作画的 2016 年成人视觉小说
surge_concerto,3,Surge Concerto Series|アルノサージュ|创神幻奏,Surge Concerto,181,Gust 的《Surge Concerto》系列，含《阿尔诺沙尔修》等角色扮演游戏
swing!!,3,,Swing!!,181,樱织子创作的高中女子高尔夫题材漫画
touhou_hero_of_ice_fairy,3,,Touhou Hero of Ice Fairy,181,2023年在Steam发售、以琪露诺为主角的东方Project同人游戏
under_night_in-birth_2_sys:celes,3,UNDER NIGHT IN-BIRTH II Sys:Celes|UNI2,夜下降生 II Sys:Celes,181,《夜下降生》的续作格斗游戏
weiss_schwarz,3,,黑白双翼,181,Bushiroad发行的集换式卡牌游戏，收录多部动漫游戏作品的角色
atelier_shallie,3,Atelier Shallie|夏莉的工作室～黄昏之海的炼金术士～,夏莉的炼金工房,180,《炼金工房》系列第16作，黄昏三部曲的完结篇
felarya,3,,Felarya,180,karbo设计的奇幻世界观作品，含巨大娘与怪物娘
houou_senki_maimu,3,,鳳凰戦記舞夢,180,标题意为凤凰战记舞梦的日本作品
kairaku_historie,3,Pleasure Historie|快楽ヒストリエ,Kairaku Historie,180,日文名《快楽ヒストリエ》的成人向作品，信息较少
kimi_to_kanojo_to_kanojo_no_koi.,3,Totono|You and Me and Her|totono|you_and_me_and_her:_a_love_story|你和我和她的恋爱,你和她和她的恋爱。,180,Nitroplus 出品的悬疑视觉小说，以打破第四面墙的展开著称
meccha_chameleon,3,,MECCHA CHAMELEON,180,玩家通过涂色隐身进行捉迷藏的多人在线游戏
mega_man_star_force_3,3,Mega Man Star Force 3|Shooting Star Rockman 3|ryuusei_no_rockman_3|流星之洛克人3,流星洛克人3,180,流星洛克人系列第三作也是最终作
mega_man_zero_1,3,Mega Man Zero|洛克人Z,洛克人Zero（初代）,180,洛克人Zero系列首作
rapunzel_(fairy_tale),3,,长发公主（童话）,180,格林童话中的长发公主故事，少女被囚于高塔
rhythm_tengoku_miracle_stars,3,rhythm_heaven_groove,节奏天国 奇迹之星,180,系列第5作，在欧美名为Rhythm Heaven Groove
rick_and_morty,3,Rick and Morty|rickandmorty|rickmorty|瑞克与莫蒂,瑞克和莫蒂,180,Justin Roiland与Dan Harmon创作的美国成人科幻喜剧动画
robot_girls_z,3,Robot Girls Z|机械少女Z,机器人少女Z,180,东映将70年代机器人动画角色拟人化为少女的喜剧宣传动画
w_tails_cat,3,,W Tails Cat,180,内容不明的小众标签，缺乏可靠的对应资料
watchmen,3,Watchmen,守望者,180,Alan Moore的DC漫画，1986年出版，描写架空历史中的蒙面英雄
bond_en,3,BondLive EN|bonden_fa|bondlive_en,Bond EN,179,BondLive旗下以英语为主的分支虚拟主播团队
double_spoiler,3,Double Spoiler|东方文花帖 第二部,东方文花帖DS,179,东方Project第17作，以射影方式拍摄弹幕的摄影游戏
fantasista_doll,3,ファンタジスタドール,Fantasista Doll,179,Hoods Entertainment制作的2013年原创动画
fila,3,FILA,斐乐,179,韩国运动服装品牌FILA
final_fantasy_fables,3,Chocobo's Dungeon|陆行鸟的不可思议迷宫|陆行鸟迷宫,最终幻想寓言,179,以陆行鸟为主角的《最终幻想》外传游戏系列
hanamaru_youchien,3,,花丸幼稚园,179,勇人创作的幼儿园题材漫画，2007年起连载，2010年由Gainax动画化
harukanaru_toki_no_naka_de,3,Haruka: Beyond the Stream of Time|haruka:_beyond_the_stream_of_time|遥远时空,遥远时空中,179,光荣Ruby Party开发的女性向恋爱冒险游戏系列，以平安时代为舞台
idolmaster_platinum_stars,3,Idolmaster Platinum Stars|THE IDOLM@STER 白金星光,偶像大师 白金星光,179,2016年在PS4发售的偶像大师游戏
imouto_sae_ireba_ii,3,a_sister's_all_you_need|如果有妹妹就好了。,如果有妹妹就好了,179,平坂读的轻小说，2017年改编为动画
kobe_shinbun,3,神戸新聞,神户新闻,179,日本兵库县的地方报纸，由神户新闻社发行
love_wing_bell,3,,Love Wing Bell,179,μ's的歌曲，为《Love Live!》第二季第5集的插入曲
mega_man_megamix,3,Rockman Megamix|rockman_megamix|洛克人MIX,洛克人Megamix,179,有贺等创作的洛克人漫画改编作品
mofu-mofu_after_school,3,もふもふな放課後,もふもふな放課後,179,毛茸茸频道旗下的虚拟主播节目品牌
pastel_chime,3,Pastel Chime Continue,Pastel Chime,179,AliceSoft的成人RPG系列，以魔法学园养成与恋爱为题材
project_i,3,,Project i,179,韩国虚拟MCN，运营HONEYZ与ACAXIA等虚拟主播团体
sakura_taisen_ii,3,Sakura Wars 2|樱花大战2 ～望君珍重～,樱花大战2,179,樱花大战系列第二作的战略恋爱游戏
suki_na_souzai_happyou_dragon_(utau),3,Suki na Souzai Happyou Dragon,好きな惣菜発表ドラゴン,179,Nbaji 使用重音テト制作的 UTAU 歌曲
tales_of_link,3,テイルズ オブ リンク|传说系列LINK,Tales of Link,179,传说系列的iOS与Android手机游戏
ace_attorney_investigations:_miles_edgeworth,3,Gyakuten Kenji|gyakuten_kenji_1|逆转检事1|逆转检察官,逆转检事,178,逆转检事系列首作，玩家操作御剑怜侍调查案件现场
battle_spirits:_shounen_toppa_bashin,3,Battle Spirits 少年突破バシン,战斗之魂 少年突破巴辛,178,《战斗之魂》系列首部电视动画，2008年播出
fossil_fighters,3,,Fossil Fighters,178,任天堂发行的以恐龙化石复活对战为主题的游戏系列
full_moon_wo_sagashite,3,Full Moon o Sagashite|full_moon_o_sagashite|满月美眉,寻找满月,178,种村有菜创作的少女漫画，描绘少女歌手寻找满月的故事，改编动画
gouketsuji_ichizoku,3,Powers Instinct|goketsuji_ichizoku|power_instinct|豪血寺一族 格斗,豪血寺一族,178,Atlus发行的搞笑风格格斗游戏系列，以变身与老婆婆角色著称
hearts_of_iron,3,Hearts of Iron|heartsofiron|heartsofiron4|heartsofironii|heartsofironiii|heartsofironiv,钢铁雄心,178,Paradox Interactive的二战题材大战略游戏系列
kamen_rider_black_rx_(series),3,Masked Rider Black RX|假面骑士BLACK RX,假面骑士Black RX,178,假面骑士系列第9作，为Black的续篇
kamen_rider_v3_(series),3,Masked Rider V3,假面骑士V3,178,昭和假面骑士系列第2作
kodoku_no_gourmet,3,Solitary Gourmet|solitary_gourmet|孤独のグルメ|孤独美食家,孤独的美食家,178,久住昌之原作、谷口治郎作画的美食漫画，2012年起改编为真人日剧
kure-nai,3,くれない|红 Kurenai,红,178,片山宪太郎的轻小说，讲述纠纷处理人少年与少女紫的悬疑故事，已改编动画
makai_gacha_wa_kyou_mo_shibui,3,,魔界ガチャは今日も渋い,178,箱六创作的漫画，在Niconico静画等平台连载
tokyo_mew_mew_new,3,Tokyo Mew Mew New|mewmew_new|东京喵喵 New,东京猫猫 New,178,《东京猫猫》2022年播出的重启动画
ultra_trailer_(synthesizer_v),3,,Ultra Trailer,178,Masarada创作、重音テト（Synthesizer V）演唱的歌曲
age_of_empires_(series),3,Age of Empires|ageofempires,帝国时代系列,177,微软发行的历史题材即时战略游戏系列，初代由全效工作室开发
akazukin_chacha,3,赤ずきんチャチャ,小红帽恰恰,177,彩花みん创作的魔法少女漫画，1994年改编为动画
akiba_maid_sensou,3,Akiba Maid War|akiba_maid_war|アキバ冥途戦争,秋叶原女仆战争,177,P.A. Works制作的2022年原创动画，描写女仆之间的抗争
eternity_sword_series,3,Eternity Sword|永遠神剣|永遠神剣シリーズ,永远神剑系列,177,Xuse发行的SRPG视觉小说系列，含《永远的阿赛利亚》等作品
jiggly_girls,3,,Jiggly Girls,177,以《Jiggly Girls》为题的日本作品，相关信息较少
just_be_friends_(vocaloid),3,JBF|just_be_friends,Just Be Friends,177,Dixie Flatline创作、巡音流歌演唱的Vocaloid歌曲
kemono_friends_kingdom,3,Kemono Friends Kingdom|动物朋友王国,兽娘动物园Kingdom,177,兽娘动物园系列手机游戏，在东南亚与港澳台地区运营
little_goody_two_shoes,3,littlegoodytwoshoes,Little Goody Two Shoes,177,AstralShift开发、Square Enix Collective发行的恐怖冒险RPG，2023年发售
lollipop_chainsaw,3,Lollipop Chainsaw|棒棒糖电锯,电锯甜心,177,Grasshopper Manufacture开发、须田刚一监制的动作游戏，主角为朱丽叶
onii-chan_dakedo_ai_sae_areba_kankeinai_yo_ne,3,OniAi|oniai|おにあい|哥哥只要有爱就可以了,就算是哥哥，有爱就没问题了，对吧,177,铃木大辅的轻小说及动画，简称OniAi
otome_function,3,乙女ファンクション,乙女ファンクション,177,Mu Soft的成人向游戏，原画由INO负责
sangoku_infinity,3,,三国INFINITY,177,以三国历史人物为角色的Android角色扮演游戏
snow_fox,3,,雪狐,177,以雪狐为题材的创作条目
aikatsu_on_parade!,3,Aikatsu on Parade|星梦学园 on Parade,偶像活动 on Parade!,176,偶像活动系列第四作，汇集历代作品的联动动画
cartoon_network,3,CN|Cartoon Network|cartoonnetwork,卡通频道,176,美国的电视动画频道，以原创动画与Toonami时段闻名
franken_fran,3,Franken Fran|科学怪人芙兰,弗兰肯·弗兰,176,木木津克久的黑色恐怖喜剧漫画，描绘少女弗兰与怪物的日常
fushigiboshi_no_futago_hime_gyu,3,Fushigiboshi no Futago Hime Gyu|双子星公主 Gyu!,不可思议星的双胞胎公主 Gyu,176,《不可思议星的双胞胎公主》的第二季动画，新增角色与道具
guilty_dragon,3,ギルティドラゴン,Guilty Dragon,176,万代南梦宫的手机角色扮演游戏，以《.hack》系列的世界观为舞台
hellboy_(comic),3,Hellboy|地狱男孩,地狱男爵,176,迈克·米格诺拉创作的漫画，讲述B.P.R.D.特工地狱男爵的调查故事
kagome_no_inyoku,3,,笼目之淫欲,176,red-rum创作的成人同人作品
ladies_versus_butlers!,3,Ladies vs Butlers!|れでぃ×ばと!|大小姐×管家！,管家后宫学园,176,上月司的轻小说，讲述贵族学校中管家与大小姐们的校园恋爱喜剧，并有动画
legend_of_mortal,3,,活侠传,176,台湾Obb Studio开发的角色扮演游戏，2024年发售，主角为唐门三流弟子赵活
lightning_returns:_final_fantasy_xiii,3,Lightning Returns: Final Fantasy XIII|最终幻想13-3|雷光归来,雷霆归来 最终幻想XIII,176,《最终幻想XIII》三部曲的第三部，主角雷霆的终章冒险
meiji_(brand),3,Meiji,明治,176,日本的乳制品与糕点食品企业
nageki_no_bourei_wa_intaishitai,3,,叹气的亡灵想隐退,176,槻影创作的奇幻网络小说，讲述最强猎人想隐退
north_american_mythology,3,,北美神话,176,北美原住民神话以及美加移民民间传说的相关创作
onna_doushi_toka_arienai_desho_to_iiharu_onnanoko_wo_hyakunichikan_de_tetteiteki_ni_otosu_yuri_no_ohanashi,3,百日攻陷百合,说女人之间没可能的那个女孩，我打算用一百天彻底攻略的百合故事,176,みかみてれん的百合轻小说，有漫画改编，讲述用一百天追求同级生的故事
paladins,3,,Paladins,176,Hi-Rez工作室开发的英雄射击游戏，以卡牌强化与多英雄对战为特色
pikmin_2,3,Pikmin 2|皮克敏星球探险2,皮克敏2,176,皮克敏系列第二作，2004年发售，新增地下洞窟与双人玩法
pixiv_fantasia_mountain_of_heaven,3,,Pixiv Fantasia Mountain of Heaven,176,2021年举办的Pixiv Fantasia企划，标为第12.5届
sumaga,3,スマガ|スマガ -STAR MINE GIRL-,Sumaga,176,Nitroplus 开发的成人视觉小说
sweethex,3,,Sweet Hex,176,Tiny Hat Studios发行的点击式解谜冒险游戏与网络漫画，Colo负责作画
tales_of_graces_f,3,,圣恩传说f,176,圣恩传说的PS3移植加强版，追加战斗系统与半年后的追加剧情
tensai_ouji_no_akaji_kokka_saiseijutsu,3,The Genius Prince's Guide to Raising a Nation Out of Debt|tensaiouji|the_genius_prince's_guide_to_raising_a_nation_out_of_debt|天才王子|天才王子的赤字国家重生术,天才王子的赤字国家振兴术,176,鸟羽彻创作的奇幻轻小说，有漫画与动画改编
the_princess_and_the_frog_(disney),3,The Princess and the Frog|公主和青蛙,公主与青蛙,176,迪士尼2009年上映的2D动画电影，改编自青蛙王子童话，背景设在新奥尔良
yakin_byoutou,3,Yakin Byoutou|夜勤病棟,夜勤病栋,176,Mink的成人视觉小说系列，另有里番OVA与麻将游戏等衍生
ys_x:_nordics,3,ys_x_nordics,伊苏X：北欧,176,《伊苏》系列第十作，玩家可操作亚特鲁与卡嘉
agarest_senki,3,Agarest Senki|Record of Agarest War|record_of_agarest_war,阿加雷斯特战记,175,Compile Heart开发的战略角色扮演游戏首作，含世代继承要素
alice_girls_shiny_heart,3,アリス少女隊☆シャイニーハート|爱丽丝少女队☆闪耀之心,Alice Girls ☆ Shiny Heart,175,《Super Heroine Boy》世界观中的魔法少女动画，为剧中第七部爱丽丝系列
alien_nine,3,Alien 9|alien_9|エイリアン9|外星人9,异形9,175,富泽义彦的科幻漫画，描写少女们与外星人的战斗，另有4集动画
butcher_vanity_(synthesizer_v),3,butchervanity|屠夫虚荣,Butcher Vanity,175,FLAVOR FOLEY创作的Synthesizer V歌曲，由奕夕演唱
equestria_girls:_rainbow_rocks,3,,小马国女孩：彩虹摇滚,175,《小马国女孩》系列第二部电影，2014年推出
kanojo_mo_kanojo,3,Kanokano|girlfriend_girlfriend|kanokano|女朋友and女朋友|她也是女友,女友成双,175,ヒロユキ的恋爱喜剧漫画，2021年改编为动画
mega_man_battle_network_6,3,Rockman EXE 6|rockman_exe_6|洛克人EXE6死神|洛克人网络对战6,洛克人EXE6,175,《洛克人EXE》系列第六作也是最终作
michelin,3,Michelin|米其林轮胎,米其林,175,法国轮胎制造企业，也以米其林指南与餐饮星级评鉴闻名
osana_reimu,3,Osana Reimu|youreimu|幼霊夢,幼灵梦,175,东方Project同人动画，描绘幼年博丽灵梦与母亲、露米娅的往事
sakura_musubi,3,Sakura Musubi|桜結び,樱花结,175,Cuffs的成人向游戏，插画由がやろう负责
shibou_yuugi_de_meshi_wo_kuu.,3,shibou_yuugi_de_meshi_o_kuu|shiboyugi:_playing_death_games_to_put_food_on_the_table,靠死亡游戏吃饭。,175,以参加死亡游戏为生的少女们为主角的日本漫画
tamiya_incorporated,3,Tamiya|田宫模型,田宫,175,日本模型制造商，生产塑料模型与遥控车等，标志为红蓝方块
teppen,3,Teppen|卡普空TEPPEN,TEPPEN,175,GungHo开发的免费集换式卡牌游戏，集结卡普空各系列角色
the_adventures_of_sherlock_holmes,3,歇洛克·福尔摩斯|福尔摩斯冒险史,福尔摩斯探案集,175,柯南·道尔创作的侦探小说集，并有大量影视改编
the_ghost_in_the_shell_(2026),3,,攻壳机动队（2026）,175,改编自原作漫画的2026年电视动画系列
the_great_ace_attorney:_adventures,3,The Great Ace Attorney|大逆转裁判,大逆转裁判：成步堂龙之介的冒险,175,大逆转裁判系列首作，主角为成步堂龙之介
tumblr,3,汤不热|汤博乐,Tumblr,175,允许用户发布多媒体内容的轻博客社交平台
akane-banashi,3,,朱音落语,174,末永裕树原作、马上鹰将作画的落语题材漫画，2022年起连载
bakugan,3,Bakugan|爆丸小子,爆丸,174,2007年推出的玩具与动画系列，球形玩具可变形为怪兽
beelzebub_(manga),3,Beelzebub|恶魔奶爸|魔王的父亲,魔王奶爸,174,田村隆平的搞笑漫画，讲述不良少年与婴儿魔王的故事
bubblegum_crisis,3,Bubblegum Crisis|吹泡糖危机|泡泡糖危机OVA,泡泡糖危机,174,1987年发售的赛博朋克机甲OVA，舞台是未来东京
comic_rin,3,,Comic Rin,174,茜新社出版的萝莉题材成人漫画杂志
culture_japan,3,Danny Choo|日本文化,Culture Japan,174,Danny Choo 创办的日本文化推广媒体企划，吉祥物为 Smart Doll
dancing_stars_on_me!,3,μ's Dancing Stars on Me|星光闪耀,Dancing Stars on Me!,174,《Love Live!》μ's 的万圣节主题歌曲
duck_hunt,3,Duck Hunt|猎鸭,打鸭子,174,任天堂1984年FC光枪射击游戏，射鸭与嘲笑玩家的猎犬
koimonogatari,3,恋物語|物语系列 恋物语,恋物语,174,西尾维新《物语》系列第九部，以战场原黑仪、贝木泥舟与千石抚子为中心
netoge_no_yome_wa_onna_no_ko_janai_to_omotta?,3,Netoge|线上游戏的老婆不可能是女生？|网络游戏的老婆不可能是女生,线上游戏的老婆不可能是女生,174,听猫芝居的轻小说，2016年改编动画，围绕线上游戏社团的恋爱喜剧
nyan_koi!,3,Nyan Koi!|にゃんこい!|喵恋,猫愿三角恋,174,漫画改编动画，主角因被猫诅咒而能听懂猫语
oshioki_sweetie,3,Oshioki Sweetie|惩罚甜心,おしおきスイート,174,はだし少女于2005年推出的成人向视觉小说，原画由INO负责
susanghan_messenger,3,Mystic Messenger|mystic_messenger|mysticmessenger|可疑的信使,神秘信使,174,Cheritz 开发的韩国女性向手机游戏，以聊天界面推进剧情
variable_geo,3,V.G.|ヴァリアブル・ジオ,Variable Geo,174,1990年代的成人格斗游戏系列，并有3集OVA
ai_yori_aoshi,3,蓝より青し|藍より青し,青出于蓝,173,以大学生与未婚妻同居生活为题材的恋爱漫画，后改编为动画
blazblue:_cross_tag_battle,3,blazblue_cross_tag_battle|苍翼默示录 Cross Tag Battle|苍翼默示录交错战,苍翼默示录：交叉组队战,173,集结苍翼默示录、夜下降生、女神异闻录4等角色，支持2对2对战的格斗游戏
coyote_ragtime_show,3,Coyote Ragtime Show|拉格泰姆寻宝战,星际海盗,173,ufotable 制作的2006年动画，讲述赏金猎人与犯罪组织的争夺
donut_hole_(vocaloid),3,Donut Hole|ドーナツホール,甜甜圈洞,173,ハチ创作、GUMI演唱的VOCALOID歌曲
fallout_3,3,Fallout 3|fallout3|异尘余生3,辐射3,173,Bethesda Game Studios开发的《辐射》系列第三部主线作品
fullbokko_heroes,3,Fullbokko Heroes|フルボッコヒーローズ,爆打英雄,173,CyberConnect2 开发的策略与射击混合手游，2019年停服
google_chrome,3,Chrome浏览器|Google Chrome|chrome_(browser)|googlechrome,谷歌浏览器,173,Google基于Chromium开发的多平台网页浏览器
granblue_fantasy_versus:_rising,3,GBVSR|碧蓝幻想Versus崛起,碧蓝幻想Versus：崛起,173,《碧蓝幻想Versus》的续作，2023年12月发售的2D格斗游戏
hoshizora_e_kakaru_hashi,3,A Bridge to the Starry Skies|a_bridge_to_the_starry_skies|星空架桥,架向星空之桥,173,Feng的成人向恋爱游戏，2011年改编为动画
immaterial_and_missing_power,3,Immaterial and Missing Power|萃梦想,东方萃梦想,173,东方Project第7.5作，与黄昏边境合作的格斗游戏
kikou_souseiki_mospeada,3,Genesis Climber MOSPEADA|genesis_climber_mospeada|机动创世纪,机甲创世纪（初代）,173,荒牧伸志与柿沼秀树创作的科幻机器人动画，1983年播出，为系列首作
kishuku_gakkou_no_juliet,3,Boarding School Juliet|boarding_school_juliet|juliet_anime|寄宿学校のジュリエット,寄宿学校的朱丽叶,173,以敌对两校学生之间的秘密恋情为主题的恋爱喜剧漫画，已改编动画
kung_fu_panda,3,Kung Fu Panda,功夫熊猫,173,梦工厂的3D动画电影系列，讲述熊猫阿宝成为神龙大侠的故事
mospeada,3,MOSPEADA|モスピーダ,机甲创世纪,173,1980年代的日本机甲动画系列，英文名Genesis Climber
osu!_tatakae!_ouendan,3,应援团|激情应援团,押忍！战斗！应援团,173,任天堂在NDS推出的节奏游戏，后改编为英文版《Elite Beat Agents》
rayman_(series),3,Rayman|rayman|雷曼系列,雷曼,173,育碧发行的平台动作游戏系列，主角为无肢英雄雷曼
seizon_honnou_valkyria_(idolmaster),3,生存本能Valkyria|生存本能ヴァルキュリア,生存本能瓦尔基里,173,《偶像大师 灰姑娘女孩》的歌曲，由五人组合Einherjar演唱
sf_choujigen_densetsu_rall,3,SF超次元伝説ラル|superdimensional_sf_legend_rall|超次元传说Rall,超次元传说拉尔,173,收录于《奶油柠檬》系列中的科幻OVA作品
sisters_~natsu_no_saigo_no_hi~,3,Sisters 夏日最后一天|Sisters ～夏の最後の日～,Sisters～夏的最后一日～,173,Jellyfish的成人向视觉小说，2010年发售，以夏日与姐妹为主题
teekyuu,3,Teekyuu|てーきゅう|网球少女,网球并不可笑嘛,173,Roots原作、Piyo作画的网球喜剧漫画，改编为短篇动画
yuusha_no_kuse_ni_namaiki_da,3,勇者のくせになまいきだ|勇者的自大,勇者别嚣张,173,PSP平台的策略游戏，玩家扮演魔王对抗勇者
amakano_~second_season~,3,,Amakano ～second season～,172,Amakano系列2015年发售的续作，成人向视觉小说
better_call_saul,3,Better Call Saul,风骚律师,172,《绝命毒师》的衍生剧，讲述律师索尔·古德曼的早年经历
muppets,3,The Muppets|大青蛙布偶秀|木偶家族,布偶秀,172,吉姆·亨森创作的布偶角色群，以布偶秀节目闻名
rosenkreuzstilette,3,,Rosenkreuzstilette,172,同人社团制作的独立动作游戏，玩法接近洛克人并融入恶魔城元素
shingeki_no_bahamut:_genesis,3,Rage of Bahamut Genesis|巴哈姆特之怒|神击的巴哈姆特,巴哈姆特之怒 GENESIS,172,2014年播出的巴哈姆特之怒动画，由MAPPA制作
takane-san_to_arashi-chan,3,,Takane-san to Arashi-chan,172,Nauchi创作的百合漫画，以同校两名少女的恋爱与日常为中心
the_creation_of_adam,3,创世记·创造亚当|米开朗基罗《创造亚当》,创造亚当,172,米开朗基罗绘于西斯廷教堂天顶的壁画，描绘上帝赋予亚当生命
trojan_green_asteroid,3,Trojan Green Asteroid,特洛伊绿色小行星,172,ZUN's Music Collection第六张音乐CD，日文名鸟船遗迹
vanitas_no_carte,3,The Case Study of Vanitas|Vanitas手记|the_case_study_of_vanitas,瓦尼塔斯的手记,172,望月淳的漫画，以19世纪巴黎为舞台的吸血鬼与蒸汽朋克故事，2021年动画化
yi_er_fan_club_(vocaloid),3,1 2 Fan Club|1_2_fan_club_(vocaloid)|IA粉丝俱乐部|ii_aru_fan_club_(vocaloid)|いーあるふぁんくらぶ,一二FAN CLUB,172,MikitoP创作、GUMI与镜音铃演唱的Vocaloid歌曲
aquarium_(visual_novel),3,Aquarium|アクアリウム,水族馆,171,VTuber凑阿库娅主演的视觉小说，角色设计由Hanekoto负责
arslan_senki,3,Arslan Senki|heroic_legend_of_arslan|阿尔斯兰战记,亚尔斯兰战记,171,田中芳树的幻想小说，描写王子亚尔斯兰复国的历程
beatmania_iidx_19_lincle,3,,beatmania IIDX 19 Lincle,171,《beatmania IIDX》系列第19作，2011年登陆街机
chase!_(love_live!),3,CHASE!|Love Live! Chase|chase!,Chase!,171,Love Live! 虹咲学园学园偶像同好会的歌曲，由优木雪菜演唱
freedom_planet_2,3,,Freedom Planet 2,171,自由星球系列第二作，延续索尼克风格的2D平台动作玩法
kimi_ga_hoeru_tame_no_uta_wo,3,kimi_ga_hoeru_tame_no_uta_o,为你而吼的歌,171,Kashikaze 创作的百合漫画，2024年起在《Comic百合姬》连载
mamahaha_no_tsurego_ga_moto_kano_datta,3,My Stepmom's Daughter Is My Ex|my_stepmom's_daughter_is_my_ex|我的继母的继女是我的前女友,继母的拖油瓶是我的前女友,171,纸城境介创作的恋爱喜剧轻小说，2022年被改编为动画
sentou_mecha_xabungle,3,Blue Gale Xabungle|战斗机甲扎邦格尔,战斗机甲萨芬格尔,171,日升制作、富野由悠季执导的科幻机器人动画，讲述行星佐拉上的战斗
trigun_maximum,3,TRIGUN MAXIMUM|枪神Maximum,枪神MAXIMUM,171,《枪神》的续篇漫画，因出版原因更改标题继续连载
afk_arena,3,AFK Arena,剑与远征,170,莉莉丝游戏开发的放置类角色扮演手游
brown_dust,3,Brown Dust|browndust|布朗尘埃,棕色尘埃,170,Neowiz发行的韩国策略手机游戏，海外名为Brave Nine
bunnystein_fantasy,3,,Bunnystein Fantasy,170,千里GAN创作的原创作品系列
corrector_yui,3,Corrector Yui|修复者Yui|網路安琪兒,网络安琪儿,170,1999年播出的魔法少女动画，讲述少女进入网络世界战斗
dimension_w,3,Dimension W|Dimension W 第四次元|dimensionw|维度战记,次元W 第四次元,170,岩原裕二漫画改编的2016年动画，围绕次元线圈展开
duel_masters_(classic),3,,决斗大师（经典）,170,《决斗大师》集换式卡牌游戏的早期经典版本
kaifuku_jutsushi_no_yarinaoshi_~sokushi_mahou_to_skill_copy_no_chouetsu_heal~,3,Redo of Healer|kaifuku_jutsushi_no_yarinaoshi|kaiyari|redo_of_healer|回复术士的重来人生|棍勇,回复术士的重启人生,170,月夜泪的黑暗奇幻轻小说，2021年由TNK动画化
littlest_pet_shop,3,,小小宠物店,170,孩之宝的动物摇头娃娃玩具系列，1992年由Kenner推出，并有动画与游戏
mahou_shoujo_lyrical_nanoha_a's_portable:_the_gears_of_destiny,3,nanoha_god|nanopo|奈叶命运的齿轮|魔法少女奈叶A's PORTABLE -THE GEARS OF DESTINY-,魔法少女奈叶A's PORTABLE 命运的齿轮,170,2011年发售的PSP格斗游戏，为《王牌之战》的续作
mahou_shoujo_suzune_magica,3,Puella Magi Suzune Magica|puella_magi_suzune_magica|suzune_magica|魔法少女すずね☆マギカ|魔法少女铃音,魔法少女铃音☆Magica,170,魔法少女小圆的外传漫画，主角为狩猎魔法少女与魔女的铃音
nagasarete_airantou,3,蓝兰岛飘流记|藍蘭島漂流記,蓝兰岛漂流记,170,藤代健的漫画，讲述少年漂流到只有女性的岛屿
needless,3,Needless|超能力大戰,超能力大战,170,今井神的科幻漫画，改编为动画的超能力战斗故事
one_piece_fan_letter,3,onepiecefanletter|海贼王粉丝来信|航海王FAN LETTER,航海王 FAN LETTER,170,为纪念《航海王》动画25周年制作的特别篇
pixiv_fantasia_revenge_of_the_darkness,3,PF黑暗复仇|Pixiv Fantasia 黑暗复仇,Pixiv Fantasia 黑暗的复仇,170,Pixiv Fantasia系列企划，以黑暗复仇为主题
romancing_saga_minstrel_song,3,Romancing Saga -Minstrel Song-|浪漫沙加 吟游诗人之歌,浪漫沙加：吟游诗人之歌,170,沙加系列中以吟游诗人为题的重制版角色扮演游戏
singing!_(k-on!),3,Singing!|轻音少女 Singing,Singing!（轻音少女）,170,轻音少女剧场版的片尾曲
super_robot_wars_og_saga_mugen_no_frontier_exceed,3,endless_frontier_exceed|无限边境EXCEED|无限边疆EXCEED|机战OG传说 无限边界EXCEED,无限边界EXCEED,170,《无限边界》的续作，新增两名角色
the_binding_of_isaac,3,The Binding of Isaac|bindingofisaac|thebindingofisaac|以撒的结合 重生,以撒的结合,170,Edmund McMillen创作的2011年独立roguelike游戏，题材取自圣经故事
thomas_the_tank_engine_(series),3,,托马斯和他的朋友们,170,改编自奥德利牧师《铁路系列》的英国儿童动画，以拟人化火车为主角
tokimeki_no_mirai_chizu,3,Nijichizu|nijichizu|tokimeki_roadmap_to_future|ときめきのみらい地図|にじさんじ,心跳的未来地图,170,《Love Live! 虹咲学园学园偶像同好会》改编的视觉小说，2025年发售
triage_x,3,Triage X|トリアージX,绝命制裁X,170,佐藤ショウジ创作的动作漫画，讲述民间制裁组织黑色标签的活动
vdonburi,3,V-DON|VDON|vdon,VDonburi,170,由多位VTuber组成的直播团队
yostar,3,Yostar|悠星网络,悠星,170,2014年成立的上海游戏发行公司，发行《碧蓝航线》等作品
angelic_angel,3,μ's Angelic Angel,Angelic Angel,169,Love Live! 剧场版中μ's演唱的歌曲
cutie_panther,3,μ's Cutie Panther|キューティーパンサー,Cutie Panther,169,《Love Live!》中 BiBi 演唱的歌曲
grandia_ii,3,Grandia II,格兰蒂亚2,169,《格兰蒂亚》系列第二作，讲述光之神与暗之神大战数千年后的世界
haconect,3,,Haconect,169,日本的虚拟主播事务所，旗下有数期生，部分成员已毕业
karaoke_iko!,3,,去唱卡拉OK吧！,169,和山やま的漫画，讲述合唱部少年与黑道的卡拉OK
latale,3,LaTale|tokimeki_fantasy_latale|彩虹岛Online,彩虹岛,169,韩国Actoz Soft开发的2D横版网络游戏，以童话风格的世界为舞台
love_je_t'aime,3,,Love Je t'aime,169,《Bucchigiri?!》的片尾曲，因角色射出爱心光束的段落常被恶搞
mass_effect_2,3,Mass Effect 2,质量效应2,169,《质量效应》系列第二作
miiverse,3,米乌斯社区,Miiverse,169,任天堂为Wii U与3DS提供的网络社交平台，2017年停止服务
omega_sisters,3,Omega Sisters|奥米加姐妹,欧米茄姐妹,169,由Omega Ray与Omega Rio组成的双胞胎虚拟YouTuber组合
raging_loop,3,Raging Loop|愤怒的循环,人狼村之谜,169,日本悬疑视觉小说，题材融合人狼游戏与民俗恐怖
shin_sangoku_musou_4,3,,真·三国无双4,169,真三国无双系列第四作，海外以Dynasty Warriors 5之名发行
summon_night_4,3,Summon Night 4,召唤之夜4,169,《召唤之夜》系列第四作，2006 年登陆 PlayStation 2
the_king_of_fighters_'97,3,KOF97|格斗之王97,拳皇97,169,SNK拳皇系列第四作，大蛇篇的完结篇
tokimeki_memorial_girl's_side_4th_heart,3,心跳回忆GS4|心跳回忆女生版4,心跳回忆 Girl's Side 4th Heart,169,科乐美女性向恋爱模拟游戏《心跳回忆 Girl's Side》第四作
tsumi_no_hahen_(debris),3,Tsumi no Hahen|罪の破片,罪之碎片,169,画师bae.c的原创角色系列，以Rabbit Garden姐妹为中心
wonder_festival_2007,3,WF2007|手办展2007,Wonder Festival 2007,169,2007年举办的手办模型展会Wonder Festival
x-men:_the_animated_series,3,X战警97|X战警动画版|x-men97|x-mentas,X战警：动画系列,169,1992年开播的《X战警》动画，续作《X战警97》于2024年播出
yomawari_(series),3,Yomawari|夜回,夜廻系列,169,日本一软件的恐怖动作冒险游戏系列，首作2015年发售
yumeutsutsu_re:master,3,ユメウツツRe:Master|梦中之境Re:Master,梦现Re:Master,169,工画堂工作室的百合视觉小说，以游戏开发公司为舞台
a_deer_of_nine_colors,3,九色神鹿|鹿王本生,九色鹿,168,1981年出品的中国动画短片，取材自佛教本生故事中的九色鹿
chargeman_ken!,3,Chargeman研!|チャージマン研|充电人肯,电荷人肯,168,1974年播出的特摄风动画，以低预算与离奇剧情闻名
deathsmiles,3,Deathsmiles II|死亡微笑2,死亡微笑,168,Cave开发的横版弹幕射击游戏
el_shaddai,3,El Shaddai|艾尔莎迪亚：梅塔特隆的升天,艾尔莎迪亚,168,Ignition发行的PS3与Xbox360动作游戏，剧情取材自《以诺书》
kingdom_(series),3,三国天下,王者天下,168,原泰久创作的历史漫画，以秦国统一天下为背景，已改编为动画
kirby's_adventure,3,Kirby's Adventure|卡比大冒险|星之卡比 梦之泉,星之卡比：梦之泉物语,168,系列第二作，FC平台推出，首次引入复制能力，后重制为梦之泉DX
nhk_(broadcaster),3,NHK日本放送协会|nhk|nippon_housou_kyoukai|日本放送协会,NHK,168,日本的国家公共广播机构，全称日本放送协会，制作大量节目与纪录片
pikmin_3,3,Pikmin 3|皮克敏3 豪华版,皮克敏3,168,系列第三作，2013年登陆Wii U，新增三种皮克敏与果实现榨汁
tekken_5,3,Tekken 5|铁拳五代,铁拳5,168,铁拳系列第五作，2004年街机、2005年PS2发售
yuuki_yuuna_wa_yuusha_de_aru:_hanayui_no_kirameki,3,Yuki Yuna is a Hero: Bouquet of Brilliance|yuki_yuna_is_a_hero:_bouquet_of_brilliance|结城友奈是勇者 花結いのきらめき,结城友奈是勇者 花结的闪光,168,《勇者部》系列的手机游戏，不同时代的角色齐聚现代
.hack//tasogare_no_udewa_densetsu,3,.hack//Twilight|.hack//legend_of_the_twilight|.hack//legend_of_the_twilight_bracelet|.hack//lott|.hack//黄昏の腕輪伝説,黑客时空//黄昏腕轮传说,167,依澄令子作画的漫画及改编动画，主角为传说玩家之子
charisma_house,3,,カリスマハウス,167,King Records旗下厂牌发起的多媒体企划，围绕魅力男士展开
fault!!,3,fault -milestone-|fault系列,fault!!,167,Ceil制作的成人游戏，原画与角色设计为Tony
getter_robo_(classic),3,Getter Robo（初代）|getter_robo_(1st_series)|盖塔机器人（初代）,盖塔机器人（初代）,167,1974年播出的盖塔机器人初代作品，漫画与动画剧情差异较大
kingdom_hearts_x,3,Kingdom Hearts χ|kingdom_hearts_chi|王国之心χ,王国之心X,167,系列手机社交RPG，玩家扮演键刃使者，后续版本为Union χ
kurone_no_kimochi,3,,クロネのキモチ,167,2024年推出的角色扮演游戏，讲述失忆少女库洛涅在小村中协助魔女
lookism,3,Lookism,看脸时代,167,朴泰俊的韩国网络漫画，讲述能切换两具身体的主角与外貌歧视的社会
mahou_shoujo_lyrical_nanoha_reflection,3,mahou_shoujo_lyrical_nanoha_the_movie_3rd:_reflection|魔法少女奈叶 Reflection|魔法少女奈叶 反照,魔法少女奈叶Reflection,167,奈叶系列剧场版第三弹，标题为Reflection
mahoutsukai_rose_no_sado_life,3,魔法使いロゼの佐渡ライフ,魔法使萝丝的佐渡生活,167,以魔法使罗泽在佐渡岛生活为主题的漫画
makai_tenshi_djibril_1,3,,魔界天使Jibril 1,167,Frontwing成人游戏《魔界天使Jibril》系列第一作
makaimura,3,Ghosts 'n Goblins|ghosts_'n_goblins|ghosts_n_goblins|ghouls_'n_ghosts|ghouls_n_ghosts,魔界村,167,卡普空的横版动作游戏系列，西方名为Ghosts 'n Goblins，首作1985年推出
rance_quest,3,Rance Quest,兰斯Quest,167,《兰斯》系列第11作，2011年发售，后推出Magnum强化版
romancing_saga_re;universe,3,ロマンシング サガ リ・ユニバース|浪漫沙加Re;Universe,浪漫沙加Re;universe,167,浪漫沙加系列的手机角色扮演游戏
sekaiichi_kawaii_watashi_(idolmaster),3,世界一かわいい私,世界第一可爱的我,167,《学园偶像大师》的歌曲，由藤田琴音演唱
sekaiju_no_meikyuu_hd,3,Etrian Odyssey HD|世界树的迷宫HD,世界树迷宫HD,167,系列前三作的高清重制合集，2023年登陆Switch与PC
shin_koihime_musou,3,Shin Koihime Musou|真恋姫無双,真恋姬无双,167,恋姬无双系列的续作，以三国武将拟人化少女为主角的成人向视觉小说
strange_creators_of_outer_world,3,東方外來韋編,东方外来韦编,167,角川出版、ZUN 监修的东方 Project 杂志
tekken_4,3,铁拳四代,铁拳4,167,铁拳系列第四作，2001年街机、2002年PS2发售
tenkuu_no_craft_fleet,3,,天空舰队,167,KLab开发的智能手机游戏，玩家建造飞空艇编成舰队
tenshi_no_inai_12-gatsu,3,December When There Is No Angel|december_when_there_is_no_angel|天使のいない12月,天使不在的12月,167,Leaf开发的视觉小说作品
toaru_majutsu_no_index:_genesis_testament,3,Toaru Majutsu no Index: Genesis Testament|to_aru_majutsu_no_index:_genesis_testament|创约 魔法禁书目录,魔法禁书目录 创约,167,《魔法禁书目录》轻小说第三部，接续新约篇
white_album,3,White Album|whitealbum,白色相簿,167,Leaf的恋爱视觉小说，1998年发售
ai_tenshi_densetsu_wedding_peach,3,Wedding Peach|weddingpeach|爱天使传说 婚纱小天使,婚纱小天使,166,1995年播出的魔法少女动画，主角为花咲桃子等人
chaos;child_love_chu_chu!!,3,Chaos;Child Love Chu Chu!!|Chaos;Child らぶchu☆chu!!,混沌之子 恋爱巧巧,166,混沌之子的续作，以恋爱模拟为玩法
criminal_girls,3,Criminal Girls|クリミナルガールズ,犯罪少女,166,ImageEpoch 开发、日本一发行的 PSP 角色扮演游戏，以惩罚系统闻名
dust_514,3,,Dust 514,166,科幻题材多人在线第一人称射击游戏
globie,3,,globie,166,Brave Group 旗下位于欧洲的虚拟YouTuber事务所，2025年底停止运营
golden_boy,3,GOLDEN BOY|goldenboy|黄金ボーイ,黄金小子,166,江川达也的成人喜剧漫画，描绘自由人金太的游历，改编 OVA
judge_eyes,3,Judge Eyes|judgeeyes|judgment_(game)|审判之眼：死神的遗言,审判之眼,166,世嘉《如龙》系列同世界观的动作冒险游戏
koi_suru_kanojo_no_bukiyou_na_butai,3,恋する彼女の不器用な舞台,恋爱少女的笨拙舞台,166,Cube 出品的恋爱视觉小说，2014年发售，插画由カントク负责
la_corda_d'oro,3,金色のコルダ|金色琴弦,金色琴弦,166,光荣Ruby Party开发的女性向恋爱养成游戏系列，以音乐比赛为主题
majestic_prince,3,Majestic Prince|银河机攻队MAJESTIC PRINCE,银河机攻队,166,绫峰栏人原作、新岛光作画的科幻漫画，2013年改编为机器人动画
onikko_hunter_tsuina-chan,3,Onikko Hunter Tsuina-chan,鬼っ子ハンターついなちゃん,166,以鬼之子猎人ついな为主角的语音剧与多媒体企划
our_battle_has_just_begun!,3,,Our Battle Has Just Begun!,166,Vridge Inc.于2021年推出的视觉小说
qiang_jin_jiu,3,将進酒,将进酒,166,唐酒卿所著的古风耽美小说
robotics;notes_dash,3,,机器人笔记 DaSH,166,《机器人笔记》的续作视觉小说
rock_'n'_rock_'n'_beat,3,rock'n'rock'n'beat|ロックンロックンビート,Rock'n'Rock'n'Beat,166,赤月社制作的东方同人音乐PV，以赤蛮奇为主角
shoukan_yuusha_to_f-kei_kareshi,3,F-kare|f-kare|f_kare|召喚勇者とF系彼氏,召唤勇者与F系男友,166,Lifewonders面向手机平台的女性向RPG，描写勇者与男性的恋爱
solo_leveling:_arise,3,Solo Leveling: Arise|sololevelingarise|sololevelinggame|sololv_arise|我独自升级ARISE,我独自升级：Arise,166,Netmarble开发的《我独自升级》改编动作角色扮演游戏
the_hobbit,3,The Hobbit|thehobbit|哈比人,霍比特人,166,托尔金创作的奇幻小说，为指环王的前传
zookeepers_(diva),3,Diva 动物园篇|zookeepers,Zookeepers,166,画师diva《Little Nuns》的衍生作品，取材自该系列的动物园篇
after_(game),3,after...|アフター,After...,165,Ciel于2003年发售的成人向视觉小说，Tony负责原画
hypnotic_convenience_store_(mankai_kaika),3,催眠コンビニ,催眠便利店,165,満開開花的成人漫画，讲述家里蹲接手便利店的经历
kujibiki_unbalance,3,Kujibiki Unbalance|くじびきアンバランス|签绘UNBALANCE,抽签不平衡,165,最初是《现视研》中的架空动画，后制作成OVA与2006年电视动画
mad_father,3,Mad Father|疯狂爸爸,狂父,165,Sen用WOLF RPG编辑器制作的免费恐怖探索游戏，主角为少女阿雅
mario_strikers_(series),3,马力欧激战前锋|马里奥前锋,马力欧足球,165,任天堂与Next Level Games开发的马力欧足球游戏系列
monster_hunter_stories_2:_wings_of_ruin,3,,怪物猎人 物语2：毁灭之翼,165,怪物猎人 物语的续作角色扮演游戏，2021年发行
pieta,3,Pietà|ピエタ|圣母怜子,圣殇,165,基督教美术中的经典题材，描绘圣母玛利亚怀抱死去的耶稣
pure_pure,3,ぴゅあぴゅあ,Pure Pure,165,Klein发行、樱泽泉原画的成人向游戏，主角为犬耳与猫耳少女
sawaranaide_kotesashi-kun,3,,不要碰我，小手崎君,165,新庄拓也的按摩题材恋爱喜剧漫画，2025年宣布动画化
shaft_(company),3,シャフト,SHAFT,165,1975年创立的日本动画制作公司，以鲜明美术风格与独特演出著称
the_wizard_of_oz,3,The Wonderful Wizard of Oz|the_wonderful_wizard_of_oz|奥兹国的魔法师,绿野仙踪,165,鲍姆的童话小说，讲述桃乐丝被龙卷风带到奥兹国的冒险
tokimeki_memorial_4,3,ときめきメモリアル4,心跳回忆4,165,科乐美《心跳回忆》系列第四作
tsukuyomi_kurage,3,,Tsukuyomi Kurage,165,《Love Live! 莲之空女学院学园偶像俱乐部》中Cerise Bouquet演唱的歌曲
american_psycho,3,American Psycho|美国狂魔,美国精神病人,164,布雷特·伊斯顿·埃利斯1991年的小说，2000年改编为电影
gundam_card_builder,3,Gundam Card Builder|高达卡牌战士,高达卡片战士,164,万代的高达题材街机卡片游戏系列
heybot!,3,ヘボット,Heybot!,164,以螺旋岛为舞台的玩具题材搞笑动画，围绕收集螺钉展开
honeyworks,3,ハニーワークス,HoneyWorks,164,以少女向故事与音乐PV闻名的日本音乐创作组合
little_princess,3,Marl Kingdom 2|リトルプリンセス,小公主,164,日本一《玛露王国》三部曲的第二作
monster_hunter_frontier,3,怪物猎人F|怪物猎人Frontier,怪物猎人：边境,164,怪物猎人系列的网络游戏衍生作，已停止运营
motto!_haramase!_honoo_no_oppai_isekai_chou_ero_succubus_gakuen!,3,Oppai Succubus Academy|oppai_succubus_academy_sucky_and_busty_demonic_and_lusty!|もっと！孕ませ！炎のおっぱい異世界超エロサキュバス学園！,更多！受孕！炎之欧派异世界超色魅魔学园！,164,Milk Factory于2021年发行的异世界魅魔学园题材成人视觉小说
project_diva_extend,3,Hatsune Miku Project DIVA Extend|初音ミク Project DIVA Extend,初音未来 歌姬计划Extend,164,歌姬计划系列第3作，2011年发售的PSP最后一作
senjuushi:_the_thousand_noble_musketeers,3,,千铳士,164,Marvelous的手机角色扮演游戏，将火枪拟人化为男性角色
shin_megami_tensei_i,3,Shin Megami Tensei I|真·女神转生I|真・女神転生,真女神转生1,164,真女神转生系列初代，1992年发售于超级任天堂的角色扮演游戏
suki!_yuki!_maji_magic_(vocaloid),3,Love! Snow! Really Magic!|love!_snow!_really_magic!_(vocaloid),Suki! Yuki! Maji Magic,164,Mitchie M 制作、初音未来演唱的 2014 年雪初音主题曲
aoi_ch.,3,Fuji Aoi|富士葵频道,富士葵,163,日本个人势虚拟YouTuber富士葵
beyblade:_burst,3,战斗陀螺 爆裂世代|爆旋陀螺 击爆战魂,战斗陀螺Burst,163,《战斗陀螺》系列Burst世代的漫画与动画
dragon_ball_z_dokkan_battle,3,Dokkan Battle|dokkanbattle|龙珠Z Dokkan Battle,龙珠Z爆裂大战,163,万代南梦宫与Akatsuki合作的龙珠手机抽卡游戏，2015年上线
himegoto,3,Himegoto|ひめゴト,姬后宫,163,佃煮のりお的四格漫画，2014年改编为动画
kokoro_(vocaloid),3,Kokoro|ココロ,ココロ,163,トラボルタP创作、镜音铃演唱的Vocaloid歌曲，讲述科学家造出的机器人少女
lofi_girl_(youtube),3,Lo-fi女孩|lo-fi_girl|lofi_hip_hop_radio_-_beats_to_relax/study_to|lofi学习女孩,Lo-fi Girl,163,YouTube上播放低保真音乐供人学习放松的频道，常指其封面中的少女
mushiking,3,Mushiking|甲虫王者ムシキング,甲虫王者,163,世嘉推出的甲虫对战卡牌街机游戏
neet_de_otaku_na_kunoichi_to_naze_ka_dousei_hajimemashita,3,I'm Living with an Otaku NEET Kunoichi|NEET忍者同居|i'm_living_with_an_otaku_neet_kunoichi|neet_kunoichi,和NEET宅女忍者不知为何开始同居了,163,koyuki的网络漫画，讲述上班族与宅女忍者同居的喜剧
puyopuyo_fever,3,Puyo Puyo Fever|魔法气泡狂热版,噗哟噗哟狂热版,163,系列第5作，引入狂热模式与三至四连消的新规则
shuuen_no_virche,3,virche_evermore,终远的威尔修,163,Otomate的女性向恋爱冒险游戏，舞台为受诅咒的岛国
sora_no_iro_mizu_no_iro,3,"Sora no Iro, Mizu no Iro|soramizu|そらのいろ、みずのいろ",空之色、水之色,163,Ciel 开发、Tony Taka 负责原画的成人视觉小说，后改编为 OVA
super_robot_wars_x-omega,3,スーパーロボット大戦X-Ω|超级机器人大战X-Ω,超级机器人大战X-Omega,163,2015 年上线的《机战》系列手机游戏，机体阵容庞大
tensei_shitara_ken_deshita,3,Reincarnated as a Sword|reincarnated_as_a_sword|转生为剑|转生变成剑,转生成为剑,163,棚架ユウ创作的奇幻网络小说，讲述转生为剑者与猫耳少女的冒险
touka_gettan,3,Touka Gettan|桃華月憚,桃华月惮,163,Root开发、高殿円负责剧本的成人向游戏，有动画与小说改编
angry_birds,3,Angry Birds,愤怒的小鸟,162,Rovio开发的手机游戏系列，2009年首作走红后扩展为多媒体企划
animal_(vocaloid),3,DECO*27《Animal》,Animal,162,DECO*27创作、初音未来演唱的歌曲
devil_may_cry_2,3,Devil May Cry 2|恶魔猎人2,鬼泣2,162,鬼泣系列第二作，2003年发售
gunslinger_stratos,3,Gunslinger Stratos|枪神ST,枪神Stratos,162,史克威尔艾尼克斯的街机双枪对战游戏，后改编为动画
mahou_shoujo_holowitch!,3,,魔法少女holoWitches!,162,以hololive虚拟主播为主角的魔法少女题材跨媒体企划
momotarou,3,Momotarou|桃太郎传说,桃太郎,162,日本民间故事中的英雄，从桃中诞生并讨伐鬼怪
mystical_power_plant,3,Touhou Doumeijyu|東方導命樹,东方导命树,162,东方Project同人弹幕射击游戏，2013年由ido发布
ochikazuki_ni_naritai_miyazen-san,3,miss_miyazen_would_love_to_get_closer_to_you|お近づきになりたい宮染さん|想接近宫染同学,想亲近的宫膳小姐,162,以想与宫膳小姐拉近关系为主题的恋爱喜剧漫画
panel_de_pon,3,Panel de Pon|panepon|パネルでポン,花仙子方块,162,任天堂1995年在SFC发行的消除类益智游戏，海外版改用耀西角色
persona_3:_dancing_moon_night,3,P3D|Persona 3: Dancing Moon Night|persona_3:_dancing_in_moonlight,女神异闻录3 月夜热舞,162,女神异闻录3衍生的节奏游戏，为Persona Dancing系列第二作
prima_doll_(anime),3,Prima Doll|プリマドール,天籁人偶,162,Key与Bibury Animation制作的2022年夏季动画，主角为自动人偶少女
romance_of_the_three_kingdoms,3,Romance of the Three Kingdoms|三国志演義,三国演义,162,罗贯中所著的中国古典历史演义小说，讲述东汉末年至晋初的故事
shin_megami_tensei_iv_final,3,Shin Megami Tensei IV: Apocalypse|shin_megami_tensei_iv:_apocalypse|真女神转生4 终章,真·女神转生4 Final,162,真女神转生4的续篇，描写其另一条时间线上的故事
shingeki_no_school_castes,3,,进击的巨人 校园篇,162,随进击的巨人单行本附录刊载的番外篇，舞台为现代美国式高中
souzou_forest_(vocaloid),3,Souzou Forest|imaginary_forest_(vocaloid)|想像フォレスト,想象森林,162,Jin 使用 IA 制作的 Vocaloid 歌曲，PV 由 wannyanpu 绘制
starry_night_(van_gogh),3,The Starry Night|星夜,星月夜,162,梵高在圣雷米时期创作的油画名作《星月夜》
ultraman_nexus_(series),3,,奈克瑟斯奥特曼,162,《奥特曼》系列第18作，属于Ultra N计划，另有剧场版《奈克斯特奥特曼》
zoids_chaotic_century,3,Zoids Chaotic Century|机兽新世纪,机兽新世纪ZOIDS,162,《ZOIDS》系列首部电视动画，讲述少年与机械兽的冒险
bishoujo_mangekyou_ibun:_yuki_onna,3,,美少女万华镜异闻：雪女,161,《美少女万华镜》系列的衍生新作，以雪女为主题
comiket_87,3,C87|c87|コミケ87,Comic Market 87,161,Comic Market 第87届同人志即卖会，2014年12月28-30日举办
danjo_no_yuujou_wa_seiritsu_suru?,3,Danjo no Yuujou wa Seiritsu Suru?|男女友情会成立吗,男女之间的友情能成立吗？,161,七菜なな的恋爱喜剧轻小说，2025年改编为动画
gen'ei_wo_kakeru_taiyou,3,Day Break Illusion|day_break_illusion|genei_wo_kakeru_taiyou|幻影的太阳,幻影太阳,161,AIC 2013年制作的暗黑魔法少女动画，少女们使用塔罗牌力量
knight's_&_magic,3,Knights & Magic|ナイツ&マジック,骑士&魔法,161,天酒之瓢原作的轻小说，主角转生魔法世界并制造幻晶骑士，2017年动画化
mario_party,3,马力欧派对|马里奥聚会,马力欧派对,161,马力欧角色参与的棋盘派对游戏系列
misskey.io,3,,Misskey.io,161,Misskey去中心化社交软件的最大实例，由村上个人运营
mushihimesama,3,mushihime,虫姬,161,Cave于2004年推出的虫题材街机弹幕射击游戏
obey_me!_(series),3,,Obey Me!系列,161,乙女向手游《Obey Me!》的系列统称标签
ore_no_kanojo_to_osananajimi_ga_shuraba_sugiru,3,Oreshura|oreshura|俺の彼女と幼なじみが修羅場すぎる,我女友与青梅竹马的惨烈修罗场,161,裕时悠示的轻小说及2013年动画，讲述为掩饰单身而开始的伪装恋人关系
peace@pieces,3,ピス@ピス|ピースアピーシーズ,Peace@Pieces,161,UNiSONSHIFT出品的日本成人游戏，由伊东杂音负责原画
pressure_(roblox),3,PRESSURE（Roblox）|pressurefanart|pressurensfw|pressureroblox|压力,Pressure,161,Roblox平台的水下政府设施恐怖逃生游戏，玩法类似Doors
shin_getter_robo,3,Shin Getter Robo|真三一万能侠,真盖塔机器人,161,石川贤的盖塔机器人系列漫画，故事位于盖塔G与盖塔号之间
sonic_rush_adventure,3,Sonic Rush Adventure|音速小子 冲刺冒险,索尼克冲刺冒险,161,索尼克RUSH的续作，2007年发售于NDS平台
sunny_day_song,3,,Sunny Day Song,161,《Love Live! 剧场版》的插曲
boy's_club,3,Boy's Club,男孩俱乐部,160,Matt Furie的四格漫画，青蛙Pepe的出处
commando_(movie),3,Commando|魔鬼司令（台湾译名）,独闯龙潭,160,1985年由马克·L·莱斯特执导、施瓦辛格主演的动作电影
"dateless_bar_""old_adam""",3,"Dateless Bar ""Old Adam""|旧約酒場",旧约酒场,160,ZUN's Music Collection第9弹音乐CD，2016年夏季Comiket发售
hakurei_frontier_spell_strive,3,,博丽前线 Spell Strive,160,免费的东方Project同人浏览器游戏，以符卡对战为主要玩法
hanebado!,3,羽球战争|轻羽!,轻羽飞扬,160,滨田浩辅的羽毛球题材漫画，2018年改编为13集动画
himegami_kagura,3,,姫神楽,160,标题为姬神乐的日本成人向游戏作品
hoshikuzu_telepath,3,Stardust Telepath|stardust_telepath|星屑テレパス,星屑Telepath,160,大熊らすこ的漫画，讲述不擅交流的少女与外星人的故事
i_can_friday_by_day!,3,,I Can Friday by Day!,160,鹤卷和哉为日本动画人博览会制作的短篇动画
john_wick,3,John Wick|捍卫任务（台湾译名）,疾速追杀,160,基努·里维斯主演的美国新黑色动作惊悚电影系列
miku_miku_ni_shite_ageru_(vocaloid),3,I'll Miku-Miku You|i'll_miku-miku_you_(for_reals)_(vocaloid)|把你mikumiku掉|把初音MIKU MIKU掉,みくみくにしてあげる♪,160,ika创作、初音未来演唱的歌曲，被视为初音的代表曲之一
morimens,3,,Morimens,160,名称Morimens的原创作品或角色企划
nvidia,3,NVIDIA,英伟达,160,总部位于美国加州圣克拉拉的半导体公司，以GPU闻名
sd_gundam_g_generation,3,,SD高达G世纪,160,1998年起推出的SD高达题材回合制战略游戏系列
sora_no_kiseki_fc,3,,空之轨迹FC,160,《空之轨迹》三部曲首作，英雄传说系列第六作，以艾丝蒂尔为主角
suisai_sekai,3,LoveLive! 水生学园偶像部,水彩世界,160,《Love Live! 莲之空女学院》中 Cerise Bouquet 的出道曲
the_boy_who_fell,3,,The Boy Who Fell,160,以坠落少年为主题的作品，具体出处不详
toriko_(series),3,Toriko|toriko_(copyright)|美食猎人,美食的俘虏,160,岛袋光年创作的美食猎人题材漫画，有动画与剧场版改编
age_of_empires_ii,3,世纪帝国II|帝国时代II,帝国时代II,159,帝国时代系列第二作，横跨中世纪至文艺复兴时期
altered_pink,3,,Altered Pink,159,日本作品，具体作者与内容不详
aohada_bocchi,3,Blue Skin Big Tits And A Fucking Loner|苍肤巨乳与废柴,青肌巨乳与废柴,159,Zyugoya的网络漫画，描写青肤巨乳少女与废柴的日常
cool_doji_danshi,3,play_it_cool_guys,クールドジ男子,159,那多ここね的漫画，2022年由 Pierrot 改编为动画
eternal_arcadia,3,Skies of Arcadia|skies_of_arcadia|永恒的阿卡迪亚(日版)|苍空骑士,永恒的阿卡迪亚,159,Overworks开发、世嘉发行的Dreamcast角色扮演游戏，欧美名Skies of Arcadia
flyable_heart,3,flyableheart|飞行之心,Flyable Heart,159,UNiSONSHIFT 制作的校园恋爱视觉小说游戏
fumetsu_no_anata_e,3,To Your Eternity|to_your_eternity|不灭的你,致不灭的你,159,大今良时创作的漫画，描绘不死之物在人间巡礼，改编动画
happy_saint_sheol,3,,Happy Saint Sheol,159,HUNGRYCULT的同人成人文字冒险游戏，2022年首发并于2024年登上Steam
kadokawa,3,KADOKAWA|kadokado|角川集团,角川,159,日本大型出版与传媒集团，旗下有许多轻小说与动画业务
kyoukai_no_rinne,3,境界的轮回,境界之轮回,159,高桥留美子的漫画，讲述能看见幽灵的少年与死神少女之间的轮回故事
last_exile:_gin'yoku_no_fam,3,Last Exile: Fam|最终流放 银翼的飞行|银翼的法姆,最终流放：银翼的飞梦,159,《最终流放》的2011年续作动画，以全新角色讲述银翼飞梦的故事
little_twin_stars,3,Little Twin Stars|双星仙子,双子星,159,三丽鸥的双胞胎角色企划，以KiKi与LaLa为主角
mahou_shoujo_ikusei_keikaku_limited,3,,魔法少女育成计划 limited,159,《魔法少女育成计划》系列小说的第三个故事篇章
sentinel_girls,3,marfusha|snezhinka:_sentinel_girls_2|センチネルガールズ|哨兵少女,哨兵女孩,159,2D横版肉鸽射击游戏系列，共两部作品
the_legend_of_zelda:_oracle_of_seasons,3,Zelda Oracle of Seasons|塞尔达传说 时空之章(四季),塞尔达传说 大地之章,159,塞尔达传说系列作品之一，2001年与时空之章同在GBC发售
tsui_no_sora,3,終ノ空,终之空,159,ケロQ1999年发售的成人向视觉小说，以恐怖与电波题材著称
ushio_to_tora,3,うしおととら|魔力小马,潮与虎,159,藤田和日郎的漫画，讲述少年与妖怪虎的冒险，曾改编为OVA与电视动画
comic_megastore,3,,Comic Megastore,158,Core Magazine 出版的成人漫画杂志
fragaria_memories,3,fragari_art|草莓记忆,Fragaria Memories,158,三丽鸥的音乐多媒体企划，描绘守护三丽鸥角色的骑士们
marvel_snap,3,,漫威Snap,158,Second Dinner开发的漫威题材手机卡牌游戏
muv-luv_alternative_(anime),3,Muv-Luv Alternative 动画|muvluv_alternative_(anime),Muv-Luv Alternative（动画）,158,Muv-Luv Alternative的动画改编，采用全新画风与声优
proof_(love_live!),3,,Proof,158,《Love Live! 莲之空女学院》的歌曲，由DOLLCHESTRA演唱
shift_up,3,shiftup|希芙特公司,Shift Up,158,韩国游戏公司，开发《胜利女神：妮姬》与《剑星》
shovel_knight,3,,铲子骑士,158,Yacht Club Games开发的像素风横版动作游戏
strike_witches_1940,3,Strike Witches 1940,强袭魔女 1940,158,Dakku 创作的《强袭魔女》同人漫画，以不列颠空战为题材
taishou_yakyuu_musume,3,Taisho Baseball Girls|大正棒球少女（台译）,大正棒球少女,158,神乐坂淳的轻小说，讲述1925年少女们组建棒球队的故事，有动画与漫画
triple_baka_(vocaloid),3,Triple Baka|三重笨蛋|三重马鹿,三连笨蛋,158,LamazeP创作、初音未来、重音テト与亚北ネル演唱的VOCALOID歌曲
uniqlo,3,ユニクロ,优衣库,158,日本的服装品牌，以基本款与功能性面料闻名，门店遍布全球
baskin-robbins,3,31冰淇淋|Baskin-Robbins|贝斯金罗宾斯,芭斯罗缤,157,美国冰淇淋连锁品牌，1945年创立，全球多地设有门店
comiket_98,3,C98|c98|コミックマーケット98,Comic Market 98,157,原定2020年黄金周举办、因新冠疫情取消的 Comic Market 第98届
danganronpa_another:_another_despair_academy,3,另一个绝望学园|超高校级弹丸论破Another,弹丸论破Another：另一个绝望学院,157,LINUJ 制作的《弹丸论破》同人游戏首作
dive!_(love_live!),3,Love Live! 虹咲 DIVE!|dive!,DIVE!,157,《Love Live! 虹咲学园偶像同好会》第一季中优木雪菜的插入曲
future_card_buddyfight,3,Buddyfight|Future Card Buddyfight|未来卡片搭档对战,未来卡 搭档对战,157,以卡牌对战为主题的日本动画系列，玩家与搭档怪物共同战斗
hajime_no_ippo,3,疾风第一神拳,第一神拳,157,森川让次的拳击题材漫画及动画，讲述幕之内一步的拳击生涯
horizon_(game),3,,地平线（系列）,157,Guerrilla Games开发的末世机械兽题材游戏系列
koi_to_senkyo_to_chocolate,3,Love Election and Chocolate|love_election_and_chocolate|恋选举与巧克力,恋爱与选举与巧克力,157,Sprite 出品的恋爱冒险游戏，2012年改编动画，以学园选举为背景
metroid_prime_2:_echoes,3,Metroid Prime 2|密特罗德Prime 2：回声|银河战士PRIME 2,密特罗德Prime 2：回声,157,Prime子系列第二作，登陆GameCube
pirates_of_the_caribbean,3,,加勒比海盗,157,迪士尼乐园游乐设施改编的电影系列，主角为杰克船长
resonance_solstice,3,,雷索纳斯,157,GameDuchy开发的手机抽卡游戏，玩家扮演列车长穿越末世
ultraman_z_(series),3,Ultraman Z|ultramanz|奥特曼Z,泽塔奥特曼,157,《奥特曼》系列第32作，主角为泽塔奥特曼
yaiteru_futari,3,How to Grill Our Love|how_to_grill_our_love|炙烤恋人,烧烤的两人,157,围绕烧烤展开的恋爱美食漫画，2024年播出真人剧
yotsunoha,3,Yotsunoha,四叶,157,HiQuality的恋爱游戏《よつのは》
ace_combat_zero,3,Ace Combat Zero|acecombatzero|王牌空战0|空战奇兵Zero,皇牌空战ZERO 贝尔卡战争,156,皇牌空战系列前传，以贝尔卡战争为舞台，主角为雇佣兵飞行员
atlantis:_the_lost_empire,3,失落的帝国：亚特兰蒂斯,亚特兰蒂斯：失落的帝国,156,迪士尼2001年的动画电影，讲述寻找亚特兰蒂斯的故事
bakuretsu_tenshi,3,Burst Angel|burst_angel,爆裂天使,156,以女保镖为主角的日本动作动画
barakamon,3,Barakamon|半田君的元气囝仔,元气囝仔,156,书法家与岛上居民相处的日常喜剧漫画，改编为动画
hinabita,3,HinaBita|雏节拍,ひなビタ,156,KONAMI的音乐企划，以女子乐团为主角
koi_ni_kanmi_o_soete,3,Love's Sweet Garnish|恋爱加点甜,恋ニ、甘味ヲソエテ,156,Canvas+Garden 社团制作的视觉小说，英文标题为 Love's Sweet Garnish
magical_halloween,3,マジカルハロウィン,魔法万圣节,156,日本限定的万圣节题材柏青哥游戏系列
my_chemical_romance,3,MCR|mychemicalromance|我的化学罗曼史,我的化学浪漫,156,美国另类摇滚乐队，代表作专辑The Black Parade
oneechanbara,3,姐姐华丽挥剑,御姐玫瑰,156,Tamsoft与D3 Publisher开发的美少女砍僵尸动作游戏系列
suiheisen_made_nan_mile?,3,Suiheisen made nan mile|到地平线还有多少英里,水平線まで何マイル?,156,Abhar 开发的视觉小说，原画为美咲久礼人
toei_company,3,toei_animation,东映,156,日本大型影视娱乐公司，1949年创立，制作动画与特摄作品
traffic_life_series,3,Traffic Life|life_series|life_smp|lifeseries|lifesmp|traffic_life|trafficblr|trafficlife|trafficshipping|trafficsky|trafficsmp|traffictwt|交通人生系列,Traffic Life系列,156,Grian等YouTuber在Minecraft中进行的半硬核生存多人系列
tropical_kiss,3,トロピカルKISS|热带之吻,Tropical Kiss,156,Twinkle开发的成人向美少女游戏，日文名トロピカルKISS
acchi_kocchi,3,Acchi Kocchi|A频道(误),一起一起这里那里,155,异识的四格漫画，2012年由AIC改编为动画
alicesoft,3,alice_soft|アリスソフト|爱丽丝软件,AliceSoft,155,日本成人游戏公司，以兰斯与斗神都市系列闻名，吉祥物为爱丽丝
aster_tatariqus,3,astertatariqus|アスタータタリクス|阿斯塔塔塔里库斯,Aster Tatariqus,155,Gumi与Aniplex合作的手机游戏
comiket_81,3,C81|c81|コミックマーケット81,Comic Market 81,155,Comic Market 第81届同人志即卖会，2011年12月29-31日举办
el_cazador_de_la_bruja,3,El Cazador de la Bruja,魔女猎人,155,Bee Train 2007年制作的枪战题材动画，真下耕一执导
fighting_my_way_(idolmaster),3,fighting_my_way|偶像大师 Fighting My Way,Fighting My Way,155,《学园偶像大师》中花海咲季演唱的歌曲
heart_no_kuni_no_alice,3,Alice in the Country of Hearts|alice_in_the_country_of_hearts|心之国爱丽丝,心之国的爱丽丝,155,QuinRose的女性向恋爱冒险游戏系列，以童话爱丽丝为原型
inside_out,3,,头脑特工队,155,皮克斯2015年的动画电影，将情绪拟人化
kangoku_senkan,3,神狱战舰,监狱战舰,155,Lilith-soft的科幻成人游戏系列，含改编动画
mana_khemia_(series),3,Mana Khemia|玛娜学院|魔塔学园,玛娜学园,155,炼金工房系列中不带Atelier之名的两部作品
mm!,3,MM!|MM一二三,MM一族,155,松野秋鸣的轻小说，讲述被虐体质少年的恋爱喜剧，改编为动画
nademonogatari,3,Nademonogatari,抚物语,155,西尾维新物语系列中的一部，讲述抚子的故事
omc,3,,Order Made Com,155,日本插画委托接稿网站「Order Made Com」的缩写
sentouin_hakenshimasu!,3,Combatants Will Be Dispatched!|combatants_will_be_dispatched!|sentouin_haken_shimasu!|派遣战斗员,战斗员派遣中！,155,异世界题材的搞笑轻小说，2021年改编动画播出
shakunetsu_no_takkyuu_musume,3,Scorching Ping Pong Girls|scorching_ping_pong_girls|灼热的桌球少女,灼热的乒乓娘,155,浅野ヤグラ的乒乓球题材漫画，描写少女们的竞技与日常
sukinako_ga_megane_wo_wasureta,3,The Girl I Like Forgot Her Glasses|the_girl_i_like_forgot_her_glasses|喜欢的人忘记戴眼镜,喜欢的女孩忘了戴眼镜,155,藤近小梅的校园恋爱漫画，2018 年至 2024 年连载
top_gun,3,Top Gun|捍卫战士,壮志凌云,155,1986年上映的空战题材电影，汤姆·克鲁斯主演，2022年推出续集
w.i.t.c.h.,3,WITCH动画,W.I.T.C.H.,155,意大利的魔法少女漫画，由Disney出版，2001至2012年发行
basquash!,3,BASQUASH!|basquash|篮球机甲,机甲篮球,154,以机器人与篮球竞技为主题的动画，Nike参与出资
company_of_heroes,3,Company of Heroes|英雄连队,英雄连,154,Relic Entertainment 开发的二战题材即时战略游戏系列，2006年首作
coral_island,3,Coral Island,珊瑚岛,154,Stairway Games 开发、2023年发行的热带岛屿农场模拟游戏
counter-strike_2,3,CS2|Counter-Strike 2|counter-strike:_global_offensive|counterstrike2|counterstrikeglobaloffensive|绝对武力2,反恐精英2,154,由《反恐精英：全球攻势》升级而来的系列新作，2023年推出
daibouken!_yukeyuke_osawari_island,3,,大冒険！ゆけゆけおさわりアイランド,154,DMM 的智能手机成人游戏，另有 PC 网页版外传
five_nights_at_freddy's_1,3,FNAF1|Five Nights at Freddy's 1|弗雷迪的五夜惊魂1,玩具熊的五夜后宫1,154,《玩具熊的五夜后宫》系列首作，2014年推出
fullmetal_alchemist_the_movie:_conqueror_of_shamballa,3,,钢之炼金术师 剧场版 香巴拉的征服者,154,2005年上映的钢之炼金术师剧场版，接续2003年动画的结局
kamen_rider_stronger_(series),3,Kamen Rider Stronger|假面骑士STRONGER|假面骑士强人,假面骑士强者,154,昭和假面骑士系列第5作
obey_me!:_one_master_to_rule_them_all!,3,Obey Me!|obeyme|obeyme!|服从我,Obey Me! 服从我！,154,NTT Solmare出品的乙女向恋爱模拟与卡牌RPG手游，属Shall We Date?系列
seven_knights,3,Seven Knights|sevenknights|sevennights|七骑士传说,七骑士,154,韩国的手机角色扮演游戏，以英雄收集与回合制战斗为核心
silent_sinner_in_blue,3,Silent Sinner in Blue|沉默之蓝,东方儚月抄 ～ Silent Sinner in Blue,154,ZUN原作、秋★枝作画的东方Project漫画
tanaka_the_wizard,3,田中:巫师|田中·巫师,田中魔法师,154,ぶんころり创作的轻小说，讲述田中转生到奇幻世界的故事
the_matrix,3,The Matrix|廿二世纪杀人网络|骇客任务,黑客帝国,154,沃卓斯基姐妹执导的科幻动作电影系列，人类被困在虚拟世界矩阵中
urashimasakatasen,3,URASHIMASATASEN|うらしま坂田船,浦岛坂田船,154,由浦田、志麻、坂田、Senra组成的日本男性四人唱见组合
yokohama_dena_baystars,3,baystars|yokohama_baystars|横浜DeNAベイスターズ|横滨DeNA海星|横滨湾星,横滨DeNA海湾之星,154,日本职业棒球队，隶属中央联盟，2024年夺得日本一
.hack//sign,3,dothacksign|骇客时空,黑客时空//SIGN,153,以网络游戏The World为舞台的早期动画，讲述无法登出的玩家
bashamichi,3,Bashamichi|马场道,马车道,153,日本餐饮连锁，以身穿袴与和服的女侍者为特色
granblue_fantasy:_relink,3,projectre:link|relink|碧蓝幻想Relink|碧蓝幻想：RELINK,碧蓝幻想：Relink,153,《碧蓝幻想》世界观的动作角色扮演游戏，主打多人联机讨伐战
kingdom_hearts:_chain_of_memories,3,Kingdom Hearts CoM|chain_of_memories|kingdom_hearts_chain_of_memories|王国之心记忆之链,王国之心：记忆之链,153,系列第二作，最初登陆GBA，后移植PS2，连接一代与二代剧情
koharu_and_minato,3,Koharu And Minato,小春与凑,153,以小春与凑两位角色为主题的作品，具体出处不详
kusari_hime:_euthanasia,3,Kusari Hime|锁公主：安乐死,腐姬,153,Liar-soft 出品的成人向视觉小说，以病村与轮回为主题
kyousougiga,3,kyousogiga|京骚戏画(动画),京骚戏画,153,以京都为舞台的奇幻动画，讲述镜都中一家人的故事，2013年播出
le_sserafim,3,lesserafim|lesserafimfanart|勒塞拉芬|르세라핌,LE SSERAFIM,153,韩国Source Music与HYBE推出的女子组合，2022年出道
monster_hunter_world:_iceborne,3,MHW Iceborne|iceborne|怪物猎人世界冰原,怪物猎人世界：冰原,153,怪物猎人：世界的大型扩展，加入大师等级与众多怪物
murenase!_shiiton_gakuen,3,Seton Academy|seton_academy:_join_the_pack!|西顿学园,成群结伴！西顿学园,153,山下文吾的动物拟人校园漫画，2020年改编为动画
pink_floyd,3,,平克·弗洛伊德,153,1965年成立的英国摇滚乐队，代表作有月之暗面等
project_upd8,3,project upd8,Project Upd8,153,activ8的虚拟主播支援企划，由绊爱主导
rinrinne,3,RinRinne|りんりんね,凛凛音,153,日本VTuber姐妹组合，成员为Rin与Rinne
shinsei_kamattechan,3,Shinsei Kamattechan,神聖かまってちゃん,153,2007年在千叶结成的日本摇滚乐队
the_last_of_us,3,The Last of Us|thelastofus|末日余生|美国末日(旧译),最后生还者,153,顽皮狗2013年推出的末世生存动作冒险游戏，后多次重制
the_prophecies_begin,3,The Prophecies Begin|thepropheciesbegin|猫武士：预言开始,预言开始,153,《猫武士》第一部曲，2003至2004年出版，讲述火爪的族群生活
the_smoke_room,3,烟室|烟雾间,The Smoke Room,153,《Echo》系列的衍生视觉小说，以西部小镇为舞台
toaru_majutsu_no_index:_endymion_no_kiseki,3,to_aru_majutsu_no_index:_endymion_no_kiseki|to_aru_majutsu_no_index_movie|恩底弥翁的奇迹|魔法禁书目录剧场版,魔法禁书目录：恩底弥翁的奇迹,153,《魔法禁书目录》2013年上映的动画剧场版
tsukimonogatari,3,憑物語|物语系列番外,凭物语,153,西尾维新《物语系列》的一篇，以阿良良木历与斧乃木余接为主
1000-nen_ikiteru_(vocaloid),3,Living 1000 Years|living_millennium_(vocaloid)|千年生きてる,活了一千年,152,iyowa创作、初音未来演唱的歌曲，MV描绘活过千年的少女
fairytale_police_hoe_department,3,,Fairytale Police Hoe Department,152,IdoraaD 2021年末开始创作的原创短篇BL漫画
hop_step_jumpers,3,蹦蹦跳跳(直译),Hop Step Jumpers,152,2020年停运的日本手机RPG游戏
impossible_spell_card,3,Impossible Spell Card|不可能的符卡,弹幕天邪鬼,152,东方Project第14.3作，2014年发售，主角为鬼人正邪
lost_ark,3,,失落的方舟,152,韩国Smilegate开发的大型多人在线动作角色扮演游戏，2019年上线
precure_all_stars_new_stage:_mirai_no_tomodachi,3,Precure All Stars New Stage 未来的朋友|precure_all_stars_new_stage:_friends_of_the_future|光之美少女全明星New Stage,光之美少女全明星New Stage：未来的朋友,152,全明星New Stage三部曲的第1部剧场版
shining_blade,3,シャイニング・ブレイド,光明之刃,152,由Tony担任角色设计的PSP游戏，2012年发售
sweet_devil_(vocaloid),3,sweet_devil|スイートデビル,Sweet Devil,152,初音未来演唱的VOCALOID歌曲，由八王子P作曲、q*Left作词
tekkaman_blade,3,宇宙騎士テッカマンブレード|铁甲曼Blade,宇宙骑士,152,龙之子制作、1992年播出的机器人动画，为70年代宇宙骑士的重新演绎
ufotable,3,幽浮社|飞碟社,ufotable,152,日本动画制作公司，2000年成立，代表作有《Fate》与《鬼灭之刃》系列
under_night_in-birth_exe:late[st],3,UNIEL|夜下降生,夜下降生EXE:Late[st],152,《夜下降生》的加强版格斗游戏，追加四名新角色
2010_fifa_world_cup,3,2010年国际足联世界杯,2010年南非世界杯,151,第19届国际足联世界杯，2010年在南非举行，西班牙首次夺冠
arena_of_valor,3,AOV|Arena of Valor|arenaofvalor|realm_of_valor|strike_of_kings|王者荣耀海外版,传说对决,151,腾讯的MOBA手游，《王者荣耀》的国际版本
azur_promilia,3,,蓝色星原：旅谣,151,蛮啾网络的开放世界角色扮演游戏
bibbidiba_(hololive),3,,ビビデバ,151,hololive所属星街彗星的原创歌曲
bleach:_turn_back_the_pendulum,3,BLEACH 逆转之钟|死神 番外篇,死神 逆转之钟,151,死神的回忆篇，发生在空座町决战110年前
cars_(movie),3,Cars|cars2|cars3|pixarcars|反斗車王|汽车总动员,赛车总动员,151,皮克斯2006年推出的动画电影，舞台是拟人化车辆的世界
castlevania_(netflix),3,castlevanianetflix|恶魔城Netflix动画|恶魔城动画版,恶魔城（Netflix动画）,151,Netflix改编自恶魔城游戏的动画剧集
idol_(yoasobi),3,YOASOBI Idol|アイドル,偶像,151,YOASOBI演唱的歌曲，为动画《我推的孩子》片头曲
mahou_shoujo_kazumi_magica,3,kazumi_magica|puella_magi_kazumi_magica|魔法少女和美～The innocent malice～,魔法少女和美,151,平松正树原作、天杉贵志作画的漫画，为《魔法少女小圆》的外传
mega_man_battle_network_5,3,Rockman EXE 5|rockman_exe_5|洛克人EXE 5,洛克人EXE5,151,《洛克人EXE》系列第五作，含双版本
mujin_wakusei_survive,3,Mujin Wakusei Survive!|uninhabited_planet_survive!|无人的星球幸存,无人惑星幸存者,151,2003年播出的科幻生存冒险动画，讲述少年少女在无人星求生
my_emo_crush,3,,My Emo Crush,151,以My Emo Crush为名的恋爱题材作品
shigofumi,3,死后文 シゴフミ,死后文,151,2008年播出的奇幻动画，以死后传递的书信为主题
shin_sekaiju_no_meikyuu,3,Etrian Odyssey Untold|etrian_odyssey_untold|世界树迷宫 千年的少女|新世界树迷宫,新·世界树的迷宫：千年少女,151,世界树的迷宫初代的3DS重制版，追加剧情模式
silverlight,3,,Silverlight,151,微软浏览器插件Silverlight的拟人化角色形象
super_mario_world_2:_yoshi's_island,3,Yoshi's Island|耀西岛|超级马力欧世界2：耀西岛,超级马力欧世界2：耀西岛,151,以耀西为主角、护送婴儿马力欧的平台动作游戏
sword_world,3,,剑世界,151,Group SNE制作的日本奇幻桌上角色扮演游戏，1989年推出初版
tengen_toppa_gurren_lagann:_parallel_works,3,天元突破红莲螺岩 平行作品,天元突破红莲螺岩 Parallel Works,151,天元突破红莲螺岩的官方音乐短篇动画集，描绘平行世界中的角色
tokyo_xanadu,3,ザナドゥ东京|东京XANADU,东京迷城,151,日本Falcom2015年发售的现代都市动作角色扮演游戏
tombow_mono,3,Tombow MONO|蜻蜓MONO橡皮,蜻蜓MONO,151,蜻蜓铅笔公司推出的MONO系列文具，以蓝白黑条纹橡皮闻名
a_nightmare_on_elm_street,3,A Nightmare on Elm Street|半夜鬼上床|榆树街噩梦,猛鬼街,150,韦斯·克雷文1984年开创的美国恐怖电影系列，共九部影片
akudama_drive,3,AKUDAMA DRIVE|全员恶玉,全员恶玉,150,2020年播出的原创动画，描写一群犯罪者在关西的逃亡
apt._(rose_&_bruno_mars),3,APT|apt.|아파트,APT.,150,BLACKPINK成员Rosé与Bruno Mars的合作歌曲
borderlands_2,3,,无主之地2,150,无主之地系列第二作，2012年发售
dc_animated_universe,3,DCAU|DC动画电影宇宙,DC动画宇宙,150,以《蝙蝠侠动画系列》为起点的DC动画作品共同宇宙
decadence_(anime),3,デカダンス|德凯登斯,DECA-DENCE,150,Studio NUT制作的2020年原创电视动画
dokidoki_sister_aoi-chan,3,ドキドキシスター葵ちゃん|心跳姊妹葵酱,心跳姐妹葵酱,150,日本恋爱喜剧漫画，讲述姐妹之间的日常
domestic_na_kanojo,3,DomeKano|Domestic Girlfriend|Dome×Kano|dome_kano|dome_x_kano|domestic_girlfriend|domestic_lover,家有女友,150,流石景创作的恋爱漫画，2019年改编动画
frozen_soul,3,,Frozen Soul,150,Roblox 平台受《Myst》与《梦日记》启发的探索冒险游戏
fuurai_no_shiren,3,Shiren the Wanderer|shiren_the_wanderer|风来的希炼|风来西林,风来的西林,150,《不思议迷宫》系列中以浪人西林为主角的 roguelike 游戏
girlish_number,3,Gi(a)rlish Number|gi(a)rlish_number,少女编号,150,渡航原作的声优行业题材企划，含小说、漫画与动画
koiiro_soramoyou,3,,恋色空模样,150,Studio Ryokucha 开发的美少女游戏，原画为Lucie
miitopia,3,,迷托邦,150,任天堂的角色扮演游戏，玩家以Mii形象扮演职业角色展开冒险
panzer_waltz,3,metal_waltz,钢铁华尔兹,150,中国开发的手机游戏，以二战坦克拟人化少女为题材
perfume_(takanashi_kiara),3,Perfume（Kiara曲）,Perfume（小鸟游琪亚拉）,150,hololive EN的小鸟游琪亚拉演唱的原创歌曲
r-type,3,R-9|异形战机,R-Type,150,Irem1987年推出的横版射击街机游戏，玩家驾驶R-9A战机
tear_ring_saga,3,ティアリングサーガ|泪之指环传说,泪指轮传说,150,加贺昭三执导的战棋角色扮演游戏系列，被视为火焰之纹章的精神续作
the_caves_of_steel,3,钢穴（阿西莫夫）,钢穴,150,阿西莫夫1953年的科幻推理小说，为伊利亚·贝莱系列首作
to_heart_2_xrated,3,TH2 XRATED|心之彼端2,ToHeart2 XRATED,150,Leaf在《ToHeart2》基础上追加内容并改为成人向的扩充版
wanmei_shijie,3,,完美世界,150,中国网络玄幻小说，描写群雄并起的乱世争霸
ways_of_darkness_(series),3,,Ways of Darkness,150,Metalhead33创作的多媒体奇幻企划
boku_no_risou_no_isekai_seikatsu,3,,我的理想异世界生活,149,异世界题材的同人漫画系列，另有商业连载的重制版
cube_x_cursed_x_curious,3,C3魔方少女|C³ -魔方少女-|c3|c3:_cube_x_cursed_x_curious|c_cube,C3-魔方少女-,149,水濑叶月的轻小说，2011年改编为动画与漫画
ecstas_online,3,,Ecstas Online,149,以虚拟现实游戏为舞台的日本轻小说及改编漫画作品
haks,3,,HAKS,149,Danbooru上的作品标签，来源与内容尚不明确
joshi_kousei,3,GIRLS HIGH|女子高生Girl's High,女子高生,149,2001至2016年连载的校园日常喜剧漫画《女子高生》
kingdom_hearts_3d:_dream_drop_distance,3,Kingdom Hearts 3D|kingdom_hearts_3d_dream_drop_distance|王国之心 3D 梦降深处,王国之心3D：梦降深处,149,任天堂3DS作品，讲述索拉与利库参加大师认证考试期间的故事
monster_musume_no_oisha-san,3,Monster Girl Doctor|monster_girl_doctor|モンスター娘のお医者さん,魔物娘医生,149,折口良乃的轻小说，讲述为魔物娘看诊的医生，2020年改编动画
quilt_(game),3,Quilt（きると）|きると,Quilt,149,以礼服与恋爱为主题的同人游戏作品
rock_wa_lady_no_tashinami_deshite,3,rock_is_a_lady's_modesty,摇滚乃淑女的嗜好,149,福田宏的校园音乐漫画，2025年春季动画化
shoujo_rei_(vocaloid),3,Ghost Girl|ghost_girl_(vocaloid)|少女レイ,少女灵,149,みきとP创作、初音未来演唱的Vocaloid歌曲
sounan_desuka?,3,Are You Lost?|ソウナンですか?|遇难了吗,遇难了吗？,149,讲述少女们因空难流落无人岛求生的生存题材漫画与动画
sunfaded_(idolmaster),3,,SunFaded,149,《学园偶像大师》中篠泽广演唱的歌曲
wake_up_girls!_stage_no_tenshi,3,Stage no Tenshi|WUG新章 天使的舞台|stage_no_tenshi,"Wake Up, Girls! 天使的舞台",149,"《Wake Up, Girls!》新章漫画"
cherry_pop_(vocaloid),3,,Cherry Pop,148,DECO*27创作、初音未来演唱的Vocaloid歌曲
da_capo_iii,3,D.C.III|初音岛3,初音岛III,148,《初音岛》系列第三作，2012年发行
demons_roots_(series),3,,Demons Roots（系列）,148,以RPG Maker制作的成人日式角色扮演系列，含King Exit
devil_may_cry_(netflix),3,,鬼泣（Netflix）,148,改编自鬼泣系列的动作动画，由Netflix推出
full_metal_jacket,3,FMJ|金甲部队,全金属外壳,148,库布里克1987年执导的越战题材电影，改编自小说《短期服役者》
girl_with_a_pearl_earring,3,戴珍珠耳环的少女（维米尔）,戴珍珠耳环的少女,148,荷兰画家维米尔的名画，描绘戴珍珠耳环的少女肖像
kikai_sentai_zenkaiger,3,机界战队全凯者|機界戦隊ゼンカイジャー,机界战队全开者,148,超级战队系列第45部作品，2021年播出，以平行世界与机械为主题
kono_yuusha_ga_ore_tueee_kuse_ni_shinchou_sugiru,3,Cautious Hero|cautious_hero|慎重勇者,这个勇者明明超强却过分慎重,148,土日月创作的轻小说，讲述被召唤的慎重勇者，2019年改编动画
mirai_akari's_new_virtual_youtuber_illustration_contest,3,,未来明新虚拟YouTuber插画大赛,148,2018年Pixiv与未来明合作的新虚拟YouTuber设计征集企划
mito_and_kaede,3,,ミトとカエデ,148,三仓和之作的四格漫画，主角为彩虹社的月ノ美兎与樋口楓
mugen_no_fantasia,3,,无限幻想,148,日本同人游戏作品，标题意为无限的幻想曲
nijiyon,3,にじよん|虹四格,虹咲四格,148,《Love Live! 虹咲学园学园偶像同好会》的衍生四格漫画，并有短篇动画
star_wars:_visions,3,Star Wars Visions|starwarsvisions|星際大戰：視界,星球大战：幻境,148,2021 年起在 Disney+ 推出的星战动画短片合集，由多国工作室制作
wuhua_mixin,3,来古弥新,物华弥新,148,词牌工作室开发的中国手游，以文物拟人化为题材
youkai_watch_3,3,Yo-Kai Watch 3|妖怪ウォッチ3,妖怪手表3,148,《妖怪手表》系列第三作3DS游戏，舞台为美国的圣花生堡
annie_mei_project,3,,Annie Mei Project,147,画师Caleb Thomas创作的原创角色企划
eden's_ritter_grenze,3,,Eden's Ritter Grenze,147,日系奇幻题材成人游戏作品
fukkireta,3,,吹っ切れた,147,2010年从 NicoNico 扩散的音乐动画迷因，配曲为《おちゃめ機能》
joukamachi_no_dandelion,3,Castle Town Dandelion|castle_town_dandelion|城下町蒲公英,城下町的蒲公英,147,春日步的四格漫画，2015年夏改编为动画
ohsama_sentai_king-ohger,3,君王者|王樣戰隊君王者,王样战队君王者,147,超级战队系列第47作，以昆虫与王权为主题
one_piece_film:_z,3,ONE PIECE FILM Z|onepiecefilmz|航海王剧场版Z,航海王：Z,147,2012年上映的第12部《航海王》剧场版，对手为原海军大将Z
phantasm,3,,Phantasm,147,混沌之脑中岸本绫濑所属的乐队，也出现在其他科学冒险系列中
retrospective_53_minutes,3,ZUN's Music Collection Vol.4|卯酉东海道,卯酉东海道 ～ Retrospective 53 minutes,147,上海爱丽丝幻乐团ZUN's Music Collection第4张音乐CD
saikin_kokuhaku_wo_kotowatta_bakari_no_kouhai_joshi_ga_gimai_ni_natteshimatta,3,,刚拒绝告白的后辈女同事成了我的义妹,147,以拒绝告白后的后辈成为义妹为开端的日本恋爱喜剧轻小说
senjou_no_valkyria_4,3,Valkyria Chronicles 4|战场的女武神4,战场女武神4,147,战场女武神系列第四作，战略角色扮演游戏
silver_rain,3,,シルバーレイン,147,日本桌游角色扮演游戏，以学园与魔法为主题
sonic_prime,3,Sonic Prime|sonicprime|音速小子Prime,索尼克Prime,147,Netflix播出的3D动画，以多元宇宙与破碎世界为舞台
sonic_riders,3,Sonic Riders|音速小子競速,索尼克竞速,147,2006年发售的滑板竞速游戏，以悬浮滑板比赛为题材
akujiki_musume_conchita_(vocaloid),3,Evil Food Eater Conchita|akujiki_musume_conchita|beelzebub_party_(vocaloid)|evil_food_eater_conchita_(vocaloid)|恶食娘コンチータ|恶食娘空琪塔,恶食娘孔琪塔,146,悪ノP创作、MEIKO演唱的歌曲，七大罪系列中代表暴食
beatmania_iidx_20_tricoro,3,,beatmania IIDX 20 tricoro,146,《beatmania IIDX》系列第20作，2012年登陆街机
bluey,3,Bluey|布鲁依,布鲁伊,146,澳大利亚的学龄前动画，讲述蓝色牧牛犬布鲁伊一家的日常
disney_princess,3,迪士尼公主系列,迪士尼公主,146,迪士尼旗下多位官方公主角色组成的系列
eiyuu_senki_ww,3,,英雄战姬WW,146,《英雄战姬》系列的衍生作品
futsuu_no_joshikousei_ga_locodol_yattemita,3,ローカルドル|地下偶像,普通女高中生要做当地偶像,146,小杉光太郎的四格漫画，描绘女高中生开展当地偶像活动
fuwafuwa_time,3,ふわふわ時間|轻飘飘时光,轻飘飘时间,146,《轻音少女》第一季的插入曲，出现在第6集的首次演唱会
g-taste,3,G Taste,G-Taste,146,八神浩树创作的性感题材漫画，着重描绘高跟鞋与长腿等元素
itoko_no_onee-chan_ni_amaechau?,3,,向表姐撒娇？,146,围绕表姐与男主角关系的日本恋爱题材作品
kemeko_deluxe,3,ケメコデラックス!|克米克豪华版,Kemeko Deluxe!,146,岩崎正和创作的科幻恋爱喜剧漫画，少女操纵机器人M.M.保护未婚夫
pocket_mirror,3,pocketmirror|ポケットミラー|口袋镜,Pocket Mirror,146,AstralShift开发的RPG Maker恐怖游戏，2016年发布，后有重制版
prism_magical,3,,Prism Magical,146,资料不足，无法确认作品类型与出处
shukufuku_no_campanella,3,,祝福的钟声,146,Windmill的成人向恋爱游戏，2009年发售，并有动画改编
sonic_the_hedgehog_3_(movie),3,,刺猬索尼克3,146,2024年上映的索尼克真人电影第三部，加入暗影一角
tamagotchi_plus,3,tamagotchi_connection,拓麻歌子Plus,146,拓麻歌子第二代产品线，外形与经典款相似但增加了天线
tamatoys,3,,TamaToys,146,日本成人玩具制造商，产品包装多以动漫角色为恶搞题材
twitch_plays_pokemon,3,TPP|TwitchPlaysPokemon|twitchplayspokemon,Twitch Plays Pokémon,146,数万观众通过Twitch聊天室共同操作游玩宝可梦的直播活动
absolute_duo,3,,绝对双刃,145,柊★たくみ创作的轻小说，后改编为漫画与电视动画
ajin_(sakurai_gamon),3,AJIN|亚人（樱井画门）,亚人,145,樱井画门的漫画，2016年由Polygon Pictures改编为动画
dancouga_(series),3,断空我|超兽机神|超獣機神ダンクーガ,超兽机神断空我,145,断空我系列的统称，含《超兽机神断空我》《断空我NOVA》等作品
deepness_(love_live!),3,DEEPNESS（Love Live!莲之空）|deepness,DEEPNESS,145,《Love Live! 莲之空女学院学园偶像俱乐部》2023年Fes×LIVE歌曲
ender_magnolia_bloom_in_the_mist,3,Ender Magnolia|endermagnolia|终焉之玛格诺利亚,终焉之玛格诺利亚：雾中绽放,145,《终焉之莉莉》的续作，暗黑幻想2D动作RPG
final_fantasy_vii_revelation,3,,最终幻想7 启示录,145,《最终幻想7》重制系列的第三部作品，承接《重生》
gouma_reifuden_izuna,3,Izuna: Legend of the Unemployed Ninja|legend_of_the_unemployed_ninja|伊津奈：无业忍者传说|降魔霊符伝イヅナ,降魔灵符传伊豆那,145,Success于2007年在NDS发行的忍者题材roguelike角色扮演游戏
grisaia_battlefield_barcarolle,3,,Grisaia Battlefield Barcarolle,145,《灰色》系列的手机外传，以VRMMO风格的科幻奇幻世界为舞台
gunparade_march,3,枪舞者进行曲|高机动幻想GPM,高机动幻想,145,PlayStation游戏《高机动幻想》，后改编为动画与漫画
i_do_me!_(love_live!),3,,I Do Me!,145,《Love Live! 莲之空女学院》的歌曲
j._league,3,J.LEAGUE|J联盟,J联赛,145,日本男子职业足球联赛，由J联赛官方运营
kindaichi_shounen_no_jikenbo,3,The Kindaichi Case Files|the_kindaichi_case_files|金田一少年事件簿,金田一少年之事件簿,145,以名侦探金田一耕助的孙子为主角的推理漫画，改编为动画与真人剧
majime_na_kouhai_kara_kairaku_zeme_sareru_nante_kiitenai!,3,,真面目な後輩から快楽責めされるなんて聞いてない！,145,成人向的日本作品，具体出处与设定不详
mario_kart_wii,3,Mario Kart Wii|马力欧卡丁车Wii,马力欧卡丁车Wii,145,系列第六作，2008年登陆Wii平台
mega_man_zero_4,3,Rockman Zero 4|rockman_zero_4|洛克人Z4,洛克人Zero 4,145,洛克人Zero系列第四作也是最终作
mortal_kombat_11,3,MK11|Mortal Kombat 11|mortalkombat11,真人快打11,145,真人快打系列第11部正传格斗游戏，重启时间线
noir_(anime),3,NOIR,黑街二人组,145,Bee Train制作、真下耕一执导的2001年枪战动画，为「少女与枪」三部曲首作
saint_seiya:_the_lost_canvas,3,THE LOST CANVAS|saintseiyathelostcanvas|thelostcanvas|圣斗士星矢冥王神话,圣斗士星矢THE LOST CANVAS冥王神话,145,手代木史织的圣斗士星矢前传漫画，讲述上一次圣战
sakura_dungeon,3,サクラダンジョン,樱花地牢,145,以樱花为题的日本同人游戏《樱花地牢》
samurai_jack,3,杰克的武士道,武士杰克,145,格恩迪·塔塔科夫斯基为Cartoon Network创作的动画，武士被传送到未来
sankyuu_pitch,3,strikeout_pitch,Strikeout Pitch,145,住吉キュー的棒球题材漫画，2024年起在少年Jump+连载
the_scream,3,呐喊（蒙克）|尖叫,呐喊,145,爱德华·蒙克创作的油画，表现夕阳下感受到的自然尖叫
ultrakill,3,,ULTRAKILL,145,以地狱为舞台的复古风第一人称射击游戏，尚处于抢先体验阶段
wagaya_no_oinari-sama,3,Our Home's Fox Deity|our_home's_fox_deity|我家有个狐仙大人（动画）,我家有个狐仙大人,145,柴村仁的轻小说，讲述狐仙与家族的日常，并有动画改编
x-men_origins:_wolverine,3,X-Men Origins Wolverine|X戰警：金鋼狼,X战警前传：金刚狼,145,2009年上映的《X战警》系列金刚狼个人电影
asgard,3,,Asgard,144,Nexon运营的MMORPG，2015年停服
clockwork_rabbit,3,Clockwork Rabbit,发条兔子,144,《请问您今天要来点兔子吗？》2019年愚人节公布的机甲风格外传
date_a_live:_date_a_bullet,3,DATE A BULLET|约会大作战DATE A BULLET,约会大作战 赤黑新章,144,《约会大作战》外传，以时崎狂三为主角的剧场版与小说
dino_crisis,3,Dino Crisis|dinocrisis,恐龙危机,144,卡普空出品、三上真司创作的恐龙题材生存恐怖游戏系列
gakkou_de_seishun!,3,School in the Spring of Youth!,学校青春！,144,三色あみだ的同人志系列，描绘学生们的青春日常
gensokyo_night_festival,3,,Gensokyo Night Festival,144,仍在开发中的东方Project同人动作游戏，在 Steam 发行
hakuchu_a_la_mode,3,ハクチューアラモード,白昼A LA MODE,144,《Love Live! 莲之空女学院学园偶像俱乐部》中Mira-Cra Park!的歌曲
kof:_maximum_impact,3,KOF MAXIMUM IMPACT|KOF:MI,拳皇 极限冲击,144,SNK《拳皇》系列的3D格斗衍生作品，以新主角阿尔巴为主
mario_&_luigi:_superstar_saga,3,马力欧与路易吉RPG|马里奥与路易吉：超级巨星传奇,马力欧与路易吉RPG 超级巨星传奇,144,系列首作，GBA平台的回合制动作角色扮演游戏
mega_man_3,3,Mega Man 3|Rockman 3|rockman_3,洛克人3,144,原祖洛克人系列第三作，登陆FC平台
metroid_prime_4:_beyond,3,,密特罗德Prime 4：Beyond,144,2017年公布、2025年发售的系列新作
minna_no_rhythm_tengoku,3,Rhythm Heaven Fever|rhythm_heaven_fever|大家的节拍天国,大家的节奏天国,144,任天堂Wii平台的节奏游戏，节奏天国系列第三作
nijigen_project,3,,Nijigen Project,144,越南的虚拟YouTuber偶像企划，成员按世代分组活动
oretachi_ni_tsubasa_wa_nai,3,俺たちに翼はない|我们没有羽翼,我们没有翅膀,144,Navel的2009年成人向视觉小说，并有漫画、前传与后日谈及动画改编
pixellink,3,,PixelLink,144,虚拟主播事务所，2025年3月停止运营，部分成员保留角色版权
pokemon_conquest,3,Pokémon Conquest|pokemon_+_nobunaga_no_yabou|宝可梦+信长的野望,宝可梦+信长的野望,144,宝可梦与信长的野望的跨界游戏，以战国武将统率宝可梦
renri_no_chigiri_wo_kimi_to_shiru,3,,与君共知连理之契,144,izumi(stardustalone)发表的pixiv原创小说
shadow_hearts_ii,3,影之心2|影之心2 导演剪辑版,影之心II,144,2004年发售的PS2角色扮演游戏，延续一战前后的黑暗奇幻故事
shinma_x_keishou!_ragnabreak,3,,神魔×継承！ラグナブレイク,144,CROOZ运营的手机社交游戏，以卡牌战斗为核心
the_king_of_fighters_2002,3,KOF2002|The King of Fighters 2002|kof2002|kof2002um|拳皇2002UM,拳皇2002,144,SNK拳皇系列的梦之战作品，无剧情，取消援护系统
youkai_watch_jam:_youkai_gakuen_y,3,妖怪ウォッチJam 妖怪学園Y|妖怪学园Y,妖怪手表Jam 妖怪学园Y,144,《妖怪手表》的衍生动画，舞台为培养妖怪担当者的妖怪学园Y
akiba's_trip,3,AKIBA'S TRIP|akiba'strip|秋叶原AKB之旅,秋叶原之旅,143,Acquire开发的动作游戏系列，以击退吸血鬼化宅民为主题
amakano_3,3,,Amakano 3,143,Amakano系列2025年发售的成人向视觉小说，原画为ぴろみず
ark_survival_evolved,3,ARK|ARK: Survival Evolved|ark|ark:survival_evolved|方舟生存进化,方舟：生存进化,143,Studio Wildcard开发的生存沙盒游戏，以恐龙与史前生物为主题
calamity_(terraria_mod),3,,Calamity Mod,143,泰拉瑞亚的大型模组，以高难度与原创配乐著称
chloris_garden,3,,Chloris Garden,143,具体题材与出处均不详的作品
gokujou_seitokai,3,Best Student Council|best_student_council|極上生徒会,极上生徒会,143,2005年的校园动画，描绘极上学生会与少女们的学园生活
h2o_footprints_in_the_sand,3,H2O -FOOTPRINTS IN THE SAND-|H2O 沙上的足迹|h2o,H2O 沙中足迹,143,枕社2006年发售的成人向视觉小说，讲述盲人少女与青年的离别故事
haruru_minamo_ni!,3,,はるるみなもに！,143,Clochette的成人向视觉小说
heroes_of_order,3,,Heroes of Order,143,asterisk kome的原创插画系列，主题为侍奉并守护主人的女仆护卫
hige_wo_soru._soshite_joshikousei_wo_hirou.,3,Higehiro|higehiro|ヒゲを剃る。そして女子高生を拾う。,剃须。然后捡到女高中生。,143,しめさば的恋爱喜剧轻小说，讲述上班族收留离家出走女高中生的同居生活
natsumeki_pain,3,Natsumeki Pain,夏めきペイン,143,莲之空女学院学园偶像俱乐部首张专辑的主打曲
the_bad_guys_(movie),3,,坏蛋联盟,143,梦工厂2022年3D动画电影，改编自澳大利亚童书，讲述犯罪动物团伙
yatagarasu_(game),3,Yatagarasu|ヤタガラス,八咫乌,143,前SNK成员开发的同人2D格斗游戏，以日本神话为题材
blazblue:_continuum_shift,3,BlazBlue: Continuum Shift|苍翼默示录 连续变幻,苍翼默示录：连续变换,142,苍翼默示录系列的第二作格斗游戏
erogos,3,,Erogos,142,日本出品的成人向游戏作品
girls_und_panzer_gekitou!_maginot-sen_desu!!,3,Girls und Panzer: Gekitou! Maginot-sen desu!!|少女与战车 激突！马奇诺战线!!,少女与战车 激战！马奇诺战线!!,142,《少女与战车》的同人2D格斗游戏，聚焦马奇诺防线攻防
high_school_dxd_cross,3,,高校D×D Cross,142,《恶魔高校D×D》系列的衍生作品
james_cameron's_avatar,3,Avatar|avatar|詹姆斯·卡梅隆的阿凡达|阿凡达(2009),阿凡达,142,詹姆斯·卡梅隆执导的科幻电影系列，舞台为潘多拉星球
kaede_to_suzu,3,楓と鈴|楓與鈴,枫与铃,142,京町创作的成人漫画，由Pink Pineapple改编为动画
king_of_prism_by_prettyrhythm,3,KING OF PRISM by PrettyRhythm|kingofprismbyprettyrhythm|棱镜少男,KING OF PRISM by PrettyRhythm,142,《美妙旋律 彩虹演奏会》的续篇剧场版，KING OF PRISM 系列首作
mad_max:_fury_road,3,Mad Max: Fury Road|疯狂的麦克斯4：狂暴之路,疯狂的麦克斯：狂暴之路,142,2015年上映的废土动作电影，为该系列时隔三十年的第四部
men_in_black,3,MIB|Men in Black|黑超特警组,黑衣人,142,改编自漫画的科幻喜剧电影系列，讲述监控外星人的秘密机构
miku_with_you_(vocaloid),3,Miku With You|mikuwithyou|初音未来 未来有你演唱会,未来有你,142,Crypton在中国举办的初音未来等Piapro角色年度演唱会
music_s.t.a.r.t!!,3,,Music S.T.A.R.T!!,142,动画Love Live!中μ's的第六张单曲
playboy,3,Playboy|花花公子杂志,花花公子,142,休·赫夫纳创办的美国成人娱乐杂志及其品牌标志
saikyou_ginga_ultimate_zero_~battle_spirits~,3,,最强银河 究极零,142,Battle Spirits系列的第六部电视动画，2013至2014年播出
shiunji-ke_no_kodomotachi,3,The Shiunji Family Children|shiunjifamily|the_shiunji_family_children|紫云寺家族|紫雲寺家の子供たち,紫云寺家的孩子们,142,宫岛礼吏的恋爱喜剧漫画，描写紫云寺家兄弟姐妹的生活
solty_rei,3,SoltyRei|soltyrei|ソルティレイ,曙光少女,142,2006年由GONZO与AIC制作的科幻动作动画
soulcalibur_iii,3,Soulcalibur III|刀魂3|灵魂能力III,灵魂能力3,142,《灵魂能力》系列作品，2005 年独占 PS2，后推出街机版
the_legend_of_zelda:_oracle_of_ages,3,ゼルダの伝説 ふしぎの木の実 時空の章|塞尔达传说 不可思议的果实 时空之章,塞尔达传说 时空之章,142,塞尔达传说系列作品之一，2001年与大地之章同在GBC发售
tokyo_ravens,3,Tokyo Ravens|東京レイヴンズ,东京暗鸦,142,あざの耕平创作、すみ兵插画的阴阳道题材轻小说，有动画改编
19_tian,3,19_days,19天,141,Old Xian创作的中国BL网络漫画，讲述四位少年间的日常
act-age,3,アクタージュ act-age,演员夜凪景,141,松木达也与宇佐崎代在周刊少年Jump连载的漫画，2020年连载中止
apocalypse_hotel,3,Apocalypse Hotel|アポカリプスホテル,末世旅馆,141,CygamesPictures制作的原创动画，以末世中的酒店为舞台，2025年开播
black_beacon,3,,Black Beacon,141,具体题材与出处均不详的作品
blood-c,3,BLOOD-C|BLOOD-C The Last Dark,血战C,141,Production I.G制作的2011年猎奇战斗动画，CLAMP负责角色设计
daihatsu,3,Daihatsu|ダイハツ|大发汽车,大发,141,日本汽车制造商，专营轻型车与小型车，2016年成为丰田子公司
dokyuu_hentai_hxeros,3,,弩级战队HXEROS,141,以对抗怪兽的HxEros战队为主角的漫画及动画
hatsune_miku_no_shoushitsu_(vocaloid),3,The Disappearance of Hatsune Miku|the_disappearance_of_hatsune_miku_(vocaloid)|初音ミクの消失,初音未来的消失,141,cosMo@暴走P创作的初音未来歌曲，以极高速歌词与消失主题著称
ikkitousen_dragon_destiny,3,一騎当千 Dragon Destiny|一骑当千DD,一骑当千 龙之命运,141,《一骑当千》动画第二季，2007年播出
katsugeki/touken_ranbu,3,Katsugeki Touken Ranbu|活击/刀剑乱舞,活击 刀剑乱舞,141,ufotable制作的《刀剑乱舞》2017年战斗动画
killing_magician,3,,Killing Magician,141,DDUCK KONG 开发的游戏作品，具体内容不详
momotarou_densetsu,3,Momotarou Densetsu|桃太郎伝説,桃太郎传说,141,哈德森1987年起的角色扮演游戏系列，改编自桃太郎故事
muchigaku,3,Michigaku|Muchi Gaku,むちがく,141,Pixiv上以丰满体形女学生角色为主题的同人企划
orix_buffaloes,3,Orix Buffaloes|歐力士猛牛,欧力士野牛,141,日本职棒太平洋联盟球队，主场位于大阪
scarz,3,,SCARZ,141,日本本土电子竞技俱乐部，拥有多个项目的职业战队
seifuku_kanojo,3,,制服女友,141,ENTERGRAM的学园恋爱视觉小说
shin_megami_tensei:_strange_journey,3,Shin Megami Tensei: Strange Journey|真・女神転生 STRANGE JOURNEY|真女神转生 深渊奇异之旅,真女神转生：奇异之旅,141,真女神转生系列第四作，2009年发售的NDS角色扮演游戏
sonic_forces,3,Sonic Forces|音速小子 武力,索尼克力量,141,2017年发售的多平台动作游戏，描写索尼克加入抵抗军
taketori_monogatari,3,The Tale of the Bamboo Cutter|the_tale_of_the_bamboo_cutter|竹取物語,竹取物语,141,日本最古老的物语文学，讲述竹中诞生的辉夜姬的故事
tamayura,3,Tamayura|たまゆら,玉响,141,以摄影与濑户内海小镇为舞台的治愈系动画，含OVA与电视系列
teenage_mutant_ninja_turtles_(1987),3,teenage_mutant_ninja_turtles_(80s),忍者神龟（1987动画）,141,忍者神龟的首部动画改编，1987年至1996年播出共十季
the_batman_(2022),3,The Batman|thebatman|新蝙蝠侠(2022)|蝙蝠侠(2022),新蝙蝠侠,141,马特·里夫斯执导、罗伯特·帕丁森主演的2022年蝙蝠侠电影
vcr_gta,3,,VCR GTA,141,以《侠盗猎车手5》为舞台的大型主播角色扮演活动
waka-chan_wa_kyou_mo_azatoi,3,,若酱今天也很会撒娇,141,以少女若酱的撒娇日常为题材的漫画作品
yuuwaku_namaiki_lolita,3,,Yuuwaku Namaiki Lolita,141,成人向视觉小说作品，具体信息不详
acfun,3,AcFun弹幕视频网|A站,AcFun,140,中国大陆的弹幕视频分享网站，被称作A站
ampere_(love_live!),3,Unpair,Ampere,140,Love Live! 莲之空女学院学园偶像俱乐部中DOLLCHESTRA的歌曲
animate_(company),3,,Animate,140,日本大型动漫周边连锁店，在全国设有门店
gears_of_war,3,Gears of War|gearsglory|gearsofwar|战争器械,战争机器,140,Epic Games 开创、微软发行的第三人称射击游戏系列，围绕与兽族的战争
hoshi_wo_miru_hito,3,,观星之人,140,Another开发、HOT-B于1987年发行的FC角色扮演游戏
james_bond_(series),3,007|James Bond|詹姆斯·邦德系列,007系列,140,改编自伊恩·弗莱明小说的英国特工电影系列，共25部
jaws_(movie),3,Jaws|jaws|大白鲨(电影),大白鲨,140,斯皮尔伯格1975年执导的鲨鱼题材惊悚电影
langrisser_ii,3,Der Langrisser|ラングリッサーII|梦幻模拟战2,梦幻模拟战II,140,《梦幻模拟战》系列第二作，1994年登陆Mega Drive，漆原智志担任人设
m@gical_cure!_love_shot!_(vocaloid),3,M@GICAL☆CURE! LOVE ♥ SHOT!|magical_cure_love_shot_(vocaloid),M@gical Cure! Love Shot!,140,SAWTOWNE创作、初音未来演唱的Vocaloid歌曲，获MIKU EXPO十周年歌曲大赛大奖
musou_orochi,3,Warriors Orochi|warriors_orochi|无双OROCHI,无双大蛇,140,光荣特库摩的无双系列联动作品，融合三国与战国武将
neo-traditionalism_of_japan,3,ZUN's Music Collection 第7弹|伊弉諾物質 ～ Neo-traditionalism of Japan.,伊弉诺物质,140,上海爱丽丝幻乐团《ZUN's Music Collection》第7张音乐CD，2012年C82发售
omoide_no_marnie,3,When Marnie Was There|when_marnie_was_there|回忆中的玛妮|思い出のマーニー,记忆中的玛妮,140,吉卜力工作室2014年推出的动画电影，改编自英国小说
senyoku_no_sigrdrifa,3,Warlords of Sigrdrifa|warlords_of_sigrdrifa|戦翼のシグルドリーヴァ,战翼的希格德莉法,140,A-1 Pictures制作的2020年空战动画，融合北欧神话元素
shin_sangoku_musou_origins,3,dynasty_warriors:_origins,真·三国无双 起源,140,真三国无双系列新作，以失忆的流浪者为主角描写汉末乱世
sonic_forces:_speed_battle,3,Sonic Forces Speed Battle|Sonic Forces: Speed Battle|sonicforcesspeedbattle,索尼克力量：极速对决,140,Sega Hardlight开发的手机竞速对战游戏
toushin_toshi,3,,斗神都市,140,AliceSoft开发的视觉小说与迷宫探索RPG系列
ultraman_arc_(series),3,,亚刻奥特曼,140,《奥特曼》系列第36作，主角为亚刻奥特曼
yowamushi_mont-blanc_(vocaloid),3,Coward Montblanc|coward_montblanc_(vocaloid)|弱虫モンブラン|懦弱的蒙布朗,胆小鬼蒙布朗,140,DECO*27创作、GUMI演唱的Vocaloid歌曲，PV由akka制作
anemoi,3,,Anemoi,139,Key于2026年4月发售的视觉小说
bishoujo_mangekyou:_norowareshi_densetsu_no_shoujo,3,美少女万华镜|美少女万華鏡 -呪われし伝説の少女-,美少女万华镜：被诅咒的传说少女,139,《美少女万华镜》系列首作，讲述教师与少女们的故事
gundam_seed_astray,3,Gundam SEED Astray|机动战士高达SEED ASTRAY|高达SEED异端,高达SEED ASTRAY,139,《机动战士高达SEED》的外传漫画，以异端高达与佣兵部队为主角
ichiban_ushiro_no_daimaou,3,Demon King Daimao|demon_king_daimao|いちばんうしろの大魔王|最后大魔王,最后的大魔王,139,水城正太郎的轻小说，2010年改编为动画
id_:_invaded,3,id_:invaded,ID:INVADED,139,NAZ制作的2020年原创动画，由青木英执导
isekai_wa_smartphone_to_tomo_ni.,3,In Another World With My Smartphone|in_another_world_with_my_smartphone|异世界是智能手机与我相伴,带着智能手机闯荡异世界,139,冬原パトラ的异世界轻小说，2017年与2023年两度动画化
kengan_(series),3,Kengan|Kengan Ashura|拳愿阿修罗,拳愿系列,139,描写企业间地下格斗的漫画系列，含拳愿阿修罗与拳愿奥米迦两部
monogatari_series_puc_puc,3,monogatari shiriizu pukupuku|monogatari_shiriizu_pukupuku|〈物語〉シリーズ ぷくぷく,物语系列Puc Puc,139,NHN PlayArt开发的物语系列手机益智游戏
pocketland,3,ポケットランド,Pocketland,139,日本的活动主办方，以点心拟人化插画大赛等活动闻名
project_nebula,3,,Project Nebula,139,VTuber事务所，旗下拥有多名虚拟主播成员
shironagasu-tou_e_no_kikan,3,,シロナガス島への帰還,139,鬼虫兵庫制作的悬疑视觉小说，以孤岛上的连续杀人事件为主题
super_robot_wars_judgement,3,Super Robot Wars J|スーパーロボット大戦J|超级机器人大战Judgement,超级机器人大战J,139,2005 年登陆 GBA 的《超级机器人大战》系列作品
tama_project,3,たまぷろ,Tama Project,139,成人向虚拟主播企划，以多名VTuber角色为中心
the_elder_scrolls_iii:_morrowind,3,,上古卷轴3：晨风,139,上古卷轴系列第三作，2002年发售
world's_end_dancehall_(vocaloid),3,World's End Dancehall|ワールズエンド・ダンスホール|世界尽头舞厅,世界末日舞厅,139,wowaka创作、初音未来与巡音流歌演唱的Vocaloid歌曲
7th_dragon_2020-ii,3,7th Dragon 2020-II|セブンスドラゴン2020-II|第七龙神2020 二,第七龙神2020-II,138,第七龙神2020的直接续作，2013年在PSP发售，新增偶像职业
captain_america:_the_first_avenger,3,Captain America: The First Avenger|美国队长,美国队长：复仇者先锋,138,漫威电影宇宙第五部电影，讲述史蒂夫·罗杰斯的起源
chitose-kun_wa_ramune_bin_no_naka,3,Chiramune|Chitose is in the Ramune Bottle|chiramune|chitose_is_in_the_ramune_bottle|千岁同学在汽水瓶里|千歳くんはラムネ瓶のなか,千岁同学在波子汽水瓶中,138,裕梦的校园轻小说，Raemz负责插画，改编为动画
code_geass:_dakkan_no_roze,3,,Code Geass 夺回的罗塞,138,《Code Geass》系列动画，舞台设在《复活的鲁路修》五年后
comiket_82,3,C82|Comic Market 82|c82|コミックマーケット82,Comic Market 82,138,Comic Market 第82届同人志即卖会，2012年8月10-12日举办
fii-tan_the_figure,3,Fii-tan the Figure|フィーたん,フィギュアのフィーたん,138,在萌えよ！秋叶原人博客连载的四格漫画，主角为手办吉祥物Fii-tan
ghost_of_tsushima,3,Ghost of Tsushima|ghostoftsushima|对马岛之魂|对马战鬼,对马岛之鬼,138,Sucker Punch 开发、索尼发行的 PS4 开放世界动作游戏，舞台为元日战争时的对马岛
girls_creation,3,,Girls Creation,138,DMM 的美术作品拟人化游戏，将画家与作品化为少女
gokushufudou,3,The Way of the Househusband|the_way_of_the_househusband|极道主夫,极主夫道,138,大野康介的漫画，描绘前黑道成员成为家庭主夫的喜剧，改编动画与日剧
guild_cq,3,,Guild CQ,138,日本的独立虚拟主播团体，成员以原创角色形象进行直播活动
hanayori_jyoshiryou,3,Hanayori Joshiryou|花寄女子寮,花寄女子寮,138,2019年出道的四名女性虚拟主播组成的团体，2021年解散
hypnosis_mic:_rule_the_stage,3,,催眠麦克风 Rule the Stage,138,以催眠麦克风世界观为基础的舞台剧系列
ishida_to_asakura,3,Ishida to Asakura|石田とあさくら|石田和朝仓,石田与朝仓,138,河野(masao)的BL漫画，2013年改编为两分钟短篇动画
jubeat,3,ジュビート,jubeat,138,KONAMI的街机音乐节奏游戏
koikishi_purely_kiss,3,,恋骑士 Purely☆Kiss,138,以骑士少女与恋爱为主题的成人向游戏作品
labyrinth_of_touhou_(series),3,,东方迷宫,138,模仿《巫术》与《世界树迷宫》玩法的东方Project同人地牢探索游戏系列
livejupiter_(2channel),3,,LiveJupiter,138,日本2channel论坛的板面之一，主要讨论职业棒球，2004年开设
mahou_shoujo_pretty_sammy,3,魔法少女プリティサミー,魔法少女Pretty Sammy,138,《天地无用》的衍生魔法少女OVA与电视动画，主角为砂沙美
mochipro,3,もちぷろ,Mochi Pro,138,由饼雏子创立的虚拟主播事务所
morinaga_(brand),3,Morinaga|森永乳业|森永制菓,森永,138,1899年创立的日本糖果食品企业，生产牛奶焦糖等产品
pixiv_fantasia_2,3,PF2|pixiv幻想祭2|ピクシブファンタジア 2,Pixiv Fantasia 2,138,Pixiv Fantasia第二届企划，pixiv上的多人奇幻插画创作活动
re:lief_~shin'ai_naru_anata_e~,3,,Re:Lief ～致心爱的你～,138,日本视觉小说，由RASK制作
sly_cooper_(series),3,,狡狐大冒险,138,Sucker Punch开发的潜行动作游戏系列，主角为浣熊怪盗
venus_blade,3,ヴィーナスブレイド|维纳斯之刃,Venus Blade,138,日本的手机游戏，日文名为ヴィーナス†ブレイド
virtual_ant_channel,3,virtual_anto_channel,Virtual Ant Channel,138,指向不明的频道类标签，缺乏可靠的对应资料
winged_fusiliers,3,,Winged Fusiliers,138,Asterisk Kome的奇幻漫画，舞台为鸟人存在的架空历史世界
with_you,3,With You ~みつめていたい~,With You,138,Cocktail Soft与F&C于1999年推出的恋爱视觉小说
world_rally_championship,3,WRC|World Rally Championship,世界汽车拉力锦标赛,138,FIA主办的世界汽车拉力锦标赛，简称WRC
ashita_no_joe,3,Tomorrow's Joe|tomorrow's_joe|あしたのジョー|明日的丈,明日之丈,137,梶原一骑与千叶彻弥的拳击漫画，讲述矢吹丈的拳击人生
circle_of_inevitability,3,Circle of Inevitability|《宿命之环》,宿命之环,137,爱潜水的乌贼的网络小说，《诡秘之主》的续作
dungeon_de_ohanatsumi_nanka_yurushimasen!!,3,,ダンジョンでお花摘みなんか許しません!!,137,花乃美堂创作的漫画作品
holohoneygaoka_koukou,3,holohoneygaoka koukou|ほろはにヶ丘高校,ほろはにヶ丘高校,137,hololive与HoneyWorks合作的歌曲企划，舞台为虚构高中
kami-sama_no_memo-chou,3,Heaven's Memo Pad|heaven's_memo_pad|神様のメモ帳,神的记事本,137,杉井光的轻小说，2011年由J.C.Staff动画化
metal_hero,3,,金属英雄,137,东映制作的金属英雄特摄系列，含宇宙刑事等作品
pokemon:_the_first_movie_-_mewtwo_strikes_back,3,Pokémon: The First Movie|pokemon_m01|精灵宝可梦：超梦的逆袭|超梦梦的反击,超梦的逆袭,137,宝可梦系列首部剧场版，讲述超梦与梦幻的冲突与复制宝可梦
shinra-bansho_(circle),3,,森罗万象（同人社团）,137,kaztora主导的东方同人音乐社团，与Liz Triangle为姊妹社团
aozora_jumping_heart,3,Aozora Jumping Heart|青空跳跃之心,青空Jumping Heart,136,《Love Live! Sunshine!!》动画的片头曲
avengers:_age_of_ultron,3,Avengers: Age of Ultron|复仇者联盟：奥创纪元,复仇者联盟2：奥创纪元,136,漫威电影宇宙作品，2015年上映，复仇者联盟第二部
black_myth:_wukong,3,Black Myth: Wukong|blackmythwukong|黑神话悟空,黑神话：悟空,136,游戏科学开发的动作角色扮演游戏，2024年发售，取材自西游记
boukun_habanero,3,Boukun Habanero|暴君ハバネロ|暴君辣椒,暴君哈瓦那辣椒,136,东鸠推出的哈瓦那辣椒味零食，包装上有暴君角色
castlevania:_nocturne,3,,恶魔城：夜曲,136,Netflix动画恶魔城的独立续篇，改编自血之轮回与月下夜想曲
comiket_83,3,C83|Comic Market 83|c83|コミックマーケット83,Comic Market 83,136,Comic Market 第83届同人志即卖会，2012年12月29-31日举办
dead_rising,3,Dead Rising|deadrising|死亡復甦,丧尸围城,136,卡普空推出的丧尸题材动作游戏，初代登陆Xbox 360
demonherd,3,,Demonherd,136,讲述沉睡千年苏醒的精灵法师与恶魔共享身体的成人RPG
macne_series,3,Macne Series|Mac音シリーズ|Mac音娜娜系列|macloid,Mac音系列,136,MI7 Japan为Mac与GarageBand开发的歌声合成软件系列，代表角色为Mac音Nana
maou_gakuin_no_futekigousha,3,The Misfit of Demon King Academy|the_misfit_of_demon_king_academy|不适合当魔王的学生|魔王学院不適合者,魔王学院的不适合者,136,秋创作的奇幻轻小说，讲述转生的魔王始祖进入子孙学校
mount_celeb_kaneda-san,3,,千金大小姐金田同学,136,にゃろめろん的搞笑漫画，讲述千金小姐金田持子的炫富日常
neko_musume_michikusa_nikki,3,Neko Musume Michikusa Nikki|ねこむすめ道草日記,猫娘道草日记,136,作者Ike的漫画，讲述猫与猫娘间切换的妖怪少女日常
nikki_up2u2:_world_traveller,3,,暖暖环游世界,136,暖暖系列第二作，叠纸开发的换装手游，以环游世界为主题
power_stone,3,Power Stone|力量之石|力量石,能量宝石,136,卡普空推出的3D对战格斗游戏，玩家争夺能量宝石变身
resident_evil_7:_biohazard,3,BIOHAZARD 7|Resident Evil 7|resident_evil_7|residentevil7|恶灵古堡7|生化危机7：生化危机,生化危机7,136,2017年发售的系列第7作，采用第一人称视角回归生存恐怖
saimin_seishidou,3,,催眠性指导,136,愛上陸的成人向同人漫画，讲述学生用催眠冒充性指导
starless,3,,STARLESS,136,资料不足，无法确认所指作品与类型
super_robot_wars_z1,3,Super Robot Wars Z|スーパーロボット大戦Z|机战Z,超级机器人大战Z（初代）,136,《机战Z》三部曲首作，2008 年登陆 PS2
terra_battle,3,,Terra Battle,136,坂口博信领军的MISTWALKER开发、2014年上线的手机战棋角色扮演游戏
thunderbolts_(movie),3,,雷霆特攻队,136,2025年上映的漫威电影宇宙第36部电影，以雷霆特攻队为主角
akatsuki_no_kiseki,3,Akatsuki no Kiseki|英雄伝説 暁の軌跡|英雄传说 晓之轨迹,晓之轨迹,135,Falcom英雄传说系列的手机平台外传，舞台为雷米菲利亚
alia's_carnival!,3,,Alia's Carnival!,135,日本成人向恋爱冒险游戏，具体信息不详
bleach:_the_high_school_warfare,3,,死神 高中战争,135,死神的视觉小说外传，舞台是全员就读的暴力高中
crymachina,3,,CRYMACHINA,135,FuRyu 2023年发行的动作角色扮演游戏
dance_in_the_vampire_bund,3,Dance in the Vampire Bund|Dance in the Vampire Bund 舞动的吸血鬼联盟,吸血鬼同盟,135,环望的漫画，讲述吸血鬼女王与狼人青年的故事，2010年动画化
devil_may_cry_1,3,Devil May Cry|devil_may_cry_(2001)|恶魔猎人|鬼泣初代,鬼泣1,135,2001年登陆PS2的鬼泣系列首作
high_score_girl,3,High Score Girl|ハイスコアガール,高分少女,135,押切莲介的漫画，以90年代街机游戏为背景的恋爱喜剧
holiday_holiday_(tenko)_(love_live!),3,Love Live! Holiday Holiday|ホリデイホリデイ,Holiday Holiday（天狐）,135,天狐发布的短片，莲之空角色跳Holiday∞Holiday
ikazuchi_no_senshi_raidy,3,Ikazuchi no Senshi Raidy|雷の戦士ライディ|雷之战士Raidy,雷之战士莱蒂,135,Zyx推出的美少女游戏系列，讲述战士莱蒂的故事
mad_rat_dead,3,MadRatDead|madratdead|マッドラットデッド|疯狂老鼠之死,Mad Rat Dead,135,日本一软件2020年推出的节奏动作游戏，主角为向人类复仇的实验鼠
mahou_girls_precure!!_~mirai_days~,3,Maho Girls PreCure!! Mirai Days|魔法つかいプリキュア|魔法使光之美少女 未来之日,魔法使光之美少女！！～MIRAI DAYS～,135,《魔法使光之美少女》的续篇动画
mahou_no_princess_minky_momo,3,Magical Princess Minky Momo|magical_princess_minky_momo|魔法のプリンセス ミンキーモモ|魔法小甜心桃子,魔法公主明琪桃子,135,首藤刚志原作的魔法少女动画，主角桃子用魔法为人们带来梦想
mazinkaiser,3,Mazinkaiser|マジンカイザー|魔神皇帝,魔神凯撒,135,魔神Z系列中登场的机体及其OVA作品
mega_man_x5,3,Megaman X5|Rockman X5|rockman_x5|ロックマンX5,洛克人X5,135,洛克人X系列第五作
potemayo,3,Potemayo|土豆麻友|小土豆,ぽてまよ,135,以神秘生物ぽてまよ与少女们的日常为题材的日本漫画与动画作品
prismplus,3,Prism Plus|プリズムプラス,Prismplus,135,日本3DCG制作公司，参与影像与游戏制作，推出过VTuber天神子兎音
reminiscence,3,,Reminiscence,135,资料不足，无法确认作品类型与出处
sakura_photograph_(idolmaster),3,,Sakura Photograph,135,《偶像大师》企划中的歌曲
space_jam,3,Space Jam|太空也入樽|太空大灌篮,空中大灌篮,135,1996 年由迈克尔·乔丹与兔八哥等华纳角色共演的篮球喜剧电影
street_fighter_ex_(series),3,SF EX|Street Fighter EX|street_fighter_ex|street_fighter_ex2|street_fighter_ex3|streetfighterex|快打旋风EX|街头霸王EX2|街头霸王EX3,街头霸王EX,135,Arika 开发、Capcom 发行的 3D 格斗游戏系列
tarzan_(disney_movie),3,,泰山（迪士尼动画）,135,迪士尼1999年动画电影，改编自人猿泰山的故事
trigger_heart_exelica,3,Trigger Heart Exelica|トリガーハート エグゼリカ|扳机之心Exelica,扳机之心 艾克塞莉卡,135,Warashi开发的街机纵版射击游戏，后移植Dreamcast等平台
utakata,3,Utakata|うた∽かた|诗的碎片,诗∽片,135,2004年的奇幻电视动画，讲述两位少女与碎片的故事
bloodline,3,Bloodline|血族BLOODLINE,血族,134,韩国吸血鬼题材漫画，讲述寻找失踪父亲的吸血鬼公主，亦改编为手机游戏
comic_tenma,3,,Comic天魔,134,茜新社出版的成人漫画杂志
detective_pikachu_(movie),3,Detective Pikachu|名侦探皮卡丘|精灵宝可梦 大侦探皮卡丘,大侦探皮卡丘,134,2019年上映的宝可梦首部真人电影
digimon_adventure:_(2020),3,Digimon Adventure:|digimon_adventure:|デジモンアドベンチャー:|数码宝贝大冒险2020|数码暴龙大冒险,数码宝贝大冒险：,134,2020年播出的数码宝贝大冒险重启版动画
dissidia_final_fantasy_opera_omnia,3,DFFOO|Dissidia Final Fantasy Opera Omnia|FINAL FANTASY DISSIDIA OPERA OMNIA|纷争最终幻想,最终幻想：纷争 Opera Omnia,134,最终幻想纷争系列的手机免费回合制角色扮演游戏
doki_doki_majo_shinpan,3,Doki Doki Majo Shinpan|ドキドキ魔女神判,心跳魔女神判,134,SNK Playmore为任天堂DS开发的动作游戏
fitness_boxing,3,Fitness Boxing|フィットボクシング|健身拳击2,健身拳击,134,Imagineer发行的Switch体感拳击健身游戏系列
godzilla_minus_one,3,Godzilla Minus One|ゴジラ-1.0|哥吉拉-1.0|哥斯拉 负一,哥斯拉-1.0,134,2023年东宝制作的哥斯拉电影，描绘战后日本遭哥斯拉袭击
gugure!_kokkuri-san,3,Gugure! Kokkuri-san|电波少女与钱仙大人|繰繰れ! コックリさん|銀仙,银仙,134,远藤绿创作的漫画及2014年动画，讲述少女与狐仙的日常喜剧
gundam_exa,3,Gundam EXA|機動戦士ガンダムEXA|鋼彈EXA,高达EXA,134,以游戏化世界为舞台的高达衍生漫画《机动战士高达EXA》
heartsync,3,,HeartSync,134,北美的虚拟主播事务所，主打带来治愈氛围的活动
hellsing:_the_dawn,3,Hellsing: The Dawn|厄夜怪客外传|地狱之歌 The Dawn,皇家国教骑士团 The Dawn,134,《Hellsing》的前传，舞台为二战，讲述少年阿卡多的过往
hentai_kamen,3,Hentai Kamen|変態仮面|疯狂假面|究極!!変態仮面,变态假面,134,安藤庆周的搞笑格斗漫画，主角用内裤套头获得超能力
honkai:_nexus_anima,3,,Honkai: Nexus Anima,134,米哈游开发的崩坏系列自走棋手机游戏
ikoku_meiro_no_croisee,3,Croisée in a Foreign Labyrinth|croisee_in_a_foreign_labyrinth|ikoku_meiro|异国迷路的十字路口|異国迷路のクロワーゼ,异国迷宫的十字路口,134,武田日向的漫画，讲述日本少女在巴黎的生活，2011年动画化
kuromukuro,3,Kuromukuro|クロムクロ|黑骸KUROMUKURO,黑骸,134,P.A.WORKS 制作的原创机器人动画，2016年播出，冈村天斋执导
kyonyuu_fantasy,3,Funbag Fantasy|funbag_fantasy|巨乳ファンタジー,巨乳幻想,134,Waffle出品的成人向奇幻游戏系列，舞台为名为Eurodia的中世纪幻想世界
makai_senki_disgaea_7,3,Disgaea 7|Makai Senki Disgaea 7|魔界戦記ディスガイア7,魔界战记7,134,《魔界战记》系列第七作，以和风时代剧风格的魔界为舞台
netflix,3,Netflix|奈飛|奈飞,奈飞,134,美国的视频流媒体平台，对推动线上观看潮流影响深远，以自制剧集与电影闻名
omariposa,3,,Omariposa,134,madnopost创作的《OMORI》同人平行世界设定
riviera,3,Riviera|約束の地リヴィエラ|约束之地 利维艾拉|里维埃拉,约束之地,134,Sting的《约束之地》RPG，属于Dept. Heaven系列，2024年推出重制
ryuu_ga_gotoku_8,3,Like a Dragon: Infinite Wealth|like_a_dragon:_infinite_wealth|人中之龙8|如龙8 无尽财富|龍が如く8,如龙8,134,如龙系列第八作，副标题无限财富，春日一番与桐生一马登场
sakigake!!_cromartie_koukou,3,Cromartie High School|Sakigake!! Cromartie Koukou|cromartie|cromartie_high_school|天兵高校|魁！！クロマティ高校,魁!!天兵高校,134,野中英次的搞笑校园漫画，2003年由Production I.G改编为动画
sket_dance,3,SKET DANCE|Sket Dance|Skett Dance|sketdance,学园救援团,134,篠原健太的校园喜剧漫画，2011年由龙之子制作改编动画
stardust_project,3,,StarDust,134,中国的虚拟主播团体
treasure_cafe,3,,Treasure Cafe,134,资料不详，具体作品与体裁未能确认
ultraman_geed_(series),3,Ultraman Geed|ultramangeed|ウルトラマンジード|捷德奥特曼|超人捷德,捷德奥特曼,134,《奥特曼》系列第29作，2017年播出，主角为捷德奥特曼
16bit_sensation,3,16bit Sensation|16bit 感动|16bit_anime|16bital|16bitsensation|16bitセンセーション,16bit的感动,133,以90年代美少女游戏开发为题材的漫画，2023年改编为动画
1hp_club,3,,1HP Club,133,以一群朋友游玩龙与地下城为主题的英文网络漫画
amano_megumi_wa_suki_darake!,3,Amano Megumi wa Suki Darake!|天野めぐみはスキだらけ！|天野惠浑身都是破绽,天野惠浑身是破绽！,133,猫口创作的校园恋爱喜剧漫画
anne_happy,3,ANNE HAPPY|anne-happy|あんハピ♪|安妮快乐,Anne Happy,133,琴慈创作的四格漫画，描写不幸体质少女们的学园生活
basilisk_(manga),3,Basilisk|バジリスク 甲賀忍法帖|甲賀忍法帖,甲贺忍法帖,133,濑川雅树作画、山田风太郎原作的忍者题材漫画及动画
canvas_2,3,Canvas2 ~虹色のスケッチ~|彩虹色的素描,Canvas2～彩虹色的素描～,133,以美术部为舞台的恋爱冒险游戏，系列第二作
crazy_ones,3,Crazy Ones|Singularity × Love Story|シンギュラリティ×ラブストーリー|奇点物语|奇點物語,奇点时代,133,2022年起发行的手机卡牌恋爱游戏，港台版名为《奇点物语》
dr.latency's_freak_report,3,Dr.Latency's Freak Report|dr._latency's_freak_report|燕石博物誌,燕石博物志,133,ZUN's Music Collection第8弹音乐CD，2016年例大祭发售
flesh_blood_&_concrete,3,Flesh Blood & Concrete|fleshbloodconcrete|血肉与混凝土,"Flesh, Blood & Concrete",133,io用RPG Maker制作的恐怖探索游戏
gamera_(series),3,Gamera|ガメラ|卡美拉|大怪兽加美拉,加美拉,133,大映与角川的怪兽电影系列，描绘巨大龟形怪兽加美拉的故事
gamers!,3,Gamers!|ゲーマーズ!|电玩咖,电玩咖！,133,葵关南的轻小说，改编为动画，描绘电玩部成员的青春喜剧
girls_bravo,3,Girls Bravo|ギャルズ・ブラボー|女生万岁,女生万岁！,133,まりお金田的校园恋爱喜剧漫画，2004年起改编动画
horizon_zero_dawn,3,Horizon Zero Dawn|Horizon: Zero Dawn|horizonzerodawn|地平线 期待黎明,地平线：零之曙光,133,Guerrilla Games开发的开放世界动作RPG，主角为猎手亚萝伊
incise_soul,3,,Incise Soul,133,标题为Incise Soul的日本同人游戏作品
iron_lung_(movie),3,,Iron Lung（电影）,133,改编自独立恐怖游戏《Iron Lung》的真人电影，由Markiplier执导并主演
isekai_meikyuu_de_harem_wo,3,Harem in the Labyrinth of Another World|harem_in_the_labyrinth_of_another_world|异世界迷宫的后宫生活|異世界迷宮でハーレムを,异世界迷宫开后宫,133,苏我舍耻原作、冰树一世作画的异世界迷宫冒险漫画，2022年动画化
koutetsu_jeeg,3,steel_jeeg,钢铁吉克,133,永井豪与安田达矢创作的超级机器人漫画，1975年改编动画，英文名Steel Jeeg
macross_zero,3,Macross Zero|マクロスゼロ|超時空要塞ZERO,超时空要塞Zero,133,《超时空要塞》的OVA前传，讲述2008年零式可变战斗机的故事
mortal_kombat_9,3,Mortal Kombat 2011|Mortal Kombat 9|mortalkombat2011|mortalkombat9|真人快打2011,真人快打9,133,NetherRealm开发的2011年格斗游戏，重启系列时间线
nikushoku_jk_mantis_akiyama,3,曼提斯秋山|肉食JKマンティス秋山|肉食JK螳螂秋山～昆虫昆虫料理研究部！,肉食JK螳螂秋山,133,将螳螂、蝗虫等昆虫拟人化为女高中生的料理研究部题材漫画
seirei_tsukai_no_blade_dance,3,Blade Dance of Elementalers|Seirei Tsukai no Blade Dance|精霊使いの剣舞,精灵使的剑舞,133,清水悠的轻小说及改编动画，以精灵使与剑舞姬为题材
soukou_senki_prism_shine,3,Soukou Senki Prism Shine|装甲戦姫プリズムシャイン,装甲战姬 Prism Shine,133,Pin-Point 的同人游戏，与 Prism Reica 同属一个系列
tenshi_no_3p!,3,Angel's 3Piece!|angel's_3piece!|天使の3P！,天使的3P！,133,苍山探创作的轻小说，讲述小学生三人组与少年组成乐队的故事
the_birth_of_venus,3,The Birth of Venus|維納斯的誕生,维纳斯的诞生,133,波提切利1480年代创作的画作，描绘维纳斯从海中诞生的神话
angelic_layer,3,Angelic Layer|机动天使|機動天使エンジェリックレイヤー,天使领域,132,CLAMP的漫画，2001年改编为26集动画，以天使玩偶对战为主题
avataro_sentai_donbrothers,3,Avataro Sentai Donbrothers|暴太郎战队Don Bros.|暴太郎戦隊ドンブラザーズ,暴太郎战队Donbrothers,132,超级战队系列第46作，以桃太郎传说为蓝本的战队作品
camp_buddy:_scoutmaster_season,3,,Camp Buddy: Scoutmaster Season,132,Camp Buddy的续作视觉小说，以队长与教官的恋情为主线
crusaders_quest,3,Crusaders Quest|CrusadersQuest|克鲁赛德,克鲁赛德战记,132,韩国开发的动作角色扮演手机游戏
demon_days_(marvel),3,,Demon Days（漫威）,132,以日本视角重绘漫威宇宙的漫画作品
full_service_(mazjojo),3,Full Service (Mazjojo)|全程服务,Full Service,132,Herculion Games 开发的熊系BL视觉小说，由 Mazjojo 担任主笔插画
gakuen_basara,3,Gakuen Basara|学園BASARA,学园BASARA,132,《战国BASARA》的学园风衍生动画，战国武将化身为学生
hoshi_ori_yume_mirai,3,,星织梦未来,132,Tone Work's的视觉小说，原画由多位画师负责
kirby:_right_back_at_ya!,3,kirby:_right_back_at_ya,星之卡比（动画）,132,2001至2003年播出的卡比动画，由Studio Sign与Studio Comet制作
persona_3_the_answer,3,persona_3_episode_aigis,女神异闻录3 后日谈,132,女神异闻录3的后日谈，以艾吉斯视角展开，后作为Reload的DLC重制
ranma_1/2_kessen_tougenkyou!_hanayome_wo_torimodose!,3,,乱马1/2 决战桃源乡！夺回新娘,132,1992年上映的《乱马1/2》剧场版动画
road_to_ninja:_naruto_the_movie,3,naruto:_road_to_ninja,火影忍者剧场版：忍者之路,132,《火影忍者》第9部剧场版，舞台为角色性格反转的平行世界
senjou_no_electro_girl,3,,戦場のエレクトロガール,132,以战场与电子少女为主题的日本作品系列
senpai_wa_otokonoko,3,,前辈是男孩子,132,ぽむ的恋爱漫画，2024年由Project No.9动画化
steins;gate:_my_darling's_embrace,3,Steins;Gate: My Darling's Embrace|シュタインズ・ゲート ダーリン・オブ・エンブレイス|命运石之门 我的挚爱拥抱,命运石之门：挚爱拥抱,132,《命运石之门》的恋爱题材衍生游戏
super_robot_wars_alpha,3,Super Robot Wars Alpha|スーパーロボット大戦α|机战α,超级机器人大战α,132,《超级机器人大战》的子系列，包含四部作品
the_first_take,3,THEFIRSTTAKE|The First Take|thefirsttake,THE FIRST TAKE,132,日本YouTube音乐企划，歌手以一次不剪辑的方式演唱代表作
tomodachi_no_imouto_ga_ore_ni_dake_uzai,3,,朋友的妹妹只缠着我,132,三河ごーすと创作、トマリ插画的校园恋爱轻小说，有动画改编
ultraman_trigger_(series),3,Ultraman Trigger|ultramantrigger|ウルトラマントリガー|特利迦奥特曼|超人Trigger,特利迦奥特曼,132,《奥特曼》系列第33作，2021年播出，为《迪迦奥特曼》的平行重制
young_justice,3,Young Justice|youngjustice|少年正義聯盟,少年正义联盟,132,DC漫画的少年英雄团队，并有同名动画剧集
akuyaku_reijou_tensei_ojisan,3,From Bureaucrat to Villainess: Dad's Been Reincarnated!|from_bureaucrat_to_villainess:_dad's_been_reincarnated!|从公务员转生为反派大小姐：爸爸转生了！|悪役令嬢転生おじさん,恶役千金转生大叔,131,上山道郎创作的漫画，讲述52岁公务员转生为反派千金
amatsutsumi,3,,アマツツミ,131,Purple Software开发的成人向视觉小说
anne_of_green_gables,3,Anne of Green Gables|akage_no_anne|清秀佳人|红发安妮|绿山墙安妮,绿山墙的安妮,131,蒙哥马利1908年出版的儿童小说，1979年由日本改编为动画
diablo_3,3,Diablo 3|Diablo III|diablo3|暗黑破壞神3,暗黑破坏神3,131,暴雪娱乐2012年推出的动作角色扮演游戏，暗黑破坏神系列第三作
fl_studio,3,Fruity Loops|水果音乐,FL Studio,131,Image-Line开发的数字音频工作站，采用图案式音序器
ikea,3,IKEA|宜家家居,宜家,131,瑞典家具零售连锁品牌，以自行组装家具闻名
kidou_senkan_nadesico_-_prince_of_darkness,3,Martian Successor Nadesico: The Prince of Darkness|martian_successor_nadesico_-_prince_of_darkness|机动战舰Nadesico 暗黑王子|機動戦艦ナデシコ -The prince of darkness-,机动战舰抚子号 暗黑王子,131,《机动战舰抚子号》的剧场版续作，原定三部曲因成绩不佳而中止
kirby_&_the_amazing_mirror,3,kirby_and_the_amazing_mirror,星之卡比 镜之大迷宫,131,Game Boy Advance上的卡比游戏，可在镜之世界探索并召唤伙伴
koiiro_byoutou_(vocaloid),3,Koiiro Byoutou|Love-colored Ward|love-colored_ward_(vocaloid)|恋色病棟,恋色病栋,131,OSTER project 创作、初音未来演唱的Vocaloid歌曲，MV中初音以护士形象登场
monty_python,3,Monty Python|蒙提·派森|蒙提派森,巨蟒剧团,131,英国喜剧团体，1970年代创作节目与多部电影
ore_no_nounai_sentakushi_ga_gakuen_love-comedy_wo_zenryoku_de_jama_shiteiru,3,NouCome|noucome|noukome|俺の脳内選択肢が、学園ラブコメを全力で邪魔している|脑内选项全力阻碍校园恋爱喜剧,我的脑内恋碍选项,131,春日部武的轻小说及2013年动画，主角被迫在脑内二选一的选项间抉择
sengoku_koihime_~otome_kenran_sengoku_emaki~,3,,戦国恋姫～乙女絢爛戦国絵巻～,131,BaseSon的恋姬系列视觉小说，为战国恋姬的续作
sq_(series),3,SQ|SQ从你的名字开始|Tamen de Gushi|sq|sq:_begin_w/your_name!|sq_begin_w/your_name!|tamen_de_gushi,他们的故事,131,坛九创作的中国百合题材网络漫画，围绕少女间的校园日常
ultimate_nipper,3,,Ultimate Nipper,131,指向不明的标签，缺乏可靠的对应作品资料
umamusume:_star_blossom,3,ウマ娘スターブロッサム|赛马娘Pretty Derby Star Blossom,赛马娘 Star Blossom,131,以樱花桂冠为主角的《赛马娘》漫画
warioware:_get_it_together!,3,WarioWare: Get It Together!|ワリオメイド|瓦里欧制造：一起来！,分享同乐！瓦力欧制造,131,Nintendo Switch平台的《瓦力欧制造》系列派对游戏
anastasia_(1997),3,,安娜斯塔西娅,130,1997年上映的美国动画电影，讲述公主安娜斯塔西娅的故事
batman:_the_animated_series,3,BTAS|Batman: The Animated Series|batmantheanimatedseries|蝙蝠侠动画系列,蝙蝠侠：动画版,130,1992年开播的蝙蝠侠动画剧集，DC动画宇宙的开端
battletech,3,BattleTech|战斗技术|机甲战士,战斗科技,130,1984年推出的美国机甲战棋与科幻系列
bokurano,3,Bokurano|ぼくらの|地球防卫少年,我们的,130,鬼头莫宏的青年漫画，讲述孩子们驾驶巨大机器人保卫地球
buta_koushaku,3,,猪公爵,130,合田拍子创作的异世界轻小说，nauribon负责插画
chinese_mythology,3,中华神话|中國神話,中国神话,130,中国古代流传下来的神话与民间故事题材
code_geass:_genesic_re;code,3,,Code Geass Genesic Re;CODE,130,《Code Geass》系列的手机抽卡游戏
deadman_wonderland,3,Deadman Wonderland|デッドマン・ワンダーランド|亡灵幻境,死囚乐园,130,片冈人生与近藤一马创作的漫画，2011年由Manglobe改编动画
futatsu_no_mokuba_(kikuo),3,,Futatsu no Mokuba,130,Kikuo 制作、初音未来与麒轩演唱的歌曲，配有动画迷因
girl's_avenue,3,Girls Avenue,Girl's Avenue,130,《Megami》杂志卷末的原创插画展示栏目
godzilla_(2014),3,Godzilla (2014)|godzilla2014|哥斯拉2014,哥斯拉（2014）,130,2014年传奇影业的首部怪兽宇宙电影
isshuukan_friends,3,One Week Friends|one_week_friends|一周的朋友。|一週間フレンズ。,一周的朋友,130,叶月抹茶的漫画，讲述会忘记朋友的少女与朋友的日常
kirby:_squeak_squad,3,kirby_squeak_squad,星之卡比 多罗奇团,130,任天堂DS上的卡比游戏，可混合复制能力与道具，反派为多罗奇团
koushinism,3,,高信教,130,由ハセカラ骚动衍生的网络恶搞宗教，模仿奥姆真理教的组织形式
lv2_kara_cheat_datta_moto_yuusha_kouho_no_mattari_isekai_life,3,Chillin' in Another World with Level 2 Super Cheat Powers|LV2からチートだった元勇者候補のまったり異世界ライフ|chillin'_in_another_world_with_level_2_super_cheat_powers|从LV2开始开挂的前勇者候补过着悠哉异世界生活,LV2开始开外挂的前勇者候补的悠闲异世界生活,130,鬼ノ城ミヤ的异世界网络小说，讲述LV2就成为最强的前勇者候补的悠闲生活
meshimase_idol,3,,召しませアイドル,130,Sekilala开发的成人恋爱游戏
mimi_wo_sumaseba,3,Mimi wo Sumaseba|Whisper of the Heart|mimi_o_sumaseba|whisper_of_the_heart|心之谷|耳をすませば,侧耳倾听,130,吉卜力工作室1995年动画电影，改编自柊葵的漫画
noein,3,Noein ~もうひとりの君へ~|Noein: To Your Other Self|到另一个你的身边去,诺因,130,2005年播出的SF动画，全名《诺因～去往另一个你身边～》
phony_(cevio),3,Phony (Vocaloid)|フォニイ,Phony,130,tsumiki创作、由CeVIO AI角色可不演唱的歌曲フォニイ
pretty_rhythm_dear_my_future,3,Pretty Rhythm Dear My Future|プリティーリズム・ディアマイフューチャー|星光少女 Dear My Future,美妙旋律 Dear My Future,130,《美妙旋律》第2季动画，延续极光之梦的偶像故事
prototype_(game),3,Prototype|原型兵器|虐杀原型,虐杀原形,130,Radical Entertainment开发的开放世界动作游戏，主角为艾力克斯·墨瑟
saw_(movie),3,saw|夺魂锯|恐惧斗室|电锯惊魂系列,电锯惊魂,130,2004年起推出的美国恐怖电影系列，围绕竖锯杀手设下的死亡游戏
shining_star,3,Shining Star|シャイニングスター|샤이닝스타,闪耀之星,130,韩国的魔法少女偶像题材动画
shoujo_kakumei_utena_adolescence_mokushiroku,3,Adolescence of Utena|adolescence_of_utena|revolutionary_girl_utena_adolescence_apocalypse|revolutionary_girl_utena_the_movie|劇場版少女革命|少女革命外传 思春期默示录,少女革命 思春期默示录,130,少女革命的1999年剧场版动画，采用不同的角色关系与美术
square_live,3,SquareLive|squarelive|台湾Vtuber事务所SquareLive,SquareLive,130,台湾的虚拟主播事务所，旗下有多组 VTuber
sword_oratoria,3,Sword Oratoria|ダンジョン外伝 剣姫神譚|剑姬神圣谭外传,剑姬神圣谭,130,《在地下城寻求邂逅是否搞错了什么》外传，主角为剑姬艾丝·华伦斯坦
togainu_no_chi,3,Togainu no Chi|咎犬之血|咎狗の血,咎狗之血,130,Nitro+CHiRAL2005年发售的BL题材视觉小说，有漫画与动画改编
tsui_no_sora_(remake),3,Tsui no Sora Remake|終ノ空remake|终空重制版,终之空 重制版,130,ケロQ推出的《终之空》重制版视觉小说
abenobashi_mahou_shoutengai,3,Magical Shopping Arcade Abenobashi|abenobashi|magical_shopping_arcade_abenobashi|アベノ橋魔法☆商店街|阿倍野桥魔法☆商店街,阿倍野桥魔法商店街,129,GAINAX制作、山贺博之执导的异世界穿越喜剧动画，2002年播出
boku_no_kanojo_wa_ningyohime!?,3,,僕の彼女は人魚姫!?,129,以人鱼公主为题材的恋爱类作品
cat's_eye,3,Cat's Eye|キャッツ・アイ|猫眼,猫眼三姐妹,129,北条司的怪盗题材漫画，讲述三姐妹暗中盗取艺术品的故事
dragon_poker,3,,Dragon Poker,129,日本手机平台的卡牌对战游戏，资料有限
ed_edd_n_eddy,3,"Ed Edd n Eddy|Ed, Edd n Eddy|ededdneddy|艾德艾德与艾迪",艾德、艾德和艾迪,129,Cartoon Network播出的美国动画，围绕三个同名男孩的恶作剧
fantastic_beasts_and_where_to_find_them,3,Fantastic Beasts|怪兽与它们的产地（台/港）|神奇动物系列,神奇动物在哪里,129,J.K.罗琳创作的《哈利·波特》世界观衍生小说及2016年起改编的电影系列
friendly_rivalry,3,Friendly Rivalry|friendlyrivalry|友好竞争（韩漫）,友好竞争,129,改编自同名网络漫画的韩国悬疑剧，描绘少女之间的友情与竞争
gradius,3,Gradius|グラディウス|银河号战舰,宇宙巡航机,129,KONAMI自80年代起的横版射击游戏系列，以Vic Viper战机为标志
koshotengai_no_hashihime,3,Koshotengai no Hashihime|古书店街的桥姬（BL游戏）|古書店街の橋姫,古书店街的桥姬,129,以东京神保町旧书店街为舞台的BL悬疑视觉小说，2016年发售
mamonomusume_to_no_seikatsu_~ramia_no_baai~,3,魔物娘との生活～ラミアの場合～|魔物娘的生活 蛇女篇,与魔物娘的生活～拉米亚篇～,129,魔物娘题材的成人作品，以拉米亚为主角的篇章
megazone_23,3,Megazone 23|メガゾーン23|无限地带23（OVA）,无限地带23,129,1980年代由AIC制作的赛博朋克机甲OVA系列
milk_inside_a_bag_of_milk_inside_a_bag_of_milk,3,Milk inside a bag of milk|milk_outside_a_bag_of_milk_outside_a_bag_of_milk|milkinsideabagofmilk|milkoutsideabagofmilk|牛奶里的牛奶|袋中牛奶,牛奶袋中的牛奶,129,俄罗斯作者Nikita Kryukov的2020年恐怖视觉小说
neo_ranga,3,Neo Ranga|ネオランガ|南海奇皇（动画）,南海奇皇,129,1998年播出的日本SF动画，以巨大机器人与少女们为核心
nijisanji_gta,3,,彩虹社GTA,129,彩虹社主播集体游玩《GTA5》角色扮演服务器的联动企划
popful_mail,3,Popful Mail（Falcom）|ぽっぷるメイル|波普尔梅尔,Popful Mail,129,日本Falcom开发的横版动作游戏，后移植至多个平台
princess_royale,3,Princess Royale（插画比赛）|公主对决赛（pixiv企划）,Princess Royale,129,pixiv与2.5次元TV2012年举办的神话童话战斗少女插画比赛
riichi_city,3,,Riichi City,129,支持多语言的在线日本麻将平台，含角色抽卡要素
romeo_and_juliet,3,Romeo × Juliet|ロミオ×ジュリエット|罗密欧与朱丽叶（动画版）,罗密欧与朱丽叶,129,莎士比亚的悲剧戏剧，讲述两个世仇家族青年的爱情
saint_october,3,Saint October|セイントオクトーバー|圣十月（动画）,圣十月,129,2007年播出的日本电视动画《圣十月》
sword_art_online:_hollow_fragment,3,Sword Art Online: Hollow Fragment|刀剑神域 ハロウ・フラグメント|刀剑神域虚空碎片,刀剑神域 虚空断章,129,万代南梦宫2014年发行的PSVita角色扮演游戏，采用与原作不同的平行剧情
yojouhan_shinwa_taikei,3,The Tatami Galaxy|tatami_galaxy|the_tatami_galaxy|四叠半的猫|四畳半神話大系,四叠半神话大系,129,森见登美彦的小说，2010年由汤浅政明改编为动画
zootopia_2,3,,疯狂动物城2,129,《疯狂动物城》的续集电影，2025年11月26日上映
blazblue_phase_0,3,BlazBlue Phase 0|ブレイブルー フェイズ0|苍翼默示录Phase 0,苍翼默示录 Phase 0,128,苍翼默示录系列的轻小说，讲述六英雄对抗黑兽的暗黑大战
blue_dragon,3,Blue Dragon|ブルードラゴン|蓝龙（游戏/动画）,蓝龙,128,坂口博信与鸟山明合作的2007年角色扮演游戏，以影子生物战斗为核心
blue_period,3,,蓝色时期,128,山口飞翔的漫画，讲述高中生立志成为画家的成长故事，改编为动画
circus_(studio),3,CIRCUS（游戏公司）|Circus|circus|サーカス,CIRCUS,128,日本美少女游戏公司，代表作《初音岛》系列
cyber_v,3,CyberV|CyberZ旗下子公司|cyberV（虚拟角色制作公司）,cyberV,128,CyberAgent 旗下 3D 虚拟角色制作公司，2020年6月结束运营
demons_roots,3,,Demons Roots,128,RPG Maker制作的成人日式角色扮演游戏，2023年发布
ganso!_bang_dream_chan,3,,元祖！BanG Dream! ちゃん,128,《BanG Dream!》的搞笑派生漫画系列
hardcore_tano-c,3,hardcore_tano_c,HARDCORE TANO*C,128,日本的硬核电子音乐厂牌，以HARDCORE SYNDROME合辑与BEMANI联动闻名
hi-fi_rush,3,Hi-Fi RUSH|HiFi Rush|hifirush|完美音符,完美音浪,128,Tango Gameworks开发、Bethesda发行的节奏动作游戏，2023年发售
isekai_quartet,3,Isekai Quartet|异世界四重奏（动画）|異世界かるてっと,异世界四重奏,128,角川旗下多部异世界轻小说角色共演的Q版跨界搞笑动画
kakuchou_shoujo-kei_trinary,3,Kakuchou Shoujo-kei Trinary|扩张少女系Trinary|拡張少女系トライナリー,扩张少女系TriNary,128,2017年播出的多媒体企划动画《扩张少女系Trinary》
karin_(manga),3,Karin|增血鬼かりん|增血鬼果林（漫画）,增血鬼果林,128,影崎由那的吸血鬼少女校园喜剧漫画，2005年动画化
kengan_ashura,3,Kengan Ashura|kengan_ashura_zero|ケンガンアシュラ|拳愿阿修罗（漫画/动画）,拳愿阿修罗,128,拳愿系列第一部漫画，讲述企业格斗，2019年改编为动画
miffy,3,Miffy|米菲兔|米飞,米菲,128,荷兰画家迪克·布鲁纳创作的儿童绘本角色，白色小兔子形象
muv-luv_unlimited:_the_day_after,3,Muv-Luv The Day After|Muv-Luv奥尔希坦外传|muvluv_unlimited:_the_day_after|マブラヴ アンリミテッド,Muv-Luv Unlimited 那之后的日子,128,Muv-Luv Unlimited的后日谈外传作品
norse_mythology,3,Norse Myth|Norse Mythology|北欧神話,北欧神话,128,古代北欧与日耳曼民族的神话体系，涉及诸神、巨人与怪物
otogi_frontier,3,,Otogi Frontier,128,具体出处未确认的作品标签
pixiv_fantasia_1,3,,Pixiv Fantasia 1,128,Pixiv Fantasia首届企划，描写被灾难侵袭、由五个王国组成的世界
seihantai_na_kimi_to_boku,3,,正相反的你我,128,阿贺泽红茶的恋爱喜剧漫画，2026年冬季动画化
sonic_racing:_crossworlds,3,,索尼克赛车：交叉世界,128,2025年发售的索尼克系列竞速游戏，主打跨世界赛道
vandread,3,Vandread（动画）|ヴァンドレッド|银河冒险战记,银河冒险战记,128,GONZO制作的2000年科幻机甲动画，舞台为男女分居的两个行星
angel_blade,3,Angel Blade|エンジェルブレイド|天使之刃（OVA）,Angel Blade,127,1992年起发售的成人向动画OVA，共三卷，主角为神宫寺萌奈
angel_chromosome_xx,3,Angel Chromosome XX|エンジェルクロモソームXX|天使染色体XX（作品）,使徒XX,127,将新世纪福音战士中的使徒拟人化为少女的手办系列，由吉崎观音设计
asobi_asobase,3,Asobi Asobase|あそびあそばせ|来玩游戏吧,游戏三人娘,127,凉川りん的校园搞笑漫画，描写三名少女的日常
awoke_(love_live!),3,Awake（误写）|Awoke（莲之空歌曲）|DOLLCHESTRA|awoke,Awoke,127,《Love Live! 莲之空女学院学园偶像俱乐部》DOLLCHESTRA的出道曲
clover_point,3,,Clover Point,127,Meteor 的成人视觉小说，原画为ゆい
dive_to_zone,3,Deep Dive（ZONE能量饮料）|Dive to Zone（宣传企划）|Zone-ko,Dive to Zone,127,ZONE能量饮料Deep Dive系列的宣传企划，含吉祥物Zonko
ginga_ojou-sama_densetsu_yuna,3,Galaxy Fraulein Yuna|galaxy_fraulein_yuna|銀河お嬢様伝説ユナ|银河小姐传说尤娜,银河大小姐传说尤娜,127,1990年代初的 PC Engine 游戏与 OVA 系列，主角为神乐坂尤娜
kurai_ano_ko_to_shitai_koto,3,Kurai Ano Ko to Shitai Koto|くらいあの子としたいこと|想和阴沉女孩做的事,想和那个阴暗的女孩做的事,127,怒真夏在Niconico静画连载的网络漫画
makai_shin_trillion,3,Trillion: God of Destruction|魔壊神トリリオン|魔界新神Trillion,魔壊神Trillion,127,Compile Heart为PS Vita开发的角色扮演游戏
marumaru_no_shuyaku_wa_wareware_da!,3,Marumaru no Shuyaku wa Wareware da|wrwrd|○○の主役は我々だ！,〇〇的主役是我们！,127,Niconico动画上的游戏实况创作者团体
monster_hunter_3_g,3,Monster Hunter 3G|モンスターハンター3G|魔物猎人3G（港台）,怪物猎人3G,127,怪物猎人3的加强版，登陆3DS与Wii U平台
need_for_speed,3,Need for Speed|极品飞车系列|极速快感（台）,极品飞车,127,美国艺电发行的赛车游戏系列
prism_recollection!,3,,Prism Recollection!,127,Clochette的成人向视觉小说，Shintarou负责插画
rapunzel's_tangled_adventure,3,Tangled: The Series|tangled:_the_series|长发公主之魔法冒险（港）|魔发奇缘长篇动画,魔发奇缘：系列,127,迪士尼电影《魔发奇缘》的续篇电视动画
space_maria,3,David Liu太空艺术企划|Space Maria（艺术企划）|spacemaria,Space Maria,127,David Liu 的太空主题艺术企划，主打仿 80/90 年代视觉风格
tomb_raider_(reboot),3,Tomb Raider|劳拉与古墓丽影|古墓奇兵（台/港）,古墓丽影（2013重启）,127,2013年发售的《古墓丽影》重启作，讲述劳拉的起源故事
venus_eleven_vivid!,3,,Venus Eleven Vivid!,127,ZigZaGames发行的足球题材手机养成与恋爱游戏
cantarella_(vocaloid),3,Cantarella|カンタレラ|坎塔莱拉（Vocaloid曲）,坎特雷拉,126,黒うさP创作、KAITO与初音未来演唱的Vocaloid歌曲
castle_of_cagliostro,3,The Castle of Cagliostro|ルパン三世 カリオストロの城|卡里奥斯特罗之城,鲁邦三世：卡里奥斯特罗城,126,宫崎骏执导的1979年鲁邦三世动画电影
chouon_senshi_borgman,3,Sonic Soldier Borgman|sonic_soldier_borgman|超音战士Borgman|超音戦士ボーグマン,超音战士,126,1988年播出的科幻战队风格动画，全35集，另有 OVA 系列
coeiroink,3,,Coeiroink,126,Shirowani 开发的免费 AI 语音合成软件，附带多个官方声库角色
famitsu,3,Fami通|ファミ通|电玩通（台）,法米通,126,日本游戏媒体杂志，原名Famicom通信，刊载游戏情报与插画
genmukan,3,Genmukan|幻夢館～愛欲と凌辱の淫罪～|幻梦馆（成人游戏）,幻梦馆,126,由 Tony 负责插画的成人游戏系列，含《幻梦馆》与《真章幻梦馆》
ginga_hyouryuu_vifam,3,Galactic Drifter Vifam|galactic_drifter_vifam|銀河漂流バイファム|银河漂流华尔风（港台）,银河漂流Vifam,126,Sunrise 1983年制作的机器人动画，描绘少年们漂流宇宙的故事
gokurakugai,3,,极乐街,126,佐野优斗2022年起在 Jump Square 连载的漫画
hiroshima_touyou_carp,3,Hiroshima Toyo Carp|hiroshima_carp|hiroshima_toyo_carp|广岛东洋鲤鱼|广岛鲤鱼队,广岛东洋鲤鱼队,126,日本职棒中央联盟的球队，总部在广岛，队色为红白
homestay_a_la_mode,3,,ホームステイ・ア・ラ・モード,126,标题为Homestay à la mode的日本成人向游戏
kirby's_dream_land_2,3,Kirby's Dream Land 2|星之卡比 梦之岛2|星之卡比梦幻岛2,星之卡比2,126,Game Boy平台的系列第二作，卡比与动物伙伴协力对抗暗物质
memories_off_1,3,MO1st|Memories Off|秋之回忆初代,秋之回忆1,126,秋之回忆系列首作
no-rin,3,No-Rin|のうりん|农林（动画/小说）,农林,126,白鸟士郎的轻小说，2011年起由GA文库出版，2014年改编动画，舞台为农业高中
ookami_game_(studio_wasabi),3,okami_game_(werewolf)|werewolf_game_(studio_wasabi)|wolf_game_(studio_wasabi),Ookami Game,126,Studio Wasabi的手机悬疑生存游戏，十二名参加者被迫互相残杀或找出凶手
silent_hill_4:_the_room,3,Silent Hill 4: The Room|silent_hill_4|寂静岭4|沉默之丘4：密室（台）,寂静岭4：密室,126,寂静岭系列第四作，以被封闭在公寓房间中的主角为视角
strange_eden,3,,Strange Eden,126,THINKR 发起的多媒体企划，由三田诚负责世界观与剧本
stratos_4,3,Stratos 4|ストラトス・フォー|斯特拉托斯4,Stratos 4,126,Studio Fantasia 制作的科幻动画，讲述近地轨道防卫队的故事
the_noexistencen_of_you_and_me,3,,The Noexistencen of You and Me,126,Fontainebleau开发、Nino Games于2024年发行的短篇视觉小说
tomie,3,Tomie|富江系列|富江（伊藤润二）,富江,126,伊藤润二创作的恐怖漫画，女主角富江拥有魅惑他人与再生的能力
towako_(akane_shinsha),3,,Towako,126,茜新社发行的不定期成人漫画杂志，以萝莉老太婆题材为主
ace_combat_04,3,,皇牌空战04 破碎的天空,125,皇牌空战系列第四作，2001年登陆PS2，主角为莫比乌斯1
aniplex,3,Aniplex上海|アニプレックス|索尼音乐旗下动画公司,Aniplex,125,索尼音乐娱乐旗下的日本动画制作与发行公司
atsumare!_fushigi_kenkyuubu,3,Atsumare! Fushigi Kenkyuubu|あつまれ！ふしぎ研究部|集合！不思议研究部,集合吧！不可思议研究部,125,安部真弘的校园喜剧漫画，以不可思议研究部的日常为主题
brave_new_world_(webtoon),3,,美丽新世界（韩国网络漫画）,125,韩国网络漫画，讲述被诬告的上班族的故事
captain_america:_civil_war,3,Captain America: Civil War|美国队长3|美国队长：内战,美国队长3：内战,125,漫威电影宇宙第十三部电影，黑豹与蜘蛛侠首次登场
choujuushin_gravion,3,Choujuushin Gravion|超重神|超重神グラヴィオン,超重神Gravion,125,Gonzo 制作、2002年播出的机甲动画，全13集
date_a_live:_rinne_utopia,3,Date A Live: Rinne Utopia|デート・ア・ライブ 凛祢ユートピア|约会大作战 凛绪轮回,约会大作战：凛祢乌托邦,125,《约会大作战》的PS3文字冒险游戏，原创角色园神凛祢登场
fate_trigger:_the_novita,3,,Fate Trigger: The Novita,125,多人在线英雄射击游戏
fushigi_yuugi,3,Fushigi Yuugi|不思議遊戯|魔幻游戏（港台）,不可思议的游戏,125,渡濑悠宇的少女穿越漫画，描绘女主角进入书中世界成为巫女
gira_gira,3,Gira Gira|GiraGira（Ado歌曲）|闪闪发光（意译）,ギラギラ,125,Ado 演唱的歌曲，衍生出角色 Gira-Gira 酱
gwent_(game),3,Gwent|巫师3内置卡牌游戏|巫师之昆特牌,昆特牌,125,源自《巫师》系列的集换式卡牌游戏，后发展为独立的对战游戏
haze/reverb,3,,Haze/Reverb,125,中国的巨大娘题材手机游戏，以角色收集与战斗为主要玩法
kakkou_no_iinazuke,3,,杜鹃的婚约,125,吉河美希的恋爱喜剧漫画，2022年改编为动画
kenkon_no_washi,3,Kenkon no Washi|Li Sakura原创作品|乾坤の鷲,乾坤之鹰,125,画师 Li Sakura 的原创作品系列
kitanai_kimi_ga_ichiban_kawaii,3,,污秽的你最可爱,125,manio 创作的BDSM题材百合漫画，在《百合姬》连载
koukaku_no_regios,3,Chrome Shelled Regios|chrome_shelled_regios|鋼殻のレギオス|钢壳都市雷济欧斯,钢壳都市雷吉欧斯,125,雨木シュウスケ的轻小说，讲述在移动都市中求生的少年，已改编动画
mahou_shoujo_taisen,3,Magica Wars|magica_wars|まほうしょうじょたいせん|魔法少女大戦,魔法少女大战,125,2.5次元电视发起的企划，将日本47个都道府县拟人为魔法少女
mega_man_8,3,Mega Man 8|Rockman 8|rockman_8|ロックマン8 メタルヒーローズ,洛克人8,125,原祖洛克人系列第八作，登陆PS与世嘉土星
milihime_taisen,3,Milihime Taisen|ミリ姫大戦～Militärishe Mädchen～|军武少女卡牌游戏,ミリ姫大戦,125,2012年上线的二战装甲拟人化网页卡牌游戏，2016年停服
musekinin_shuugoutai_(synthesizer_v),3,Synthesizer V歌曲|ム責任集合体|無責任集合体,无责任集合体,125,masarada创作、重音テト演唱的Synthesizer V歌曲
ogami_tsumiki_to_ki_nichijou,3,Ogami Tsumiki to Ki Nichijou|尾守Tsumiki的奇异日常|尾守つみきと奇日常,尾守つみき与奇日常,125,以尾守つみき为主角的日常喜剧漫画
otoca_d'or,3,otoca_doll,Otoca D'or,125,科乐美开发的街机游戏，以多位少女角色为核心
parodius,3,Parodius|パロディウス|帕罗迪乌斯,Q版沙罗曼蛇,125,科乐美开发的搞笑风横版射击游戏，恶搞自家沙罗曼蛇等作品
pixiv_azriel,3,PixivAzriel（pixiv企划）|pix'AZ|ぴくAZ,PixivAzriel,125,Roirne发起的pixiv企划，2012年8月至2013年1月举办
prism_ark,3,Prism Ark|プリズム・アーク|棱镜方舟（游戏）,棱镜方舟,125,Pajamas Soft的恋爱冒险游戏，舞台为魔法王国
robin_hood_(disney_movie),3,,罗宾汉（迪士尼动画）,125,迪士尼1973年动画电影，以拟人化动物演绎罗宾汉故事
shin_kouchuu_ouja_mushiking,3,Shin Kouchuu Ouja Mushiking|新甲虫王者ムシキング|甲虫王者,新甲虫王者,125,甲虫王者系列的后续作品，以甲虫卡牌对战为核心
sonic_the_fighters,3,,索尼克格斗,125,1996年推出的索尼克系列街机格斗游戏
uq_holder!,3,UQ HOLDER! 魔法老师涅吉2|UQ Holder!|UQ持有人,悠久持有者,125,赤松健的漫画，为《魔法老师》的续作，2017年动画化
v_yuusha_no_kuse_ni_namaiki_da_r,3,No Heroes Allowed! R|Vは勇者のくせになまいきだR|no_heroes_allowed!_vr|勇者有点嚣张R（港）,勇者别嚣张R,125,《勇者别嚣张》系列第3作，2017年发售
violet_(ninomae_ina'nis),3,Ninomae Ina'nis原创曲|VIOLET（Ina原创曲）|Violet（指定的魔女）,Violet,125,Ninomae Ina'nis的原创歌曲及其MV中的角色形象
yuba_no_shirushi,3,DMM浏览器游戏|Yuba no Shirushi|ユバの徽,ユバのしるし,125,DMM发行的浏览器与手机游戏
ghost_in_the_shell:_sac_2045,3,Ghost in the Shell: SAC_2045|SAC_2045|koukaku_kidoutai:_sac_2045|sac_2045|攻殻機動隊 SAC_2045,攻壳机动队：SAC_2045,124,《攻壳机动队》的3DCG动画，为 SAC 系列的续作，Netflix 播出
girls_x_vampire,3,,Girls x Vampire,124,三上テレン原作、千草みのり作画的百合漫画与小说
grand_blue,3,GRAND BLUE|グランブルー,碧蓝之海,124,井上坚二原作、吉冈公威作画的潜水社团题材搞笑漫画
hollow_song_of_birds,3,Hollow Song of Birds（东方同人）|东方Project同人游戏|空之鸟鸣,东方真珠岛,124,2019年发布的东方Project同人游戏，标题意为空虚的鸟之歌
honey_and_clover,3,Hachimitsu to Clover|hachimitsu_to_clover|ハチミツとクローバー|蜂蜜幸运草（台）,蜂蜜与四叶草,124,羽海野千花的青春题材漫画，J.C.Staff改编为动画
ice_scream,3,Funamusea多媒体系列|Ice Scream（Funamusea作品）|icescream|アイスクリーム,Ice Scream,124,Funamusea的多媒体系列作品，含漫画与小游戏
jimmy_neutron_(series),3,,天才小子吉米,124,Nickelodeon的美国CG动画，由2001年电影《天才小子吉米》衍生
jingai_makyou,3,Jingai Makyou|Nitro+游戏|塵骸魔京,尘骸魔京,124,Nitroplus的成人视觉小说，原画为Nishii
kaze_tachinu,3,the_wind_rises|风立ちぬ|风起了,起风了,124,宫崎骏执导、吉卜力2013年的动画电影
making_lovers,3,Making*Lovers|メイキング・ラバーズ|制作恋人（直译）,Making Lovers,124,SMEE开发的恋爱喜剧视觉小说
pumpkin_scissors,3,Pumpkin Scissors|パンプキン・シザーズ|南瓜剪刀（漫画/动画）,南瓜剪刀,124,岩永亮太郎的军事题材漫画，并有动画改编
shouryuu_senki_tenmu,3,,Shouryuu Senki Tenmu,124,以升龙战记为名的日本奇幻题材作品
sora_no_kanata_no_dystopia_x_shitei,3,,Sora no Kanata no Dystopia ×Shitei,124,资料不足，无法确认所指作品与类型
tokidoki_bosotto_roshia-go_de_dereru_tonari_no_alya-san_puzzle_party!,3,,俄语艾莉同学 Puzzle Party!,124,《不时轻声地以俄语遮羞的邻座艾莉同学》改编的手机益智游戏
uchuu_kaizoku_captain_harlock,3,Space Pirate Captain Harlock|宇宙海賊ハーロック|宇宙海贼哈洛克,宇宙海盗哈洛克船长,124,松本零士的科幻漫画，1977年起连载，1978年由东映改编为动画
windows_2000,3,Windows2000|windows2000,Windows 2000,124,微软面向专业用户推出的操作系统，与Windows ME同期
yotsuba_no_senki_clover_rose,3,Yotsuba no Senki|四葉の戦姫クローバーローゼ,四叶的战姬 Clover Rose,124,以Pixiv为中心展开的插画与同人创作系列
zenonzard,3,ゼノンザード,ZenonZard,124,万代南梦宫的手机卡牌对战游戏
1925_(vocaloid),3,,1925,123,T-POCKET创作、初音未来演唱的歌曲
300_(movie),3,300勇士|三百壮士,斯巴达300勇士,123,改编自弗兰克·米勒漫画的2007年电影，讲述温泉关战役的三百斯巴达战士
calbee_(potato_chips),3,Calbee|卡乐B,卡乐比,123,日本的薯片与休闲食品品牌
chiccha_na_watashi_(synthesizer_v),3,ちっちゃなわたし,小小的我,123,Masarada创作、重音テト演唱的Synthesizer V歌曲
doushitara_osananajimi_no_kanojo_ni_naremasu_ka!?,3,,怎样才能成为青梅竹马的女朋友！？,123,八坂しゅう创作的百合漫画
grand_theft_auto:_san_andreas,3,GTA圣安地列斯|侠盗猎车：圣安地列斯,侠盗猎车手：圣安地列斯,123,2004年发售的开放世界游戏，系列首度加入体力与饮食等养成要素
hibana_(vocaloid),3,Hibana|ヒバナ,火花,123,DECO*27创作、初音未来演唱的Vocaloid歌曲
huayangshan_jishi,3,,华阳山记事,123,以华阳山为舞台的中文作品
ichigeki_sacchuu!!_hoihoi-san,3,一击杀虫小惠惠|一撃杀虫!!ホイホイさん,一击杀虫！！小惠惠,123,田中久仁彦的漫画，讲述杀虫机器人小惠惠
journey,3,Journey|旅,风之旅人,123,thatgamecompany开发的PS3情感冒险游戏
kamikaze_explorer!,3,Kamikaze Explorer!|カミカゼ☆エクスプローラー！,神风探险家！,123,Clochette的美少女游戏，原画为御敷仁
kirby's_dream_land,3,Kirby's Dream Land|卡比之星,星之卡比（初代）,123,系列首作，1992年登陆Game Boy，卡比首次登场，帝帝帝大王夺走食物
mirumo_de_pon!,3,ミルモでポン！|咪路咪路,魔法咪路咪路（Mirumo de Pon!）,123,篠塚ひろむ的魔法喜剧漫画，改编为动画
obenkyou_shitoiteyo,3,,お勉強しといてよ,123,VOCALOID歌曲，歌名意为「先好好学习吧」
orguss,3,超时空世纪奥格斯|超時空世紀オーガス,超时空世纪Orguss,123,1980年代展开的机器人动画系列，由Big West参与制作
otorimonogatari,3,物语系列·鬼物语,囮物语,123,西尾维新《物语》系列第10作，主角为千石抚子，2013年随《物语系列 第二季》动画化
pokemon_3:_the_movie_-_spell_of_the_unown:_entei,3,Pokemon 3|pokemon_m03|宝可梦 结晶塔的帝王|精灵宝可梦剧场版3,结晶塔的帝王,123,宝可梦系列第3部剧场版，围绕未知图腾与炎帝、结晶塔展开
princess_crown,3,Princess Crown|公主的王冠,公主皇冠,123,Atlus1997年为世嘉土星开发的横版动作RPG，团队后成立Vanillaware
smooooch,3,smooooch・∀・,smooooch,123,kors k创作的乐曲，首次收录于beatmania IIDX 16 EMPRESS
tobaku_haouden_zero,3,Gambling Emperor Legend Zero|gambling_emperor_legend_zero|赌博覇王伝 零|赌博霸王传零,赌博霸王传 零,123,福本伸行创作的赌博题材漫画，主角宇海零以运气与计谋对抗不义
toraware_no_kami-sama_to_tabi_no_shoujo,3,,被囚之神与旅途少女,123,资料不详，具体作品与体裁未能确认
towelket_wo_mou_ichido,3,タオルケットをもう一度,Towelket wo Mou Ichido,123,Kanashimi Hotchkiss用RPG Maker 2000制作的恐怖游戏系列
tsuyaza_no_tengu,3,,つやざの天狗,123,资料不详，具体作品与体裁未能确认
unhappy_refrain_(vocaloid),3,アンハッピーリフレイン,Unhappy Refrain,123,wowaka创作、初音未来演唱的VOCALOID歌曲
youkai_hyakki-tan!,3,妖怪百姫譚|妖怪百姫譚！,妖怪百姬谭,123,围绕妖怪少女展开的漫画短篇集
alpaca_connect,3,,Alpaca Connect,122,提供TRPG在线跑团平台的公司，平台系统名为Lulmuhu
ambitious_mission,3,,Ambitious Mission,122,日本作品，具体作者与内容不详
aoki_ryuusei_spt_layzner,3,Blue Comet SPT Layzner|blue_comet_spt_layzner|苍之流星|蓝色流星,苍之流星SPT雷兹纳,122,日升制作的科幻机器人动画，1985年至1986年播出
blazblue:_calamity_trigger,3,BlazBlue|苍翼默示录·灾厄触发器,苍翼默示录 厄运触发,122,苍翼默示录系列首作，2008年推出的街机格斗游戏
boyfriend_to_death,3,,Boyfriend to Death,122,2016年的猎奇向视觉小说，2017年推出续作
comiket_72,3,C72|Comiket72|c72,Comic Market 72,122,Comic Market 第72届同人志即卖会，2007年8月17-19日举办
contrast_(idolmaster),3,,Contrast,122,《学园偶像大师》中篠泽广演唱的歌曲
don't_starve,3,Don't Starve|don'tstarve|dontstarve|别饿死,饥荒,122,Klei Entertainment开发的生存沙盒游戏，画风独特
fearless_night,3,无畏之夜,Fearless Night,122,Shobu Games开发的独立格斗游戏
godzilla_x_kong:_the_new_empire,3,godzillaxkongthenewempire|哥斯拉×金刚：新帝国|哥斯拉大战金刚：帝国崛起,哥斯拉大战金刚2：帝国崛起,122,2024年怪兽宇宙电影，为《哥斯拉大战金刚》的续集
gokukoku_no_brynhildr,3,Brynhildr in the Darkness|brynhildr_in_the_darkness|极黑的布伦希尔特|極黒のブリュンヒルデ,极黑的布伦希尔德,122,冈本伦的科幻漫画，描绘拥有预知能力的少女与男主的逃亡，改编动画
hololive_error,3,HololiveError|hololiveerror,Hololive ERROR,122,Cover制作的hololive恐怖多媒体企划，含VR游戏与漫画
hua_jianghu_zhi_bei_mo_ting,3,,画江湖之杯莫停,122,中国国产3D武侠动画，画江湖系列作品之一
new_pokemon_snap,3,New Pokémon Snap|New 宝可梦快照|New宝可梦随乐拍,宝可梦随乐拍,122,任天堂Switch的拍照游戏，为N64《宝可梦随乐拍》的续作
phantom_busters,3,,Phantom Busters,122,日本成人向作品，登场角色包括式野茂利等
serial_experiments_lain_(ps1_game),3,,玲音（PS1游戏）,122,改编自玲音动画的1998年PlayStation生存恐怖冒险游戏
stellar_blade:_blood_rain,3,,剑星：血雨,122,《剑星》的续作
the_boondocks,3,,乡下人,122,2005年至2014年播出的美国成人动画，聚焦非裔美国人的生活
the_legend_of_zelda:_four_swords,3,The Legend of Zelda: Four Swords|四支剑|塞尔达传说 四人之剑,塞尔达传说 四支剑,122,塞尔达传说系列第九作，2002年随GBA众神的三角神力移植版同捆发售
tokimeki_memorial_girl's_side_2nd_kiss,3,ときめきメモリアルGirl's Side 2nd Kiss|心跳回忆女生版2,心跳回忆 Girl's Side 2nd Kiss,122,科乐美女性向恋爱模拟游戏《心跳回忆 Girl's Side》第二作
bakemono_no_ko,3,the_boy_and_the_beast|バケモノの子|怪物的孩子,怪物之子,121,细田守执导的动画电影，2015年上映，舞台为人类与妖怪的世界
bernard-jou_iwaku.,3,バーナード嬢曰く。|伯纳德小姐曰,伯纳德小姐说。,121,施川由宇季的四格漫画，以读书少女伯纳德为主角
black_rock_shooter:_dawn_fall,3,Black Rock Shooter: Dawn Fall|black_rock_shooter_(dawn_fall)|黑岩射手 黎明坠落,黑岩射手DAWN FALL,121,黑岩射手系列的2022年电视动画
chunichi_dragons,3,中日ドラゴンズ|中日龙队,中日龙,121,日本职业棒球中央联盟球队，主场位于爱知县
codename_wa_sailor_v,3,Sailor V|codename:_sailor_v|水兵V|美少女战士V,代号是水兵V,121,《美少女战士》的前传漫画，主角为爱野美奈子
cryamore,3,,Cryamore,121,NostalgiCO 开发的动作冒险角色扮演独立游戏，原画为 Robaato
girls'_generation,3,Girls' Generation|SNSD,少女时代,121,韩国 SM 娱乐旗下的女子组合，2007年出道
grisaia_phantom_trigger,3,Grisaia Phantom Trigger|グリザイア ファントムトリガー,灰色幻影扳机,121,Frontwing的《灰色》系列美少女游戏，以狙击手学园的少女们为主角
gundam_side_story:_the_blue_destiny,3,,机动战士高达外传 蓝色命运,121,世嘉土星的高达游戏，讲述EXAM系统与蓝色命运机体的故事
hanamonogatari,3,物语系列·花物语,花物语,121,西尾维新《物语》系列第六部，主角为神原骏河与沼地蜡花
i_became_a_god_in_a_horror_game,3,,I Became a God in a Horror Game,121,标题意为在恐怖游戏中成神的网络小说或漫画
kagaminomachi_no_kaguya,3,kagami_no_machi_no_kaguya|kagaminochou_no_kaguya|鏡の町のかぐや|镜野町的辉夜公主,镜野町的辉夜,121,草薙とんぼ的民间传说题材漫画
kaku-san-sei_million_arthur,3,diffusion_million_arthur|扩散性MA|扩散性百万阿瑟王,扩散性百万亚瑟王,121,SQUARE ENIX的手机卡牌RPG
kirby's_star_stacker,3,kirby's_super_star_stacker,卡比的星星堆叠,121,Game Boy平台的卡比益智游戏，通过配对卡比伙伴方块消除得分
kirisame_ga_furu_mori,3,Forest of Drizzling Rain|雾雨之森|霧雨が降る森,雾雨降临之森,121,Hoshikuzu KRNKRN 用RPG Maker制作的免费恐怖解谜游戏
live_union,3,ライブユニオン,Live Union,121,日本的虚拟歌手组合，成员包括阎魔琉璃等多位虚拟歌手
magicami,3,MGCM|Magicami DX|magicami_dx|magicamidx|マジカミ,Magicami,121,Studio MGCM的暗黑魔法少女题材战术JRPG，另有18禁版本Magicami DX
mahou_shoujo_site,3,Magical Girl Site|magical_girl_site|魔法少女Site|魔法少女site,魔法少女网站,121,佐藤健太郎创作的黑暗魔法少女漫画，2013年开始连载
mortal_kombat_x,3,Mortal Kombat X|mortalkombatmobile|mortalkombatx|mortalkombatxmobile|真人快打X（游戏）,真人快打X,121,真人快打系列第10部正传，故事设定在9代20年后
neon_genesis_evangelion_gakuen_datenroku,3,Neon Genesis Evangelion: Campus Apocalypse|neon_genesis_evangelion:_campus_apocalypse|新世纪福音战士 学园堕天录|新世纪福音战士 学院堕天录,EVA学园堕天录,121,EVA的衍生漫画，在平行世界的学园舞台描写使徒以人形现身的故事
phantasy_star_portable_2_infinity,3,PSP2i|ファンタシースターポータブル2 インフィニティ|梦幻之星P2无限,梦幻之星 携带版2 无限,121,梦幻之星携带版2的续作，2011年登陆PSP
sergestid_shrimp_in_tungkang,3,Sergestid shrimp|东港樱花虾,东港樱虾,121,台湾以东港樱花虾拟人化为主题的企划，含小说与插画
sutare_yume,3,,すたれゆめ,121,Mogeko 创作的漫画《Obsolete Dream》
tales_of_crestoria,3,,Tales of Crestoria,121,传说系列的手机游戏，以原创角色与系列角色共演为特色
tenkaichi_nihon_saikyou_bugeisha_ketteisen,3,Tenkaichi|テンカイチ|天下一,天下一 日本最强武艺者决定战,121,中丸洋介原作、东恭太郎作画的淘汰赛格斗漫画，登场人物多为战国武将
the_last_supper,3,最后的晚餐（达芬奇）,最后的晚餐,121,达·芬奇绘于米兰圣玛利亚感恩教堂的壁画，描绘耶稣与门徒的最后晚餐
tokyo_necro_suicide_mission,3,,Tokyo NECRO Suicide Mission,121,《Tokyo Necro》改编的战棋角色扮演外传游戏
tsuki_wa_higashi_ni_hi_wa_nishi_ni,3,Hani Hani|Tsuki wa Higashi ni Hi wa Nishi ni|月在东边日在西边,月は東に日は西に,121,August开发的成人向恋爱游戏，后改编为电视动画
ura-omote_lovers_(vocaloid),3,Two-Faced Lovers|Ura-Omote Lovers|two-faced_lovers_(vocaloid)|two-sided_lovers_(vocaloid)|表裏恋人,表里恋人,121,wowaka创作、初音未来演唱的VOCALOID歌曲
wolf's_rain,3,Wolf's Rain|wolf'srain|狼之雨,狼雨,121,BONES制作的2003年电视动画，讲述四匹狼寻找乐园的旅程
aharen-san_wa_hakarenai,3,aharen-san_is_indecipherable|あばれんさんははかれない|无法测量的阿波连|阿波连同学无法测量,阿波连同学,120,水安里创作的校园恋爱喜剧漫画，2022年改编为动画
comptiq,3,コンプティーク,Comptiq,120,KADOKAWA 发行的漫画与游戏综合杂志
dame_x_prince,3,,dame×prince,120,日本乙女向恋爱游戏企划，2018年改编为电视动画
disney_fairies,3,,奇妙仙子,120,迪士尼《小飞侠》的衍生企划，以汀克·贝尔等仙子为主角
euphoria_(clockup),3,Euphoria（游戏）,euphoria,120,Clockup 2011年推出的18禁文字冒险游戏，7人被囚于密室
gatchaman,3,Gatchaman|battle_of_the_planets|神勇飞鹰侠|科学忍者队,科学小飞侠,120,龙之子1972年制作的科幻英雄动画，描绘五位忍者队员组成的战队
guild_wars_(series),3,,激战,120,ArenaNet开发、NCSoft发行的MMORPG系列，以买断制无需月费为特色
hajimari_wa_kimi_no_sora,3,Hajimari wa Kimi no Sora|Love Live Superstar!!出道曲|开始是你的天空,始まりは君の空,120,《Love Live! Superstar!!》中Liella!的首张单曲
hentai_elf_to_majime_orc,3,変態エルフと真面目オーク|好色精灵和正直兽人,变态精灵与正经兽人,120,tomokichi的漫画，讲述好色精灵与立誓禁欲的兽人之间的故事
hirake!_ponkikki,3,ひらけ!ポンキッキ,Hirake! Ponkikki,120,富士电视台1973年开播的儿童电视节目，角色有Gachapin与Mukku
jaku-chara_tomozaki-kun,3,bottom-tier_character_tomozaki,弱角友崎同学,120,屋久ユウキ原作、Fly插画的轻小说，描绘游戏玩家改写校园生活
kaette_kita_ultraman,3,return_of_ultraman|returnofultraman|奥特曼杰克|帰ってきたウルトラマン|杰克奥特曼,归来的奥特曼,120,1971年圆谷制作的奥特曼系列第4作，主角为杰克奥特曼
marriagetoxin,3,,婚姻毒素,120,静脉原作的动作恋爱喜剧漫画
otokonoko_ni_nacchatta_joshikousei,3,,变成男孩子的女高中生,120,讲述女高中生变成男生的漫画，与《全是你的错》为同一世界观
oyasumi_punpun,3,Goodnight Punpun|goodnight_punpun|おやすみプンプン,晚安布布,120,浅野一二〇创作的漫画，描写少年布布成长中的灰暗日常
phantom_of_inferno,3,Phantom of Inferno|幻灵镇魂曲,Phantom,120,Nitroplus出品的文字冒险游戏，以杀手与少女的逃亡为主线
pink_bitch_club,3,,Pink Bitch Club,120,Vivinos创作的网络动画系列，登场角色有夏洛特等
sasami-san@ganbaranai,3,Sasami-san@Ganbaranai|ささみさん＠がんばらない|佐佐木同学@不努力,佐佐木小姐不加油,120,以家里蹲少女为主角的日本轻小说及改编动画
seventeen_(group),3,,SEVENTEEN,120,韩国Pledis旗下的13人男子偶像团体，以自作曲与分队活动闻名
shining_musume,3,,Shining Musume,120,以少女角色为主题的作品条目，名称与光明系列相近
silent_hill_1,3,Silent Hill|寂静岭（初代）,寂静岭（初代）,120,1999年发售的PS平台生存恐怖游戏，寂静岭系列首作
steelblue_mirage,3,Steelblue Mirage|蒼青のミラージュ|蒼青幻影,苍青幻影,120,以军舰拟人少女为主题的战略养成游戏
the_truman_show,3,,楚门的世界,120,金·凯瑞主演的1998年电影，主角发现自己的整个人生是一档真人秀
trinity_blood,3,Trinity Blood|トリニティ・ブラッド,圣魔之血,120,吉田直创作的吸血鬼题材轻小说，有漫画与动画改编
umihara_kawase,3,うみはらかわせ,海腹川背,120,SUCCESS的钩绳动作游戏系列，1994年首发于SFC，以橡皮钩索为特色
wild_flower,3,野花,Wild Flower,120,以野花为主题的作品标签，具体内容不详
witch's_island,3,,Witch's Island,120,ppotatornado创作的韩国百合漫画，2022年开始连载
zesshaka!_shiritsu_yotsuwa_joshi_gakuin_zetsumetsu_kigu-sha_gakka,3,,ぜっしゃか! 私立四ツ葉女子学院絶滅危惧種学科,120,以濒危物种学科为舞台的校园漫画
amakano,3,アマカノ,Amakano,119,あざらしそふと开发的成人向恋爱冒险游戏，后推出OVA
ao_oni,3,青色鬼|青鬼（游戏）,青鬼,119,noprops制作的恐怖逃脱游戏，玩家在洋馆中躲避蓝鬼
attouteki_yuugi_mugen_souls,3,Mugen Souls|压倒性游戏|圧倒的遊戯ムゲンソウルズ,压倒性游戏 无界魂,119,Compile Heart的角色扮演游戏，主角为拥有八重人格的少女
boku_no_kanojo_sensei,3,My Teacher-Girlfriend|僕のカノジョ先生,我的女友老师,119,鏡遊执笔、oryo插画的恋爱喜剧轻小说，讲述与老师交往的故事
callsign:_cedar,3,codename:_cedar,代号：雪松,119,中国开发的即时战术角色扮演游戏
dororon_enma-kun,3,Dororon Enma-kun|ghastly_prince_enma_burning_up|ドロロンえん魔くん|怪童炎魔君,土罗土罗炎魔君,119,龙之子制作1973年播出的动画，2011年推出重制版
grimgrimoire,3,GrimGrimoire|格林魔书（游戏）,格林魔书,119,Vanillaware开发、日本一发行的PS2魔法题材即时战略游戏
jerma985,3,Jerma|jerma,Jerma985,119,美国Twitch主播Jeremy Elbertson，以怪诞幽默与梗闻名
jojo_no_kimyou_na_bouken:_eyes_of_heaven,3,Eyes of Heaven|JOJO的奇妙冒险 天堂之眼,JOJO的奇妙冒险 天堂之眼,119,CyberConnect2开发的JOJO题材3D对战游戏
joker_game,3,JOKER GAME|Joker Game,鬼牌游戏,119,柳广司的间谍小说，2016年春改编为电视动画
kamen_rider_x_(series),3,假面骑士X（昭和）|幪面超人X,假面骑士X,119,昭和假面骑士系列第3作
kamikakushi_no_eden,3,,神隐的伊甸,119,sahara386创作的2023年漫画，连载于Comic Vamp
kono_naka_ni_hitori_imouto_ga_iru!,3,Nakaimo|kono_naka_ni_hitori_imouto_ga_iru|nakaimo|この中に1人、妹がいる!|这里面有一个妹妹！,其中一个是妹妹！,119,田口一原作的轻小说，讲述寻找同班妹妹的恋爱喜剧，2012年改编动画
magna_carta,3,,真名法典,119,韩国Softmax开发的角色扮演游戏系列，2001年首作问世
melancholic_(vocaloid),3,メランコリック,Melancholic,119,Junky创作、镜音铃演唱的VOCALOID歌曲
metroid_prime_1,3,Metroid Prime|metroid_prime_remastered|银河战士PRIME|银河战士Prime,密特罗德Prime,119,系列首款第一人称3D作品，2002年登陆GameCube
needy_girl_overdose_(anime),3,,主播女孩重度依赖（动画）,119,主播女孩重度依赖的动画改编，含原创角色
neko_no_ongaeshi,3,the_cat_returns|猫の恩返し|猫咪的报恩,猫的报恩,119,吉卜力2002年动画电影，讲述少女被卷入猫王国婚事
otona_no_moeoh,3,Otona no Moeoh|おとなの萌王,大人的萌王,119,《电击萌王》的成人向衍生刊物
raving_rabbids,3,Raving Rabbids|ravingrabbids|疯兔|雷曼疯兔,疯狂兔子,119,育碧的疯狂兔子系列游戏，最初源于《雷曼》
tako_takover_(ninomae_ina'nis),3,,Tako Takover,119,hololive English成员Ninomae Ina'nis的原创歌曲，插画由本人绘制
the_legend_of_vox_machina,3,Critical Role第一季动画|The Legend of Vox Machina|critical_role:_campaign_i,Vox Machina传奇,119,基于跑团节目Critical Role第一季改编的成人动画，2022年起在Prime Video播出
toward_the_terra,3,,奔向地球,119,竹宫惠子1977年创作的科幻漫画，有1980年剧场版与2007年TV动画
uchi_no_maid_ga_uzasugiru!,3,Uzamaid|ウチのメイドがウザすぎる!|我家女仆太烦人了！,我家女仆有够烦！,119,中村カンコ的漫画，讲述前自卫官女仆与萝莉主人的日常喜剧，2018年动画化
unionism_quartet,3,,Unionism Quartet,119,指向不明的标签，缺乏可靠的对应作品资料
aoi_hana,3,蓝花|青い花,青之花,118,志村贵子的百合漫画，描写少女之间的恋情
arms_note,3,,ARMS NOTE,118,深井涼介的插画系列，描绘持未来武器的少女，并有figma与画集
daiakuji,3,,大恶司,118,AliceSoft 2001年推出的模拟类成人游戏，Dai系列首作
feiren_zai,3,,非人哉,118,一汪空气创作的中国漫画，取材自中国神话角色
gankutsuou,3,岩窟王（动画）|巌窟王,岩窟王,118,GONZO 2004年制作的科幻动画，改编自《基督山伯爵》
hello_planet_(vocaloid),3,ハロー、プラネット。,ハロー、プラネット。,118,sasakure.UK创作、初音未来演唱的Vocaloid歌曲
kawaikereba_hentai_demo_suki_ni_natte_kuremasu_ka?,3,HenSuki|hensuki|只要可爱即使是变态你也喜欢吗|変好き,只要长得可爱，即使是变态你也喜欢吗？,118,花间灯原作、sune插画的恋爱喜剧轻小说，2019年动画化
keijo!!!!!!!!,3,Keijo|keijo|竞女|竞技女孩,竞女!!!!!!!!,118,空咏大智的漫画，以水上竞技场用胸臀较量的运动题材
kiss_x_sis,3,Kiss×sis|kiss×sis|亲吻姐妹,亲吻姐姐,118,ぢたま某创作的恋爱后宫漫画，讲述少年与两位继姐的同居日常，有动画改编
koukaku_no_pandora,3,Koukaku no Pandora|紅殻のパンドラ|红壳潘多拉,红壳的潘多拉,118,士郎正宗原作、六道神士作画的科幻漫画，2016年改编动画
loona_(group),3,,LOONA,118,韩国Blockberry Creative旗下的女子组合，2016年成团、2022年解散
lost_sword:_tales_of_britania,3,,Lost Sword: Tales of Britania,118,Code Cat开发、Wemade Connect发行的自动战斗扭蛋游戏，取材亚瑟王传说
ng_knight_lamune_&_40,3,NG Knight Lamune & 40|NG騎士ラムネ&40|NG骑士拉姆内&40,NG骑士柠檬汽水&40,118,苇Production制作的1990年机器人搞笑动画，共38话，主角被吸入游戏世界
outer_wilds,3,,星际拓荒,118,以时间循环为核心的太空探索游戏，玩家扮演炉边人调查消失的挪麦文明
phantom_of_the_opera,3,The Phantom of the Opera|剧院魅影|歌剧院的幽灵,歌剧魅影,118,以巴黎歌剧院中的怪人为主角的经典音乐剧题材作品
stranger_things,3,,怪奇物语,118,达菲兄弟创作的美国超自然科幻网络剧
teen_titans_go!,3,Teen Titans Go!|teen_titans_go|teentitansgo|少年泰坦GO|少年泰坦GO!出击,少年泰坦出击,118,改编自少年泰坦的Q版搞笑动画，2013年起播出
the_citadel,3,Citadel|beyond_citadel|the_citadel_ecchi|the_citadel_game|堡垒,The Citadel,118,doekuramori制作的原创第一人称射击游戏，为Beyond Citadel的前作
torikissa!,3,とりきっさ!,Torikissa!,118,标题为とりきっさ!的日本作品，具体内容未能确认
watashi_no_tame_ni_nuginasai!,3,为我而脱|私のために脱ぎなさいっ！,为了我脱光吧！,118,Kurou创作的百合漫画
7th_dragon_iii,3,セブンスドラゴンⅢ|第七龙神3|第七龙神III code:VFD,第七龙神III code:VFD,117,第七龙神系列最后一作，登陆3DS，舞台为2100年的东京
abbey_road,3,Abbey Road|修道院之路,艾比路,117,披头士乐队1969年发行的专辑，封面为斑马线上的四人
arcturus,3,,Arcturus,117,韩国Gravity与Sonnori开发的角色扮演游戏，2000年推出
dora_the_explorer,3,,爱探险的朵拉,117,尼克儿童频道播出的美国儿童动画，主角为拉丁裔女孩朵拉
genji_tsuushin_agedama,3,Genji Communication Agedama|ゲンジ通信あげだま|源氏通信あげだま,源氏通信Agedama,117,Studio Gallop 1991年制作的51集喜剧动画
internet_survivor,3,Internet Survivor|インターネットサバイバー,网络幸存者,117,COOL&CREATE制作的东方同人歌曲，改编自芙兰朵露主题曲
lost_technology,3,LostTechnology|losttechnology|失落的科技,Lost Technology,117,基于《Vahren》世界观的即时战略游戏
mega_man_battle_network_(anime),3,MegaMan NT Warrior|megaman:ntwarrior|megamanntwarrior|洛克人EXE动画|露碧曼EXE,洛克人EXE（动画）,117,改编自游戏《洛克人EXE》的电视动画，2002年起播出
metroid_(classic),3,Metroid|银河战士|银河战士初代,密特罗德（初代）,117,系列首作，1986年登陆FC磁碟机
otome_kaibou_(vocaloid),3,Otome Dissection|Otome Kaibou|otome_dissection_(vocaloid)|乙女解剖,少女解剖,117,DECO*27创作的VOCALOID歌曲，由初音未来演唱
otome_youkai_zakuro,3,Otome Youkai Zakuro|乙女妖怪ざくろ|妖怪少女石榴,少女妖怪石榴,117,星野リリィ的漫画，2006年起连载，2010年由J.C.STAFF改编动画
pandora_party_project,3,,Pandora Party Project,117,Re:version运营的日本文字RPG企划，玩家可委托绘制原创角色并参与线上剧情
paryi_project,3,ParyiPro|趴哩计划,Paryi Project,117,画师Paryi设计的虚拟主播团体，2019年解散后成员各自独立
ragnarok_origin,3,RO起源|Ragnarok Origin|仙境传说RO：起源,仙境传说：起源,117,以《仙境传说》为原作的手机MMORPG
raramagi,3,,Raramagi,117,Wright Flyer Studio与A-1 Pictures开发的学园冒险RPG手机游戏
refrain_no_chika_meikyuu_to_majo_no_ryodan,3,Labyrinth of Refrain: Coven of Dusk|labyrinth_of_refrain:_coven_of_dusk|レフレインの地下迷宮と魔女ノ旅団|魔女的旅团,鲁弗兰的地下迷宫与魔女的旅团,117,日本一Software的回合制迷宫探索RPG，原田武人负责角色设计
rise_up_high!_(love_live!),3,Rise Up High|rise up high|rise_up_high!,Rise Up High!,117,《Love Live! 虹咲学园》剧场版插曲，大阪雫的参赛曲
shiawasena_neet_no_sodatekata,3,幸せなニートの育て方|幸福家里蹲的养成方法,幸福尼特的养育方法,117,围绕抚养家里蹲青年展开的日本作品
taiyou_no_kiba_dougram,3,Fang of the Sun Dougram|fang_of_the_sun_dougram|太阳之牙Dougram|太陽の牙ダグラム,太阳之牙达格拉姆,117,高桥良辅执导、日升制作的1981年写实系机器人电视动画，全75集
the_devil_and_s-13,3,Devil and S-13|The Devil and S13,The Devil and S-13,117,名含恶魔与S-13的作品，具体出处不详
turning_red,3,Turning Red|变红|青春变形记 2022,青春变形记,117,皮克斯2022年上映的动画电影，华裔少女情绪激动时会变成红熊猫
valkyrie_drive_-siren-,3,Valkyrie Drive Siren|ヴァルキリードライヴ シレーヌ|女武神驱动：塞壬,女武神驱动Siren,117,《女武神驱动》企划的iOS与Android社交游戏
yunyun_denpa_syndrome,3,,Yunyun Denpa Syndrome,117,受电波歌曲与早期Niconico文化影响的节奏游戏
akai_ito,3,Akai Ito|红线赤之绊|赤い糸,红线,116,Success发行的恐怖百合冒险游戏，登陆PS2平台
buta_no_liver_wa_kanetsu_shiro,3,Butareba|butareba:_the_story_of_a_man_turned_into_a_pig|heat_the_pig_liver|猪肝要煮熟|豚のレバーは加熱しろ,猪肝记得要煮熟再吃,116,境田琢磨的异世界轻小说，2023年由Project No.9改编为动画
cardcaptor_sakura:_memory_key,3,,魔卡少女樱 回忆钥匙,116,以魔卡少女樱故事与角色为内容的授权抽卡游戏
choo_choo_train,3,Choo Choo TRAIN|ちゅうちゅうトレイン,Choo Choo Train,116,Zoo 的90年代日本流行歌曲，2003年由 EXILE 翻唱并带起舞蹈模仿热潮
courage_the_cowardly_dog,3,Courage the Cowardly Dog|胆小的狗英雄,胆小狗英雄,116,Cartoon Network 播出的美国恐怖喜剧动画，主角为胆小的小狗英雄
dragon_age_2,3,Dragon Age II|dragonage2|闇龙纪元II|龙腾世纪II,龙腾世纪2,116,BioWare开发的2011年角色扮演游戏，系列第二作
dungeons_&_dragons:_chronicles_of_mystara,3,Chronicles of Mystara|D&D：秘影历代记|地牢与巨龙：秘影历代记,龙与地下城：秘影历代记,116,卡普空1990年代基于《龙与地下城》制作的街机横版动作合集
echoes_of_vision,3,,Echoes of Vision,116,Azure Flame Studio开发的3D回合制策略游戏，玩家扮演危机应对局局长
elemental_gelade,3,Elemental Gelade|elemental_gerad|erementar_gerad|erementargerad|エレメンタルジェレイド|武器种族传说G,武器种族传说,116,东麻由美创作的漫画及改编动画，讲述人与圣战天使的羁绊
endless_monday:_dreams_and_deadlines,3,,Endless Monday: Dreams and Deadlines,116,hcnone开发并绘制插画的独立视觉小说，2023年5月发售
gad_guard,3,GAD GUARD|ガドガード,钢铁守护者,116,GONZO 2003年制作的反乌托邦机器人动画
gakkou_no_kaidan_(anime),3,Ghost Stories|ghost_stories|学校の怪談|鬼学校物语,学校怪谈,116,改编自常光彻同名儿童读物的2000年动画，描绘校园灵异故事
ghost_rider_(series),3,,恶灵骑士,116,漫威漫画中以摩托车骑士为主角的超级英雄系列
himawari_no_kyoukai_to_nagai_natsuyasumi,3,,ひまわりの境界と長い夏休み,116,枕社的成人向恋爱游戏，略称为ひまなつ
ji_peng_gou_you,3,Ji Peng Gou You|栔朋狗友,雪山游泳馆,116,以雪山游泳馆为题的简体中文作品
kingdom_hearts_iv,3,,王国之心IV,116,系列第四部正传作品，2022年公布，目前仍在开发中
kishibe_rohan_wa_ugokanai,3,Thus Spoke Rohan Kishibe|thus_spoke_rohan_kishibe|岸边露伴完全不动|岸辺露伴は動かない,岸边露伴一动不动,116,《JOJO的奇妙冒险》的外传，以第四部角色岸边露伴为主角
mikagura_gakuen_kumikyoku,3,Mikagura Gakuen Kumikyoku|ミカグラ学園組曲,御神乐学园组曲,116,Last Note.创作的Vocaloid歌曲系列，衍生出轻小说与动画
motto!_haramase!_honoo_no_oppai_chou_ero_appli_gakuen!,3,,もっと!孕ませ!炎のおっぱい超エロアプリ学園!,116,Milk Factory于2019年发行的成人视觉小说
never_gonna_give_you_up,3,Rickroll|rickroll|不会放弃你|瑞克摇滚,Never Gonna Give You Up,116,Rick Astley于1987年发行的歌曲，后成为网络恶作剧「Rickroll」的代表
page_of_lambda,3,,Page of Lambda,116,彩虹社组合三笨蛋的平行世界奇幻设定企划，登场角色有莉泽等
pocahontas_(movie),3,,风中奇缘（迪士尼动画）,116,迪士尼1995年推出的动画电影，改编自波卡洪塔斯的故事
project_diva_x,3,Project DIVA X|初音未来歌姬计划X,初音未来 歌姬计划X,116,歌姬计划系列第6作的节奏游戏
puyopuyo_7,3,Puyo Puyo 7|ぷよぷよ7|魔法气泡7,噗哟噗哟7,116,系列第7作，新增巨大化模式，多名旧角色回归
rune_factory_1,3,ルーンファクトリー|新牧场物语·符文工房|符文工厂1,符文工房1,116,符文工厂系列首作，Nintendo DS平台的幻想牧场角色扮演游戏
samurai_sentai_shinkenger,3,Samurai Sentai Shinkenger|侍戦隊シンケンジャー,侍战队真剑者,116,超级战队系列第33部作品，2009年播出
sei_zenra_jogakuen,3,,性全裸女学園,116,womi创作的原创成人向漫画系列
shocking_party,3,Shocking PARTY|ショッキングパーティー,Shocking Party,116,Love Live!动画的插曲，由A-RISE演唱
taimadou_gakuen_35_shiken_shoutai,3,Anti-Magic Academy: The 35th Test Platoon|anti-magic_academy:_the_35th_test_platoon|対魔導学園35試験小隊,对魔导学园35试验小队,116,柳实冬贵创作的轻小说，2015年改编为电视动画
tetsujin_28-gou,3,Tetsujin 28-gō|鉄人28号|铁人28,铁人28号,116,横山光辉1956年起连载的机器人漫画，为最早的超级机器人动画之一
the_king_of_fighters_2000,3,KOF 2000|KOF2000|kof2000|格斗之王2000,拳皇2000,116,SNK拳皇系列第七作，追加援护角色系统
toaru_kagaku_no_accelerator,3,To Aru Kagaku no Accelerator|to_aru_kagaku_no_accelerator|とある科学の一方通行|某科学的一方通行,某科学的一方通行,116,《魔法禁书目录》外传漫画及动画，以一方通行为主角
viprpg,3,VIP RPG|VIPRPG系列,VIPRPG,116,2ch VIP板用户用RPG Maker制作的游戏群
youkoso!_sukebe_elf_no_mori_e,3,ようこそ！スケベエルフの森へ|欢迎来到涩涩精灵森林,欢迎来到好色精灵的森林,116,Lune于2017年推出的成人游戏，葵渚负责原画
brigadoon,3,BRIGADOON まりんとメラン|Brigadoon 玛琳与麦兰|深海之布里加顿,深海之Brigadoon,115,日升制作的2000年科幻动画，全26集，舞台是1969年的日本
darling_dance_(vocaloid),3,Darling Dance 摇摆舞|ダーリンダンス,Darling Dance,115,Kairiki Bear创作、初音未来演唱的VOCALOID歌曲
domino's_pizza,3,Domino's Pizza|达美乐披萨,达美乐比萨,115,1960年创立的美国披萨连锁品牌
dune_(series),3,Dune|dune|dune_(movie)|沙丘魔堡,沙丘,115,弗兰克·赫伯特1965年的科幻小说及其影视改编系列，故事发生在厄拉科斯
hitozukiai_ga_nigate_na_miboujin_no_yukionna-san_to_noroi_no_yubiwa,3,,不擅长交际的寡妇雪女与诅咒戒指,115,puuzaki puuna的同人志系列，2021年起在DLsite发布
kara_no_shoujo,3,,壳之少女,115,Innocent Grey的悬疑成人游戏
kubo-san_wa_mob_wo_yurusanai,3,Kubo Won't Let Me Be Invisible|kubo_won't_let_me_be_invisible|久保さんは僕を許さない|久保同学不会放过我,久保同学不放过我,115,雪森宁宁创作的校园恋爱喜剧漫画，讲述邻座少女与不起眼男生的互动
kuma_kuma_kuma_bear,3,Kuma Kuma Kuma Bear|くまクマ熊ベアー,熊熊勇闯异世界,115,くまなの创作的轻小说，讲述穿熊装备的少女在异世界冒险，已改编动画
lunar_2:_eternal_blue,3,Lunar 2：Eternal Blue|ルナ2 エターナルブルー|露娜2 永恒蓝,露娜2 永恒之蓝,115,Game Arts的角色扮演游戏，1994年发售于世嘉CD
mega_man_x2,3,rockman_x2,洛克人X2,115,洛克人X系列第二作
ophelia_(painting),3,Ophelia|奥菲利娅|奥菲莉亚肖像,奥菲莉亚,115,英国拉斐尔前派画家米莱的油画，描绘《哈姆雷特》中奥菲莉亚溺水前的歌唱
private_room_2,3,,Private Room 2,115,资料不足，无法确认作品类型与出处
re:zero_kara_kasaneru_isekai_seikatsu,3,,Re:从零开始的异世界生活 强欲IF,115,《Re:从零》2016年愚人节发布的IF线外传，通称强欲IF
sd_gundam_gaiden,3,SDガンダム外伝|SD钢弹外传,SD高达外传,115,SD高达中以骑士与奇幻风格机体为主的分支，又名骑士高达系列
sengoku_koihime,3,,戦国恋姫,115,以战国武将少女化为题材的日本游戏系列
shinobi_nightmare,3,,シノビナイトメア,115,世嘉发行的手机角色扮演游戏，以忍者与妖怪少女为主题
sogna,3,Sogna公司|ソニヤ,Sogna,115,1990年至2003年的日本成人游戏公司，以VIPER系列闻名
the_memories_of_phantasm,3,The Memories of Phantasm|幻想万華鏡|满福神社,幻想万华镜,115,同人社团满福神社制作的东方Project同人动画系列
wario_land_4,3,Wario Land 4|瓦利欧乐园4|瓦里奥大陆4,瓦利欧大陆4,115,GBA平台的《瓦利欧大陆》作品，为任天堂内部开发的最后一作
windows_11,3,,Windows 11,115,微软2021年发布的操作系统，符合条件者可免费升级
.hack//roots,3,.hack//Roots|dothackroots|创世纪传说//根源|骇客时空//根源,黑客时空//根源,114,黑客时空系列动画，是游戏G.U.的直接前传
aliens_(1986),3,Aliens|异形续集,异形2,114,詹姆斯·卡梅隆执导的1986年科幻动作电影，为异形续集
american_dad!,3,American Dad!|american_dad|americandad|美国老爸,美国老爹,114,塞思·麦克法兰等创作的美国成人动画，讲述CIA探员一家
anima_yell!,3,アニマエール！|叫喊吧！应援,Anima Yell!,114,卯花つかさ的啦啦队题材四格漫画，2018年由动画工房改编为动画
aoi_shiro,3,Aoishiro|アオイシロ|蓝色城堡,青城,114,Success发行的百合视觉小说，与《红线》属同一系列
bendy_and_the_ink_machine,3,Bendy and the Ink Machine|bendyandtheinkmachine|班迪与墨水机器,班迪与油印机,114,恐怖解谜游戏，舞台为废弃的动画工作室
busou_shoujo_machiavellism,3,Armed Girl's Machiavellism|armed_girl's_machiavellism|武装少女マキャヴェリズム,武装少女马基雅维利主义,114,黒神遊夜原作、神崎かるな作画的剑术学园战斗喜剧漫画
cyberlive,3,CyberLive官方频道|Cyberlive,CyberLive,114,英语圈虚拟主播团体，2022年由公司运营转为独立团体
empty_x_embryo,3,Empty x Embryo|E×E,Empty×Embryo,114,悬疑题材视觉小说，别名E×E
fields_of_mistria,3,,Fields of Mistria,114,NPC Studio开发的农场模拟与RPG游戏，2024年开启抢先体验
futurama,3,Futurama,飞出个未来,114,马特·格罗宁创作的美国科幻喜剧动画，主角弗里从千年前冷冻苏醒
juukishi_cutie_bullet,3,Cutie Bullet|Juukishi Cutie Bullet|銃騎士 Cutie☆Bullet,铳骑士Cutie★Bullet,114,Effordom Soft的视觉小说，原画与角色设计为结城鶸
kamen_rider_amazon_(series),3,Kamen Rider Amazon|假面骑士AMAZON|幪面超人亚马逊,假面骑士亚马逊,114,1974年播出的假面骑士系列第4作
koumajou_densetsu_1,3,Touhouvania|koumajo_densetsu_1|touhouvania_1|红魔城伝説|红魔城传说 绯色交响曲,红魔城传说 绯色交响曲,114,东方Project同人游戏《红魔城传说》第一作，恶魔城风格的动作游戏
koutsugou_semi-friend,3,Convenient Semi-Friend|convenient_semi-friend.|便利半友|好都合セミフレンド,好都合半朋友,114,千种みのり创作的百合四格漫画，英文标题 Convenient semi-friend
kuso_zako_choroin_nishiga_hachi,3,Kuso Zako Choroin Nishiga Hachi|渣渣小卒西贺蜂,クソザコチョロイン西賀蜂,114,kamatama 在pixiv连载的搞笑网络漫画，2019年起发布
luminous_arc_2,3,Luminous Arc 2|ルミナスアーク2|光辉之弧2,弧光之源2,114,《弧光之源》系列第二作，NDS平台的战略角色扮演游戏
momoiro_taisen_pairon,3,,桃色大戦ぱいろん,114,以美少女角色对战为主题的日本网络卡牌游戏
osawari_tantei,3,Touch Detective|touch_detective|おさわり探偵|触摸侦探小沢里奈,触摸侦探,114,NDS平台的推理解谜游戏系列，主角为侦探小泽里奈
power_pro-kun_pocket_9,3,,Power Pro-kun Pocket 9,114,力量棒球君Pocket系列第9作的棒球养成游戏
project_luminasys,3,,Project Luminasys,114,画师ohisashiburi创作的偶像企划，由14名角色与5支队伍组成
saibai_shounen,3,,Mandrake Boys,114,韩国Owlogue公司开发的养成类休闲游戏，可培育植物少年
sentai_daishikkaku,3,Go! Go! Loser Ranger!|Ranger Reject|go!_go!_loser_ranger!|ranger_reject|戦隊大失格,战队大失格,114,春场葱的漫画，2021年起在周刊少年Magazine连载
shin_no_nakama_janai_to_yuusha_no_party_wo_oidasareta_no_de_henkyou_de_slow_life_suru_koto_ni_shimashita,3,,我被逐出队伍后过上慢生活,114,被逐出勇者队伍的战士在边境开药草店过慢生活的轻小说，2021年动画化
slayers_try,3,Slayers TRY|魔剑美神TRY,秀逗魔导士TRY,114,秀逗魔导士动画的第三季，采用原创剧情
soushisouai_lolita,3,,相思相愛ロリータ,114,同人社团夜之羊于 2014 年发售的成人视觉小说
star_gladiator,3,Star Gladiator|星际格斗,星际斗士,114,Capcom 于 1996 年推出的 3D 武器格斗游戏
sucker_for_love,3,,Sucker for Love,114,资料不足，无法确认所指作品与类型
suketto_sanjou!,3,Suketto Sanjou|助っ人参上!!,帮手登场！,114,Rakko 创作的成人漫画，2022 年由 Pink Pineapple 改编为 OVA
synduality,3,,SYNDUALITY,114,万代南梦宫发起的科幻多媒体企划，围绕机甲与仿生人搭档展开
teamfight_tactics,3,TFT|Teamfight Tactics|英雄联盟：云顶之弈,云顶之弈,114,拳头游戏开发的自走棋游戏，以英雄联盟宇宙为背景
the_milkmaid,3,The Milkmaid|倒牛奶的女人|挤奶女工,倒牛奶的女仆,114,维米尔创作的荷兰风俗油画，描绘窗边女仆向罐中倒牛奶的场景
tiger_division,3,,Tiger Division,114,漫威漫画中以韩国超级英雄组织为主角的系列
v-lup,3,,V-LUP,114,指向不明的标签，缺乏可靠的对应团体资料
viper_rsr,3,V.RSR|VIPER RSR|Viper RSR|viper-rsr,VIPER-RSR,114,Sogna的《VIPER》系列成人游戏
wario_land:_shake_it!,3,Wario Land: Shake It!|Wario Land: The Shake Dimension|wario_land:_the_shake_dimension|wario_land_shake|瓦里奥大陆：摇晃！,瓦利欧大陆 摇晃,114,《瓦利欧大陆》系列在Wii平台的作品，由Good-Feel开发
where's_wally?,3,where's_waldo|where's_wally,威利在哪里？,114,Martin Handford的图画书系列，读者需在人群中找出威利
cafe_sourire,3,カフェ・スーリル|カフェ・ソーリル,Cafe Sourire,113,具体题材与出处均不详的作品
comiket_78,3,C78|Comic Market 78|c78,Comic Market 78,113,Comic Market 第78届同人志即卖会，2010年8月13-15日举办
comiket_80,3,C80|Comic Market 80|c80,Comic Market 80,113,Comic Market 第80届同人志即卖会，2011年8月12-14日举办
dear_vocalist,3,,Dear Vocalist,113,Rejet出品的乙女向广播剧系列，插画由suou绘制
densetsu_no_yuusha_no_densetsu,3,The Legend of the Legendary Heroes|伝説の勇者の伝説,传说中勇者的传说,113,镜贵也创作、丰田沙织插画的轻小说，2010年改编动画
elf_all-stars_datsuijan,3,,エルフオールスターズ脱衣雀,113,日本出品的脱衣麻将游戏系列
future_gpx_cyber_formula,3,未来GPX Cyber Formula|闪电霹雳车|高智能方程式赛车,高智能方程式,113,Sunrise 1991年播出的赛车动画，以未来方程式赛事为舞台
getter_robo_arc,3,Getter Robo Arc|ゲッターロボ アーク|三一万能侠ARC,盖塔机器人ARC,113,盖塔系列第五部漫画，石川贤遗作，2021年改编动画
ghost_rule_(vocaloid),3,ゴーストルール|幽灵法则,Ghost Rule,113,DECO*27 制作、初音未来演唱的 VOCALOID 歌曲
gujian_qitan_(series),3,,古剑奇谭系列,113,中国GAMEBAR出品的仙侠题材角色扮演游戏系列
haou_airen,3,Haou Airen|覇王愛人,霸王爱人,113,新条真由的少女漫画，以暴力与情色描写为特色
heroes_of_the_storm,3,Heroes of the Storm|heroesofthestorm|暴雪英霸,风暴英雄,113,暴雪娱乐的MOBA游戏，汇集旗下多款作品的角色
iczer_(series),3,Iczer|战斗吧！！伊库萨1|戦え!!イクサー1,伊库萨,113,平野俊弘创作的80至90年代机器人OVA系列
issho_ni_training,3,いっしょにとれーにんぐ|一起训练,一起来训练,113,与动画少女一起做健身操的教学短片系列
knight_of_erin,3,,Knight of Erin,113,同人社团 Sugar Star 发行的成人向游戏作品
magicorps_(alterkyon),3,,Magicorps,113,画师alterkyon的原创魔法少年系列作品
mahou_no_yousei_persia,3,,魔法の妖精ペルシャ,113,Studio Pierrot1984年夏季制作的魔法少女动画，为系列第二作
mega_man_x3,3,Mega Man X3|Rockman X3|rockman_x3|洛克人X3代,洛克人X3,113,洛克人X系列第三作
memories_off_2nd,3,,秋之回忆2,113,秋之回忆系列第二作
miracle_paint_(vocaloid),3,Miracle Paint|ミラクルペイント|奇迹油漆,ミラクルペイント,113,OSTER project创作、初音未来演唱的爵士风Vocaloid歌曲
negative_frames,3,,Negative Frames,113,parororo创作的网络漫画
oishinbo,3,Oishinbo|美味しんぼ|美味大挑戰,美味大挑战,113,雁屋哲原作、花咲アキラ作画的料理漫画，1983年起连载并有动画
pia_carrot_e_youkoso!!_g.o.,3,,欢迎来到Pia Carrot!!G.O.,113,系列作品G.O.，2006年发售的恋爱模拟游戏
ren'ai_x_royale,3,,恋愛×ロワイアル,113,ASa Project2020年11月发售的成人向视觉小说
tengen_toppa_gurren_lagann:_lagann-hen,3,Gurren Lagann 螺巌篇|天元突破紅蓮螺巖 螺巖篇|螺岩篇,天元突破红莲螺岩 螺岩篇,113,改编自天元突破红莲螺岩的第二部剧场版动画，2009年上映
2020_summer_olympics,3,2020东京奥运|东京奥运会|第三十二届夏季奥林匹克运动会,2020年东京奥运会,112,原定2020年在东京举行的第32届夏季奥运会，因疫情延期至2021年
akiiro_renka,3,,秋色恋華,112,Purple software开发的成人向恋爱游戏，原画为月杜寻等人
amiami_(company),3,amiami|amiami_english|amiami_global|amiami_korea|あみあみ|爱咪爱咪,AmiAmi,112,日本动漫周边与模型零售商，经营线上商店
aoku_haruka,3,,Aoku Haruka,112,《Love Live! 莲之空女学院学园偶像俱乐部》Cerise Bouquet的歌曲
castlevania:_aria_of_sorrow,3,,恶魔城 晓月圆舞曲,112,GBA平台的恶魔城系列作品，主角为来须苍真
codename:_bakery_girl,3,Bakery Girl|bakerygirl|codenamebakery|代号：面包少女|逆向坍塌：面包房行动,面包房少女,112,MICA Team 开发、与《少女前线》同世界观的前传游戏，2013年发行
command_&_conquer:_red_alert_2,3,Command & Conquer: Red Alert 2|command_and_conquer:_red_alert_2|redalert2|命令与征服：红色警戒2|红警2,红色警戒2,112,《红色警戒》系列第二作，讲述苏联入侵美国，另有《尤里的复仇》
dinosaur_king,3,Dinosaur King|古代王者 恐竜キング|古代王者恐龙王,恐龙王,112,世嘉推出的恐龙卡牌街机游戏，并有日升改编动画
dodonpachi_saidaioujou,3,Dodonpachi II|怒首領蜂最大往生|怒首领蜂4,怒首领蜂最大往生,112,Cave开发的怒首领蜂系列最新作弹幕射击游戏
dragon_half,3,ドラゴンハーフ|半龙少女|龙之半,Dragon Half,112,见田龙介1988至1994年创作的漫画，1993年推出两集OVA
gekkou_no_carnevale,3,月光ノカーニヴァル|月光狂欢节|月光狂歡節,月光嘉年华,112,Nitroplus 出品的BL视觉小说，以月光嘉年华为名
granbelm,3,,GRANBELM,112,Nexus制作的2019年原创动画，渡边政治执导、大冢真一郎设计角色
grimms_notes_gakuen,3,,格林笔记 学园,112,《格林笔记》的现代校园平行世界外传，角色以学生形象登场
halloween_(movie),3,Halloween|月光光心慌慌|月光光心慌慌系列,万圣节（电影）,112,约翰·卡朋特1978年的美国恐怖电影，讲述迈克尔·迈尔斯的连环杀人
izayoi_no_hanayome,3,,十六夜的花嫁,112,日本作品《十六夜的花嫁》，相关信息较少
jijou_wo_shiranai_tenkousei_ga_guigui_kuru.,3,My Clueless First Friend|my_clueless_first_friend|事情を知らない転校生がグイグイくる。,不知情的转学生总是凑上来,112,川村拓的校园喜剧漫画，2023年由Studio Signpost动画化
kirby's_dream_buffet,3,Kirby's Dream Buffet|卡比的饗宴|星之卡比：美食节,卡比的美食节,112,星之卡比系列的Nintendo Switch派对游戏，玩法类似《糖豆人》
knights_college,3,,Knights College,112,以骑士学院为主题的作品标签，具体内容不详
kurano_kun_chi_no_futago_jijou,3,仓野家的双胞胎故事|仓野家的双胞胎日常|倉野くんちのふたご事情,仓野家的双子情事,112,CUBE 出品的恋爱游戏，以仓野家三对双胞胎的日常为主题
los_angeles_lakers,3,洛杉矶湖人|湖人|湖人队,洛杉矶湖人队,112,位于洛杉矶的NBA球队，共17次夺得总冠军，与凯尔特人并列最多
love_r,3,LoveR Kiss|lover|ラヴアール,LoveR,112,角川游戏发行的恋爱模拟游戏，以摄影部为舞台
luck_&_logic,3,LUCK&LOGIC|ラクエンロジック|幸运与逻辑,幸运逻辑,112,Bushiroad的跨媒体企划，含集换式卡牌游戏、动画与漫画
magus_tale,3,,Magus Tale,112,出处与类型不详的作品
mid-fight_masses,3,,战斗中弥撒,112,节奏游戏Friday Night Funkin'的模组，主角为萨文特与鲁维兹瓦特
new_super_marisa_land,3,NEW Super Marisa Land|新MARISA大陆|魔理沙大陆,魔理沙与六个蘑菇,112,东方Project同人横版动作游戏，为《超级魔理沙大陆》的续作，主角为雾雨魔理沙
ouchi_no_mahou_shoujo,3,,おうちの魔法少女,112,以家中魔法少女为主题的漫画作品，具体出处未确认
seisen_cerberus,3,圣战Cerberus|聖戦ケルベロス|龙心战纪,圣战刻耳柏洛斯,112,GREE的手机卡牌游戏，并改编为冒险动画
streets_of_rage,3,Bare Knuckle|bare_knuckle|格斗三人组|格鬥三人組,怒之铁拳,112,世嘉 1991 年在 Mega Drive 平台推出的横版清版动作游戏
suiyou_dou_de_shou,3,How do you like Wednesday?|水曜どうでしょう,水曜どうでしょう,112,北海道电视台制作的旅行综艺节目，1996 年开播
tamon-kun_ima_docchi,3,tamon's_b-side,多闻君现在是哪一边？,112,以偶像与粉丝关系为主题的少女漫画，讲述多闻君的两面性
the_king_of_fighters_xi,3,The King of Fighters 11|kof_11|拳皇11|格斗之王XI,拳皇XI,112,SNK拳皇系列第十一作，胜负由时间环边缘的判定计决定
tsukiatte_agetemo_ii_kana,3,,交往了也可以吗,112,以女高中生同性情侣为主角的恋爱漫画，有电视剧改编
angelic_link,3,,Angelic Link,111,日本作品，具体作者与内容不详
call_of_duty:_black_ops,3,Call of Duty: Black Ops|使命召唤7|决胜时刻：黑色行动,使命召唤：黑色行动,111,使命召唤系列第七作，2010年由Treyarch开发、动视发行
chibi_kyonyuu,3,,ちび巨乳,111,画师樱ゆき的原创系列，以两名姐妹为主角
digimon_adventure:_bokura_no_war_game,3,Digimon Adventure: Our War Game|digimon_adventure:_our_war_game|我们的战争游戏|数码暴龙：我们的战争游戏,数码宝贝大冒险：我们的战争游戏,111,2000年上映的数码宝贝大冒险剧场版短片
food_court_de_mata_ashita,3,see_you_tomorrow_at_the_food_court,Food Court de Mata Ashita,111,Nariie Shin'ichirou 的日常美食漫画，2025年夏改编为动画
gaiking,3,Gaiking|大空魔竜ガイキング|大空魔龙,太空魔龙,111,东映与永井豪创作的超级机器人动画系列
gekijouban_mononoke,3,,劇場版 モノノ怪,111,《怪化猫》的剧场版三部曲，舞台设在大奥
guilongchao,3,光辇归龙潮|归龙潮手游,归龙潮,111,中国开发的国潮题材横版动作抽卡手游，2024年公测、2025年停运
happy_synthesizer_(vocaloid),3,Happy Synthesizer|ハッピーシンセサイザ|开心合成器,快乐合成器,111,EasyPop创作、GUMI与巡音流歌演唱的Vocaloid歌曲
i_don't_want_to_be_a_magical_girl,3,,我不想当魔法少女,111,Kiana Mai创作的独立漫画系列
iede_gal_na_senpai_wa_kantan_ni_yarasete_kureru,3,,离家出走的辣妹前辈轻易让我得手,111,izure创作的成人向同人志系列
k-on!_high_school,3,,轻音少女 High School,111,かきふらい的《轻音少女》续篇漫画，描绘高中生活
kamisama_no_you_na_kimi_e,3,献给神明的你|神様のような君へ,献给神明般的你,111,CUBE的科幻恋爱冒险游戏
kinjo_no_hito_no_nakimushi,3,My Divorced Crybaby Neighbour|batsuichide_nakimushina_otonarisan|バツイチで泣き虫なおとなりさん,离婚爱哭鬼邻居,111,zyugoya 创作的恋爱喜剧漫画，讲述离过婚的爱哭邻居与男主的日常
kinsou_no_vermeil,3,Vermeil in Gold|vermeil_in_gold|金装のヴェルメイユ|金裝的維爾梅,金装的维尔梅,111,天那光汰原作、梅津叶子作画的奇幻漫画，2022年夏季改编动画
mega_man_4,3,Megaman 4|Rockman 4|rockman_4|洛克人四号,洛克人4,111,原祖洛克人系列第四作，登陆FC平台
mega_man_legends_2,3,Megaman Legends 2|Rockman DASH 2|洛克人DASH2 大海的遗产,洛克人DASH2,111,洛克人DASH系列第二作，2000年发售
megami_paradise,3,megami_tengoku,女神乐园,111,NEC Home Electronics1994年推出的角色扮演游戏，后改编为OVA与漫画
mozaik_role_(vocaloid),3,,モザイクロール,111,DECO*27创作、GUMI演唱的Vocaloid歌曲
nagai_gojitsudan_no_nechronica,3,Nechronica|永い後日談のネクロニカ|永后日,永远的后日谈,111,日本桌上角色扮演游戏，以僵尸少女与末日世界为主题
one_piece_heroines,3,,航海王 女主角们,111,《航海王》的轻小说外传，聚焦作品中的女性角色，2026年播出动画
ore_wo_suki_nano_wa_omae_dake_ka_yo,3,OreSuki|oresuki|おれ好き|喜欢本大爷的竟然就你一个,喜欢本大爷的竟然就你一个？,111,骆驼的恋爱喜剧轻小说，2019年改编动画
project_diva_f_2nd,3,Hatsune Miku: Project DIVA F 2nd|初音ミク Project DIVA F 2nd|歌姬计划F2nd,初音未来 歌姬计划F 2nd,111,歌姬计划系列第5作，PSV与PS3平台的节奏游戏
pulp_fiction,3,Pulp Fiction|黑色追緝令|黑色追缉令,低俗小说,111,昆汀·塔伦蒂诺执导的1994年美国犯罪电影，以非线性叙事著称
re_leaf,3,Leaf回归|Re:Leaf|リーフ,Re Leaf,111,C's Ware1998年发售的成人向冒险游戏
sd_gundam_g_generation_original,3,,SD高达G世纪 原创,111,SD高达G世纪系列中聚焦游戏原创角色与机体的分支
senran_kagura_burst_re:newal,3,,闪乱神乐 Burst Re:Newal,111,闪乱神乐Burst的重制版动作游戏
shuumatsu_no_harem,3,World's End Harem|world's_end_harem|ワールズエンド・ハーレム|世界末日的后宫,终末的后宫,111,LINK原作、宵野コタロー作画的漫画，描写病毒后男性锐减的世界
skibidi_toilet_(series),3,,斯基比迪马桶人,111,Alexey Gerasimov创作的YouTube动画系列，2023年起播出
sofmap,3,sofamap|ソフマップ,Sofmap,111,日本电器与动漫周边连锁店，Bic Camera的子公司
sumomomo_momomo,3,Sumomomo Momomo|地上最強のヨメ|地上最强新娘,すもももももも,111,大高忍创作的格斗恋爱喜剧漫画
super_robot_wars_z2,3,再世篇|机战Z2|破界篇,超级机器人大战Z2,111,《机战Z》三部曲第二部，因平台限制分为两篇
the_royal_family_(tv_series),3,,The Royal Family,111,改编自早见和真小说的日本TBS剧集，2025年播出，以赛马马主世界为舞台
touhou_ningyougeki,3,Touhou Ningyougeki|东方人形剧场|東方人形劇,东方人形剧,111,以宝可梦玩法为基础的东方Project同人游戏
windows_98,3,Win98|Windows98|windows98|视窗98,Windows 98,111,微软1998年发布的操作系统，界面采用天空主题的视觉设计
yuni_channel,3,YuNi频道|yuni|ユニ|太子,YuNi,111,虚拟歌手YuNi的YouTube频道
akutoku_no_judgement_(vocaloid),3,Judgement of Corruption|judgement_of_corruption_(vocaloid)|mammon's_court_(vocaloid)|恶德的判决|悪徳のジャッジメント,恶德的审判,110,悪ノP创作、KAITO演唱的歌曲，七大罪系列中代表贪婪
bishoujo_terror,3,Bishoujo Terror|HORROR美少女|恐怖美少女,美少女恐怖,110,寿屋美少女系列中以恐怖电影反派为主角的性转手办线
cinderella_(vocaloid),3,Cinderella|シンデレラ|灰姑娘之歌,灰姑娘（VOCALOID歌曲）,110,DECO*27 创作、初音未来演唱的 VOCALOID 歌曲
comiket_79,3,C79|c79|コミケ79|第79回Comic Market,Comic Market 79,110,Comic Market 第79届同人志即卖会，2010年12月29-31日举办
danball_senki_wars,3,LBX WARS|ダンボール戦機WARS|纸箱战机WARS,纸箱战机WARS,110,《纸箱战机》系列第三作，2013年动画与游戏同步展开
edomae_elf,3,Otaku Elf|otaku_elf|江戸前エルフ|阿宅精灵,江户前精灵,110,樋口彰彦创作的喜剧漫画，主角是在神社工作的宅女精灵
el_hazard,3,El Hazard|エルハザード|神秘世界艾尔哈扎德,神秘的世界,110,1990年代动画与OVA，讲述高中生被卷入异世界，是早期异世界题材代表作
fire_punch,3,Fire Punch|firepunch|火焰拳|藤本树炎拳,炎拳,110,藤本树创作的末世题材漫画，2016至2018年连载
goshuushou-sama_ninomiya-kun,3,Good Luck! Ninomiya-kun|good_luck!_ninomiya-kun|ご愁傷さま二ノ宮くん|节哀唷二之宫同学,请别忧伤了二之宫君,110,铃木大辅创作的校园恋爱喜剧轻小说及改编动画
himitsu_keisatsu_(vocaloid),3,Secret Police|secret_police_(vocaloid)|ぶりる秘密警察,秘密警察,110,ぶりる创作、初音未来演唱的VOCALOID歌曲
hizashi_no_naka_no_real,3,Hizashi no Naka no Real|阳光中的真实,陽射しの中のリアル,110,日本同人或原创作品，标题意为阳光中的真实
isekai_harem_monogatari,3,,异世界后宫物语,110,立花オミナ创作的异世界后宫题材同人系列
japan_air_self-defense_force_omaezaki_sub-base,3,JASDF御前崎分屯基地|Omaezaki Sub Base|日本航空自卫队御前崎分屯基地,航空自卫队御前崎分屯基地,110,位于静冈县御前崎市的航空自卫队分屯基地
kyatto_ninden_teyandee,3,Samurai Pizza Cats|samurai_pizza_cats|キャッ党忍伝てやんでえ|忍者猫てやんでえ,忍者猫,110,1990年播出的猫咪忍者动画，西方以 Samurai Pizza Cats 之名播出
mario_golf,3,瑪利歐高爾夫|超级马力欧高尔夫|马里奥高尔夫,马力欧高尔夫,110,马力欧系列的高尔夫运动游戏子系列
moe!_ninja_girls_rpg,3,,Moe! Ninja Girls RPG,110,Moe! Ninja Girls的衍生角色扮演游戏
onna_shunin_kishi_mieko,3,The Chief Kishi Meiko|the_chief_kishi_meiko|女主任岸見栄子,女主任·岸见荣子,110,Carina(xiaowoo)作画的成人向漫画，主角为女主任岸见荣子
otaku_ni_koi_wa_muzukashii,3,Wotakoi|love_is_hard_for_otaku|wotakoi|ヲタクに恋は難しい|宅男腐女的恋爱真难|阿宅的恋爱真难,宅男腐女恋爱真难,110,ふじた的漫画，描绘职场御宅族的恋爱喜剧，并有动画与真人电影
red_sonja_(comics),3,Red Sonja|red_sonja|redsonja|红索妮亚|红色索尼娅,红索尼娅,110,以红发女战士为主角的奇幻漫画角色
saint_seiya:_rising_cosmo,3,Saint Seiya Rising Cosmo|ライジングコスモ|圣斗士星矢：小宇宙觉醒,圣斗士星矢 Rising Cosmo,110,万代南梦宫发行的圣斗士星矢题材3D手机游戏
saiyuki,3,,最游记,110,峰仓和也的漫画，以西游记人物为原型的冒险故事
sasaki_to_p-chan,3,sasaki_and_peeps,佐佐木与P酱,110,ぶんころり创作、カントク插画的轻小说，讲述转生异世界的故事
shadowverse_(anime),3,Shadowverse|シャドウバース|暗影诗章,影之诗（2020动画）,110,2020年播出的影之诗动画第一季，主角为中学生龙崎希罗
sonic_cd,3,Sonic the Hedgehog CD|索尼克音速CD|音速小子CD,索尼克CD,110,1993年发售于Sega CD平台的动作游戏，系列第三作
tasokare_hotel,3,,黄昏旅馆,110,SEEC开发的手机脱出解谜游戏，舞台为黄昏时分的旅馆
transformers:_shattered_glass,3,transformers_shattered_glass,变形金刚：镜面世界,110,正邪立场颠倒的平行宇宙变形金刚漫画，2008年起由Fun Publications出版
uchi_no_kaisha_no_chiisai_senpai_no_hanashi,3,my_tiny_senpai,公司里的小小前辈,110,讲述公司里娇小前辈与后辈日常互动的职场恋爱喜剧
yoasobi,3,ヨアソビ|夜游组合,YOASOBI,110,由Ayase与ikura组成的日本流行音乐双人组合
yoru_no_nai_kuni,3,Nights of Azure|夜のない国|无夜之国Ⅱ,无夜之国,110,Gust开发的吸血鬼题材动作RPG
yousei_daisensou,3,fairy_wars|great_fairy_wars|东方妖精大战争|妖精大戰争|東方三月精,妖精大战争,110,东方Project的弹幕射击外传，以妖精为主角
alternative_facts_in_eastern_utopia,3,Alternative Facts in Eastern Utopia|東方文果真報,东方文果真报,109,ZUN监修的东方Project书籍，2017年3月发售，多位画师参与
bloom_the_smile_bloom_the_dream!,3,,"Bloom the smile, Bloom the dream!",109,Love Live! 莲之空女学院学园偶像俱乐部的歌曲，由该组合全员演唱
daicon,3,DAICON IV开场动画|Daicon Film|大根,DAICON,109,日本 SF 大会在大阪举办时的通称，以开场动画闻名
gensou_suikogaiden,3,Gensou Suikogaiden|Shadow of Solitude|幻想水滸外傳,幻想水浒传外传,109,《幻想水浒传II》的外传文字冒险游戏，主角为那修
happy_party_train,3,HPT|Happy Party Train|快乐派对列车,HAPPY PARTY TRAIN,109,《Love Live! Sunshine!!》中Aqours的单曲
hearthstone,3,Hearthstone: Heroes of Warcraft|炉石|爐石傳說,炉石传说,109,暴雪娱乐开发的数字集换式卡牌游戏，以《魔兽世界》为背景
high_school_boy,3,,High School Boy,109,韩国漫画作品，2023年起在Lezhin平台连载
ikemen_joshi_to_josou_danshi,3,,帅哥女子与女装男子,109,以中性打扮女子与女装男子为主题的日本漫画
la_priere,3,lapriere|ラプリエール,La Prière,109,日本的同人音乐社团，以多位歌手合作的Vocaloid系歌曲为主
lavender_quartz,3,LAVENDERQUARTZ|LavenderQuartz|lavenderquartz,薰衣草石英,109,画师lm7设计的原创角色企划，角色资料见其官方网站
lovely_x_cation,3,LovelyxCation|ラブ×カティオン|恋爱与Cation,恋爱×Cation,109,hibiki works的2011年成人恋爱游戏，插画由唯々月たすく负责
metroid:_samus_returns,3,Metroid: Samus Returns|銀河戰士：薩姆斯歸來|银河战士：萨姆斯归来,密特罗德：萨姆斯归来,109,《密特罗德2》的重制版，登陆Nintendo 3DS
mygrimoire,3,,MyGrimoire,109,kyousaku的原创角色系列，描绘所罗门七十二柱魔神
nights_into_dreams,3,NiGHTS|nights|nightsintodreams|ナイツ|梦精灵,NiGHTS into dreams,109,世嘉索尼克小组开发的梦幻题材动作游戏，以飞行与梦境世界为特色
pole_princess!!,3,,Pole Princess!!,109,2022年由Avex Pictures与龙之子制作的钢管舞题材动画企划
roskomnadzor,3,,俄罗斯联邦通信监督局,109,俄罗斯负责监管与审查大众媒体的联邦行政机构
shoujo_tsubaki,3,,少女椿,109,丸尾末广的漫画，描写少女绿被卖入见世物小屋的悲惨故事
shuten_order,3,,SHUTEN ORDER,109,DMM GAMES与Tokyoo Games推出的多类型游戏，2025年发售
star_wars:_the_empire_strikes_back,3,Star Wars: Episode V|star_wars_episode_5|star_wars_episode_v|帝国反击战|星际大战五部曲：帝国大反击,星球大战5：帝国反击战,109,1980 年上映的《星球大战》正传第二部
the_fallen_angel_(painting),3,fallen_angel_(painting),堕天使,109,卡巴内尔1847年创作的油画，描绘裸身堕天使路西法
touhou_futanari_scarlet_escape,3,,Touhou Futanari Scarlet Escape,109,ナマコ制作的东方Project成人向同人游戏，以蕾米莉亚为主角
uchuu_kyoudai,3,Space Brothers|宇宙兄弟(英文名),宇宙兄弟,109,小山宙哉的科幻漫画，2008年起连载，讲述兄弟二人的太空探索之路
valkyrie_profile_2:_silmeria,3,Valkyrie Profile 2: Silmeria|valkyrie_profile_2_silmeria|北欧战神2|女神战记2：希尔梅莉亚,北欧女神2：希尔梅莉亚,109,《北欧女神》系列第2作的动作角色扮演游戏
yggdra_union,3,ユグドラ・ユニオン|公主同盟|尤格多拉联盟,公主联盟,109,Sting开发的GBA与PSP平台战棋RPG
amaama_to_inazuma,3,Sweetness and Lightning|sweetness_and_lightning|天真與閃電|甘々と稲妻,天真与闪电,108,雨隠ギド创作的漫画，描写单亲父女与女高中生的料理日常
captain_tsubasa,3,キャプテン翼|足球小將|队长小翼,足球小将,108,高桥阳一的足球漫画，1981年起在少年Jump连载
comic_shitsurakuten,3,,Comic失乐天,108,Wanimagazine 出版的成人漫画月刊
daft_punk,3,DAFT PUNK|daftpunk|傻瓜朋克|蠢朋克,Daft Punk,108,法国电子音乐二人组合，代表作《Discovery》与《TRON: Legacy》配乐
eien_no_aselia,3,Aselia the Eternal|永恒女神阿赛利亚|永遠のアセリア,永远的阿赛利亚,108,Xuse出品的奇幻恋爱RPG，永远神剑系列首作
emergence_(shindol),3,Emergence|Metamorphosis|emergence|metamorphosis_(shindol)|変身,变身,108,shindol创作的成人漫画，以压抑剧情与悲剧结局闻名
gekijouban_date_a_live:_mayuri_judgement,3,万由里裁决|劇場版デート・ア・ライブ 万由里ジャッジメント,约会大作战剧场版 万由里审判,108,《约会大作战》的剧场版动画，围绕万由里展开的故事
girls_und_panzer_phase_erika,3,Girls und Panzer Phase Erika|ガールズ&パンツァー フェイズエリカ|少女战车外传艾丽卡,少女与战车 艾丽卡篇,108,《少女与战车》的外传网络漫画，主角为逸见艾丽卡
himegami_emaki,3,,姫神絵巻,108,2015年至2018年运营的日本手机RPG游戏
ki_ga_hayai_kouhai_kanojo,3,,性急的后辈女友,108,画师 Gurande 创作的原创系列，以后辈女友为主题
kirei_ni_shitemoraemasuka,3,,能帮我弄干净吗？,108,服部充创作的漫画，以热海洗衣店少女与顾客为主角，2026年1月动画化
love_live!_series_official_card_game,3,,Love Live! 官方卡牌游戏,108,Bushiroad发行的《Love Live!》集换式卡牌游戏，简称Loveca
manyuu_hikenchou,3,Manyuu Hikenchou|魔乳秘剑帖动画|魔乳秘剣帖,魔乳秘剑帖,108,konchiki创作的战国题材漫画，2011年被改编为动画
million_production,3,,Million Production,108,日本虚拟主播事务所，旗下拥有多期虚拟YouTuber
pastel_chime_continue,3,PastelChimeContinue|ぱすてるチャイムContinue|粉彩钟声 续篇,Pastel Chime Continue,108,AliceSoft出品的角色扮演游戏，为Pastel Chime系列续作，主打迷宫探索
polivia,3,,Polivia,108,玻利维亚画师PlanetaPolilla创作的架空国家与原创世界观
rabbitmaiden_softworks,3,rabbitmaidensoftworks,Rabbitmaiden Softworks,108,RGB Paw世界观下的视觉小说系列
ressha_sentai_toqger,3,ToQger|烈車戦隊トッキュウジャー|烈車戰隊特急者,烈车战队特急者,108,超级战队系列第38部作品，以列车为主题
snack_nili,3,,Snack Nili,108,Nilitsu运营的虚拟YouTuber组合，成员包括阿尔瓦等
special_civil_servant,3,,Special Civil Servant,108,资料不足，无法确认所指作品与类型
succubus_appli,3,Succubus App|succubus_app|サキュバスアプリ|魅魔应用,魅魔APP,108,沟口明胶创作的催眠题材成人同人漫画
super_robot_wars_v,3,SRWV|スーパーロボット大戦V|机战V,超级机器人大战V,108,《机战》系列 25 周年作品，2017 年发售
transformers:_armada,3,transformers_armada|transformers_micron_densetsu,变形金刚：舰队,108,宇宙大帝三部曲第一部，引入迷你金刚设定
tsuki_ga_michibiku_isekai_douchuu,3,Tsukimichi|Tsukimichi: Moonlit Fantasy|tsukimichi|tsukimichi:_moonlit_fantasy|月が導く異世界道中,月光下的异世界之旅,108,あずみ圭创作的异世界穿越轻小说，有动画改编
valkyrie_anatomia,3,VALKYRIE ANATOMIA|ヴァルキリーアナトミア|女神战记：起源,北欧女神：起源,108,《北欧女神》系列第4作，手机平台的网络游戏
wizardry_variants_daphne,3,,Wizardry Variants Daphne,108,《巫术》系列的手游新作，以3D迷宫探索为特色
zuutto_issho_(kitani_tatsuya),3,,ずうっといっしょ！,108,日本创作歌手キタニタツヤ的歌曲作品
binan_koukou_chikyuu_bouei-bu_love!,3,Cute High Earth Defense Club LOVE!|cute_high_earth_defense_club_love!|帅哥高中地球防卫部LOVE|美男高校地球防衛部LOVE!,美男高中地球防卫部LOVE！,107,马谷くらり原作的魔法少年喜剧动画，以地球防卫部为舞台
blank_room_soup,3,Blank Room Soup|Torture Soup|blankroomsoup|空白房间喝汤,空白房间的汤,107,网络短片，描绘男子边哭边用大汤勺喝汤、被两人安慰的场景
clash_of_clans,3,,部落冲突,107,2012年推出的手机策略游戏，玩家作为村长建设村庄并与其他玩家对战
cloud_nine_inc,3,Cloud Nine Inc|株式会社クラウドナイン,Cloud Nine,107,日本艺人经纪公司，旗下有 Ado 等歌手
code_geass:_fukkatsu_no_lelouch,3,Code Geass: Lelouch of the Resurrection|复活之鲁路修|復活的魯路修,复活的鲁路修,107,《叛逆的鲁路修》的剧场版续作，讲述零之镇魂曲一年后的故事
cookie_clicker,3,Cookie Clicker|cookieclicker,饼干点击器,107,Orteil 2013年发布的免费网页放置点击游戏
dragon_ball_legends,3,,龙珠激战传说,107,万代南梦宫2018年推出的龙珠手机抽卡格斗游戏，含原创角色
envy_baby_(vocaloid),3,,Envy Baby,107,Kanaria使用GUMI制作的VOCALOID歌曲
fantasy_life,3,,Fantasy Life,107,生活模拟与角色扮演结合的日式游戏
god_eater_3,3,God Eater 3,噬神者3,107,万代南梦宫的《噬神者3》，描绘与荒神战斗的新作
golgo_13,3,骷髅13（戈耳戈13）,骷髅13,107,斋藤隆夫的硬汉漫画，描绘狙击手的工作，1968年起连载
gran_saga,3,,Gran Saga,107,韩国开发的手机角色扮演游戏，以幻想世界与多名角色的冒险为主线
heartlovepowertemple,3,,HeartLovePowerTemple,107,yogurt200创作与作画的超现实奇幻视觉小说，RABBITMAIDEN系列首作
highspeed_etoile,3,highspeedetoile|疾速星,HIGHSPEED Étoile,107,Studio A-CAT制作的2024年原创赛车动画
kick_back_(song),3,kickback,Kick Back,107,米津玄师创作并演唱的歌曲，为动画《电锯人》第一季片头曲
love-ressive,3,,Love-ressive,107,出处与类型不详的作品
metallica,3,Metallica,金属乐队,107,1981年成立的美国重金属乐队
nascar,3,NASCAR,纳斯卡,107,美国全国运动汽车竞赛协会及其举办的赛车赛事
nihon_joshikousei_zukan,3,,日本女子高生図鑑,107,以日本女高中生为主题的图鉴式漫画作品
peppa_pig_(series),3,peppapig|粉红猪小妹,小猪佩奇,107,英国儿童动画，讲述小猪佩奇与家人朋友的日常生活
persona_4_the_animation,3,,女神异闻录4 动画版,107,改编自女神异闻录4的电视动画，共两季并有剧场版
phantasy_star_ii,3,梦幻之星2,梦幻之星II,107,系列第二作，1989年登陆Mega Drive，剧情设在前作一千年后
pokemon_ranger_1,3,口袋妖怪守护者|神奇宝贝保育家,宝可梦巡护员（初代）,107,宝可梦巡护员系列首作，主角为鲁尼克与索拉娜
root_eden,3,,Root Eden,107,Tommy Walker 公司的PBW与桌面游戏，为该社第八部作品
seiren,3,SEIREN,清恋,107,高山箕犀参与企划的2017年冬季原创恋爱动画
star_wars_rebels,3,star_wars:_rebels,星球大战：义军崛起,107,卢卡斯影业动画制作的 2014 年 3D 动画剧集，为克隆人战争的续篇
succubus_stayed_life,3,,Succubus Stayed Life,107,笹森トモエ创作的成人同人漫画，讲述主角与自称魅魔的少女的关系
tanaka-kun_wa_itsumo_kedaruge,3,tanaka-kun_is_always_listless|tanakeda|田中君总是如此慵懒的ola,田中君总是如此慵懒,107,宇田能望的校园日常喜剧漫画，2016年改编为动画
the_king_of_fighters_xii,3,KOF XII|kof_12|格斗之王XII,拳皇XII,107,SNK拳皇系列第十二作，取消换人系统，采用高分辨率点阵
touken_ranbu:_hanamaru,3,刀剑乱舞花丸,刀剑乱舞-花丸-,107,《刀剑乱舞》改编的日常向动画，由动画工房制作
viper_v16,3,,Viper V16,107,Sogna的《VIPER》系列成人游戏
vlyz,3,,VLYZ,107,韩国的虚拟偶像团体，成员包括尹Eze、Moon Momo等四人
yamada-kun_to_7-nin_no_majo,3,山田君与七位魔女,山田君与7个魔女,107,吉河美希的校园恋爱漫画，2012至2017年连载
zenbu_kowashite_jigoku_de_aishite,3,,全部毁掉，在地狱里爱我,107,桑原太郎的百合漫画
atom:_the_beginning,3,原子小金刚起源,阿童木起源,106,《铁臂阿童木》的前传漫画，描写天马与茶水博士的青年时代
calpis,3,卡尔必思,可尔必思,106,日本的乳酸菌发酵饮料，味道近似酸奶
campus_mode!!_(idolmaster),3,,Campus mode!!,106,偶像大师系列相关的歌曲或企划
choujikuu_seiki_orguss,3,the_super_dimension_century_orguss|超时空世纪Orguss,超时空世纪欧加斯,106,1983年首播的机甲科幻电视动画，全35集
civilization_(series),3,Civ|civ|sid_meier's_civilization|席德·梅尔的文明,文明,106,Firaxis 开发的回合制策略游戏系列，由席德·梅尔创立
diabolik_lovers,3,diaboliklovers|暗黑恋人,魔鬼恋人,106,Rejet出品的乙女向吸血鬼题材作品，有游戏与动画
dnf_duel,3,dnfduel|地下城与勇士：决斗,DNF对决,106,Arc System Works与Eighting开发的DNF衍生格斗游戏，2022年发售
eureka_seven_ao,3,交响诗篇艾蕾卡7 AO,交响诗篇AO,106,Bones 2012年制作的《交响诗篇》续作动画
hasunosora_fantasy,3,hasu_no_sora_fantasy,莲之空幻想,106,基于《Love Live! 莲之空》的奇幻设定，出自日野下花帆的直播企划
jitsuha_imouto_deshita.,3,实は妹でした。,其实是义妹。,106,白井ムク创作、千种みのり插画的轻小说
kono_healer_mendokusai,3,,这个治疗师很麻烦,106,Tannen ni Hakkou 创作的奇幻搞笑漫画，讲述治疗师与不死骑士的冒险
mega_man_legends_3,3,rockman_dash_3|洛克人传奇3,洛克人DASH 3,106,中止开发的洛克人DASH系列续作
monster_hunter_xx,3,怪猎XX,怪物猎人XX,106,怪物猎人X的加强版，追加G级与新怪物
nanami_to_konomi_no_oshiete_abc,3,おしえてABC,七海和紺野的ABC,106,Studio Ring的成人游戏，主角为双胞胎七海与好美
national_football_league,3,NFL,国家橄榄球联盟,106,美国职业美式橄榄球最高级别联赛
nevermind,3,别介意,Nevermind,106,美国摇滚乐队Nirvana的第二张录音室专辑，1991年发行
reverse_collapse_(series),3,,逆向坍缩（系列）,106,散爆网络自2013年《面包房少女》起的系列作品统称
sequel_(series),3,sequel,SEQUEL,106,hakika的个人同人社团叶之几何制作的RPG Maker游戏系列
shinken!!,3,しんけん!!,Shinken!!,106,以日本刀拟人化少女为主题的网页游戏，2017年停服后推出手游版
shinobi_(game),3,SHINOBI,忍,106,世嘉的忍者动作游戏系列，首作1987年登陆街机
shirley_(manga),3,Shirley,雪莉,106,森薰的历史题材漫画，描写20世纪初英国女仆雪莉的日常
sister_sara_to_madara-chan,3,,Sister Sara to Madara-chan,106,围绕修女莎拉与斑丸两名角色的日本创作作品
star_fox_(2026),3,,星际火狐（2026）,106,《星际火狐》系列新作，2026 年登陆 Nintendo Switch 2，重制自 64 代
the_dark_knight,3,thedarkknight|暗黑骑士,黑暗骑士,106,克里斯托弗·诺兰执导的2008年蝙蝠侠电影，黑暗骑士三部曲第二部
thundercats,3,雄狮勇士,霹雳猫,106,Rankin/Bass制作的1985年美国科幻奇幻动画，以拟人化猫族英雄为主角
ultraman_dyna_(series),3,,戴拿奥特曼,106,《奥特曼》系列第13作，与《迪迦奥特曼》处于同一世界观
ultraman_tarou_(series),3,ultraman_taro_(series)|ultramantaro|奥特曼太郎,泰罗奥特曼,106,《奥特曼》系列第6作，主角为泰罗奥特曼
war_of_the_visions:_final_fantasy_brave_exvius,3,WOTV|勇气启示录 幻影战争,最终幻想：勇气启示录幻影战争,106,《最终幻想：勇气启示录》的衍生手机战略角色扮演游戏
xenosaga_episode_ii,3,xenosaga_ii|异度传说II,异度传说 二章,106,《异度传说》三部曲第二作，2004年登陆PS2
yankee_jk_kuzuhana-chan,3,,ヤンキーJKクズハナちゃん,106,以不良少女与男生的校园恋爱喜剧为主题的漫画
yu-gi-oh!_tag_force,3,yu-gi-oh!_gx_tag_force|游戏王GX TAG FORCE,游戏王TAG FORCE,106,Konami的掌机《游戏王》游戏系列，主打双人组队决斗
zerobaseone,3,ZB1,ZEROBASEONE,106,九人组成的韩国男子偶像团体
alien_vs._predator,3,AVP|aliens_vs_predator|异形战场,异形大战铁血战士,105,异形与铁血战士联动的跨媒体系列，起源于黑马漫画的交叉作品
assassin's_creed_iii,3,刺客信条III,刺客信条3,105,《刺客信条》系列第三作，舞台为美国独立战争时期
berry's,3,ベリーズ,Berry's,105,Sphere的成人向恋爱游戏
cloud9,3,C9|cloud9_(team)|cloud_9_(team),Cloud9,105,美国电子竞技俱乐部，旗下有《英雄联盟》《Valorant》等多支战队
digimon_story:_sunburst_and_moonlight,3,数码宝贝物语：太阳与月光,数码宝贝物语：日光与月光,105,登陆任天堂DS的数码宝贝物语双版本角色扮演游戏
excel_saga,3,EXCEL SAGA,禁猎区的思春期,105,六道神士创作的搞笑漫画，1999年改编为动画
game_club_project,3,,Game Club Project,105,Brave Group 旗下的虚拟YouTuber团体，2018年开始活动
internet_overdose,3,,INTERNET OVERDOSE,105,游戏《主播女孩重度依赖》的主题曲
izumo,3,,出云,105,包含《出云》《出云2》《出云3》《出云零》的成人游戏系列
kusunoki_mebuki_wa_yuusha_de_aru,3,kusunoki_mebuki_is_a_hero|楠木芽吹勇者传,楠木芽吹是勇者,105,《结城友奈是勇者》系列的轻小说，以楠木芽吹为主角
limnos,3,,Limnos,105,台湾的虚拟主播经纪公司
lord_of_vermilion_iii,3,红莲之王3,红莲之王III,105,《红莲之王》系列第三作，Square Enix的街机卡牌游戏
love_live!_school_idol_musical,3,,Love Live! 学园偶像音乐剧,105,Love Live!系列的舞台音乐剧，讲述学园偶像现象的起源
lunar:_the_silver_star,3,Lunar: Silver Star Story|lunar|银色之星,LUNAR 银色之星,105,Game Arts与Studio Alex为世嘉CD开发的1992年角色扮演游戏
nursery_rhyme,3,nurseryrhyme|ナーサリィライム,Nursery Rhyme,105,Lump of Sugar的成人游戏，原画由萌木原ふみたけ负责
plivyou,3,,Plivyou,105,由yasuyuki创立的虚拟主播团体，2019年11月解散
precure_connection_puzzlun,3,Precure Connection 拼图,光之美少女连接拼图,105,光之美少女题材的消除类手游，2017至2020年在iOS与安卓运营
ratchet_&_clank,3,,瑞奇与叮当,105,Insomniac Games开发的平台动作游戏系列
rwby_chibi,3,RWBY Chibi,RWBY Chibi,105,以Q版角色演出的RWBY衍生搞笑动画
shin_sekaiju_no_meikyuu_2,3,etrian_odyssey_2_untold|新・世界树的迷宫2 法夫尼尔的骑士,新·世界树的迷宫2：法夫尼尔的骑士,105,世界树的迷宫2的3DS重制版，追加新剧情
sleeping_beauty_(fairy_tale),3,,睡美人（童话）,105,讲述公主被诅咒沉睡、后被王子唤醒的欧洲童话故事
sony's_spider-man_universe,3,,索尼蜘蛛侠宇宙,105,哥伦比亚影业与漫威合作、以蜘蛛侠相关角色为中心的真人电影共享宇宙
sunshine_creation,3,,Sunshine Creation,105,在池袋阳光城定期举办的全类型同人志即卖会
super_mecha_champions,3,Super Mecha Champions,机动都市阿尔法,105,网易开发的机甲题材第三人称竞技射击游戏
triangle_strategy,3,,三角战略,105,Square Enix与Artdink联合开发、2022年发售的战棋角色扮演游戏
tropical_liquor,3,,Tropical Liquor,105,资料不详，具体作品与体裁未能确认
twinkle_crusaders,3,闪亮十字军,Twinkle Crusaders,105,Lillian制作的成人向学园魔法恋爱游戏
valis_(sinsekai),3,,valis,105,神椿工作室Sinsekai Record企划下的虚拟马戏团团体，共六名成员
viper_gts,3,,Viper GTS,105,Sogna的《VIPER》系列成人游戏
wonder_momo,3,奇妙莫莫,Wonder Momo,105,南梦宫1987年推出的街机动作游戏，以舞台剧女英雄为主角
x-men_vs._street_fighter,3,X-Men vs. Street Fighter,X战警VS街头霸王,105,卡普空1996年推出的街机跨界对战格斗游戏
akagami_no_shirayukihime,3,snow_white_with_the_red_hair,赤发白雪姬,104,秋月空太创作、白泉社连载的少女漫画，2015年改编为动画
another_code,3,异码,Another Code,104,Cing开发的任天堂解谜冒险游戏，讲述少女追查父亲之死的谜团
batman:_arkham_(series),3,,蝙蝠侠：阿卡姆系列,104,以蝙蝠侠为主角的动作游戏系列，灵感来自1992年动画版
beatless,3,,没有心跳的少女,104,长谷敏司的科幻小说，2011年出版，2018年改编为动画
cencoroll,3,Cencoroll Connect,CENCOROLL,104,以巨大生物与少年少女为主角的动画短片
choujin_koukousei-tachi_wa_isekai_demo_yoyuu_de_ikinuku_you_desu!,3,high_school_prodigies_have_it_easy_even_in_another_world,超人高中生们即便在异世界也能从容生存！,104,海空陆的轻小说，七名超人高中生被卷入异世界，2019年改编为动画
cotton_(game),3,,棉花小魔女,104,Success 开发的横版射击游戏系列，1991至2003年间推出七作
darius_(series),3,太空战斗机达流斯,太空战斗机,104,TAITO 的横版射击游戏系列，以分支路线与机械鱼敌人为特色
dawn_of_the_golden_witch,3,Dawn of the Golden Witch,黄金魔女的黎明,104,《海猫鸣泣之时》第六EP的衍生乐曲
dengeki,3,电撃,电击,104,日本角川旗下的视觉小说与漫画出版品牌
e_2,3,E²,E2,104,Mediation出版的隔月刊杂志，收录多位画师的海报与原创角色
earth_defense_force,3,EDF,地球防卫军,104,以夸张武器歼灭巨型昆虫等外星生物的日本游戏系列
elf_village,3,,Elf Village,104,Vertex推出的原创手办系列，以精灵村民角色为核心
en-eins_kanzen_sekai,3,en-eins_perfektewelt,En-Eins 完全世界,104,2010年街机格斗游戏，是《晓Blitzkampf》的续作
fate/grail_league,3,,Fate/Grail League,104,《Fate/Grand Order》2023年愚人节推出的棒球题材小游戏
final_fantasy_unlimited,3,FFU|ffu,最终幻想：无限,104,2001至2002年播出、基于《最终幻想》系列的动画
glitchtale,3,故障传说,Glitchtale,104,Camila Cuevas 创作的《传说之下》同人动画系列
hangyaku_no_nijigasaki,3,逆袭的虹咲,叛逆之虹咲,104,ちょぼらうにょぽみ作画的《虹咲学园学园偶像同好会》恶搞外传漫画
hyakuemu,3,,ひゃくえむ,104,标题为ひゃくえむ的日本作品
kamisama_dolls,3,神様ドォルズ,神之玩偶,104,山村哉的漫画，2011年由Brain's Base动画化
kokoro_yohou_(eve),3,,心预报,104,Vocaloid P主 Eve 的歌曲，被用于乐天粉色情人节广告企划
kunoichi_hajimemashita!,3,,开始当女忍者了！,104,讲述少女成为女忍者的漫画，在Niconico静画等网络平台连载
mamono_hunter_youko,3,Devil Hunter Yohko|devil_hunter_yohko|devil_hunter_youko|魔鬼猎手妖子,魔物猎人妖子,104,1990至1995年发售的六集OVA动画
motto!_haramase!_honoo_no_oppai_isekai_ero_mahou_gakuen!,3,Oppai Academy Big Bouncy Booby Babes!|oppai_academy_big_bouncy_booby_babes!,更加！孕ませ！炎之欧派的异世界H魔法学园！,104,Milk Factory于2018年发行的异世界魔法学园题材成人视觉小说
nemurase_hime_kara_no_okurimono_(vocaloid),3,Nemurase Hime kara no Okurimono|belphegor's_gift_(vocaloid)|gift_from_the_princess_who_brought_sleep_(vocaloid),睡美人公主的赠礼,104,悪ノP创作的初音未来歌曲，七宗罪系列中代表怠惰
ookami_kodomo_no_ame_to_yuki,3,wolf_children|狼的孩子雨与雪,狼的孩子雨和雪,104,细田守执导的动画电影，讲述与狼人相恋的女性抚养两个孩子的故事
origins_smp,3,,Origins SMP,104,以《我的世界》模组为基础的多人服务器企划，角色多为具有特殊能力的非人类种族
pizza-la,3,,Pizza-La,104,日本创立的披萨外送连锁企业
player_(webtoon),3,,Player（网络漫画）,104,韩国网络漫画，由PARK Jong-seok原作、Ssambatea作画
pokemon:_jirachi:_wish_maker,3,pokemon_m06|神奇宝贝剧场版：七夜的许愿星 基拉祈,宝可梦：七夜的许愿星,104,宝可梦系列第六部剧场版，围绕基拉祈与千年彗星展开
power_pro-kun_pocket_13,3,,Power Pro-kun Pocket 13,104,力量棒球君Pocket系列第13作的棒球养成游戏
shakacat,3,,Shaka Cat,104,日本麦当劳2024年为摇摇薯条推出的广告企划，以猫娘摇袋形象走红
star_savior,3,,Star Savior,104,Studiobside 开发、2026 年发行的游戏
talesshop,3,,Talesshop,104,制作视觉小说的韩国公司
the_flash_(movie),3,the_flash_(2023),闪电侠（电影）,104,2023年上映的DC扩展宇宙电影，讲述闪电侠穿越时间改变过去
vanquished_queens,3,败北女王,Vanquished Queens,104,《女王之刃》的外传OVA，描绘角色们战败的场景
wingman,3,ウイングマン|梦冒险Wingman,Wingman,104,桂正和的漫画及动画，以梦境世界与变身英雄为主题
wiz_anniversary,3,,Wiz Anniversary,104,以魔法学校为舞台的恋爱冒险游戏，主人公与学生们展开校园生活
ashita_no_kimi_to_au_tame_ni,3,Ashita no Kimi to Au Tame ni,为了遇见明天的你,103,Purple Software的成人向恋爱冒险游戏
baldr_(series),3,BALDR|baldr,BALDR系列,103,戏画的科幻机甲动作游戏系列，以赛博朋克世界为舞台
bikini_warriors,3,,比基尼战士,103,HobbyJapan的比基尼铠甲少女手办与多媒体企划
breadwinners,3,面包冠军,Breadwinners,103,尼克儿童频道播出的搞笑动画，以面包快递为主题
buried_stars,3,,Buried Stars,103,韩国开发的视觉小说
digimon_story:_cyber_sleuth_-_hacker's_memory,3,数码宝贝物语：网络侦探 黑客记忆,数码宝贝物语：网络侦探 骇客追忆,103,《数码宝贝物语 网络侦探》的续篇，以骇客为主角
dragon_quest_tact,3,,勇者斗恶龙Tact,103,勇者斗恶龙系列的手机战棋角色扮演游戏
ergo_proxy,3,Ergo Proxy|ergoproxy,死亡代理人,103,Manglobe制作、村濑修功执导的赛博朋克动画
fatal_frame_1,3,Fatal Frame|零～zero～,零～zero～,103,恐怖游戏《零》系列的首部作品
fortune_movie_(love_live!),3,Fortune Movie (Love Live!),Fortune Movie,103,《Love Live! 莲之空女学院学园偶像俱乐部》的歌曲，收录于《Reflection in the mirror》
galzoo_island,3,,Galzoo Island,103,Alicesoft 2005年发售的 RPG 型视觉小说，以捕捉少女怪物为主题
great_mazinger,3,Great Mazinger,大魔神,103,永井豪《魔神Z》的续作，1974年播出的超级机器人动画
hi_no_tori,3,phoenix_(copyright)|凤凰,火之鸟,103,手冢治虫的漫画系列，以火之鸟贯穿不同时代的独立篇章
inhabituels,3,,Inhabituels,103,标题为Inhabituels的成人向游戏作品
josho_kiryu_(love_live!),3,joushou_kiryuu_(love_live!),Josho Kiryu,103,《Love Live! 莲之空女学院》中Mira-Cra Park!演唱的歌曲
kaikan_change,3,Kaikan Change,快感Change,103,Xiaowoo创作的性别转换题材成人漫画
koi_wa_ameagari_no_you_ni,3,,恋如雨止,103,描绘少女与餐厅店长之间感情的恋爱漫画，已改编为动画与真人电影
love_angel_syndrome,3,,Love Angel Syndrome,103,日本的作品，具体类型与内容不详
mashin_sentai_kiramager,3,魔进战队煌烁者,魔进战队煌辉者,103,超级战队系列第44作
midori_no_makibaoo,3,みどりのマキバオー,みどりのマキバオー,103,つの丸创作的赛马题材漫画，1994至1998年连载并改编为动画
monster_hunter_mezeporta_kaitaku-ki,3,,怪物猎人 梅杰波尔坦开拓记,103,怪物猎人边境中梅杰波尔坦城开拓相关的作品
nippon_sangoku,3,,日本三国,103,一色マツキ的漫画，2021年11月起在小学馆的网络平台与MangaONE连载
old_testament,3,,旧约圣经,103,《圣经》中早于新约的经卷集合，与犹太教的塔纳赫基本重叠
papers_please,3,"Papers, Please",请出示证件,103,Lucas Pope开发的边境检查题材解谜游戏，玩家扮演入境审查官
princess_maker_(series),3,Princess Maker,美少女梦工厂,103,Gainax的养成模拟游戏系列，玩家作为父母培养少女
puyopuyo_tetris_2,3,Puyo Puyo Tetris 2,噗哟噗哟俄罗斯方块2,103,2020年12月发售的系列联动益智游戏
release_the_spyce,3,Release the Spyce|releasethespyce|リリスパ|リリース・ザ・スパイス|间谍时刻,月影特工,103,Lay-duce制作的2018年原创动画，少女执行间谍任务
ridge_racer,3,,山脊赛车,103,南梦宫的赛车游戏系列，以漂移操作与赛车女郎永濑丽子为标志
sakura_sakura,3,サクラサク|樱花樱花,SAKURA SAKURA,103,Haikuo Soft的美少女游戏，插画由多名画师负责
symphonic_rain,3,Symphony Rain|シンフォニック＝レイン,交响乐之雨,103,工画堂黑猫组2004年发行的音乐题材视觉小说，2017年推出高清版
terra_formars,3,Terra Formars|テラフォーマーズ,火星异种,103,贵家悠原作、橘贤一作画的科幻漫画，讲述人类与火星变异生物的战斗
the_thing,3,The Thing|怪形前传|突变第三型（台）,怪形,103,改编自坎贝尔小说《谁在那里？》的科幻恐怖电影，卡彭特1982年版最知名
tomica_hyper_rescue_drive_head:_kidou_kyuukyuu_keisatsu,3,,多美卡 超级救援 驱动头 机动急救警察,103,以多美卡玩具车为原型的机甲救援题材日本动画
tonari_no_kaibutsu-kun,3,My Little Monster|my_little_monster|となりの怪物くん|邻家怪物君,邻座的怪同学,103,ろびこ创作的校园青春恋爱漫画，有2012年动画改编
usagi_drop,3,Bunny Drop|bunny_drop|うさぎドロップ|兔子软糖,白兔糖,103,宇仁田ゆみ的漫画，讲述大叔收养祖父私生女的温馨故事，2011年动画化
wagamama_high_spec,3,,Wagamama High Spec,103,Madosoft于2016年发售的视觉小说，发售前曾推出动画
assassins_pride,3,Assassin's Pride|アサシンズプライド|刺客的骄傲,刺客守则,102,轻小说改编的奇幻动画，讲述无才能少女与暗杀者家庭教师
brave_frontier,3,,勇者前线,102,A-Lim开发的日本手机角色扮演游戏
dc:_dark_legion,3,,DC: Dark Legion,102,DC题材作品，具体类型与出处未详
debwi_mos_hamyeon_jugneun_byeong_geollim,3,,Debut or Die,102,백덕수创作的韩国网络小说，2021年起连载，讲述偶像出道生存
delightfully_fuckable_and_unrefined!!,3,,Delightfully Fuckable and Unrefined!!,102,Butcha-U创作的成人同人系列，以餐厅女服务员为主题
destiny_lovers,3,デスティニー・ラバーズ|命运恋人,Destiny Lovers,102,Kazutaka原作、Tomohiro Kai作画的成人漫画，分两部
elf_all-stars_datsuijan_2,3,,エルフオールスターズ脱衣雀2,102,《脱衣雀》系列第二作，日本脱衣麻将游戏
futaribeya,3,A Room for Two|futaribeya:_a_room_for_two|ふたりべや|两个人的房间,两人的房间,102,雪子创作的百合四格漫画，描绘同住一室的两位少女的日常
gin_to_kin,3,ぎんときん,银与金,102,福本伸行的赌博漫画，描绘地下高额赌博与金钱博弈
irozuku_sekai_no_ashita_kara,3,Iroduku: The World in Colors|iroduku:_the_world_in_colors|多彩世界的日常|彩色世界的明天,来自多彩世界的明天,102,P.A.WORKS 2018年秋的原创动画，角色原案为Fly
jirai_nan_desu_ka?_chihara-san,3,,是地雷吗？千原同学,102,りょん的日常漫画，讲述男生怀疑同学是地雷系女子
kanamemo,3,KanaMemo|かなめも,加奈日记,102,石见翔子的四格漫画，2009年改编为动画
katana_zero,3,Katana ZERO|katanazero|武士ZERO,武士零,102,以一刀毙命与时间回溯为特色的独立动作游戏
left_4_dead_2,3,Left 4 Dead 2|left4dead2|恶灵势力2（港台译）,求生之路2,102,《求生之路》续作，2009年发售，新增感染者与近战武器并支持创意工坊
lyrical_lyric,3,,Lyrical Lyric,102,Marmalade的成人向视觉小说
magical_marriage_lunatics!!,3,,Magical Marriage Lunatics!!,102,Moonstone的成人向视觉小说
monster_prom,3,monsterprom|妖怪恋爱模拟器,Monster Prom,102,支持多人游玩的恋爱养成游戏，玩家在怪物高中追求舞伴
office_lady_taiwan,3,TAIWAN OL|taiwan_ol|臺灣靚女OL,台湾OL,102,tennohi的原创漫画，描绘台湾女上班族的日常
school_star_dream!,3,,School Star Dream!,102,已停运的日本手机游戏，玩家培养从小学到高中的偶像
shenmue_ii,3,Shenmue II|shenmue2|shenmueii|莎木2|莎木二代,莎木II,102,莎木系列第二作，2001年推出，延续主角芭月凉的复仇之旅
shut_hell,3,シャットヘル,Shut Hell,102,以13世纪蒙古帝国为舞台的历史漫画
sora_no_kiseki_sc,3,,空之轨迹SC,102,《空之轨迹》三部曲第二作，紧接 FC 剧情继续讲述艾丝蒂尔的故事
star_wars:_attack_of_the_clones,3,Star Wars: Episode II Attack of the Clones|star_wars_episode_2|star_wars_episode_ii|星战前传2|星球大战II：克隆人的进攻,星球大战2：克隆人的进攻,102,2002 年上映的星战前传第二部，讲述克隆人战争爆发
tachibana-san-chi_no_dansei_jijou,3,,橘家男性事情,102,同人作者Jin创作的成人向漫画，围绕橘家三姐妹与一名少年展开
tetsudou_musume,3,鉄道むすめ|铁路少女|铁道娘,铁道少女,102,以日本铁路与车站拟人化少女为主题的企划
ultraman_mebius_(series),3,,梦比优斯奥特曼,102,《奥特曼》系列第20作，同时纪念系列40周年
yume_nisshi,3,Yume Nikki|ゆめにっき,梦日志,102,受《梦日记》影响的同人游戏，主角为少女Usotsuki
aitsu_no_kanojo,3,,别人的女友,101,Nikumaru创作、2022年起连载的漫画
amaemi-longing_for_you-,3,,アマエミ -longing for you-,101,あざらしそふと开发的成人向视觉小说
amaenaideyo!!,3,,不要撒娇哦!!,101,宗我部としのり创作的恋爱喜剧漫画，后被改编为动画
asociacion_del_futbol_argentino,3,,阿根廷足球协会,101,阿根廷足球的管理机构，负责国内联赛与国家队
cho_toutoi_love,3,,超尊いLove,101,Love Live! 莲之空女学院学园偶像俱乐部的歌曲，由Ruri&To演唱
closed_game,3,,Closed Game,101,Empress 的视觉小说，原画与角色设计为圣少女
eastward,3,Eastward,风来之国,101,Pixpil开发的像素风动作冒险RPG，2021年发售
fanfare!!!_(love_live!),3,,Fanfare!!!,101,《Love Live! 莲之空女学院学园偶像俱乐部》中Mira-Cra Park!演唱的歌曲
fast_&_furious,3,The Fast and the Furious|fastandfurious|the_fast_and_the_furious|狂野时速（港）|玩命关头（台）,速度与激情,101,环球影业的街头飙车题材动作电影系列
fruits_fulcute!,3,,Fruits Fulcute!,101,DMM 的水果拟人化少女抽卡游戏，2023年停服
ga_bunko,3,GA文庫,GA文库,101,小学馆旗下的轻小说文库，出版多部轻小说作品
girly_air_force,3,,Girly Air Force,101,夏海公司的轻小说，2019年改编动画，描绘少女飞行员与战斗机
haiena_chan_ni_nerawarete,3,ハイエナちゃんに狙われて|被鬣狗酱盯上了,ハイエナちゃんに狙われて,101,日文原创漫画，讲述被鬣狗系少女盯上的恋爱喜剧
haimiya-senpai_wa_kowakute_kawaii,3,,灰宫前辈又可怕又可爱,101,校园恋爱喜剧漫画，讲述后辈与可怕却可爱的灰宫前辈的日常
halo:_combat_evolved,3,,光环：战斗进化,101,《光环》系列首作，2001年发售的第一人称射击游戏
hana_sakeba_yume_kakeru,3,,花咲けば夢翔ける,101,《Love Live! 莲之空》Bloom Garden Party的主题曲
hissatsu_chikannin_2,3,,必殺痴漢人2,101,ANIM于2011年发售的成人向游戏
isekai_samurai,3,Samurai in Another World|samurai_in_another_world|異世界サムライ,异世界武士,101,斋藤庆吾的武士题材漫画，主角为战国幸存的女武士月椿银子
kabukimonogatari,3,傾物語|物语系列 倾物语,倾物语,101,西尾维新《物语》系列小说，围绕八九寺真宵展开
klasse14,3,klasse,Klasse14,101,腕表品牌，经常委托插画师绘制包含其产品的作品
mashin_eiyuuden_wataru,3,Mashin Hero Wataru|mashin_hero_wataru|魔神英雄伝ワタル|魔神英雄坛,魔神英雄传,101,日升制作的机器人动画作品
power_pro-kun_pocket_10,3,,Power Pro-kun Pocket 10,101,力量棒球君Pocket系列第10作的棒球养成游戏
recettear,3,Recettear: An Item Shop's Tale|リセッター|开店物语,露塞提娅,101,EasyGameStation的同人道具店经营RPG
ribbon_no_kishi,3,Princess Knight|princess_knight_(tezuka)|リボンの騎士|红带骑士,缎带骑士,101,手冢治虫1958年开始连载的少女漫画，被视为少女漫画的先驱
saga_2,3,SaGa 2|サガ2 秘宝伝説|浪漫沙加2,沙加2,101,沙加系列第二作，1990年登陆Game Boy
seiten_ragnarok,3,聖典ラグナロク,聖典ラグナロク,101,以圣典与诸神黄昏为题的日本作品系列
ss_kabushikigaisha,3,,SS株式会社,101,zyugoya 创作的成人同人作品
star_night_snow_(vocaloid),3,星夜之雪,Star Night Snow,101,Orangestar 与 n-buna 制作、初音未来演唱的 SNOW MIKU 2017 主题曲
tales_of_the_tempest,3,Tales of the Tempest|テイルズ オブ ザ テンペスト,风雨传说,101,传说系列NDS作品，因评价不佳被从母舰作品改为外传
transformers:_rise_of_the_beasts,3,Transformers: Rise of the Beasts|riseofthebeasts|transformersriseofthebeasts|变形金刚：万兽崛起（台）,变形金刚：超能勇士崛起,101,2023年上映的变形金刚真人电影第七部，引入巨无霸
type-moon_gakuen_chibichuki!,3,TYPE-MOON学園 ちびちゅき！|型月学园,TYPE-MOON学园,101,花房つぼみ的TYPE-MOON角色搞笑四格漫画，并有动画改编
ultraman_(hero's_comics),3,奥特曼（新连载）|机动奥特曼,ULTRAMAN（漫画）,101,清水荣一与下口智裕的漫画，在《月刊HERO'S》连载，为初代奥特曼的后续世界
wander_over_yonder,3,,星际漫步,101,Craig McCracken为迪士尼频道创作的动画，讲述流浪者与伙伴的星际冒险
yu-gi-oh!_(toei),3,Yu-Gi-Oh! (Toei)|yu-gi-oh!_(season_0)|游戏王Season 0|游戏王（东映版）,游戏王（东映版）,101,东映1998年制作的首部《游戏王》动画，改编漫画前59话
ac_japan,3,ACジャパン,AC Japan,100,日本公共广告机构，制作公益广告，以问候的魔法等广告闻名
bans,3,,Bans,100,日本独立虚拟主播团体，成员多有被平台封禁的经历
bishoujo_mangekyou:_kami_ga_tsukuritamouta_shoujo-tachi,3,美少女万华镜 -神之造物少女们-|美少女万華鏡 -神が造りたもうた少女たち-,美少女万华镜3 神明所创造的少女们,100,《美少女万华镜》系列第三作，舞台为未来并讲述创造女仆机器人的故事
ciconia_no_naku_koro_ni,3,Ciconia|シコニーのなく頃に|白鹳的鸣泣之时,白鹳鸣泣之时,100,07th Expansion 的悬疑视觉小说，《鸣泣之时》系列第五作
ciel_nosurge,3,Ciel nosurge|シェルノサージュ|献给失落之星的诗,静籁之空,100,GUST 的 PS Vita 游戏，通过歌声与少女交流的静籁系列首作
discipline:_the_record_of_a_crusade,3,,Discipline ～The Record of a Crusade～,100,ActiveSoft 2002年推出的成人游戏，并改编为六集OVA
dofus,3,多福斯,Dofus,100,法国Ankama开发的回合制大型多人在线角色扮演游戏
dorifesu!,3,Dream Festival!|dream_festival!|ドリフェス！|梦想祭典,Dorifesu!,100,万代南梦宫推出的偶像养成企划《ドリフェス！》，含动画
extreme_hearts,3,,Extreme Hearts,100,日本出品的原创动画作品
gang_of_heaven,3,,Gang of Heaven,100,作品条目，具体内容与出处待考
gemini_seed,3,,Gemini Seed,100,DMM 运营的游戏作品，具体设定与制作信息待考
gin'iro_haruka,3,,銀色、遥か,100,Tone Work's 2016年发售的恋爱视觉小说，以北海道为舞台
gujian_qitan_3,3,,古剑奇谭三,100,《古剑奇谭》系列第三作，2018年发售的仙侠题材动作角色扮演游戏
"i""s",3,IS|アイズ,"I""s",100,桂正和的恋爱漫画，讲述少年少女的青春恋爱故事
ken_to_mahou_to_gakuen_mono,3,Class of Heroes|class_of_heroes|剑魔法学园|剣と魔法と学園モノ,剑与魔法与学园,100,Acquire 开发、Atlus 发行的迷宫探索RPG系列，可自行组建队伍
kenja_no_deshi_wo_nanoru_kenja,3,She Professed Herself Pupil of the Wise Man|kendeshi|she_professed_herself_pupil_of_the_wise_man|肯德基（戏称）|賢者の弟子を名乗る賢者,自称贤者弟子的贤者,100,异世界题材轻小说，主角以贤者弟子身份展开冒险，2022年动画化
maerchen_maedchen,3,marchen_madchen,童话魔法使,100,松智洋原作、カントク插画的跨媒体企划，2018年改编为动画
marvelous,3,Marvelous Inc.|マーベラス,Marvelous,100,日本的游戏开发与娱乐公司，拥有牧场物语、符文工房等作品
moira_(sound_horizon),3,,Moira,100,Sound Horizon发行的专辑，以希腊神话与命运为主题
mom's_touch,3,MOM's TOUCH|妈妈手,Mom's Touch,100,韩国快餐连锁品牌，主打炸鸡汉堡，常与蔚蓝档案联动
natsu_no_ame,3,,夏ノ雨,100,CUBE社的成人恋爱游戏，原画为兼清みわ与カントク
natsuzuka-san_no_himitsu,3,奈都塚さんの秘密|奈都塚的秘密,奈都塚さんの秘密,100,Ryo创作的原创漫画系列
neko_atsume,3,Neko Atsume|ねこあつめ|猫咪收集,猫咪后院,100,Hit Point开发的猫咪收集养成手机游戏
oso-teki_kinoko_gijinka_zukan,3,,oso的菌类拟人图鉴,100,画师oso(toolate)创作的蘑菇拟人化少女系列，2014年出版图鉴并有2016年更新
persona_q:_shadow_of_the_labyrinth,3,PERSONA Q|Persona Q: Shadow of the Labyrinth|persona_q|女神异闻录Q 暗影迷宫,女神异闻录Q 迷宫暗影,100,Atlus在3DS推出的迷宫RPG，集结P3与P4角色，玩法仿世界树迷宫
project_a-ko,3,A子计划|Project A-Ko|プロジェクトA子,PROJECT A子,100,1986年的日本OVA动画，以恶搞与致敬70至80年代动画为特色
rance_03,3,Rance 03|ランス03|兰斯03 利萨斯陷落,兰斯03,100,《兰斯》系列第3作《利萨斯陷落》的重制版，2015年发售
reco_love,3,RECO LOVE|レコラヴ,Reco Love,100,DINGO与角川游戏出品的PS Vita摄影恋爱冒险游戏
rettou_joutou_(vocaloid),3,Retto Joutou|bring_it_on_(vocaloid)|劣等上等（Giga）,劣等上等,100,Giga-P与Reol创作、镜音双子演唱的Vocaloid歌曲
robocop,3,RoboCop|铁甲威龙（台/港）,机械战警,100,以殉职警察改造为机械战警为主角的科幻电影系列
sentou_yousei_yukikaze,3,Yukikaze|yukikaze|戦闘妖精雪風|雪风,战斗妖精雪风,100,神林长平的科幻小说，以及描写飞行员与外星机体空战的OVA动画
shinohayu_the_dawn_of_age,3,Shinohayu|saki_shinohayu_the_dawn_of_age|シノハユ the dawn of age|咲-Saki- シノハユ the dawn of age,咲-Saki- シノハユ,100,咲-Saki-的外传漫画，描写前代白衣麻将少女的故事
soul_link,3,ソウルリンク|魂链,Soul Link,100,Navel 制作的恋爱冒险游戏，后改编为动画
soulcalibur_ii,3,Soul Calibur II|刀魂2（台）|灵魂力量2,灵魂能力II,100,《灵魂能力》系列第三作，2002 年街机、2003 年家用机，首次加入客串角色
spyro_(series),3,Spyro|Spyro the Dragon|spyro|spyro_the_dragon|spyrothedragon|斯派罗,小龙斯派罗,100,以紫色小龙斯派罗为主角的平台跳跃游戏系列
start:dash!!,3,スタートダッシュ！！|起始冲刺,START:DASH!!,100,《Love Live!》第一季插入曲，由 μ's 演唱
summon_night:_swordcraft_story,3,Summon Night Swordcraft Story|サモンナイト クラフトソード物語|召唤之夜：剑匠物语,召唤之夜 铸剑物语,100,《召唤之夜》系列的动作角色扮演外传，2003 年登陆 GBA
the_seven-year_itch,3,The Seven Year Itch,七年之痒,100,比利·怀尔德执导、玛丽莲·梦露主演的1955年浪漫喜剧电影
touhou_blooming_chaos,3,,东方Blooming Chaos,100,Dichromatic Purpilion制作的东方Project同人游戏系列
yu-gi-oh!_duel_links,3,Yu-Gi-Oh! Duel Links|决斗链接,游戏王：决斗链接,100,Konami的手机卡牌游戏，以快速决斗规则为特色
alstroemeria_records,3,,Alstroemeria Records,99,以东方Project改编曲闻名的同人音乐社团
astraline,3,,Astraline,99,Merryweather运营的虚拟主播事务所
bellville_(kennycomix),3,,Bellville,99,kennycomix创作的网络漫画系列
boogiepop,3,Boogiepop|ブギーポップ|不吉波普,幻影死神,99,上远野浩平的轻小说系列，讲述都市传说不吉波普
chrono_ark,3,,超时空方舟,99,Al Fine 开发的单人 roguelike 角色扮演游戏
cloud_meadow,3,,Cloud Meadow,99,S-Purple 企划的成人游戏，含农场经营与怪物娘要素
cool_na_megami-sama_to_issho_ni_sundara_amayakashisugite_ponkotsu_ni_shiteshimatta_ken_ni_tsuite,3,,クールな女神様と一緒に住んだら甘やかしすぎてポンコツにしてしまった件について,99,以与女神同居生活为题材的日本恋爱喜剧作品
danball_senki_w,3,Little Battlers eXperience W|ダンボール戦機W,纸箱战机W,99,《纸箱战机》系列第二作，动画与游戏于2012年推出
dandy's_world,3,,Dandy's World,99,Roblox 平台上的卡通风格恐怖游戏，角色称为 Toon
daten_route,3,DATENROUTE|datenroute,DATEN ROUTE,99,Channel制作的《主播女孩重度依赖》二次创作动画
dragon_age:_inquisition,3,,龙腾世纪：审判,99,龙腾世纪系列第三作，2014年发售的角色扮演游戏
end_breaker!,3,,End Breaker!,99,Group SNE制作的RPG与卡牌游戏系列
fushigi_no_gensokyo,3,,Fushigi no Gensokyo,99,AQUA STYLE 2010年发布的东方Project同人 roguelike 游戏
garden_(game),3,ガーデン|花园,Garden,99,CUFFS 制作的恋爱视觉小说，由 Gayarou 负责插画
girls_und_panzer_gekijouban,3,ガールズ&パンツァー 劇場版|少女战车剧场版,少女与战车 剧场版,99,《少女与战车》的剧场版动画，描绘大洗与大学选拔队的对战
hatoful_kareshi,3,,鸽子男友,99,Hato Moa制作的鸽子题材恋爱冒险游戏，以学园为舞台
hitman_(game),3,Hitman|杀手47,杀手,99,IO Interactive开发的潜行暗杀游戏系列
innocent_red,3,イノセントレッド,Innocent Red,99,标题为イノセントレッド的日本作品
ive_(group),3,,IVE,99,Starship娱乐旗下的韩国女子偶像组合
kagaku_chop,3,カガクチョップ,Kagaku Chop,99,カヅホ的化学题材四格漫画
kouhai_wa_inkya_agari_no_infuruensaa,3,後輩は陰キャ上がりのインフルエンサー|社恐出身的后辈网红,後輩は陰キャ上がりのインフルエンサー,99,讲述从阴角逆袭成为网红的后辈的漫画作品
little_nightmares,3,Little Nightmares|littlenightmares|小小噩梦,小小梦魇,99,Tarsier Studios开发、万代南梦宫发行的解谜平台恐怖游戏，2017年发售
lostorage_wixoss,3,Lostorage incited WIXOSS|lostorage_incited_wixoss|ロストレージ・ウィクロス|迷失仓库WIXOSS,Lostorage WIXOSS,99,《WIXOSS》系列第三部电视动画，2016年秋季播出，采用全新角色
machine_robo,3,マシンロボ|机器罗伯,Machine Robo,99,1982年起由Popy与万代推出的变形机器人玩具系列，并有动画
mario_tennis_aces,3,Mario Tennis Aces|マリオテニス エース|马里奥网球ACE,马力欧网球 王牌,99,系列第八作，2018年6月登陆Nintendo Switch
mikoto_to_rei,3,,美琴与玲,99,工藤える创作的百合题材原创漫画系列
monster_hunter_stories,3,Monster Hunter Stories|モンスターハンターストーリーズ,怪物猎人 物语,99,卡普空的怪物猎人衍生角色扮演游戏，2016年发行
muteki_choujin_zambot_3,3,Invincible Superman Zambot 3|invincible_machine_zambot_3|无敌超人Zambot 3|無敵超人ザンボット3,无敌超人赞波特3,99,富野由悠季执导的1977年日升机器人动画
nonfiction!!_(love_live!),3,,Nonfiction!!,99,《Love Live! Superstar!!》的插入曲，由Liella!演唱
orc_eiyuu_monogatari,3,,兽人英雄物语,99,《无职转生》作者理不尽な孫の手的轻小说，插画由Asanagi负责，2020年起出版
pokemon_mystery_dungeon:_red/blue_rescue_team,3,口袋妖怪不可思议的迷宫 赤/青之救助队|宝可梦不可思议迷宫 救助队|神奇宝贝不可思议的迷宫,宝可梦不可思议的迷宫 赤之救助队／青之救助队,99,不可思议迷宫系列首作，2005年在GBA与NDS分别推出赤与青救助队
q_(hololive),3,,Q,99,DECO*27与Mori Calliope、Gawr Gura合作的hololive原创曲
queen_bonjourno,3,,Queen Bonjourno,99,G.J.的成人向游戏，佐野俊英负责原画
ratatouille,3,Ratatouille|五星大厨（港）,美食总动员,99,皮克斯2007年动画电影，主角为想当厨师的老鼠雷米
rebellion_godsoul,3,,Rebellion Godsoul,99,资料不足，无法确认作品类型与出处
ryo_to_mikoto,3,,Ryo to Mikoto,99,日本漫画作品，围绕凉与美琴两位主角展开
sagara-san'chi_no_etsuraku_life,3,相楽さん家の悦楽ライフ♪|相良家的悦乐生活,相楽さん家の悦楽ライフ♪,99,以相乐家为舞台的日本成人向漫画作品
street_fighter_x_tekken,3,Street Fighter X Tekken|街霸X铁拳,街头霸王X铁拳,99,Capcom 与万代南梦宫合作的跨界格斗游戏
sultan's_game,3,,Sultan's Game,99,资料不足，无法确认所指作品与类型
the_personification_of_atmosphere,3,The Personification of Atmosphere|空気少女注意報,空气少女注意报,99,Simon Creative创作的气候拟人化角色企划，曾与台湾环保部门合作
victorian_romance_emma,3,Emma: A Victorian Romance|emma:_a_victorian_romance|艾玛 英国恋物语|英國戀物語エマ,英国恋物语艾玛,99,森薰的维多利亚时代背景恋爱漫画，并有动画改编
wild_wet_west,3,,Wild Wet West,99,2002年《Uppers》杂志刊载的西部题材成人漫画
yuuhei_satellite,3,幽閉サテライト|幽闭卫星,幽闭Satellite,99,东方Project同人音乐社团，以歌曲与器乐改编为主
yuusha_support_center_maoujou_shibu,3,,勇者支援中心魔王城分部,99,以魔王城内的勇者支援窗口为舞台的喜剧漫画
a_court_of_thorns_and_roses_(series),3,,荆棘与玫瑰的王庭,98,莎拉·J·马斯创作的奇幻小说系列，取材自美女与野兽等童话
blaster_master_zero,3,ブラスターマスター ゼロ|爆破大师零,Blaster Master Zero,98,Inti Creates开发的2D动作游戏，为Blaster Master系列的重启作
brilliant_pagoda_or_haze_castle,3,Brilliant Pagoda or Haze Castle|Len'en Ten'eisenki|連縁天影戦記,连缘天影战记,98,连缘系列第四作，2015年公开体验版，采用自选路线关卡
bronze_parrot,3,,ブロンズパロット,98,不二家经营的旧餐厅连锁，店员制服为白衬衫与红裙
buddy_daddies,3,,Buddy Daddies,98,原创电视动画，讲述两名杀手与少女的同居生活
ceo_and_bodyguard,3,,CEO and Bodyguard,98,Roborobocap创作的原创系列，以保镖与CEO的关系为主线
code_geass:_soubou_no_oz,3,code_geass:_oz_the_reflection,Code Geass 双貌的OZ,98,《Code Geass》外传漫画，从两名主角视角描绘系列之间的故事
enbizaka_no_shitateya_(vocaloid),3,Enbizaka no Shitateya|円尾坂の仕立屋|圆尾坂的裁缝铺,圆尾坂的裁缝店,98,mothy创作的VOCALOID歌曲，属《七宗罪》系列，主题为嫉妒
end_of_eternity,3,Resonance of Fate|エンド オブ エタニティ|永恒的尽头,永恒终焉,98,tri-Ace 2010年制作的PS3与Xbox360角色扮演游戏，欧美名为Resonance of Fate
exit_tunes,3,EXIT TUNES（音乐厂牌）|exittunes,EXIT TUNES,98,日本音乐厂牌，发行动画歌曲、VOCALOID专辑与EXIT TRANCE系列
getsumento_heiki_miina,3,Getsumen to Heiki Miina|月面兵器ミーナ,月面兵器米娜,98,2007年播出的喜剧动画，以月面兵器少女米娜为主角
giant_ojou-sama,3,,Giant Ojou-sama,98,巨大化大小姐题材的原创作品，具体信息待考
hoshikui,3,,ホシクイ,98,手机游戏作品，由Rideon Games推出
houseki_hime,3,Houseki no Kuni|宝石の国,宝石公主,98,以宝石公主为主角的日本作品
irodorimidori,3,Irodorimidori|いろどりみどり,彩绿,98,世嘉音乐游戏《Chunithm》内置乐队企划，2022年由Akatsuki改编为电视动画
jewelpet_magical_change,3,ジュエルペット マジカルチェンジ|宝石宠物 魔法变身,宝石宠物 Magical Change,98,《宝石宠物》系列中三主角可变身换装的动画
jinrouki_winvurga,3,,人狼机Winvurga,98,纲岛志朗的机器人科幻漫画，舞台为女尊男卑的世界
kage_kara_mamoru!,3,Kage kara Mamoru!|陰からマモル!,阴守护卫,98,阿智太郎的轻小说，2006年改编为动画
kanon_2006,3,カノン|雪之少女,Kanon（2006年版）,98,京都动画2006年改编的《Kanon》电视动画
kirby_cafe,3,Kirby Café|卡比咖啡厅,卡比咖啡厅,98,官方推出的卡比主题咖啡厅与周边企划，造型餐点也出现在游戏中
kyoto_xanadu,3,,Kyoto Xanadu,98,Falcom于2026年推出的横版动作角色扮演游戏，为《东京幻都》的续作
m&m's,3,M&M|M&M巧克力豆|M豆,M&M's,98,玛氏公司旗下的巧克力豆品牌，以彩色糖衣与字母印字为特色
marvel_2099,3,,漫威2099,98,漫威宇宙的赛博朋克分支系列，1993年推出
migikata_no_chou_(vocaloid),3,Butterfly on Your Right Shoulder|Migikata no Chou|butterfly_on_your_right_shoulder_(vocaloid)|migikata_no_chou|右肩の蝶,右肩之蝶,98,のりP创作、镜音铃与镜音连演唱的Vocaloid歌曲，秋赤音负责插画
neo_kamen_rider,3,kamen_rider_(skyrider)|new_kamen_rider,假面骑士（新）,98,假面骑士系列第6作，1979年播出，主角为天空骑士与尼奥修卡
neon_genesis_evangelion_anima,3,EVA ANIMA|新世紀エヴァンゲリオン ANIMA,新世纪福音战士 ANIMA,98,EVA的官方衍生小说，舞台为人类补完计划未发动的平行未来
nie_no_hakoniwa,3,Nie no Hakoniwa|贄の箱庭,祭品之箱庭,98,东出佑一郎的轻小说，围绕被献祭者与匣庭展开的幻想故事
onimusha,3,Onimusha|鬼武者（Capcom）,鬼武者,98,卡普空的战国题材动作游戏系列，以吸收幻魔之魂强化武器为核心
onmyoji:_the_card_game,3,Onmyoji: The Card Game|阴阳师 卡牌游戏,阴阳师：百闻牌,98,网易《阴阳师》IP的卡牌对战手游，沿用原作角色
over_zenith,3,,OZ -オズ-,98,科乐美2005年在PS2推出的动作角色扮演游戏，取材奥兹国童话
owari_no_chronicle,3,,终焉的年代记,98,川上稔创作、さとやす插画的电击文库轻小说，描写平行世界的危机
princession_orchestra,3,,Princession Orchestra,98,Silver Link制作的原创魔法少女动画，2025年4月开播
rahxephon,3,RahXephon|ラーゼフォン|翼神世音,翼神传说,98,出渊裕与BONES制作的2002年机器人动画
rance_ix,3,Rance IX|ランス9|兰斯9：赫尔曼革命,兰斯9,98,《兰斯》系列第9作，成人向战棋RPG《赫尔曼革命》
saitama_seibu_lions,3,Seibu Lions|埼玉西武ライオンズ|西武狮,埼玉西武狮,98,日本职业棒球太平洋联盟的球队，主场在埼玉
shounen_no_abyss,3,Boy's Abyss|少年のアビス,少年的深渊,98,峰浪りょう的漫画，描写封闭小镇中少年少女的绝望青春
stalker_2:_heart_of_chornobyl,3,S.T.A.L.K.E.R. 2: Heart of Chornobyl|潜行者2：切尔诺贝利之心,潜行者2：切尔诺贝利之心,98,《潜行者》系列第四作，2024 年发售的开放世界第一人称射击游戏
strike_witches_(lionheart_witch),3,Lionheart Witch|ストライクウィッチーズ ライオンハートウィッチ|獅子の魔女,狮子之魔女,98,兼光Danika创作的《强袭魔女》世界观衍生系列，主角为汉内洛蕾·克梅尔
super_mario_galaxy_2,3,,超级马力欧银河2,98,2010 年登陆 Wii 的《超级马力欧银河》续作
transformers:_cybertron,3,transformers_cybertron|transformers_galaxy_force,变形金刚：塞伯坦传奇,98,宇宙大帝三部曲第三部，日版原为独立重启作品
uta_no_prince-sama:_shining_live,3,うたの☆プリンスさまっ♪ Shining Live|歌之☆王子殿下♪ Shining Live,歌之王子殿下 Shining Live,98,《歌之王子殿下》的手机音乐节奏游戏，2017年上线
virtua_fighter_5_(series),3,virtua_fighter_5|virtua_fighter_5:_final_showdown,VR战士5,98,《VR战士》系列第5作，2006年街机、2007年家用机发售
watashi_no_yuri_wa_oshigoto_desu!,3,watayuri|yuri_is_my_job!,我的百合乃工作是也！,98,Miman的百合漫画，2023年由Passione改编为动画
watashi_nouryoku_wa_heikinchi_de_tte_itta_yo_ne!,3,我的能力是平均值的说!|我说的是平均能力吧!|私、能力は平均値でって言ったよね!,我不是说了能力要平均值吗！,98,FUNA的异世界转生题材轻小说及衍生作品
aku_no_onna_kanbu:_perigee_new_moon,3,,Aku no Onna Kanbu: Perigee New Moon,97,恶之系列相关的作品，具体内容与作者不详
backrooms_(2026_movie),3,,后室（电影）,97,Kane Parsons执导的2026年电影，改编自同名网络怪谈
bungou_stray_dogs:_mayoi_inu_kaikitan,3,,文豪野犬 迷犬怪奇谭,97,文豪野犬的衍生手机游戏
cardfight!!_vanguard_g,3,,卡片战斗先导者G,97,卡片战斗先导者的系列续作企划
centuria_(manga),3,,Centuria,97,少年Jump+连载的黑暗奇幻漫画
chu_x_chu_idol,3,,Chu×Chu Idol,97,Unison Shift 2007年的成人游戏，讲述吸血鬼通过接吻成为偶像
densou_tenshi_valforce,3,Cyber Angels Valforce|ヴァルフォース|電装天使ヴァルフォース,电装天使瓦尔福斯,97,Yumesoft 2009年推出的同人游戏，结合Virtual On玩法与机娘角色
empires_smp,3,Empires|Empires SMP（Minecraft）|empire_smp|empires_smp_fanart|empiresblr|empiresfanart|empiresmp|empiressmp|empiressmpfanart,Empires SMP,97,fWhip发起的Minecraft多人角色扮演生存系列，共两季
font_bad_girl_squad,3,,Font Bad Girl Squad,97,Ito To 0427 与 Yuta PTV 的字体拟人化企划，把字体设计成少女角色
golden_axe,3,Golden Axe|ゴールデンアックス,战斧,97,世嘉1989年推出的街机横版动作游戏，以剑与魔法世界为舞台
idola_phantasy_star_saga,3,Idola Phantasy Star Saga|イドラ ファンタシースターサーガ|梦幻之星 伊多拉传奇,梦幻之星：伊多拉传说,97,世嘉《梦幻之星在线2》衍生的手机RPG
kaisha_no_senpai_akaori-san,3,,公司的前辈赤织小姐,97,以公司前辈赤织小姐为主角的日本漫画
killing_stalking,3,Killing Stalking|killingstalking|キリング・ストーキング|杀戮追踪,杀戮跟踪,97,韩国惊悚BL漫画，讲述跟踪者与被跟踪者之间的病态关系
kuromajo-san_ga_tooru!!,3,黑魔女通行中|黒魔女さんが通る!!,黑魔女学园,97,石崎洋司创作的儿童奇幻小说，由讲谈社青鸟文库出版，并改编为动画
kyouka_jinrui_amunero,3,Kyouka Jinrui Amunero|強化人類アムネロ,强化人类阿姆内罗,97,Hyo曲奇创作的原创角色企划，围绕强化人类展开，尚未正式连载
legend_of_queen_opala,3,,Legend of Queen Opala,97,Gabeworks于2008年发布的免费英文成人视觉小说
maho_x_roba_-witches_spiritual_home-,3,,Maho x Roba -Witches Spiritual Home-,97,日本的成人向视觉小说
microsoft_office,3,MS Office|Office|微软Office,Microsoft Office,97,微软开发的办公软件套件，包含文字、表格与演示等组件
mo_nu_zhi_wen_nai_bai_he_zhi_wei,3,,魔奴之吻乃百合之味,97,天城爱莉创作的成人向中文网络小说系列
napoleon_crossing_the_alps,3,Napoleon Crossing the Alps|拿破仑越过圣伯纳山,拿破仑穿越阿尔卑斯山,97,雅克-路易·大卫绘制的拿破仑骑马肖像画
natsuzora_kanata,3,Natsuzora Kanata|夏空カナタ,夏空彼方,97,Yuzu-soft第三作，以夏日群岛为舞台的成人恋爱游戏
oshi_ga_budoukan_itte_kuretara_shinu,3,if_my_favorite_pop_idol_made_it_to_the_budokan_i_would_die|oshibudo|偶像来到武道馆我就去死|如果我的推去了武道馆我就会死|推しが武道館いってくれたら死ぬ,神推偶像登上武道馆我就死而无憾,97,平尾アウリ的偶像应援题材漫画，描绘偶像宅的日常
project_carneades,3,,Project Carneades,97,资料不足，无法确认作品类型与出处
re:_cutie_honey,3,Re:Cutie Honey|レイ キューティーハニー|甜心战士Re,Re:甜心战士,97,2004年《甜心战士》的重制OVA动画
sexfriend,3,セックスフレンド|性伙伴,SEXFRIEND,97,成人向漫画作品，围绕主人公与多名女性角色的关系展开
shikkoku_no_sharnoth,3,Sharnoth|漆黑的沙尔诺斯|漆黒のシャルノス,漆黑的夏尔诺斯,97,Liar-soft蒸汽朋克系列视觉小说第三作，以雾都伦敦为舞台
spider-man:_no_way_home,3,Spider-Man: No Way Home|spider-man:no-way-home|spidermannowayhome|蜘蛛人：無家日,蜘蛛侠：英雄无归,97,2021 年上映的漫威电影宇宙蜘蛛侠第三部真人电影
tenchi_muyou!_uchuu_hen,3,Tenchi Muyo! Universe|天地無用! 宇宙編,天地无用！宇宙篇,97,天地无用系列的电视动画外传，共26集，设定与原作不同
this_communication,3,Thisコミュニケーション,This Communication,97,以多名原创角色为主题的合作插画企划，角色包括ハチ、ナナ等
totsukuni_no_shoujo,3,,外之国的少女,97,ながべ创作的奇幻漫画，讲述少女与兽人老师的日常，2015至2021年连载
ultraman_taiga_(series),3,,泰迦奥特曼,97,《奥特曼》系列第31作，令和时代首部，另有泰塔斯与风马两名副主角
uragoner,3,,Uragoner,97,Uragon Games开发的成人赛博朋克RPG兼恋爱模拟游戏，舞台为2069年
w.l.o_sekai_ren'ai_kikou,3,,W.L.O. 世界恋爱机构,97,あかべぇそふとつぅ开发的成人恋爱游戏
world_endurance_championship,3,FIA WEC|WEC|World Endurance Championship,世界耐力锦标赛,97,FIA认证的耐力赛车锦标赛，2012年创立，赛事多为6至8小时
yume_e_no_ippo,3,A Step Toward a Dream|Yume e no Ippo|夢への一歩,迈向梦想的一步,97,《Love Live! 虹咲学园学园偶像同好会》中上原步梦演唱的歌曲
amanchu!,3,Amanchu!|amanchu|あまんちゅ!,蓝海少女！,96,天野梢创作的潜水题材漫画，后改编为动画
ayakashi_rumble!,3,,Ayakashi Rumble!,96,以妖怪为题材的日本作品
brave_soul,3,BRAVE SOUL|ブレイブソウル,Brave Soul,96,Mogudan负责人设的动作角色扮演与恋爱模拟游戏
captain_commando,3,Captain Commando|キャプテンコマンドー,名将,96,卡普空1991年推出的科幻题材街机清版过关游戏
castlevania:_dawn_of_sorrow,3,Castlevania: Dawn of Sorrow|castlevaniadawnofsorrow|dawnofsorrow|キャッスルヴァニア 蒼月の十字架,恶魔城：苍月的十字架,96,NDS平台的恶魔城作品，为晓月圆舞曲的续作
chivalry_starved,3,,Chivalry Starved,96,basedbinkie创作的网络漫画
choujuu_kishin_dancouga,3,Dancouga|超兽机神断空我|超獣機神ダンクーガ,超兽机神断空我（初代）,96,1985年的超级机器人动画，四台机体合体成断空我
dakara_boku_wa_h_ga_dekinai,3,So I Can't Play H!|so_i_can't_play_h!|だから僕は、Hができない。|所以我是无法H的,所以我才做不了H,96,竹井10日的轻小说，2012年改编为动画
e.t.,3,E.T.|E.T. the Extra-Terrestrial|ET外星人,E.T.外星人,96,斯皮尔伯格1982年执导的科幻电影，讲述男孩与外星人的友谊
geinoujin_kakuzuke_check,3,一流芸人品鑑中|艺人等级鉴定|芸能人格付けチェック,一流艺人品鉴中,96,朝日放送的日本综艺节目，嘉宾盲测辨别高档与普通物品
green_(game),3,GREEN（视觉小说）|グリーン,GREEN,96,日本成人向视觉小说，以多名女主角的恋爱剧情为主线
grizzly_ni_osowaretara,3,,グリズリーに襲われたら,96,神宿2020年发表的歌曲，2025年因动画meme使用而走红
hakumei_to_mikochi,3,Hakumei & Mikochi|hakumei_and_mikochi|白明与米寇奇|薄明とミコチ,哈库梅伊与蜜珂析,96,樫木祐人的奇幻日常漫画，讲述小个子少女们的森林生活
harapeko_shoujo_to_tantei_to,3,,腹ペコ少女と探偵と,96,以饿肚子的少女与侦探为主题的创作题材
haruoto_alice_gram,3,,春音アリスグラム,96,以春日校园为舞台的成人向视觉小说
himitsu_no_jugyou,3,Himitsu no Jugyou|ひみつの授業,秘密课程,96,HaneRu创作的百合题材漫画，含调教元素
hoshi_no_samidare,3,Hoshi no Samidare|Lucifer and the Biscuit Hammer|lucifer_and_the_biscuit_hammer|the_lucifer_and_biscuit_hammer|惑星のさみだれ|星之五月雨,惑星公主蜥蜴骑士,96,水上悟志的奇幻漫画，2005年起连载，2015年动画化
interlude,3,インタールード|间奏曲,Interlude,96,堀部秀郎担任人设的视觉小说，2004年推出OVA
jungle_wa_itsumo_hare_nochi_guu,3,Jungle wa Itsumo Hare nochi Guu|ジャングルはいつもハレのちグゥ|丛林总是好天气,热带雨林的爆笑生活,96,金田一莲十郎的漫画，改编为无厘头搞笑动画
lady_and_the_tramp,3,,小姐与流浪汉,96,迪士尼1955年动画电影，讲述宠物犬淑女与流浪狗查普的爱情故事
love_letter_(idolmaster),3,ラブレター|情书,Love Letter,96,《偶像大师 灰姑娘女孩》的歌曲，由Pink Check School演唱
mega_man_legends,3,,洛克人DASH（初代）,96,洛克人DASH系列首作
meshi_mase!_nekomimi_nyan_dafuru,3,,Meshi Mase! Nekomimi Nyan Dafuru,96,猫耳题材的日本作品，具体出处与设定不详
nandome_ka_no_hajimemashite,3,,第几次的初次见面,96,Purple software的成人视觉小说，由Sekai Project发行
nayutalien,3,NayutalieN|nayutan_sejin|なゆたん星人|ナユタン星人,ナユタン星人,96,日本音乐制作人，作品以宇宙与外星人为主题
rental_magica,3,Rental Magica|レンタルマギカ|魔法使借贷公司,出租魔法使,96,三田诚的轻小说，2007年由Zexcs动画化
rokujouma_no_shinryakusha!?,3,六叠间的入侵者|六榻榻米的侵略者|六畳間の侵略者!?,三坪房间的侵略者！？,96,健速创作的幻想战斗轻小说，2014年改编为动画
saku_(series),3,AliceSoft鬼畜三部作|伊藤家系列|鬼畜作系列,遗作·臭作·鬼作系列,96,AliceSoft的成人向游戏三部曲，包括遗作、臭作与鬼作
sengoku_kishin_valkyrie,3,,Sengoku Kishin Valkyrie,96,以战国时代与机神少女为主题的日本作品系列
sparkly_spot_(love_live!),3,sparkly_spot|スパークリースポット,Sparkly Spot,96,《Love Live! 莲之空女学院》中 DOLLCHESTRA 的歌曲
super_robot_wars_original_generation_2,3,SRW OG2|スーパーロボット大戦OG2|超级机器人大战 原创世纪2,超级机器人大战OG2,96,《机战OG》系列第二作，2005 年登陆 GBA
tales_of_the_world_radiant_mythology_2,3,Tales of the World: Radiant Mythology 2|テイルズ オブ ザ ワールド レディアント マイソロジー2,世界传说 光明神话2,96,PSP平台的世界传说续作，系列角色集结的角色扮演游戏
the_rolling_girls,3,The Rolling Girls|ローリング☆ガールズ,翻转少女（The Rolling Girls）,96,WIT Studio制作的2015年原创电视动画，以少女们骑摩托公路旅行为主线
the_war_of_genesis,3,war_of_genesis,创世纪战,96,韩国出品的90年代末至2000年代初RPG系列，第三作在韩国大获成功
ultraman_decker_(series),3,,德凯奥特曼,96,《奥特曼》系列第34作，2022年播出，为《戴拿奥特曼》的平行重制
aikatsu!_x_pripara_the_movie_-deai_no_kiseki!-,3,,偶像活动×美妙天堂 剧场版 -相遇的奇迹！-,95,偶像活动与美妙天堂的联动剧场版动画
arcanadea,3,Arcanadea|アルカナディア,阿尔卡纳迪亚,95,寿屋的幻想题材拼装模型系列，角色设计由Necomi负责
bishoujo_mangekyou:_kotowari_to_meikyuu_no_shoujo,3,Bishoujo Mangekyou|美少女万華鏡 理と迷宮の少女,美少女万华镜：理与迷宫的少女,95,《美少女万华镜》系列第五作，也是系列的完结篇
blassreiter,3,BLASSREITER|ブラスレイター|蒼色騎士,苍色骑士,95,GONZO与Nitroplus共同制作的2008年原创动画
dangaioh,3,dangaiou,破邪大星弹劾凰,95,1987年 AIC 制作的超级机器人 OVA，讲述合体机器人弹劾凰的战斗
edelied,3,,Edelied,95,Katsuragi Izumi演唱的歌曲，对应组合Edel
ekokuice,3,エコクアイス,Ekokuice,95,同人社团SHARPNELSOUND的短篇系列，以角色Ecoco为主
emori,3,,Emori,95,shrimperini创作的《OMORI》同人平行世界作品
enquete_kinou_de_nasubikko_wo_ikusei_shiyou!,3,,アンケート 昨日でナスビっ子を育成しよう！,95,日本出品的电子游戏作品
falcom,3,Nihon Falcom|日本ファルコム|法尔康,日本Falcom,95,日本游戏开发商，代表作《伊苏》与《英雄传说》系列
final_fantasy_tactics_a2,3,,最终幻想战略版A2,95,《最终幻想战略版Advance》续作，登陆Nintendo DS
frozen_ii_(disney),3,Frozen II|frozen2|冰雪奇緣2（台译）|魔雪奇缘2（港译）,冰雪奇缘2,95,迪士尼《冰雪奇缘》2019年续作，安娜与艾莎追寻冰魔法的起源
inukami!,3,Inukami!|いぬかみっ!,犬神！,95,有泽真水的轻小说，2006年改编为动画
ipstar,3,,IPSTAR潮玩星球,95,中国的动漫主题咖啡厅与周边零售品牌
jishenkong_jihua,3,,视深空计划,95,台湾VTuber团体，官方英译Xtreme Deep Field Project，隶属Square Live
kemono_fabric,3,,kemono_fabric,95,同名画师或社团的原创作品标签，具体出处不详
kill_time_communication,3,,Kill Time Communication,95,日本出版社，主要经营成人向画集、杂志与漫画
komori-san_wa_kotowarenai!,3,Komori-san wa Kotowarenai!|小森さんは断れない!,小森同学拒绝不了！,95,クール教信者创作的四格漫画，2015年改编为短篇动画
kumatanchi,3,Kumatanchi|くまたんち,小熊之家,95,Vanillaware 开发、Dimple 发行的任天堂DS宠物育成游戏，2008年发售
lyrical_store,3,リリカルストア,Lyrical Store,95,《魔法少女奈叶》系列的官方联动商店与活动企划，2019年起开展
medarot_2,3,Medabots 2|Medarot 2|メダロット2,徽章战士2,95,徽章战士系列在GBA平台的第二作
muv-luv:_dimensions,3,Muv-Luv Dimensions|immortals:_muvluv_alternative|muvluv:_dimensions|マブラヴ ディメンションズ,Muv-Luv: Dimensions,95,Muv-Luv系列的手机抽卡游戏，2022年上线
myself_yourself,3,マイセルフ;ユアセルフ|我自己；你自己,Myself; Yourself,95,2007年推出的恋爱冒险游戏及其改编动画
premier_league,3,Premier League|英格兰超级联赛|英超,英格兰足球超级联赛,95,英格兰男子足球最高级别的职业俱乐部联赛
project:_eden's_garden,3,,Project Eden's Garden,95,已终止开发的《弹丸论破》同人游戏
rick_g_earth,3,,Rick G Earth,95,以日本陆上自卫队为主题的手机游戏，角色分为驻屯地娘与武器娘
sakura_strasse,3,,さくらシュトラッセ,95,日本成人向恋爱冒险游戏作品
sd_sengokuden,3,SD Gundam Sengokuden|SD戦国伝|SD高达战国传|sd_gundam_sengokuden,SD战国传,95,SD高达中以战国武将风格机体为主的分支，又名武者高达系列
soul_cradle,3,Soul Cradle|ソウルクレイドル|灵魂摇篮：吞食世界之人,灵魂摇篮,95,日本一软件在 PS2 平台推出的战棋角色扮演游戏
tales_of_vesperia:_the_first_strike,3,,薄暮传说 首击,95,描写薄暮传说游戏剧情前传的剧场版动画
the_last_of_us_part_ii,3,the_last_of_us_2,最后生还者 第二部,95,2020年发售的PlayStation 4游戏，为最后生还者的续作
tougen_anki,3,,桃源暗鬼,95,漆原侑来创作的少年漫画，以鬼与桃太郎的对抗为题材，2025年动画化
transformers:_victory,3,transformers_victory,变形金刚：胜利之斗争,95,日本独占的变形金刚G1动画，主角为星际柯柏文
turing_love,3,Turing Love|チューリングラブ,图灵之爱,95,ナユタン星人创作、ナナヲアカリ演唱的歌曲，《理科生坠入情网》片尾曲
waku_waku_puyo_dungeon,3,,Waku Waku Puyo Dungeon,95,Compile于1998年推出的迷宫探险游戏，登陆世嘉土星与PS1
woman_with_a_parasol,3,,撑阳伞的女人,95,莫奈的油画组画，描绘其妻子与儿子在夏日风中散步
working!!_(web_manga),3,WORKING!!（web篇）|WWW.WORKING!!|www.working!!|迷糊餐厅（网络版）,WWW.WORKING!!,95,高津カリノ在个人网站连载的前身网络漫画
yat_anshin_uchuu_ryokou,3,YAT Anshin! Uchuu Ryokou|YAT安心!宇宙旅行,安心！宇宙旅行,95,Group TAC制作的动画，1996至1998年在NHK播出
alps_no_shoujo_heidi,3,アルプスの少女ハイジ|小天使（台译）|阿尔卑斯山的少女,阿尔卑斯山的少女海蒂,94,世界名作剧场动画，改编自海蒂的小说，宫崎骏等人参与制作
corona_(brand),3,Corona|Corona Extra|corona_extra|科罗娜啤酒,科罗娜,94,墨西哥的啤酒品牌，以瓶口插青柠的喝法闻名
daicon_iv,3,DAICON 4|daicon_4|daiconiv|ダイコンIV|大根4,Daicon IV,94,1983年第22届日本 SF 大会的开场动画，由 Daicon Film 制作
five_nights_in_anime_(fangame),3,FNiA|five_nights_in_anime|五夜惊魂：动漫版,Five Nights in Anime,94,Mairusu制作的《玩具熊的五夜后宫》成人向同人游戏系列
hajimete_no_koi_ga_owaru_toki_(vocaloid),3,When the First Love Ends|when_the_first_love_ends_(vocaloid)|はじめての恋が終わる時|初恋终结之时,初恋终结之时,94,ryo与supercell创作的初音未来歌曲，插画由三轮士郎负责
halo_4,3,,光环4,94,《光环》系列第四作，2012年由343 Industries开发并发售
kemono_friends_r,3,Kemono Friends R|けものフレンズR,兽娘动物园R,94,以另一位少女为主角重新演绎兽娘动物园2的同人小说企划
kikou_senki_dragonar,3,Metal Armor Dragonar|metal_armor_dragonar|机甲战记Dragonar|機甲戦記ドラグナー,机甲战记龙骑兵,94,日升制作的48集机器人动画，1987至1988年播出
killer_in_the_mirror,3,,Killer in the Mirror,94,以自由学校「芽吹之园」为舞台的悬疑作品，主角与同学参加合宿
langrisser_iii,3,,梦幻模拟战III,94,《梦幻模拟战》系列第三作，1996年发行于世嘉土星
loki_(disney+),3,Loki|洛基(剧集),洛基,94,漫威电影宇宙的Disney+剧集，讲述洛基在时间变异管理局的经历
look_back,3,,蓦然回首,94,藤本树的一次性网络漫画，2021年发表于少年Jump+，讲述两位少女的漫画之路
luigi's_mansion_3,3,Luigi's Mansion 3|路易吉鬼楼3|路易鬼屋3,路易吉洋楼3,94,任天堂Switch平台的动作冒险游戏，路易吉在酒店中捕捉幽灵
machine_maiden_next,3,,Machine Maiden Next,94,出处与类型不详的作品
magician's_academy,3,Magician's Academy|まじしゃんず・あかでみい|魔学园MA,魔法学园MA,94,榊一郎的搞笑魔法学园轻小说，2003至2007年出版
mainichi_compile_heart,3,Mainichi Compile Heart|まいにちコンパイルハート,每日Compile Heart,94,集结《海王星》等Compile Heart作品角色的手机游戏
meechu,3,,Meechu,94,日本作品，具体出处与设定不详
nanairo_kouro,3,,なないろ航路,94,Journey社的成人恋爱冒险游戏
neko_shota_ten_(hakuyagen),3,,猫少年天,94,白夜ゲン的系列作品，以咖啡店的少年们为主角
"ore_ga_ojou-sama_gakkou_ni_""shomin_sample""_toshite_rachirareta_ken",3,,我被绑架到贵族女校当庶民样本,94,七月隆文的轻小说及2015年动画，讲述普通男生被送入贵族女校的故事
panda_hero_(vocaloid),3,Panda Hero|パンダヒーロー,熊猫英雄,94,ハチ（米津玄师）创作的VOCALOID歌曲，由GUMI演唱
pathfinder,3,,Pathfinder,94,Paizo发行的桌面角色扮演游戏，规则源于D&D 3.5版，舞台为格拉利昂
pokken_tournament,3,Pokkén Tournament|ポッ拳|宝可拳锦标赛,宝可拳,94,万代南梦宫开发的宝可梦格斗游戏，2015年起在街机与主机平台推出
pure_girl,3,,Pure Girl,94,Front Wing的成人向游戏，ななかまい负责插画
saint_onii-san,3,Saint Young Men|saint_young_men|聖☆おにいさん|聖☆哥傳（台译）,圣哥传,94,中村光的喜剧漫画，描绘佛陀与耶稣在东京的日常
shin_sangoku_musou_5,3,,真·三国无双5,94,真三国无双系列第五作，海外以Dynasty Warriors 6之名发行
spawn_(comic),3,Spawn|Spawn（Image）|spawn|闪灵悍将（台译）,再生侠,94,托德·麦克法兰创作、Image 出版的暗黑超级英雄漫画
star-crossed_world,3,,Star-Crossed World,94,《星之卡比 探索发现》Switch 2 版追加的额外模式
supercell_(band),3,supercell（音乐团体）|スーパーセル,supercell,94,以 ryo 为核心的日本流行摇滚乐队，早期使用初音未来
teikoku_senki,3,,帝国千战记,94,以古代帝国为背景的日本游戏作品，具体内容不详
the_three_caballeros,3,,三骑士,94,唐老鸭、乔斯·卡里奥卡与潘奇托组成的三骑士组合，1942年起登场
the_witcher_4,3,,巫师4,94,CD Projekt RED正在开发的《巫师》系列新作，以希里为主角
village_vanguard,3,ヴィレッジヴァンガード,Village Vanguard,94,日本的连锁书店品牌，兼营杂货与流行文化周边
winter_memories,3,,Winter Memories,94,同人游戏《Summer Memories》的续作，2024年发售
witch's_weapon,3,Witch's Weapon,魔女兵器,94,中国手游，以少女与巨大兵器战斗为题材
yahoo!,3,Yahoo!|yahoo,雅虎,94,提供搜索、邮箱与新闻等服务的美国互联网公司
ys_seven,3,Ys Seven|伊苏Seven|伊苏七,伊苏7,94,Falcom的动作RPG《伊苏7》
yuusha_keisatsu_j-decker,3,Brave Police J-Decker|brave_police_j-decker|勇者警察杰德卡,勇者警察,94,勇者系列第5作，1994年播出的机器人动画
zenhoi_kyun,3,zenhoui_kyun,全方位キュン,94,《Love Live! 莲之空》中Mira-Cra Park!演唱的歌曲
adipocere_(vocaloid),3,あだぽしゃ|尸蜡,Adipocere,93,いよわ创作、初音未来演唱的歌曲，另有续作Urapocere
artix_entertainment,3,,Artix Entertainment,93,美国独立游戏公司，以《AdventureQuest》等网页游戏闻名
b-project,3,B-PROJECT～鼓動*アンビシャス～|B计划,B-PROJECT,93,MAGES.的男性偶像多媒体企划，描绘偶像团体的成长
bakusou_kyoudai_let's_&_go!!_max,3,四驱兄弟MAX|爆走兄弟Let's & Go!! MAX|爆走兄弟レッツ&ゴー!!,四驱兄弟MAX,93,《四驱兄弟》动画系列的第三部，以迷你四驱车赛事为主题
bangtan_boys,3,,防弹少年团,93,韩国男子音乐组合，又称BTS，2013年出道
blazblue_alternative:_dark_war,3,BlazBlue Alternative Dark War|ブレイブルー オルタナティブ ダークウォー|苍翼默示录战火重燃,苍翼默示录：暗之战,93,苍翼默示录系列的手机角色扮演游戏
caravan_stories,3,,Caravan Stories,93,Aiming开发的MMORPG
card-en-ciel,3,,Card-en-Ciel,93,Inti Creates在2024年推出的卡牌构筑类肉鸽角色扮演游戏
digimon_survive,3,Digimon Survive|デジモンサヴァイブ|数码兽绝境求生,数码宝贝：绝境求生,93,2022年发售的数码宝贝生存模拟角色扮演游戏
evenicle_(series),3,,Evenicle（系列）,93,AliceSoft开发的成人向RPG系列，含《Evenicle》与《Evenicle 2》
final_fantasy_airborne_brigade,3,,最终幻想 旅团,93,2012年至2020年运营的《最终幻想》系列手机抽卡游戏
futabu,3,ふたぶ,Futabu,93,Bosshi 创作的双性题材同人漫画，后被改编为成人动画
hajimete_no_orusuban,3,Hajimete no Orusuban|第一次看家,はじめてのおるすばん,93,Studio Ring的萝莉向成人游戏系列首作，后改编为成人动画
ii_orc_no_hi,3,Ii Orc no Hi,好兽人的日常,93,Jin创作的原创网络漫画，讲述兽人的日常
kaichou_wa_maid-sama!,3,The Class President Is a Maid!|the_class_president_is_a_maid!|会长是女仆|学生会长是女仆,会长是女仆大人!,93,藤原ヒロ的少女漫画，2010年由J.C.Staff动画化
kareshi_kanojo_no_jijou,3,Kare Kano|his_and_her_circumstances|kare_kano|karekano|彼氏彼女の事情|彼氏彼女的事情,他和她的故事,93,津田雅美的恋爱喜剧漫画，1998年改编为动画
kick-ass,3,Kick-Ass|劲揪侠|特攻联盟,海扁王,93,马克·米勒与约翰·罗米塔二世创作的超级英雄漫画，后改编为同名电影
los_angeles_dodgers,3,,洛杉矶道奇队,93,美国职业棒球大联盟的球队，位于加州洛杉矶，属国家联盟西区
lost_crusade,3,,Lost Crusade,93,手机平台的集换式卡牌游戏
madra_(album),3,,Madra,93,Newdad乐队2023年的首张录音室专辑，封面常被恶搞
madtown_gta,3,,MadTown GTA,93,Crazy Raccoon等主办的《GTA V》大型角色扮演直播活动，2025年举办
mahou_no_star_magical_emi,3,Magical Emi the Magic Star|magical_emi_the_magic_star|魔法のスターマジカルエミ,魔法之星爱美,93,Studio Pierrot1985年制作的魔法少女偶像动画
mizuiro,3,Mizuiro|みずいろ,水色,93,ねこねこソフト于2001年推出的恋爱冒险游戏
mushibugyou,3,Mushibugyo|ムシビギョー,虫奉行,93,福田宏的漫画，讲述江户时代少年与虫怪战斗
ongezellig,3,,Ongezellig,93,Studio Massa制作的荷兰语网络动画，主角为Maya及其养姐妹
payday_(series),3,PAYDAY|payday|银行大盗,收获日,93,合作射击游戏系列，玩家组队实施银行抢劫等劫案任务
psi_(vocaloid),3,,Psi,93,r-906创作、初音未来演唱的Vocaloid歌曲，插画由eiku绘制
submarine_707r,3,Submarine 707R|サブマリン707R,潜艇707R,93,改编自小泽さとる漫画《潜艇707》的 2003 年 OVA
time_bokan_24,3,Time Bokan 24|タイムボカン24,时间飞船24,93,为纪念龙之子成立55周年制作的《时间飞船》系列第十作
transformers:_car_robots,3,transformers:_robots_in_disguise_(2001)|transformers_car_robots,变形金刚：汽车机器人,93,2000年推出的变形金刚动画，首次完全重启世界观
volcano_princess,3,,火山的女儿,93,以养育火山国女儿为题材的模拟养成游戏
white_rabbit_candy,3,,大白兔奶糖,93,中国知名的牛奶糖品牌
windows_vista,3,windowsvista,Windows Vista,93,微软推出的操作系统，以Aero玻璃质感界面为特色
x-overd,3,X-Overd R|x-overd_r|クロス・オーバード,X-Overd,93,DMM的网页游戏，另有成人向版本《X-Overd R》
yumeochi_-_yume_de_bokura_wa_koi_ni_ochiru,3,,ユメオチ,93,以在梦中体验青春与恋爱为题材的漫画
yuukyuu_no_sharin,3,,悠久之车轮,93,史克威尔艾尼克斯的街机卡牌对战游戏
aikatsu_planet!,3,,偶像活动Planet!,92,偶像活动系列第五作，采用真人演出与动画混合形式
assassin's_creed:_odyssey,3,,刺客信条：奥德赛,92,《刺客信条》系列第十一部，舞台为伯罗奔尼撒战争时期的古希腊
bakuage_sentai_boonboomger,3,,爆上战队奔奔者,92,超级战队系列第48作，以车辆与竞速为主题
beatmania_iidx_14_gold,3,,beatmania IIDX 14 GOLD,92,《beatmania IIDX》系列第14作，2006年登陆街机
bonobono,3,Bono Bono|波诺波诺,ぼのぼの,92,いがらしみきお的治愈系四格漫画，1986年起发表，主角是海獭
butterfly_(love_live!),3,蝴蝶,Butterfly,92,Love Live! 虹咲学园学园偶像同好会的插入曲，由近江彼方演唱
death_parade,3,Death Parade|デス・パレード|死亡遊行,死亡游行,92,2015年播出的原创动画，以死后酒吧裁定灵魂为主题
doggy_god's_street,3,,Doggy God's Street,92,戌神沁音的第二首原创歌曲，含同名服装
fate/grand_order:_first_order,3,,Fate/Grand Order -First Order-,92,《Fate/Grand Order》中特异点F的动画改编
gundam_gihren_no_yabou,3,Gihren's Greed|吉恩的野望|機動戦士ガンダム ギレンの野望,基连的野心,92,万代的高达题材回合制战略游戏系列，以一年战争为背景
halo_infinite,3,Halo Infinite|haloinfinite|最后一战：无限,光环：无限,92,《光环》系列第六作，2021年发售，多人部分可免费游玩
holocure,3,ホロキュア,HoloCure,92,Kay Yu开发的hololive同人幸存者游戏，2023年发布
kaisha_to_shiseikatsu,3,,公司与我私生活,92,描写职场与私生活的日本漫画作品
kanojo_ga_flag_wo_oraretara,3,If Her Flag Breaks|if_her_flag_breaks|彼女がフラグをおられたら,如果折断她的旗,92,竹井10日的轻小说，2014年改编为动画
kimi_wa_008,3,,你是008,92,松江名俊创作的少年漫画，2018年起连载，讲述落榜生进入间谍学园
koutetsu_no_majo_annerose,3,鋼鉄の魔女アンネローゼ|钢铁之魔女安妮萝洁,钢铁魔女安妮罗洁,92,Black Lilith 出品的成人向视觉小说，与《对魔忍》系列共享世界观
lamune,3,Lamune|ラムネ,弹珠汽水,92,NekoNeko Soft的恋爱冒险游戏，以夏天与童年回忆为主题，并有动画改编
metal_fight_beyblade,3,Beyblade: Metal Fusion|Metal Fight Beyblade|beyblade:_metal_fusion|战斗陀螺钢铁奇兵|爆旋陀螺钢铁战魂,战斗陀螺 金属对决,92,战斗陀螺系列的第三代动画与玩具企划
my_pig_princess,3,我的猪公主,My Pig Princess,92,以猪公主为题的创作作品
nobunaga_no_yabou,3,Nobunaga's Ambition|nobunaga's_ambition|信長の野望|信长的野望,信长之野望,92,光荣的战国题材历史策略游戏系列，后与宝可梦联动推出《宝可梦+信长之野望》
noworld,3,noworldofficial|アラズヨ|非世,NoWorld,92,由虚拟主播与音乐人组成的虚拟音乐创作团体
oku-sama_wa_joshi_kousei,3,Oku-sama wa Joshi Kousei|おくさまは女子高生|我的老婆是高中生,我的太太是高中生,92,描绘主人公与高中生妻子生活的校园恋爱喜剧漫画，并有动画改编
oshiete_miko_sensei_(series),3,,おしえて巫女先生系列,92,《おしえて巫女先生》的系列统称标签
pieces_of_sweet_stars,3,キラメキ☆ヨーコ|闪耀☆洋子,Pieces of Sweet Stars,92,GAINAX制作的音乐影片，以天元突破的洋子为主角，2009年发布
poppin'_up!_(love_live!),3,poppin'_up|poppin'_up!|poppin'up|poppin'up!|poppin_up|poppin_up!|poppinup|poppinup!|ポッピンアップ,Poppin' Up!,92,Love Live!虹咲学园学园偶像同好会第一季插曲，由中须霞演唱
reco_love_gold_beach,3,レコラヴ,Reco Love Gold Beach,92,《Reco Love》系列以海滩为舞台的摄影恋爱冒险游戏
sakamichi_no_apollon,3,Kids on the Slope|kids_on_the_slope|坂道のアポロン|斜坡少年,坂道上的阿波罗,92,以爵士乐为主题的日本漫画及改编动画
sekai_de_ichiban_oppai_ga_suki!,3,breasts_are_my_favorite_things_in_the_world!|世界でいちばんおっぱいが好き!|全世界最爱欧派!,世界第一喜欢欧派!,92,昆布わかめ的搞笑向成人漫画
super_mario_bros._2,3,Super Mario Bros. 2|超级玛利欧兄弟2,超级马力欧兄弟2,92,《超级马力欧兄弟》系列第二作，日版与美版为不同游戏
world_of_horror,3,,World of Horror,92,受克苏鲁与日本恐怖漫画影响的恐怖RPG
yaiba,3,,剑勇传说,92,青山刚昌的漫画，改编为52集动画《剑勇传说铁刃》
yari_no_yuusha_no_yarinaoshi,3,,枪之勇者的重来,92,《盾之勇者成名录》的衍生漫画，以枪之勇者元康为主角
ballroom_e_youkoso,3,Welcome to the Ballroom|welcome_to_the_ballroom|ボールルームへようこそ,舞动青春,91,以社交舞为主题的日本漫画及改编动画
beatmania_iidx_16_empress,3,,beatmania IIDX 16 EMPRESS,91,《beatmania IIDX》系列第16作，2008年登陆街机
chikyuu_no_ura_(cevio),3,Chikyuu no Ura|地球的另一边,地球の裏,91,iyowa创作、Rime演唱的CeVIO歌曲，MV以电梯下降为意象
choudenji_machine_voltes_v,3,Voltes V|voltes_v|voltesv|voltesvlegacy|超电磁机器 波鲁特斯V|超电磁机器人 波鲁迪斯V|超電磁マシーン ボルテスV,超电磁机器人波鲁特斯V,91,1970年代末的超级机器人动画，五机合体成波鲁特斯V，在菲律宾大受欢迎
clock_over_orquesta,3,,Clock over ORQUESTA,91,viviON 的互动式 SNS 音乐企划，12名主角围绕许愿人偶展开
cross_channel,3,クロスチャンネル|交叉频道,Cross Channel,91,FlyingShine 的成人视觉小说，衍生出网页游戏《Nanaca Crash!!》
fantasia_re:build,3,Fantasia Re:Build|ファンタジア・リビルド,幻想曲重筑,91,角川Fantasia文库旗下轻小说跨作品联动的手机游戏，2020年上线
fantasy_bishoujo_juniku_ojisan_to,3,Fabiniku|fabiniku|ファンタジー美少女ジュニクおじさんと|转生美少女大叔,异世界美少女受肉大叔,91,鹤崎贵大原作、池泽真作画的异世界转生搞笑漫画，2022年动画化
g-senjou_no_maou,3,,G-senjou no Maou,91,AKABEiSOFT2 2008年发售的成人视觉小说，描绘魔王与少女的悬疑故事
god_of_war_ragnarok,3,,战神：诸神黄昏,91,《战神》系列的第五作，为北欧篇的第二部
gundam_ms_igloo,3,MS IGLOO 一年战争密录|機動戦士ガンダム MS IGLOO|高达MS IGLOO,机动战士高达MS IGLOO,91,以一年战争为背景的CG动画系列，含《隐藏的一年战争》等篇章
hannibal_(tv_series),3,,汉尼拔,91,改编自托马斯·哈里斯小说的美国电视剧，讲述汉尼拔与威尔的博弈
hoshiiro_girldrop,3,Hoshiiro Girldrop|星色ガールドロップ,星色Girl Drop,91,大川ぶくぶ的四格漫画，讲述与偶像青梅竹马的恋爱喜剧
iichan.ru,3,,iichan.ru,91,俄罗斯的动漫文化贴图论坛，吉祥物为Unyl酱
jewelpet_sunshine,3,ジュエルペット サンシャイン|珠固宠物 阳光,宝石宠物 阳光,91,《宝石宠物》系列第三部电视动画
kakunaru_ue_wa,3,,画到这种程度的话,91,高畑弓原作、蒲田优治作画的青春恋爱漫画，2025年宣布动画化
kemono_friends_festival,3,Kemono Friends Festival|けもフレフェス,兽娘动物园 节庆,91,兽娘动物园系列的衍生手机游戏，由 Goodroid 运营
kono_koi_wo_hoshi_ni_wa_negawanai,3,,この恋を星には願わない,91,以无法如愿的恋情为主题的百合漫画作品
kura_sushi,3,Kura Sushi|くら寿司,藏寿司,91,日本回转寿司连锁品牌，在日本与海外多地开设门店
mai_ball!,3,マイぼーる!|マイボール,Mai Ball!,91,井上そら创作的足球题材青年漫画
moeru!_jiten,3,Moeru! Jiten,萌える!事典,91,Hobby Japan出版的萌系百科书系，由Studio TEAS制作
mutekikyuu_believer,3,Muteki-kyuu*Believer|無敵級*ビリーバー,无敌级*Believer,91,虹咲学园学园偶像同好会第一张单曲，由中须霞演唱
naraku,3,,奈落,91,名称为奈落的作品或角色相关创作
otonari_no_musume-san_wa_ore_ni_ki_ga_aru_you_dakara_pet_ni_shite_mita.,3,,邻家女儿似乎对我有意思所以试着当宠物养,91,以邻家少女与主角的相处为主题的恋爱喜剧作品
pikmin_bloom,3,,皮克敏Bloom,91,任天堂与Niantic合作的AR位置游戏，2021年上线，鼓励步行
pink_sniper,3,ピンクスナイパー,Pink Sniper,91,米仓研吾创作的日本成人漫画
raul_to_kyuuketsuki_(ohayousan_084),3,,Raul与吸血鬼,91,以少年与吸血鬼为题材的创作，作者为ohayousan_084
shiei_no_sona-nyl,3,Sona-Nyl of the Violet|紫影のソナーニル|紫影的索娜妮露,紫影的索纳尼尔,91,Liar-soft蒸汽朋克系列视觉小说第五作，以地下都市为舞台
silent_hill_(movie),3,Silent Hill|寂静岭(电影)|沉默之丘(电影),寂静岭（电影）,91,改编自寂静岭游戏的2006年电影，描写少女在寂静岭失踪的故事
smooth_criminal,3,,犯罪高手,91,迈克尔·杰克逊的歌曲，MV以白色西装与反重力倾斜舞步著称
suicide_squad_isekai,3,Suicide Squad Isekai|suicidesquadisekai|自杀小队异世界,异世界自杀小队,91,2024 年播出的动画，讲述 DC 自杀小队被送往异世界
super_mario_3d_world_+_bowser's_fury,3,,超级马力欧3D世界＋酷霸王之怒,91,《超级马力欧3D世界》Switch 版，附加开放世界篇章《酷霸王之怒》
today's_han_yoil_is_a_woman,3,,Who's That Girl?,91,韩国Naver连载的网络漫画，2025年起发行英文版
tron,3,Tron|创|创光速战记,电子世界争霸战,91,1982年起源于迪士尼的科幻系列，含电影《创》与《创：战纪》
ultraman_blazar_(series),3,,布莱泽奥特曼,91,《奥特曼》系列第35作，主角为布莱泽奥特曼
yandere_no_onna_no_ko_ni_shinu_hodo_aisarete_nemurenai_cd,3,ヤンデレCD|被病娇女孩爱到睡不着CD|被病娇少女爱到无法入眠CD,病娇CD,91,Edge Records出品的病娇少女题材广播剧CD系列
yume_wazurai,3,Yumewazurai|yumewazurai|ユメワズライ,ユメワズライ,91,《Love Live! 莲之空》中Cerise Bouquet演唱的歌曲
zoku_satsuriku_no_django,3,杀戮的姜戈 续|続・殺戮のジャンゴ,续·杀戮的姜戈,91,Nitroplus于2007年推出的成人游戏，充满西部片致敬
arthurian_legend,3,,亚瑟王传说,90,围绕亚瑟王与圆桌骑士的英国传说体系
brave_fencer_musashiden,3,Brave Fencer Musashi|Brave Fencer Musashiden|勇敢的剑士武藏传,武藏传,90,史克威尔1998年推出的PS动作角色扮演游戏
buraiden_gai,3,Buraiden Gai|無頼伝 涯,无赖传涯,90,福本伸行的越狱题材漫画，2000至2001年连载
child's_play,3,Chucky|恰吉|灵异入侵|鬼娃回魂,鬼娃恰吉,90,以杀人玩偶恰吉为主角的恐怖电影系列
cooking_idol_ai!_mai!_main!,3,Cooking Idol Ai! Mai! Main!|クッキンアイドル アイ!マイ!まいん!,料理偶像 爱!美!蔓!,90,NHK 播出的儿童向料理偶像动画
dark_side_of_the_moon,3,The Dark Side of the Moon,月之暗面,90,平克·弗洛伊德1973年发行的概念专辑，在日本以《狂气》为名发行
double_lariat_(vocaloid),3,ダブルラリアット|双重套索,Double Lariat,90,Agoaniki创作、巡音流歌演唱的VOCALOID歌曲
dragon's_shadow,3,,Dragon's Shadow,90,手机平台的集换式卡牌游戏
dragon_quest_builders,3,Dragon Quest Builders|ドラゴンクエストビルダーズ|勇者斗恶龙 建造者,勇者斗恶龙 创世小玩家,90,模仿Minecraft玩法的勇者斗恶龙外传，可自由建造城镇
existence,3,,Existence,90,ChiNat开发中的同人恋爱冒险与节奏游戏
gakuen_taisen_valkyries,3,,Gakuen Taisen Valkyries,90,宇津天海主导的长篇同人战争小说系列，围绕女武神部队展开
galaxy_fight,3,Galaxy Fight|ギャラクシーファイト,银河格斗,90,Sunsoft 1995年推出的街机格斗游戏，角色 Roomi 广为人知
gekijigen_tag:_blanc_+_neptune_vs_zombie_gundan,3,Megatagmension Blanc + Neptune vs Zombies|megatagmension_blanc_+_neptune_vs_zombies|海王星VS僵尸军团|超次元タッグ ブラン+ネプテューヌVSゾンビ軍団,超次元军团 布兰+涅普缇努VS僵尸军团,90,海王星系列的外传动作游戏，布兰与涅普缇努对抗僵尸军团
ixion_saga,3,Ixion Saga DT|イクシオン サーガ|伊克西翁传奇,伊克西翁传说,90,Capcom的在线游戏企划，衍生出动画《伊克西翁传说DT》
kimi_wa_meido-sama,3,,你是女仆大人,90,讲述前杀手少女成为少年家中女仆的漫画作品
kioh_gyoku,3,,稀翁玉,90,西方Project第二作，2001年发行的纵版弹幕射击游戏
league_of_legends:_wild_rift,3,League of Legends Wild Rift|英雄联盟：激斗峡谷,英雄联盟手游,90,《英雄联盟》的手机版，由Riot Games开发的5v5竞技游戏
major,3,MAJOR,棒球大联盟,90,满田拓也创作的棒球漫画，讲述少年成长为职棒选手，多次动画化
maplestory_2,3,MapleStory 2|maplestory2|枫之谷2,冒险岛2,90,《冒险岛》的3D续作，2020年停止服务
muv-luv_alternative_strike_frontier,3,Muv-Luv Alternative 突袭前线|muvluv_alternative_strike_frontier|マブラヴ オルタネイティヴ ストライク・フロンティア,Muv-Luv Alternative Strike Frontier,90,Muv-Luv系列的手机游戏，2016年上线2018年停服
nelke_to_densetsu_no_renkinjutsushi_tachi,3,Nelke & the Legendary Alchemists|ネルケと伝説の錬金術士たち|奈尔克与传说的炼金术士们,奈尔克与传说之炼金术士们,90,炼金工房系列的城镇建设外传，主角为奈尔克
oppai_baka,3,おっぱいバカ,Oppai Baka,90,作品具体出处未确认的标签
pastel_memories,3,,Pastel Memories,90,FURYU开发的蒸汽朋克题材手机游戏，2019年推出电视动画
pop_mart,3,,POP MART,90,中国潮流玩具公司，以盲盒与设计师玩具闻名
psycho_soldier,3,Psycho Soldier|サイコソルジャー,超能力战士（SNK）,90,SNK的街机动作游戏，拳皇超能力战士队的角色来源
siren_(series),3,Siren|siren|サイレン|死魂曲,尸人,90,索尼开发的恐怖游戏系列，以日本村庄的尸人化为题材
sousei_no_aquarion,3,Genesis of Aquarion|创圣的阿克艾利昂|創聖のアクエリオン,创圣的大天使（初代）,90,河森正治创作、Satelight 制作的 2005 年合体机器人动画
study_steady_2,3,,Study Steady 2,90,Marmalade 于 2022 年发售的成人游戏
super_robot_wars_dd,3,,超级机器人大战DD,90,2019 年推出的《超级机器人大战》手机游戏，含扭蛋要素
synduality_noir,3,,SYNDUALITY Noir,90,万代南梦宫企划SYNDUALITY的电视动画，由Eight Bit制作
to_heart_2_dungeon_travelers,3,ToHeart2 Dungeon Travelers|ダンジョントラベラーズ|迷宫之旅,ToHeart2 迷宫探索者,90,Sting Entertainment开发、2011年发售的《ToHeart2》迷宫RPG外传
tokyo_revengers_pazuribe!,3,,东京复仇者 Pazuribe!,90,《东京复仇者》改编的手机益智游戏
under_the_moon,3,アンダー・ザ・ムーン|月下之恋,Under the Moon,90,Sugar Beans的18禁乙女向视觉小说
where_winds_meet,3,,燕云十六声,90,网易开发的开放世界武侠动作角色扮演游戏
x_(manga),3,,X（漫画）,90,CLAMP的末世题材未完结漫画，衍生剧场版与电视动画
yukkuri_youmu_to_hontou_wa_kowai_cthulhu_shinwa,3,Yukkuri Youmu to Hontou wa Kowai Cthulhu Shinwa|ゆっくり妖夢と本当はこわいクトゥルフ神話,ゆっくり妖梦与可怕的克苏鲁神话,90,Niconico上发布的克苏鲁神话题材视频系列，共32章
365_days_(love_live!),3,,365 Days,89,《Love Live! 莲之空女学院学园偶像俱乐部》的歌曲，由莲之空成员演唱
adventurer's_guild_girls,3,,冒险者公会的少女们,89,以冒险者公会少女为主题的原创插画系列，作者不详
astral_buddy,3,Astral Buddy|アストラル・バディ|灵魂伴侣,Astral Buddy,89,镰池和马原作的《某科学的超电磁炮》外传漫画，主角为帆风润子
bohemian_rhapsody,3,波希米亚狂想曲,波西米亚狂想曲,89,皇后乐队1975年的摇滚歌曲，以独特的音乐录影带闻名
catherine:_full_body,3,Catherine: Full Body|catherinefullbody|凯瑟琳：浓郁口感|凯萨琳 Full Body,凯瑟琳Full Body,89,凯瑟琳的加强版作品，追加新角色与新剧情
dance_with_devils,3,Dance with Devils|与恶魔共舞,与魔共舞,89,Rejet 的乙女向音乐剧企划，讲述恶魔寻找魔导书的故事
dengeki_bunko,3,,电击文库,89,ASCII Media Works出版的日本轻小说文库，含《魔法禁书目录》等
devil_maker,3,Devil Maker: Tokyo|デビルメイカー,Devil Maker,89,以恶魔卡牌收集为题材的手机卡牌游戏，资料较少
drive_(movie),3,Drive|drive|drive2011|极速罪驾|落日车神,亡命驾驶,89,尼古拉斯·温丁·雷弗恩执导的2011年电影，瑞恩·高斯林主演
food_girls,3,フードガールズ,Food Girls,89,插画师 Okama 创作的食物拟人化少女画集
gentlecats,3,,Gentlecats,89,作品条目，具体内容与出处待考
girls_book_maker,3,,Girls Book Maker,89,作品条目，具体内容与出处待考
growlanser_iv,3,グローランサーIV,梦幻骑士IV,89,《梦幻骑士》系列第四作，在PlayStation 2上发售的策略角色扮演游戏
gundam_lost_war_chronicles,3,機動戰士鋼彈 Lost War Chronicles,机动战士高达战记,89,PS2的高达题材机甲射击游戏，以UC时间线的一年战争为舞台
happy_shijo_shugi!,3,ハッピー至上主義,HAPPY至上主义,89,《Love Live! 莲之空》中かほめぐ♡じぇらーと的歌曲，用于2024年Fes×LIVE
hatsuyuki_sakura,3,,初雪桜,89,SAGA PLANETS的成人向游戏，由本谷かなえ等负责插画
heart_to_heart!,3,,Heart to Heart!,89,《Love Live!》中μ's为手机游戏企划演唱的歌曲
kawaikute_gomen_(honeyworks),3,Kawaikute Gomen|可愛くてごめん|可爱到抱歉|对不起我太可爱了,这么可爱真是抱歉,89,HoneyWorks《告白实行委员会》系列的歌曲
kirby_super_star_ultra,3,Kirby Super Star Ultra|卡比之星：究极巨星|星之卡比 超级明星究极版,星之卡比 究极超级明星,89,《超级明星》的任天堂DS重制版，2008年发售，追加新的小游戏
konakana_2:_konata_yori_kanata_made_ii,3,,こなかな2,89,F&C 开发的视觉小说，别名《屋根裏の彼女》
kuro_games,3,,库洛游戏,89,位于广州的中国游戏公司，代表作有《鸣潮》与《战双帕弥什》
monark,3,,MONARK,89,FuRyu于2021年发行的黑暗幻想角色扮演游戏
ookamiden,3,Okamiden|大神传～小小太阳～,大神传 小小太阳,89,NDS平台的《大神》续作，主角为天照之子小照
palette_project,3,PP|palepro|paletteproject|パレットプロジェクト,Palette Project,89,MateReal运营的虚拟主播偶像团体，2022年起归属Brave Group
phantom_breaker,3,Phantom Breaker,幻影破坏者,89,5pb.推出的2D格斗游戏，后有Extra与Another Code等版本
pixiv_mahou_gakuen,3,,Pixiv魔炮学园,89,Nanaroku发起的pixiv企划，以两座魔法学园都市的魔法少女为主题
roshutsu-kei_mahou_shoujo,3,,露出系魔法少女,89,同人社团4H的成人向魔法少女系列，共三部加一部合集
ryuu_ga_gotoku_4,3,Yakuza 4|yakuza_4|人中之龙4|如龙4：传说继承者,如龙4,89,如龙系列第四作，首次采用桐生以外的多位主角
shelter_(song),3,shelter,Shelter,89,Porter Robinson与Madeon合作、A-1 Pictures制作的动画音乐视频
star_wars:_the_phantom_menace,3,star_wars_episode_1|star_wars_episode_i,星球大战前传1：幽灵的威胁,89,1999 年上映的星战前传第一部
sword_art_online:_fatal_bullet,3,SAO夺命凶弹|刀劍神域 奪命兇彈,刀剑神域 夺命凶弹,89,刀剑神域衍生第三人称射击角色扮演游戏，舞台为枪械世界GGO
tensei_colosseum:_saijaku_skill_de_saikyou_no_onna-tachi_wo_kouryaku_shite_dorei_harem_tsukurimasu,3,reincarnation_coliseum,转生斗技场～用最弱技能攻略最强女人们建造奴隶后宫～,89,由《相逢5秒后开始战斗》作者创作的异世界动作漫画
the_walking_dead,3,TWD|thewalkingdead|阴尸路,行尸走肉,89,罗伯特·柯克曼创作的丧尸末日题材漫画，衍生出AMC剧集与游戏
total_war,3,,全面战争,89,Creative Assembly开发的回合策略与即时战术结合的战争游戏系列
um_jammer_lammy,3,,Um Jammer Lammy,89,NanaOn-Sha开发、索尼1999年发行的PS音乐节奏游戏，为《PaRappa the Rapper》续作
zenshuu,3,,全修。,89,MAPPA制作的原创动画，主角是新人动画监督广濑夏子
akihabara_dennou_gumi,3,cyber_team_in_akihabara,秋叶原电脑组,88,1998年由苇Production制作的动画，讲述少女们与电脑生物的战斗
angel_flavor,3,,Angel Flavor,88,日本作品，具体作者与内容不详
armored_core_v,3,armored_core_5,装甲核心V,88,《装甲核心》系列作品，机甲更小更慢，强调多人合作
asumi-chan_wa_rezu_fuuzoku_ni_kyoumi_ga_arimasu!,3,asumi-chan_is_interested_in_lesbian_brothels!,あすみちゃんはレズ風俗に興味があります！,88,在《Comic百合姬》连载的百合漫画，2020年开始连载
black_panther_(movie),3,,黑豹（电影）,88,2018年漫威电影宇宙电影，查德维克·博斯曼主演瓦坎达国王特查拉
funguary,3,,Funguary,88,由 Feefal 发起的每年二月真菌主题绘画挑战，每日创作一幅
geminism,3,,Geminism,88,CRAFTWORK 2023年发售的成人视觉小说，由长冈建藏负责插画
getter_robo_g,3,Getter Robo G|三一万能侠G,盖塔机器人G,88,盖塔系列第二部漫画，1975年改编动画，为初代的直接续作
gintama_movie_2:_yorozuya_yo_eien_nare,3,银魂完结篇 永远的万事屋,银魂 永远的万事屋,88,《银魂》第二部剧场版，故事发生在五年后的未来
hanamusubi_(love_live!),3,,花結び,88,《Love Live! 莲之空女学院学园偶像俱乐部》中Cerise Bouquet的歌曲
heavily_armed_high_school_girls,3,,武装高中女生,88,neco的原创插画系列，描绘搭载未来兵装的少女们
honoo_no_toukyuujo:_dodge_danko,3,,炎の闘球女 ドッジ弾子,88,《炎之斗球儿 弹平》的续作漫画，主角为弹平之女
innocent_grey,3,IG,Innocent Grey,88,日本成人向游戏公司，代表作有《壳之少女》等
itunes,3,,iTunes,88,苹果公司的数字媒体播放与商店应用
ivan_the_terrible_and_his_son_ivan,3,,伊凡雷帝杀子,88,俄国画家列宾1883至1885年的油画，描绘伊凡雷帝与垂死的儿子
loveless,3,,Loveless,88,高河弓的BL漫画，2001年起连载，2016年后长期休载
majisuka_gakuen,3,真假学园|馬路須加學園,马路须加学园,88,由AKB48成员主演的校园题材深夜剧，2010年播出
mars_expedition,3,火星探险,Mars Expedition,88,画师Y创作的原创插画系列，以军事科幻为题材
nepnep_connect:_chaos_chanpuru,3,NepNep Connect|ねぷねぷ☆コネクト カオスチャンプル,NepNep Connect：混沌什锦,88,《海王星》系列的PS Vita免费卡牌对战游戏，收录Compile Heart各作品角色
odo_(song),3,Ado - Odo|踊,Odo,88,Ado演唱的歌曲，标题为「踊」，PV中以角色Odo酱为核心
pokemon_mystery_dungeon:_rescue_team_dx,3,神奇宝贝不可思议的迷宫 救助队DX|精灵宝可梦不可思议的迷宫 救助队DX,宝可梦不可思议的迷宫 救助队DX,88,赤与青救助队在Switch上的重制版，采用绘本风画面
pokemon_super_mystery_dungeon,3,精灵宝可梦超不可思议的迷宫,宝可梦超级不可思议的迷宫,88,不可思议迷宫系列第四作，2015年登陆3DS
primal_hearts,3,primal_x_hearts,Primal Hearts,88,资料不足，无法确认作品类型与出处
radiata_stories,3,ラジアータ物語,拉迪亚塔物语,88,tri-Ace开发、Square Enix2005年发行的PS2动作RPG
shenmue_iii,3,Shenmue III|shenmue3|shenmueiii|莎木 Episode 3,莎木3,88,莎木系列第三作，2019年推出，通过众筹实现开发
shizuku_(game),3,雫 ～しずく～,雫,88,Leaf的校园悬疑视觉小说，1996年发售
solitude_rain_(love_live!),3,solitude_rain|solituderain,Solitude Rain,88,Love Live!虹咲学园的插曲，由樱坂雫演唱
spider-verse_(comics),3,Spider-Verse,蜘蛛宇宙,88,漫威 2014 年起展开的蜘蛛侠多元宇宙跨界漫画事件
stellar_theater,3,,Stellar Theater,88,Rosebleu 于 2009 年推出的成人视觉小说，以异星守护的世界为舞台
suzumiya_haruhi_no_tsuisou,3,the_reminiscence_of_haruhi_suzumiya,凉宫春日的追忆,88,万代南梦宫 2011 年发行、承接《消失》剧情的视觉小说
tears_to_tiara,3,提亚拉之花,提亚拉之泪,88,Leaf开发的2005年成人战棋角色扮演游戏
tenkuu_no_yumina,3,,天空的尤米娜,88,ETERNAL的美少女游戏，英文标题为Yumina the Ethereal
waka_okami_wa_shougakusei!,3,wakaokami_wa_shougakusei,年轻老板娘是小学生！,88,令丈ヒロ子的儿童小说，并有漫画与2016年动画改编
we_love_cold_war,3,,We Love Cold War,88,Nico Jiang的原创动画，以1945至1991年冷战为背景的枪战冒险
yume_miru_kusuri,3,Yume Miru Kusuri|梦之药,梦见之药,88,成人向视觉小说，讲述校园青春故事
yumeria,3,,ゆめりあ,88,Namco参与的游戏及2004年漫画与动画作品
yuuwaku_scramble,3,,Yuuwaku Scramble,88,Moonstone于2016年推出的成人游戏
adventurequest,3,,AdventureQuest,87,Artix Entertainment自2002年起运营的网页回合制角色扮演游戏
aika_r-16,3,AIKa R-16 Virgin Mission|aikar-16,AIKa R-16,87,AIKa系列2007年发售的前传OVA，副标题为处女任务
aiyoku_no_eustia,3,穢翼のユースティア,秽翼的尤斯蒂娅,87,August于2010年发售的成人向视觉小说
astral_chain,3,ASTRAL CHAIN|Astral Chain,异界锁链,87,白金工作室为Switch开发的动作游戏，2019年发售
birdmen_(manga),3,,BIRDMEN,87,田边イエロー的科幻漫画，2013年至2020年在《周刊少年Sunday》连载
blue_reflection_tie,3,Blue Reflection: Second Light|blue_reflection:_second_light|蓝色反射 第二束光,蓝色反射 帝,87,蓝色反射系列的续作角色扮演游戏，承接前作与动画剧情
book_of_genesis,3,,创世记,87,圣经旧约的第一卷，讲述上帝创世与早期人类的故事
cartagra,3,,カルタグラ,87,日文标题的悬疑题材视觉小说
cryptract,3,,Cryptract,87,Bank of Innovation 的 iOS/Android 角色扮演游戏
detroit_metal_city,3,DMC|底特律金属城,重金摇滚双面人,87,若杉公德创作的漫画，讲述死亡金属乐队的搞笑故事，改编真人电影
dungeons_&_princess,3,,Dungeons & Princess,87,DMM运营的网页游戏，以地下城冒险为题材
ego_trigger,3,エゴトリガー,EGO TRIGGER,87,画师graph创作、以原创角色为核心的插画企划
flame_toys,3,Flametoys|flametoys,Flame Toys,87,香港玩具公司，生产变形金刚等授权第三方模型
fragile:_sayonara_tsuki_no_haikyo,3,Fragile: Farewell Ruins of the Moon|fragile,无尽隐秘,87,南梦宫万代与 Tri-Crescendo 开发的 Wii 末世题材 RPG，2009年发售
gal_guardians,3,,Gal Guardians,87,Inti Creates 开发的恶魔城风格2D动作游戏，属于少女射击系列
gardnerverse,3,,Gardnerverse,87,委托人 redraider91 构筑的原创角色世界观，包含多名角色
genzai_monogatari,3,,現在物語,87,《Evillious 年代记》的支线系列，描绘罪之容器的起源
hades_project_zeorymer,3,冥王計劃志雷馬|冥王計画ゼオライマー,冥王计划志雷马,87,高屋良树的漫画及OVA，两版设定与故事差异很大
halo:_reach,3,,光环：致远星,87,《光环》系列前传游戏，讲述致远星陷落与贵族小队的故事
higashi_no_eden,3,Eden of the East|eden_of_the_east|東のエデン,东之伊甸,87,Production I.G制作的2009年原创动画，另有剧场版
kikuru_(vtuber),3,Kikuru|kikuru|きくる,kikuru,87,Trys 公司运营的虚拟主播事务所，以资深主播藤崎由爱最为知名
kingsman:_the_secret_service,3,王牌特工：特工学院|皇家特工|金牌特务,王牌特工 特工学院,87,改编自漫画的英国特工电影，2014年上映，讲述街头少年加入秘密组织
koi_ga_saku_koro_sakura_doki,3,KsKs|恋がさくころ桜どき,恋爱随樱花绽放,87,Palette 出品的恋爱冒险游戏，以樱花与恋爱为主题
lelie_navigation,3,,Lelie Navigation,87,出处与类型不详的作品
like_mother_like_daughter,3,,"Like Mother, Like Daughter",87,韩国惊悚网络漫画，讲述吉素明与完美主义母亲之间的关系与兄长之死
momoiro_montage,3,,ももいろモンタージュ,87,前岛创作的2022年开始连载的漫画
mousou_dairinin,3,Paranoia Agent|paranoia_agent,妄想代理人,87,今敏执导的2004年悬疑动画，围绕神秘少年袭击事件
new_mutants,3,,新变种人,87,漫威《X战警》系列的分支，主角为泽维尔学院的新一代变种人学员
oyasumi_sex,3,,おやすみセックス,87,标题意为晚安性爱的日本成人向创作，具体来源不详
round1,3,round_one,Round1,87,日本的室内娱乐连锁店，提供保龄球、街机与卡拉OK等设施
sefri_no_ichihara_ga_nigashite_kurenai,3,,Sefri no Ichihara ga Nigashite Kurenai,87,日本的恋爱题材漫画或同人作品
shinken-zemi,3,進研ゼミ,进研Zemi,87,Benesse面向儿童的通信教育课程，以直邮广告漫画闻名
spectral_souls,3,新纪幻想,Spectral Souls,87,Idea Factory 在 PSP 与 PS2 平台推出的战略角色扮演游戏
star_wars:_the_old_republic,3,,星球大战：旧共和国,87,BioWare 开发的星战题材 MMO，背景设定承自旧共和国武士
starmine_(manga),3,,Starmine,87,stroma 创作的漫画
tenchi_souzou,3,,天地创造,87,Quintet开发、1995年发售的SFC动作角色扮演游戏，欧美版名为Terranigma
tomoyo_after,3,Tomoyo After,智代After,87,《CLANNAD》衍生视觉小说，以坂上智代为主角的后日谈
wacky_races,3,Wacky Races|疯狂赛车,疯狂赛车大挑战,87,Hanna-Barbera的赛车题材动画，11辆赛车争夺冠军
yomawari,3,Yomawari: Night Alone|yomawari:_night_alone|夜迴,夜廻,87,日本一软件的PS Vita恐怖动作冒险游戏，少女寻找失踪的姐姐与狗
yomiuri_giants,3,讀賣巨人,读卖巨人,87,日本职业棒球队，主场在东京，中央联盟夺冠次数最多
yurucamp_movie,3,搖曳露營 劇場版,摇曳露营 剧场版,87,《摇曳露营》的动画剧场版
zombie-ya_reiko,3,Reiko the Zombie Shop|reiko_the_zombie_shop|僵尸屋れい子,僵尸屋Reiko,87,三木本玲的漫画，讲述僵尸屋少女玲子接受委托的故事
ace_combat_5,3,Ace Combat 5|空战奇兵5,皇牌空战5 未被歌颂的战争,86,皇牌空战系列第五作，登陆PS2，以沃德狗中队为主角
aiobahn,3,,Aiobahn,86,电子音乐制作人，曾制作主播女孩重度依赖的原声带
aquarium_wa_odoranai,3,,水族館は踊らない,86,daidai用RPG Maker MV制作的免费解谜恐怖游戏
blood_alone,3,,Blood Alone,86,高野真之创作的吸血鬼题材漫画，最初以同人志形式发表
celebration!_(love_live!),3,,Celebration!,86,Love Live! 莲之空女学院学园偶像俱乐部的歌曲，由Cerise Bouquet演唱
chou_megami_shinkou_noire_gekishin_black_heart,3,Hyperdevotion Noire: Goddess Black Heart|hyperdevotion_noire:_goddess_black_heart,超女神信仰诺瓦露 激神黑心,86,《海王星》系列的 PS Vita 战略角色扮演外传，以诺瓦露为主角
comic_cune,3,コミックキューン,COMIC CUNE,86,角川发行的四格漫画杂志，2015年创刊，连载多部日常系作品
dears,3,,DearS,86,PEACH-PIT创作的漫画，外星女仆题材，2004年改编动画
dennou_tenshi_djibril,3,電脳天使ジブリール,电脑天使Jibril,86,日本早期成人游戏作品，详细资料较少
fushigi_to_kimi_to_library,3,,Fushigi to Kimi to Library,86,《Love Live! 莲之空女学院学园偶像俱乐部》中 Cerise Bouquet 演唱的歌曲
giri_giri_sisters,3,,Giri Giri Sisters,86,作品条目，具体内容与出处待考
hakoniwa_keikaku,3,,箱庭计画,86,由Bismuth负责原案与剧本的原创企划
headphone_actor_(vocaloid),3,ヘッドフォンアクター,HEADPHONE ACTOR,86,じん（自然之敌P）创作、IA演唱的Vocaloid歌曲
hospital_rokunin_no_ishi,3,Hospital.|hospital.|trauma_team_(atlus)|六人の医師,HOSPITAL 六位医生,86,Atlus的Wii游戏，属于超执刀系列，日文标题为六名医生
jollibee,3,,快乐蜂,86,菲律宾的跨国连锁快餐企业，招牌为炸鸡与意大利面
kaitou_sentai_lupinranger_vs._keisatsu_sentai_patranger,3,,快盗战队鲁邦连者VS警察战队巡逻连者,86,超级战队系列第42作
kitsune_no_oyome-chan,3,,狐狸新娘,86,Batta 创作的漫画，讲述狐狸新娘的日常，续作为《狐狸新娘与儿子》
mahou_tsukai_tai!,3,Magic User's Club|magic_user's_club|魔法使いTai!,魔法使Tai!,86,1996年推出的魔法少女OVA与电视动画，后改编为漫画
makai_tenshi_djibril_2,3,魔界天使ジブリール2,魔界天使Jibril 2,86,Frontwing成人游戏《魔界天使Jibril》系列第二作
mang-jong,3,,亡种,86,韩国网络漫画，讲述刑警与神秘男子的故事，在Ridibooks连载
mushoku_tensei:_game_ni_nattemo_honki_dasu,3,,无职转生：到了游戏也要认真,86,无职转生改编的游戏作品
oshiego_ni_kyouhaku_sareru_no_wa_hanzai_desu_ka?,3,,被学生威胁是犯罪吗？,86,さがら総的恋爱喜剧轻小说，插画由モモコ负责，共八卷
ren'ai_saiban_(vocaloid),3,Love Trial|love_trial_(vocaloid)|恋愛裁判,恋爱裁判,86,40mP创作的初音未来Vocaloid歌曲
romantic_saga_of_beauty_&_devil,3,,Romantic Saga of Beauty & Devil,86,中国厂商推出的恋爱题材手机游戏
saimin_kanojo_(ichiyou_moka),3,,催眠彼女,86,一叶モカ创作的成人向漫画作品
schoolboy_runaway,3,,Schoolboy Runaway,86,以逃学的少年为主题的日本作品
shenmue_the_animation,3,shenmueanime,莎木 动画,86,改编自莎木前两作的动画，由Adult Swim与Crunchyroll联合制作
shin_megami_tensei:_if...,3,SMT if|真・女神転生 if,真·女神转生 if...,86,真女神转生系列外传，采用高中校园舞台，为女神异闻录奠定基础
succubus_prison,3,,Succubus Prison,86,资料不足，无法确认所指作品与类型
tatakae!!_iczer-1,3,Fight! Iczer One|fight!_iczer-1|戦え!!イクサー1,战斗！！Iczer-1,86,平野俊弘创作的1985年OVA系列首作，以少女与巨大机器人战斗为题材
tententengokujigokugoku_(aiobahn),3,,Tententengokujigokugoku,86,Aiobahn +81创作的歌曲，由P丸样与ななひら演唱，odyk负责插画
uchouten_kazoku,3,,有顶天家族,86,森见登美彦的小说，描写京都狸猫一家的奇幻生活，并有动画改编
ultraman_ace_(series),3,Ultraman Ace|ultramanace|超人力霸王衛司,艾斯奥特曼,86,《奥特曼》系列第5作，主角为艾斯奥特曼，延续共享世界观
untitled_goose_game,3,Untitled Goose Game|untitledgoosegame|大鹅模拟器,无题大鹅模拟,86,House House开发的2019年独立游戏，玩家扮演大鹅在村庄捣乱
wakabayashi-kun_ga_nekasete_kurenai,3,若林くんが寝かせてくれない,若林君不让我睡觉,86,以若林君与少女的日常互动为题材的漫画
wall-e,3,,机器人总动员,86,皮克斯2008年制作的科幻动画电影，讲述机器人瓦力的故事
wicked,3,,魔法坏女巫,86,改写《绿野仙踪》的奇幻小说，后被改编为音乐剧与电影
wind_a_breath_of_heart,3,,Wind -a breath of heart-,86,minori制作的恋爱冒险游戏，并有动画改编
wjsn,3,,宇宙少女,86,韩国Starship与乐华娱乐推出的中韩女子组合
asuka_120%,3,asuka_120|asuka_120_percent,あすか120%,85,1994年的全女性角色格斗游戏，以大小姐学校的社团对抗为题材
battleship_girl,3,,钢铁少女,85,Zeco与Kurudaz的舰船拟人漫画，连载于Comic Gum并有游戏版
ben_10:_ultimate_alien,3,,少年骇客：终极英雄,85,《少年骇客》系列动画，延续《外星势力》的剧情并启用终极变身器
buckshot_roulette,3,Buckshot Roulette|buckshotroulette|霰弹枪轮盘,散弹枪轮盘,85,Mike Klubnika开发的独立恐怖游戏，玩法为霰弹枪轮盘赌
bunnimals,3,,Bunnimals,85,Sakura-Gear推出的兽人兔女郎手办系列
doko_e_iku_no_ano_hi,3,,どこへ行くの、あの日,85,MOONSTONE 2004年推出的成人视觉小说
doom_i,3,,毁灭战士1,85,id Software 1993年推出的第一人称射击游戏，系列首作
drag-on_dragoon_2,3,Drakengard 2|drakengard_2|ドラッグオンドラグーン2,龙背上的骑兵2,85,2005年发售的PS2动作角色扮演游戏，系列第二作
eternal_melody,3,,Eternal Melody,85,日本出品的电子游戏作品
eutopia_(love_live!),3,eutopia,Eutopia,85,《Love Live! 虹咲学园学园偶像同好会》第二季中钟岚珠演唱的插曲
fitness_boxing_feat._hatsune_miku:_isshoni_exercise,3,fit_boxing_feat._hatsune_miku:_isshoni_exercise,健身拳击 feat.初音未来,85,《健身拳击》与Crypton合作、加入初音未来等VOCALOID角色的版本
five_nights_at_freddy's:_sister_location,3,,玩具熊的五夜后宫：姐妹地点,85,《玩具熊的五夜后宫》系列第五部主线作品，2016年推出
hanbun_no_tsuki_ga_noboru_sora,3,hantsuki|半月当空,仰望半月的夜空,85,桥本纺的恋爱轻小说，讲述住院少年与少女的夏日故事
iriya_no_sora_ufo_no_natsu,3,伊里野的天空、UFO的夏天,伊里野的天空 UFO的夏天,85,秋山瑞人的轻小说，改编为OVA动画
jogakkou_de_otoko_hitori_na_node_kousoku_de_seiyoku_no_hakeguchi_ni_sareru_nichijou,3,,在女校唯一的男生被当成发泄口的日常,85,以女校唯一男生为题材的日本成人向作品
kancolle_arcade,3,舰队Collection 街机版|艦これアーケード,舰Colle Arcade,85,《舰队Collection》的街机版，操作舰娘进行海战
koisuru_otome_to_shugo_no_tate,3,,恋爱少女与守护之盾,85,AXL 开发的成人向恋爱冒险游戏，以女装潜入与护卫为主题
liu_yao,3,,六爻,85,Priest创作的中国网络小说，讲述修真门派弟子的成长故事，并有漫画改编
log_horizon_new_adventure_land,3,,记录的地平线 新冒险之地,85,《记录的地平线》改编的手机游戏
lunacid,3,,Lunacid,85,Kira开发的独立第一人称动作角色扮演地牢探索游戏，致敬《国王密令》
mahou_shoujo_ikusei_keikaku_jokers,3,魔法少女育成計划JOKERS,魔法少女育成计划 JOKERS,85,《魔法少女育成计划》系列小说的第四个故事篇章
mahou_shoujo_taisen_contest_1,3,魔法少女大戦,魔法少女大战 Contest1,85,魔法少女大战在Pixiv举办的首届插画大赛，2012年举行
mezzo_forte,3,,Mezzo Forte,85,MEZZO系列的OVA动画作品
pokemon_the_movie:_i_choose_you!,3,pokemon_m20,宝可梦：就决定是你了,85,宝可梦系列第20部剧场版，重述小智与皮卡丘启程的故事
pppp_(vocaloid),3,,PPPP,85,TAK创作的虚拟歌手歌曲，由初音未来与重音Teto演唱
rayman_origins,3,Rayman Origins|雷曼：起源,雷曼 起源,85,《雷曼》系列的平台动作游戏，采用手绘美术风格
real_bout_high_school,3,Real Bout High School|リアルバウトハイスクール,热血高校,85,以格斗学园为题材的漫画，由轻小说改编并有2001年动画
regular_show,3,,天兵公园,85,美国Cartoon Network的动画喜剧，主角为两名公园员工
saishuu_heiki_kanojo,3,Saikano|saikano|最终兵器少女,最终兵器彼女,85,高桥真的漫画及改编动画，讲述作为最终兵器的少女
sangai_senki,3,,Sangai Senki,85,2016至2017年间推出的日本游戏作品，以角色为主要内容
science_(synthesizer_v),3,,Science,85,MIMI创作的Synthesizer V歌曲，由重音テト演唱
scrapped_princess,3,废柴公主,废弃公主,85,榊一郎的轻小说，2003年由BONES改编为动画
slow_motion_(vocaloid),3,,Slow Motion,85,ピノキオピー创作、初音未来演唱的Vocaloid歌曲
soldier_game,3,soldiergame,Soldier Game,85,Love Live!的歌曲，由园田海未、西木野真姬与绚濑绘里演唱
super_sons,3,Super Sons|supersons,超级小子,85,DC 漫画中以罗宾与超级小子为主角的漫画系列
type_moon-ace,3,,TYPE-MOON ACE,85,TYPE-MOON的专题杂志，介绍旗下作品与角色
urayasu_tekkin_kazoku,3,,浦安铁筋家族,85,浜冈贤次的搞笑漫画，描写浦安一家人的荒诞日常
viewtiful_joe,3,Viewtiful Joe,红侠乔伊,85,Capcom的动作游戏系列，由神谷英树主导，融合特摄与美式超级英雄风格
wish_(disney),3,,Wish,85,迪士尼2023年动画电影，以许愿星与愿望为主题
yokubou_pandora,3,,欲望潘多拉,85,2017年开始连载的极限情色漫画
yume_shokuin_to_wasureji_no_kuroi_yousei,3,yumekuro,梦职人与忘怀的黑妖精,85,以梦想职业与妖精为题材的女性向手机游戏
zelda_ii:_the_adventure_of_link,3,萨尔达传说2 林克的冒险,塞尔达传说2 林克的冒险,85,《塞尔达传说》系列第二作，1987年登陆Famicom Disk System
aki_no_urara_no_akane-iro_shoutengai,3,秋のうららの茜色商店街,秋のうららの～あかね色商店街～,84,以商店街为舞台的日本漫画作品，作者不详
arne_no_jikenbo,3,the_case_book_of_arne,アルネの事件簿,84,推理题材的日本作品系列
changeability_of_strange_dream,3,,梦违科学世纪,84,上海爱丽丝幻乐团ZUN's Music Collection的第三张音乐CD，2004年发售
cubism_(needy_girl_overdose),3,,CUBISM,84,游戏《主播少女重度依赖》的第四首官方主题曲
daze_(kagerou_project),3,,daze,84,じん创作、MARiA演唱的阳炎Project歌曲，动画《目隐都市的演绎者》片头曲
denki-gai_no_hon'ya-san,3,電器街の本屋さん,电器街的漫画店,84,水安里创作的喜剧漫画，2014年改编动画，以漫画店店员为主角
denkou_choujin_gridman,3,电光超人Gridman,电光超人古立特,84,圆谷制作1993年推出的特摄电视剧
desperado_(yotaro),3,デスペラード,Desperado,84,よたろう创作的歌曲作品
devotion,3,Devotion,还愿,84,赤烛游戏开发的2019年台湾恐怖游戏
ievan_polkka_(vocaloid),3,,Ievan Polkka,84,初音未来翻唱芬兰民谣的VOCALOID视频，初音持葱摆动
inazuma_eleven_(game),3,,闪电十一人（游戏）,84,《闪电十一人》系列首作游戏，2008年发售
katainaka_no_ossan_kensei_ni_naru,3,,乡下的老大叔成为剑圣,84,佐贺崎しげる的奇幻轻小说，2025年改编为动画
kimi_to_boku,3,,少年同盟,84,堀田きいち创作的漫画，讲述双胞胎兄弟与友人们的校园日常，2011年动画化
kirby's_epic_yarn,3,Kirby's Epic Yarn|毛線卡比,毛线卡比,84,Wii平台的卡比游戏，以毛线与布艺美术为特色，玩法异于传统
kizuna_kirameku_koi_iroha,3,絆きらめく恋いろは,羁绊闪耀的恋之伊吕波,84,CRYSTALiA 出品的恋爱冒险游戏，以刀剑与学园为主题
koi_kakeru_shin-ai_kanojo,3,,恋×シンアイ彼女,84,Us:track 出品的恋爱视觉小说，2015年发售
lisa_(series),3,,LISA,84,LOVEBRADgames的角色扮演游戏系列，含The First、The Painful等作，风格黑暗荒诞
madou_monogatari_1-2-3,3,,魔导物语123,84,《魔导物语》系列首作的合集，第一人称地牢探索RPG
monopoly,3,Monopoly|地产大亨,地产大亨,84,经典桌面游戏，玩家通过买卖地产使对手破产
moshimo_ashita_ga_hare_naraba,3,もしあし|もしも明日が晴れならば,如果明天放晴,84,Palette社的恋爱视觉小说，日文简称もしらば
nekura_megane,3,,根暗眼镜,84,以阴沉眼镜角色为主题的创作作品
night_demon,3,,night demon,84,AliceSoft的成人游戏，原画由CARNELIAN负责
okaasan_to_issho,3,,おかあさんといっしょ,84,NHK播出的儿童电视节目，于周一至周五早晨放送
one_man's_dream_ii,3,,One Man's Dream II,84,东京迪士尼乐园的舞台表演秀，登场众多迪士尼电影角色
onimusha_soul,3,,鬼武者Soul,84,卡普空2012年推出的网页游戏，为系列首款浏览器作品
ore_no_kanojo_ga_bakemono_datta,3,,Ore no Kanojo ga Bakemono datta,84,具体出处未确认的作品标签
owozu,3,owozuart,owozu,84,智利虚拟主播事务所，2021年起以西班牙语成员开展活动
perfect_night_(le_sserafim),3,,Perfect Night,84,LE SSERAFIM演唱的2023年英文单曲，与守望先锋2联动
saigo_ni_hitotsu_dake_onegai_shite_mo_yoroshii_deshou_ka,3,,最后再拜托您一件事可以吗,84,大鸟奈奈创作、さつき插画的异世界贵族题材轻小说
sekaiju_no_meikyuu_x,3,etrian_odyssey_nexus,世界树迷宫X,84,2018年发售的系列第六作，汇聚历代职业与敌人
shining_force_exa,3,,光明力量EXA,84,Neverland开发、世嘉发行的PS2动作角色扮演游戏，双主角制
shoujo_mahou_gaku_littlewitch_romanesque,3,,少女魔法学 Little Witch Romanesque,84,Littlewitch的养成类视觉小说，以魔法学园与少女育成为题材
shuumatsu_train_doko_e_iku?,3,train_to_the_end_of_the_world,末日列车去向何方？,84,2024年播出的原创动画，描写少女们穿越末日日本的旅程
snow_(game),3,,Snow,84,Studio Mebius的成人向视觉小说，2003年发售
steven_universe:_the_movie,3,,宇宙小子：大电影,84,2019 年推出的《宇宙小子》动画电影
tayutau_koi_no_chirigiwa_ni,3,,たゆたう恋の散り際に,84,Yuama创作的百合漫画，以两名少女之间的恋爱为中心
titanfall,3,,泰坦陨落（初代）,84,Respawn开发、2014年发售的机甲题材第一人称射击游戏
tondemo_skill_de_isekai_hourou_meshi,3,campfire_cooking_in_another_world_with_my_absurd_skills,拥有超常技能的异世界流浪美食家,84,江口连创作的异世界美食轻小说，主角以网购技能在异世界烹饪
tsue_to_tsurugi_no_wistoria,3,,杖与剑的魔剑谭,84,大森藤野原作、青井圣作画的魔法学院奇幻漫画，2025年动画化
usavich,3,,越狱兔,84,Kanaban Graphics为MTV Japan制作的短篇动画，讲述狱中两只兔子的故事
vampire_hunter_d,3,,吸血鬼猎人D,84,菊地秀行的恐怖小说系列，为其最知名的代表作
ye_luoli,3,精灵梦叶罗丽,叶罗丽,84,中国国产动画《精灵梦叶罗丽》，以魔法少女与仙子为题材
yuusha_tokkyuu_might_gaine,3,Might Gaine|brave_express_might_gaine,勇者特急,84,勇者系列第4作，1993年播出
adventurequest_worlds,3,,AdventureQuest Worlds,83,Artix Entertainment2008年推出的网页多人角色扮演游戏，主线为混沌十三领主
aikatsu_academy!,3,,偶像活动Academy!,83,偶像活动系列的虚拟YouTuber企划，角色由动画师设计
akroglam,3,,AKROGLAM,83,以六名少女组成双人组合、争夺AKROSTAR称号的音乐企划
binzume_yousei,3,bottle_fairy,瓶装妖精,83,篤见唯子设计的妖精拟人企划，2003年改编为动画
biomega,3,,生化禁区,83,弐瓶勉的科幻漫画，讲述合成人类对抗病毒的故事
boin,3,,boin,83,具体题材与出处均不详的作品
can_can_bunny,3,,Can Can Bunny,83,Cocktail Soft的成人向游戏系列，1989年在PC-98平台推出
colorful_kanan,3,,Colorful Kanan,83,作品相关版权标签，具体信息不详
day_of_wrath_(infinitypilot),3,,Day of Wrath,83,infinitypilot创作的《毁灭战士》同人改写小说
dmc:_devil_may_cry,3,,鬼泣DmC,83,卡普空与Ninja Theory合作的鬼泣系列重启作品
donkey_kong_(1981_game),3,,大金刚（1981）,83,1981年推出的街机游戏，大金刚与马力欧的首次登场
dragon_quest_monsters,3,,勇者斗恶龙怪兽篇,83,勇者斗恶龙的外传系列，以培养与配种怪兽为核心
earthen_miraculous_sword,3,蛇丛釼|连縁蛇丛釼|链縁蛇丛釼,Earthen Miraculous Sword,83,《连缘Project》第二作，2013年发售的弹幕射击游戏
endless_overhaul,3,,Endless Overhaul,83,ecomoesty 2025年推出的视觉小说，主角在安卓居民过半的城镇继承维修手艺
eve_(musician),3,,Eve,83,日本创作歌手，歌曲MV多含原创角色与故事
fukuoka_softbank_hawks,3,,福冈软银鹰,83,日本职业棒球太平洋联盟的球队，主场位于福冈巨蛋
gate_of_nightmares,3,,夜之国度,83,史克威尔艾尼克斯的奇幻题材手机 RPG
gift_(game),3,gift,Gift,83,Moonstone 制作的恋爱视觉小说
idolatry,3,,Idolatry,83,以偶像与女高中生为主角的百合漫画
itsudemo_itsumademo_(love_live!),3,,いつでもいつまでも,83,《Love Live! 莲之空女学院》第104期成员的毕业送别曲
iyagatteru_kimi_ga_suki,3,,喜欢的就是一脸嫌恶的你,83,大月诚向白石命告白后开始的相互利用恋爱故事
jitsu_wa_watashi_wa,3,my_monster_secret:_actually_i_am...,其实我是,83,增田英二的喜剧漫画，讲述少年爱上吸血鬼少女
kimihagu,3,,きみはぐ,83,Front Wing 开发、2007年发售的恋爱冒险游戏，后改编为成人向OVA
kirarin_revolution,3,,偶像宣言,83,中原杏创作的偶像题材漫画，讲述少女月岛希良梨踏入演艺圈的故事
linkin_park,3,linkinpark,林肯公园,83,美国加州的新金属与另类摇滚乐队，2000年发行首张专辑
material_sniper,3,,Material Sniper,83,开发者tanaka_u制作的狙击题材Flash游戏
nakazawa-san_no_ikisugita_yoru.,3,,なかざわさんのいきすぎた夜。,83,标题意为中泽小姐过火夜晚的作品
okinawa_de_suki_ni_natta_ko_ga_hougen_sugite_tsurasugiru,3,okitsura,在冲绳喜欢上的女孩方言太重让人受不了,83,空えぐみ的校园恋爱漫画，讲述从东京转学冲绳的男生与当地少女的恋爱
otoko_girai_na_bijin_shimai_wo_namae_mo_tsugezu_ni_tasuketara_ittai_dounaru?,3,,不报姓名救了讨厌男人的美女姐妹会怎样？,83,以救助讨厌男性的美人姐妹为开端的恋爱喜剧作品
paprika,3,盗梦侦探,红辣椒,83,今敏执导的科幻动画电影，改编自筒井康隆同名小说，以梦境为主题
parkour_civilization,3,parkciv|parkcivi|parkour_civilization_fanart|parkourcivilization,跑酷文明,83,Evbo创作的Minecraft系列影片，设定为必须跑酷才能获得食物与地位的世界
pen-pineapple-apple-pen,3,,PPAP,83,搞笑艺人古坂大魔王创造的歌手Piko太郎演唱的洗脑歌曲
rikei_ga_koi_ni_ochita_no_de_shoumeishitemita,3,science_fell_in_love_so_i_tried_to_prove_it,理科生坠入情网，故尝试证明,83,山本アリフレッド的恋爱喜剧漫画，并有动画改编
rise_of_the_guardians,3,riseoftheguardians,守护者联盟,83,梦工厂的动画电影，讲述守护者对抗食虫人的故事
spider-man_(toei),3,,蜘蛛侠（东映）,83,东映 1978 年制作的特摄剧，改编自漫威蜘蛛侠
swan_lake,3,,天鹅湖,83,柴可夫斯基作曲的经典芭蕾舞剧，讲述王子与天鹅公主的故事
watashi_no_hatsukoi_wa_hazukashisugite_dare_ni_mo_ienai,3,,我的初恋太羞耻无法向人诉说,83,伏见司原作、かんざきひろ插画的性别转换百合轻小说
3di_project,3,,3Di,82,越南独立虚拟YouTuber团体，设定围绕三界展开
3x3_eyes,3,,三只眼,82,高田裕三的代表作漫画，描写三只眼一族少女与守护者的冒险
agarest_senki_2,3,,阿加雷斯特战记2,82,系列第二作，Compile Heart于2012年开发，跨越多个世代
alice_parade,3,,Alice Parade,82,UNiSONSHIFT Blossom开发的成人向恋爱游戏，以双爱丽丝为题材
android_(os),3,,安卓,82,谷歌基于Linux内核开发的移动操作系统，广泛用于智能手机
ao_ashi,3,,青之芦苇,82,小林有吾的足球漫画，描写少年球员追逐职业梦想的成长
aoi_tori_(purple_software),3,,アオイトリ,82,Purple Software的成人向恋爱视觉小说
atashi_wa_mondaisaku,3,,私は問題作,82,日本歌手Ado演唱的歌曲
bcy,3,,半次元,82,中国的ACG创作社区，2014年创立，2023年停运
birdbrain_(synthesizer_v),3,,Birdbrain,82,Jamie Paige等创作的英文Synthesizer V歌曲，由重音テト演唱
bleach:_zanpakutou_ibun_hen,3,,死神 斩魄刀异闻篇,82,死神动画的原创篇章，斩魄刀化为人形登场
bokete,3,,ボケて,82,日本网友为照片配搞笑文字的投稿网站
comic_shingeki,3,,Comic真激,82,茜新社出版的成人漫画杂志
cookie_run:_tower_of_adventures,3,cookieruntoa|cookieruntowerofadventures|towerofadventures,姜饼人：冒险塔,82,2024年6月发行的《姜饼人》系列 3D 动作游戏
g.i._joe,3,g.i.joe,特种部队,82,孩之宝的军事题材可动人偶系列，衍生出动画与漫画，G.I. Joe 指美国士兵
gaikotsu_kishi-sama_tadaima_isekai_e_odekake-chuu,3,gaikotsu_kishi-sama_tadaima_isekai_e_o_dekake-chuu,骸骨骑士大人异世界冒险中,82,改编自同名轻小说的异世界奇幻作品，骷髅骑士在异世界冒险
gosei_sentai_dairanger,3,,五星战队大连者,82,东映超级战队系列第17作，1993年播出，画面曾被改编为美版战队
happy_maker!,3,,Happy Maker!,82,《Love Live!》第二季的插曲，由μ's演唱
hitobashira_alice_(vocaloid),3,alice_human_sacrifice_(vocaloid),人柱爱丽丝,82,歪P创作、多名VOCALOID角色演唱的歌曲，以爱丽丝为题材
identity_(vocaloid),3,,Identity（Vocaloid）,82,Kanaria创作、GUMI与初音未来演唱的VOCALOID歌曲
iii_(hololive),3,,III,82,宝钟玛琳与Kobo Kanaeru演唱的hololive原创歌曲
jain_no_ikenie_(series),3,,邪淫的活祭系列,82,Chaos-R制作、森山しじみ等插画的成人游戏系列
jing_wei_qing_shang,3,,Jing Wei Qing Shang,82,以《Jing Wei Qing Shang》为题的中文作品，相关信息较少
junketsu_no_maria,3,maria_the_virgin_witch,纯洁的玛利亚,82,石川雅之的漫画，以百年战争时期的圣女为题材
kandagawa_jet_girls,3,,神田川JET GIRLS,82,以水上摩托竞速为题材的日本动画与游戏企划
kimi_ni_koisuru_satsujinki,3,,爱上你的杀人鬼,82,以恋爱与杀人鬼为主题的作品标签，具体形式不详
kobato.,3,kobato,小鸠,82,CLAMP 创作的魔幻漫画，2004至2011年连载，2009年由Madhouse改编动画
konohana_kitan,3,此花亭奇谭,此花绮谭,82,天乃咲哉创作的漫画，讲述此花亭旅馆里狐娘们的招待日常，已改编动画
liberty_leading_the_people,3,自由领导人民,自由引导人民,82,德拉克罗瓦描绘1830年七月革命的油画，象征自由的女性高举三色旗
livly_island,3,,Livly Island,82,饲养宠物Livly的网页养成游戏，现名Livly Island COR
marisa_stole_the_precious_thing,3,,魔理沙偷走了重要的东西,82,IOSYS创作的东方同人改编曲，附带知名Flash音乐视频
mass_effect_1,3,,质量效应1,82,系列首作，故事发生在2183年的银河系
miraroma,3,,Miraroma,82,以Miraroma为名的创作系列
mirror_tune_(zutomayo),3,,ミラーチューン,82,ずっと真夜中でいいのに。的歌曲，MV由myon制作
momo_kyun_sword,3,,ももきゅんソード,82,以角色桃子与皇天女为题材的作品
odekake_kozame,3,little_shark's_outings,小鲨鱼去郊游,82,ペンギンボックス的网络漫画，2021年起在Twitter连载，后由KADOKAWA出版
onegai_nugashite,3,,Onegai Nugashite,82,2019年起在手机应用Magazine Pocket连载的后宫喜剧漫画
osananajimi_to_wa_lovecome_ni_naranai,3,,Osananajimi to wa Lovecome ni Naranai,82,以青梅竹马之间无法成为恋爱喜剧为主题的作品
over_the_garden_wall,3,,花园墙外,82,帕特里克·麦克海尔为卡通频道创作的动画迷你剧，两兄弟穿越神秘森林回家
percy_jackson_and_the_olympians,3,,波西·杰克逊,82,雷克·莱尔顿创作的奇幻小说系列，将希腊神话搬到现代美国
pingu_(series),3,pingu,企鹅家族,82,瑞士制作的黏土定格动画，讲述企鹅Pingu一家的生活
puyopuyo_tetris,3,,噗哟噗哟俄罗斯方块,82,噗哟噗哟与俄罗斯方块的联动游戏，2014年发售，2017年登陆Switch
ragcats,3,,RAGCATS,82,作者rid0922个人创作的动画，主角是化成少女模样的猫
redial_(vocaloid),3,,Redial,82,kz创作、初音未来演唱的Vocaloid歌曲
regalia_the_three_sacred_stars,3,,Regalia 三圣星,82,以三圣星与机甲为题材的原创电视动画
tear_ring_saga:_yutona_eiyuu_senki,3,tear_ring_saga:_utna_heroes_saga,泪指轮传说 尤特纳英雄战记,82,泪指轮传说系列的首部作品，以战棋玩法展开
tentai_senshi_sunred,3,,天体战士桑雷德,82,洼田诚的漫画，讲述怪人与战队成员日常生活的搞笑作品
teria_saga,3,,Teria Saga,82,日本手机游戏作品，具体出处不详
the_legend_of_dragoon,3,,龙骑士传说,82,索尼2000年推出的PlayStation角色扮演游戏
the_mandela_catalogue,3,mandela_catalogue,曼德拉记录,82,Alex Kister创作的模拟恐怖网络系列，虚构威斯康星州被异替者侵袭
thriller_(michael_jackson),3,,Thriller,82,迈克尔·杰克逊的歌曲，音乐录影带以丧尸舞与红夹克闻名
tokimeki_memorial_girl's_side_1st_love,3,,心跳回忆 Girl's Side 1st Love,82,科乐美《心跳回忆 Girl's Side》系列第一作
tower_of_saviors,3,,神魔之塔,82,香港Madhead开发的转珠消除类手机游戏
tsuki_ni_yorisou_otome_no_sahou_2,3,,近月少女的礼仪2,82,《近月少女的礼仪》续作，主角化名朝日男扮女装就读女校
world_of_darkness,3,,黑暗世界,82,以现代超自然生物为背景的桌面角色扮演游戏系列
300_heroes,3,,300英雄,81,中国上海跳跃网络开发的在线MOBA游戏，因大量使用动漫角色而受争议
atlach-nacha,3,,亚特拉-纳查（游戏）,81,AliceSoft于1997年推出的百合视觉小说
bakugan_battle_brawlers,3,,爆丸 战斗斗士,81,《爆丸》动画的第一季，讲述人类与爆丸的相遇
beyblade_x,3,爆旋陀螺X,战斗陀螺X,81,《战斗陀螺》系列X世代的首季动画，全系列第15季
bokujou_monogatari:_mittsu_no_sato_no_taisetsuna_tomodachi,3,story_of_seasons:_trio_of_towns,牧场物语：三座村庄的珍贵朋友,81,牧场物语系列作品，舞台为三座村庄，可与各村居民交流
chaos_code,3,Chaos Code|chaoscode|chaosscode,混沌代码,81,F K Digital开发、Arc System Works发行的2D街机格斗游戏
crusher_joe,3,Crusher Joe,毁灭者乔,81,高千穗遥的科幻轻小说系列，1977年起出版，另有动画改编
daibanchou,3,,大番长,81,AliceSoft 的模拟战略成人游戏，Dai系列第二作
dead_man's_questions,3,,Dead Man's Questions,81,荒木飞吕彦创作的《JOJO的奇妙冒险》外传漫画
desktop_army,3,Desktop Army,桌面军团,81,以可换装桌面玩具为主题的日本角色模型企划
drawtectives,3,,Drawtectives,81,Drawfee团队制作的绘画推理网络节目
end_roll,3,,END ROLL,81,Segawa用RPG Maker 2000制作的日式冒险RPG
fractale,3,,Fractale,81,A-1 Pictures 与 Ordet 制作的2011年动画，由东浩纪原案、冈田麿里编剧
fudatsuki_no_kyouko-chan,3,,フダツキのキョウコちゃん,81,山本崇一朗的漫画，描绘溺爱妹妹的哥哥与妹妹的日常，2013年起连载
glico,3,,格力高,81,日本食品公司，以百奇饼干与格力高跑者标志闻名
golden_time,3,Golden Time,金色时光,81,竹宫悠由子的恋爱喜剧轻小说，改编动画，主角为多田万里
hayate_x_blade,3,Hayate×Blade|hayate_cross_blade,旋风×刀锋,81,林家志弦的少女剑术对决漫画，以女子学校的剑道部为舞台
high_speed!,3,,High☆Speed!,81,日本游泳题材轻小说，为动画Free!的原作
hinamatsuri_(manga),3,Hinamatsuri,极道超女,81,大武政夫的漫画，讲述黑道收留超能力少女的搞笑故事，2018年动画化
idolmaster_shiny_festa,3,,偶像大师 Shiny Festa,81,2012年在PSP推出的偶像大师节奏游戏
infinity_train,3,,Infinity Train,81,标题为Infinity Train的动画作品
inochigake_demo_tarinai_no_sa,3,,拼上性命也不够,81,2020年起连载的日本漫画，共两卷
internet_explorer_(webcomic),3,,Internet Explorer（网络漫画）,81,Merryweather原作、Hinghoi作画的网络漫画，浏览器拟人化
jack_jeanne,3,,Jack Jeanne,81,2021年在Switch发售的乙女向视觉小说，含恋爱与音游要素
killing_bites,3,Killing Bites,牙斗兽娘,81,人类与兽类混血者参加地下决斗的漫画，2018年改编动画
koi_to_uso,3,恋嘘,恋爱与谎言,81,以政府指定婚约制度为背景的恋爱漫画，已改编动画与真人电影
konayuki_fururi,3,,こなゆきふるり,81,以冰壶与花样滑冰为主题的成人向游戏
kuroiwa_medaka_ni_watashi_no_kawaii_ga_tsuujinai,3,,我的可爱对黑岩目高无效,81,久世兰创作的校园恋爱喜剧漫画，讲述转学生黑岩目高与校园偶像的互动
kyoukai_senki,3,,境界战机,81,Sunrise的原创机甲动画，2021年10月开播，以日本为舞台的机器人战斗
loli_bitch_island,3,,Loli Bitch Island,81,Bubukka创作的概念设定，指少女佩戴临时纹身标识提供各种性行为的场所
love_money_rock'n'roll,3,,Love Money Rock'n'Roll,81,《Everlasting Summer》制作组推出的视觉小说
madness_combat,3,,Madness Combat,81,Matt Jolly于2002年开始创作的网络动画系列，舞台为内华达，以极端暴力著称
mafia_(vocaloid),3,,Mafia,81,wotaku创作、初音未来演唱的Vocaloid歌曲，与《Shanti》互为平行曲
mega_man_battle_network_3,3,,洛克人EXE3,81,《洛克人EXE》系列第三作，登陆GBA平台
moon_knight_(disney+),3,,月光骑士,81,漫威电影宇宙的Disney+剧集，主角为马克·斯佩克特
na_nare_hana_nare,3,narenare_-cheer_for_you!-,菜なれ花なれ,81,DMM与P.A. Works的原创动画，舞台为群马县
offside:_diyusi,3,,Offside 帝宇斯,81,基于游戏《OFF》的Cookie☆BB剧场系列，由Niconico用户暗鍋制作
paper_man,3,,Paper Man,81,日本已停运的在线第一人称射击游戏，角色设定为纸片动漫人物
peter_pan_(novel),3,,彼得·潘,81,J.M.巴里创作的童话小说与戏剧，讲述彼得·潘与达林姐弟在梦幻岛的冒险
re:zero_kara_ayamatsu_isekai_seikatsu,3,,Re:从零开始的异世界生活 傲慢IF,81,《Re:从零》2017年愚人节发布的IF线外传，通称傲慢IF
sakusei_byoutou,3,,搾精病棟,81,搾精研究所创作、在DLsite发布的成人向CG集系列
sangokushi_puzzle_taisen,3,,三国志拼图对战,81,以三国志为主题的手机拼图对战游戏
saturn_devouring_his_son,3,,农神吞噬其子,81,戈雅绘制的画作，描绘罗马神萨图尔努斯吞食亲子
sega_hard_girls,3,gendai_nihon_ni_yattekita_sega_no_megami_ni_arigachi_na_koto|hi-scool!_seha_girls|hi-scoool!_seha_girls,世嘉硬件女孩,81,将世嘉历代游戏硬件拟人化为少女的企划
shantae_and_the_seven_sirens,3,,桑塔与七海妖,81,桑塔系列第五作，2019年推出的横版动作游戏
shin_mazinger_zero,3,,真魔神ZERO,81,田畑由秋与余湖裕辉合作的魔神Z重制漫画，描写其暴走的世界
siren_and_scientist,3,,Siren and Scientist,81,以塞壬与科学家为主题的创作作品
sousaku_kanojo_no_renai_koushiki,3,,創作彼女の恋愛公式,81,Aino+Links 于 2021 年发售、Alpha 负责原画的成人视觉小说
star_fox_assault,3,,星际火狐 突击,81,《星际火狐》系列的 3D 动作射击游戏作品
super_mario_land,3,,超级马力欧大陆,81,1989 年登陆 Game Boy 的《马力欧》平台动作游戏，首次引入黛西公主
tate_no_yuusha_no_nariagari_rise,3,,盾之勇者成名录 RISE,81,改编自盾之勇者成名录的手机游戏，2023年上线
the_euro_front,3,,The Euro Front,81,《Muv-Luv Alternative》的外传系列，描写欧洲战线的故事
tonikaku_kawaii,3,fly_me_to_the_moon_(manga)|tonikawa:_over_the_moon_for_you,总之就是非常可爱,81,畑健二郎创作的恋爱喜剧漫画，讲述少年与神秘少女的婚后生活
touhoku_rakuten_golden_eagles,3,tohoku_rakuten_golden_eagles,东北乐天金鹫,81,日本职业棒球太平洋联盟的仙台球队，2004年成立
viper_f40,3,,Viper F40,81,Sogna的《VIPER》系列成人游戏
wet_girls,3,,Wet Girls,81,紫电创作的原创同人志系列，以校园泳装少女为主题
wolf_and_parchment,3,shinsetsu_spice_and_wolf,狼与羊皮纸,81,《狼与香辛料》的续篇轻小说，以新一代角色为主角
bungaku_shoujo,3,“文学少女”,文学少女,80,野村美月的推理轻小说系列，竹冈美穗负责插画
bushiroad,3,,武士道,80,日本多媒体公司，起家于集换式卡牌游戏，后拓展音乐与动画业务
camellia_(musician),3,,Camellia,80,日本电子音乐制作人，擅长Complextro与J-core，常与ななひら合作
crossbone_gundam_ghost,3,,海盗高达GHOST,80,《海盗高达》的续篇漫画，时间线与《胜利高达》相近
dead_dead_demons_de_dedede_destruction,3,,恶魔的破坏,80,浅野一二〇创作的漫画，2014至2022年连载，讲述外星入侵
disney_tsum-tsum,3,Tsum Tsum,迪士尼消消乐,80,以迪士尼角色堆叠玩偶为主题的日本系列，并衍生手机游戏
echo_project,3,,Echo Project,80,包含《Echo》与《Arches》的兽人恐怖视觉小说系列
evanescent_existence,3,无现里|连縁无现里|链縁无现里,Evanescent Existence,80,《连缘Project》第一作，2013年发售的弹幕射击游戏
five_nights_at_freddy's_3,3,,玩具熊的五夜后宫3,80,《玩具熊的五夜后宫》系列第三作，2015年推出
fox_spirit_matchmaker,3,,狐妖小红娘,80,小新创作的中国漫画，讲述狐妖红线仙为人妖牵线的故事，2015年改编动画
gakkou_de_atta_kowai_hanashi,3,,学校であった怖い話,80,1995年由 Banpresto 发行的 SFC 平台文字冒险恐怖游戏
garo:_honoo_no_kokuin,3,,牙狼〈GARO〉～炎の刻印～,80,《牙狼》系列改编的电视动画，描绘魔戒骑士的狩猎故事
harley_quinn_(cartoon),3,,哈莉·奎茵（动画）,80,2019年开播的成人向动画，讲述哈莉·奎茵与毒藤女的故事
hatsukoi_zombie,3,,初恋僵尸,80,围绕初恋与僵尸设定的恋爱喜剧漫画
isshun_de_chiryou_shiteita_noni_yakutatazu_to_tsuihou_sareta_tensai_chiyushi_yami_healer_toshite_tanoshiku_ikiru,3,,一瞬治疗却被流放的天才治愈师 作为暗黑治愈师快乐生活,80,菱川さかく的异世界奇幻小说，改编为漫画与2025年春动画
joreibu_no_mikado-san,3,,除灵部的御门同学,80,以除灵部与御门同学为题材的日本漫画
kaiba,3,,海马,80,以记忆可以买卖的世界为舞台的2008年电视动画
koibana_ren'ai,3,,恋花恋爱,80,恋爱题材的作品标签，具体出处与内容不详
lamento,3,,Lamento,80,Nitro+CHiRAL的BL视觉小说，舞台为猫耳种族Ribika居住的幻想世界
leaf_(studio),3,,Leaf,80,日本视觉小说游戏公司，代表作有《传颂之物》《白色相簿2》《ToHeart》
let's_go_kaikigumi,3,,レッツゴー怪奇組,80,Byuu的2018年搞笑漫画，讲述对灵异极度敏感的主角与少女Mechako的相遇
masquerade_channel,3,,Masquerade Channel,80,日本的虚拟主播事务所
maximum_impact_ii,3,,Maximum Impact II,80,拳皇系列的3D格斗游戏衍生作品
mega_man_6,3,rockman_6,洛克人6,80,原祖洛克人系列第六作，登陆FC平台
owl_corps:_parumpasser,3,,Owl Corps: Parumpasser,80,以猫头鹰部队为主题的同人或原创企划，具体来源不详
pinocchio_(disney_movie),3,,匹诺曹（迪士尼动画）,80,迪士尼1940年推出的动画电影，改编自科洛迪童话
plants_vs._zombies_heroes,3,plants_vs_zombies_heroes,植物大战僵尸：英雄,80,基于植物大战僵尸的卡牌对战游戏，植物与僵尸均拥有超能力
robot_neoanthropinae_polynian,3,,Polynian,80,日本厂商推出的可动模型系列，角色为机器人新人类
rta_in_japan,3,,RTA in Japan,80,日本每年举办两次的游戏速通活动
sabagebu!,3,,生存游戏社！,80,松本英吉的喜剧漫画，2014年由Pierrot+改编为动画
sen_no_hatou_tsukisome_no_kouki,3,,千の刃濤、桃花染の皇姫,80,AUGUST于2016年推出的成人向视觉小说
shin_yomawari,3,Yomawari: Midnight Shadows|yomawari:_midnight_shadows,深夜廻,80,日本一的恐怖冒险游戏《夜廻》续作，描写两名少女的夜间探索
spirit_animals_in_disguise,3,,Spirit Animals in Disguise,80,Tyson Tan 的奇幻企划，讲述少女化身灵龙与灵兽共处的故事
stargazer_(series),3,,Stargazer,80,2009 年发布的《星をみるひと》同人重制作品
tasogare_no_sinsemilla,3,,黄昏的禁忌之药,80,Applique Soft的2010年视觉小说，以乡村传说与和风怪谈为题材
the_king_of_fighters_'98,3,,拳皇'98,80,SNK拳皇系列第五作，没有剧情的梦之战作品
the_sims,3,sims|sims2|sims3|sims4,模拟人生,80,Will Wright设计、2000年首作问世的生活模拟游戏系列
touhou_unreal_mahjong,3,东方幻想麻雀,东方虚幻麻将,80,以东方Project角色与能力为特色的麻将同人游戏系列
tsukino_talent_production,3,,月野艺能事务所,80,movic推出的架空艺能事务所企划，旗下有月歌与TSUKIPRO等组合
welcome_to_night_vale,3,,欢迎来到夜谷,80,以虚构小镇夜谷电台节目形式播出的播客广播剧
wonder_zone,3,,Wonder Zone,80,《Love Live!》中μ's演唱的歌曲，服装为英式女仆装
ys_vi:_the_ark_of_napishtim,3,ys_vi_ark_of_napishtim,伊苏VI：纳比斯汀的方舟,80,《伊苏》系列第六部作品
yureru_bus_guide_~oppai_ga_ippai~,3,,揺れるバスガイド～おっぱいがいっぱい～,80,Waffle于2005年推出的成人视觉小说，原画为龙牙翔
yuusha_ni_narenakatta_ore_wa_shibushibu_shuushoku_wo_ketsui_shimashita.,3,i_couldn't_become_a_hero_so_i_reluctantly_decided_to_get_a_job.,没能成为勇者的我无可奈何决定去打工,80,轻小说及其动画，讲述勇者落榜生到魔法商店打工的故事
akkun_to_kanojo,3,,あっくんとカノジョ,79,Kakitsubata Waka创作的漫画，2018年改编为动画
baldi's_basics,3,,Baldi's Basics,79,Micah McGonigal制作的独立恐怖游戏，模仿1990年代教育软件
birdcage_(love_live!),3,,Birdcage,79,《Love Live! 莲之空女学院学园偶像俱乐部》DOLLCHESTRA的歌曲
break_blade,3,broken_blade|broken_blade_(series)|bureiku_bureido,破刃之剑,79,机甲题材的漫画与动画，讲述主角驾驶古代机甲的战斗
class_no_gal_ni_kuuki_atsukai_sareteimasu,3,,クラスのギャルに空気扱いされています,79,以被班上辣妹当作空气对待的少年为主角的日本作品
demon_days_(gorillaz),3,,Demon Days,79,英国虚拟乐队Gorillaz 2005年发行的第二张录音室专辑
demon_mages,3,demonmages,Demon Mages,79,Crybringer创作、AngryVikingPress出版的两期短篇漫画
digimon_world,3,,数码宝贝世界,79,数码宝贝系列的角色扮演游戏子系列，以养成搭档为特色
dota:_dragon's_blood,3,dota:dragon's_blood,DOTA：龙之血,79,Studio Mir制作、改编自Dota 2的Netflix奇幻动画
dragon_quest_swords,3,,勇者斗恶龙 剑神,79,登陆Wii的勇者斗恶龙动作游戏，使用体感挥剑
gdgd_fairies,3,,gdgd妖精s,79,以CG角色展开的日本短篇动画，采用即兴风格
hikyou_tanken_fam_&_ihrie,3,Ruin Explorers|ruin_explorers,秘境探险 法姆&伊莉,79,田中久仁彦的漫画，后改编为OVA的奇幻冒险作品
inazuma_eleven_go_vs_danball_senki_w,3,,闪电十一人GO VS 纸箱战机W,79,《闪电十一人GO》与《纸箱战机W》的联动动画
jet_set_radio_future,3,jetsetradiofuture,街头涂鸦 未来版,79,《街头涂鸦》的续作，Xbox平台的滑板动作游戏
kamitsure_~7_no_nijou_fushigi~,3,,カミツレ～7の二乗不思議～,79,标题为《カミツレ～7の二乗不思議～》的日本成人向作品
koutetsu_tenshi_kurumi,3,steel_angel_kurumi,钢铁天使胡桃,79,介错创作的漫画，讲述少女型机器人胡桃与少年的故事，已改编动画
kung-fu-piggy,3,,Kung-Fu Piggy,79,Hanabushi 创作的原创角色系列，主要角色为 Yuezu 与 Sammy
magrona_channel,3,,マグロナ,79,画师ukyo rst设计的虚拟YouTuber，频道名为Magrona Channel
mana_khemia_2,3,,玛娜炼金术2,79,玛娜系列第二作，炼金工房系列第十作
megalobox,3,megalo_box,机甲拳击,79,TMS Entertainment制作的原创拳击动画，纪念明日之丈50周年
meitantei_marnie,3,,名侦探玛妮,79,日本推理题材漫画作品
mewgenics,3,,Mewgenics,79,Edmund McMillen开发的猫咪养成与冒险游戏
miracle_na_now!_(idolmaster),3,,ミラクルなNow!,79,学园偶像大师的歌曲与服装，由多位偶像组合演唱
mizuryuland,3,mizuryu_kei_land|mizuryuuland,水龙敬乐园,79,水龙敬创作的成人向同人漫画系列，舞台为性主题游乐园
monster_collection,3,,モンスターコレクション,79,日本集换式卡牌游戏，1997年由富士见书房发行
monty_python_and_the_holy_grail,3,,巨蟒与圣杯,79,巨蟒剧团1975年推出的喜剧电影，恶搞亚瑟王寻圣杯
moon_gundam,3,,机动战士MOON高达,79,福井晴敏编剧的高达漫画，2017年起在高达ACE连载
mythic_live,3,mythicillust|mythiclive,Mythic Live,79,已结束运营的英语圈虚拟主播事务所
nekomonogatari_white,3,猫物语白,猫物语（白）,79,猫物语的后半部分，2013年由SHAFT动画化
niginigi_nijitown,3,,Niginigi Nijitown,79,具体出处未确认的标签，疑似原创角色企划
nusisring_tactical,3,,Nusisring Tactical,79,Vectorek的原创世界观设定，改编游戏正在开发中
olverse,3,,Olverse,79,poch4n发起的合作企划，多位画师描绘在同一公司工作的OL角色
quanmian_shidai,3,,全面时代,79,资料不足，无法确认作品类型与出处
ragnarock_city,3,,Ragnarock City,79,资料不足，无法确认作品类型与出处
rec_(manga),3,rec,REC 恋爱白皮书,79,花见泽Q太郎的恋爱漫画，2006年由SHAFT动画化
reflection_in_the_mirror_(love_live!),3,reflection_in_the_mirror,Reflection in the Mirror,79,《Love Live! 莲之空女学院》歌曲，Cerise Bouquet的首张单曲
rental_shop_de_oneesan_wo_rental_suru_hanashi,3,,租借姐姐的故事,79,资料不足，无法确认作品类型与出处
ringetsu,3,,凛月,79,Selen2004年推出的成人向游戏，并有续作与OVA改编
sengoku_blade,3,,戦国ブレード,79,Psikyo的战国题材纵版射击游戏
shadowverse_evolve,3,,影之诗 进化,79,影之诗的实体卡牌游戏版本
shigurui,3,,死狂,79,以江户时代骏河藩御前试合为舞台的残酷时代剧漫画
shine!!_(idolmaster),3,shine!!,Shine!!,79,偶像大师灰姑娘女孩动画的第二首片头曲
shokei_shoujo_no_virgin_road,3,,处刑少女的生存之道,79,佐藤真登的百合奇幻轻小说，描写处刑少女的旅程
technoroid,3,,Technoroid,79,CyberAgent、Avex Pictures与Elements Garden制作的偶像多媒体企划
tohotopia,3,,Tohotopia,79,Remilia Command开发的东方Project同人4X策略游戏
tona-gura!,3,Tona-Gura!,邻居姐妹,79,以青梅竹马姐弟的邻居生活为主题的恋爱喜剧漫画
venom_(vocaloid),3,,Venom（歌曲）,79,かいりきベア创作、flower演唱的VOCALOID歌曲
venomania_kou_no_kyouki_(vocaloid),3,dance_with_asmodeus_(vocaloid)|the_madness_of_duke_venomania_(vocaloid),维诺马尼亚公爵的疯狂,79,mothy创作的VOCALOID歌曲，属七宗罪系列中的色欲篇
witch_springs,3,,Witch Springs,79,韩国Kiwi Walks开发的手机游戏系列，每部主角都是魔女
wonderlab,3,,Wonderlab,79,Project Moon的韩国网络漫画，故事发生在脑叶公司分部
yesterday_wo_utatte,3,sing_yesterday_for_me|singyesterday,昨日之歌,79,冬目景的恋爱漫画，并有动画改编
100-kai_furareta_zetsubou-teki_ni_motenai_ore_o_awarenda_kareshi_ari_onna_tomodachi_ga_nandemo_eroi_koto_yarasete_kureta!!,3,,100回フラレた絶望的にモテない俺を哀れんだ彼氏有り女友達が何でもエロいことやらせてくれた!!,78,成人向漫画，讲述屡次失恋的男主角与有男友的女性友人们的交往
active_raid,3,,Active Raid,78,2016年播出的原创动画，讲述机动强袭室第八系的警察故事
aika_zero,3,aikazero,AIKa ZERO,78,AIKa系列2009年发售的前传OVA
akuyome,3,,アクヨメ,78,日本漫画作品，具体作者与设定不详
ayano_no_koufuku_riron_(vocaloid),3,ayano's_theory_of_happiness_(vocaloid),文乃的幸福理论,78,じん创作的IA歌曲，收录于《Mekakucity Records》
binchou-tan,3,,备长炭,78,以备长炭拟人化少女为主角的治愈系漫画及动画
blood_lad,3,BLOOD LAD,血意少年,78,小玉有起的漫画，2009至2016年连载，2013年改编为电视动画
boku_wa_chiisana_succubus_no_shimobe,3,,我是小魅魔的仆人,78,以小魅魔与仆从为主角的作品
book_of_yog,3,bookofyog,Book of Yog,78,中国开发的放置类动作角色扮演游戏
carole_&_tuesday,3,,卡罗尔与星期二,78,以火星为舞台的音乐题材动画
cat_food_(vocaloid),3,,Cat Food,78,doriko创作、初音未来演唱的Vocaloid歌曲
chokotto_sister,3,,小不点姐姐,78,日本四格漫画，讲述少年与迷你女仆姐妹的同居日常，2005年改编为动画
cocotama_(series),3,,见习神明 秘密的COCOTAMA,78,Bandai Namco 的儿童向多媒体企划，寄宿在物品中的小精灵为主角
code_vein_ii,3,,嗜血代码II,78,《嗜血代码》的续作，2025年公布
eien_project,3,,Eien Project,78,2023年成立的虚拟主播事务所，2024年停止运营
fluffy_land,3,fluffyland,Fluffy Land,78,Good Smile 上海的原创造型企划，以毛绒兽人角色与黏土人等周边为主
folkssoul,3,,FolksSoul,78,Game Republic 开发、索尼发行的 PS3 动作冒险 RPG，讲述前往异界村落探寻亡者记忆
game_center_shoujo_to_ibunka_kouryuu,3,cultural_exchange_with_a_game_centre_girl|cultural_exchange_with_game_center_girl,ゲームセンター少女と異文化交流,78,安原宏和的恋爱喜剧漫画，描绘游戏中心少女与外国人的交流
ginga_e_kickoff!!,3,victory_kickoff!!,向银河开球,78,以足球为主题的日本动画，描绘少年们向世界挑战
grendizer_u,3,UFO机器金刚U,古连泰沙U,78,永井豪《UFO机器人古连泰沙》的系列新作动画
heartopia,3,,心动小镇,78,免费多人生活模拟游戏，玩家可种植、钓鱼与养育宠物
how_to_train_your_dragon_2,3,,驯龙高手2,78,梦工厂2014年的3D动画电影，系列第二作
indiana_jones_(series),3,印第安纳·琼斯,夺宝奇兵,78,乔治·卢卡斯创作的考古冒险电影系列，1981年首映
isei_ni_ikou_ne_(cevio),3,,異世界に行こうね,78,iyowa创作、CeVIO声库Sekai演唱的歌曲
johnny_bravo_(series),3,,拼命郎约翰尼,78,Cartoon Network 1997年开播的美国搞笑动画
kenran_butou_sai,3,,绚烂舞踏祭,78,2004年播出的机器人动画，以火星为舞台，讲述少年少女与古代遗物的战斗
koibito_ga_jibun_ni_dake_misete_kureru_sugao_ga_toutoi,3,,恋人が自分にだけ見せてくれる素顔が尊い,78,以只对自己展露的素颜为主题的恋爱类作品标签
la_corda_d'oro_starlight_orchestra,3,,金色琴弦 星光管弦乐团,78,《金色琴弦》系列的手游作品，以管弦乐团为主题
langrisser_iv,3,,梦幻模拟战IV,78,《梦幻模拟战》系列第四作，采用指挥官与佣兵系统的战术角色扮演游戏
madagascar_(series),3,,马达加斯加,78,梦工厂的3D动画电影系列，讲述动物园动物流落非洲的冒险
maid-san_wa_taberu_dake,3,lovetoeat_maid|meitabe,女仆小姐只负责吃,78,2019年起连载的漫画，讲述女仆铃芽品尝各种日本食物
maid_master,3,,女仆大师,78,由Chowbie担任插画的游戏作品
mao_(takahashi_rumiko),3,,摩绪,78,高桥留美子创作的奇幻漫画，涉及平安与太正时代
mario_&_luigi:_dream_team,3,,马力欧与路易吉：梦之队,78,《马力欧与路易吉RPG》系列第四作，以梦境世界为舞台
minions_(movie),3,,小黄人大眼萌,78,2015年动画电影，讲述小黄人们寻找主人的经历，为神偷奶爸前传
mujin_gattai_kisaragi,3,,无尽合体 如月,78,偶像大师动画中的剧中机器人动画，偶像们化为机体
new_york_yankees,3,,纽约扬基,78,美国职棒大联盟球队，位于纽约布朗克斯区，隶属美国联盟东区
paradiso_guardian,3,,Paradiso Guardian,78,以天堂守护者为题的创作，具体作品信息不详
persona_q2:_new_cinema_labyrinth,3,,女神异闻录Q2：新电影迷宫,78,女神异闻录Q系列第二作，3DS上的迷宫探索RPG，融合电影题材
phantom_blade_(game),3,,Phantom Blade,78,名为Phantom Blade的游戏作品，具体系列与平台不详
pinterest,3,,Pinterest,78,以图片收集与灵感分享为主的美国社交网站
pokemon_xd,3,pokemon_xd:_gale_of_darkness|pokemon_xd:_yami_no_kaze_dark_lugia|pokemon_xd_gale_of_darkness|pokemon_xd_yami_no_kaze_dark_lugia,宝可梦XD 暗之旋风黑暗洛奇亚,78,GameCube上的宝可梦游戏，为圆形竞技场的续作，以黑暗洛奇亚为象征
project_wingman,3,,Project Wingman,78,Sector D2开发的空战街机风格游戏，舞台为灾后世界
red:birthmark_(song),3,,Red:birthmark,78,《机动战士高达 水星的魔女》第2首片尾曲，由AiNA THE END演唱
relife,3,,ReLIFE 重返17岁,78,夜宵草在Comico连载的网络漫画，主角服药重返高中生活
remembrance_of_earth's_past,3,,三体,78,刘慈欣的科幻小说三部曲，以《三体》之名广为流传
rockman_xover,3,,洛克人Xover,78,为纪念洛克人25周年推出的iOS游戏，2012至2015年运营
rogue_one:_a_star_wars_story,3,rogueone,星球大战外传：侠盗一号,78,加雷斯·爱德华兹执导的星球大战外传电影，讲述窃取死星设计图的小队
ryuugajou_nanana_no_maizoukin,3,nanana's_buried_treasure,龙娘七七七的埋藏金,78,围绕天才少女龙娘七七七留下的埋藏金展开的日本轻小说及动画
tenchi_muyou!_ryou-ouki,3,天地无用!魉皇鬼,天地无用！魉皇鬼,78,天地无用系列的首部OVA作品，也是该系列的主线
the_kabocha_wine,3,the_pumpkin_wine,南瓜酒,78,以身材高挑少女为主角的校园恋爱漫画，1982年改编为电视动画
the_legend_of_zelda:_phantom_hourglass,3,,塞尔达传说 幻影沙漏,78,塞尔达传说系列第十四作，2007年登陆任天堂DS
vampire_knight,3,,吸血鬼骑士,78,樋野茉理的少女漫画，讲述吸血鬼与人类共处的学园故事，2008年动画化
witches_in_7th_base,3,,Witches in 7th Base,78,以魔女与军事基地为题材的创作作品
world_heroes,3,,世界英雄,78,ADK为Neo Geo开发的90年代街机对战格斗游戏系列
anata_to_mita_sakura,3,,あなたと見た桜,77,日本作品，具体作者与内容不详
asana_tansaku_kikou,3,,あさな探策紀行,77,以探索与旅行为主题的日本游戏作品
chou_uchuu_keiji_gavan_infinity,3,super_space_sheriff_gavan_infinity,超宇宙刑事卡邦 Infinity,77,东映2026年的特摄作品，重启《宇宙刑事卡邦》，为 Project R.E.D. 首作
comiket_77,3,C77|c77,Comic Market 77,77,Comic Market 第77届同人志即卖会，2009年12月29-31日举办
cosmic_baton_girl_comet-san,3,,宇宙魔法少女慧星,77,日本魔法少女题材电视剧系列，1967年首播，主角为彗星小姐
echo_(visual_novel),3,,Echo,77,2021年推出的兽人题材恐怖视觉小说
eiyuu_senki_gold,3,,英雄战姬GOLD,77,《英雄战姬》系列的强化版本作品
hataraku_ufo,3,part_time_ufo,打工UFO,77,HAL Laboratory开发的手机与Switch解谜游戏，主角为打工外星人
hell's_kitchen,3,,地狱厨房,77,戈登·拉姆齐主持的美国烹饪真人秀节目
hoshizora_no_babylon,3,,星空のバビロン,77,Mignon参与制作的视觉小说作品
house_m.d.,3,dr.house,豪斯医生,77,美国Fox播出的医疗剧，主角为诊断科医生豪斯
i-dle,3,g-i-dle,(G)I-DLE,77,韩国Cube娱乐旗下的女子偶像组合，2018年出道
icetea,3,萌実,icetea,77,Eilene经营的VTuber事务所，旗下有萌实、Yomemi等
identity_(love_live!),3,,Identity（Love Live!）,77,《Love Live! 莲之空女学院》中Mira-Cra Park!的歌曲
ishura,3,,异修罗,77,Keiso创作的异世界战斗轻小说系列
itzy,3,,ITZY,77,JYP娱乐旗下的韩国女子偶像组合
jk_bitch_sannin_musume!,3,,JK碧池三姐妹！,77,Whoosaku插画、Pakopako soft发行的成人游戏系列
kamen_rider_amazons,3,,假面骑士Amazons,77,面向成人的《假面骑士亚马逊》重启网络剧
kendo_shoujo,3,,剑道少女,77,画师柊裕一创作的插画系列，以持剑少女为主题
kenkou_zenrakei_suieibu_umishou,3,,健康全裸系游泳部,77,服部充创作的游泳题材校园喜剧漫画，2007年改编动画
kimi_omou_koi,3,,思君之恋,77,画师 Gentsuki 的同人短篇集，收录多组主角与女主角的故事
la_peche_party,3,,La Peche Party,77,2023年3月解散的日本虚拟主播组合，成员此后转为个人活动
langrisser_re:incarnation,3,,梦幻模拟战 转生,77,《梦幻模拟战》系列的任天堂3DS作品，2015年发售
les_chevaucheurs,3,,Les Chevaucheurs,77,法国作品，具体类型与内容不详
lifesteal_smp,3,,Lifesteal SMP,77,《我的世界》服务器玩法，玩家死亡失去一颗心、击杀他人夺取其心的生存模式
loss_time_memory_(vocaloid),3,,Loss Time Memory,77,じん（自然の敵P）创作、IA演唱的歌曲，阳炎Project系列曲目之一
mamonomusume_to_no_seikatsu,3,,与魔物娘的生活,77,以魔物娘为题材的成人向作品
maou_no_ore_ga_dorei_elf_wo_yome_ni_shitanda_ga_dou_medereba_ii?,3,an_archdemon's_dilemma:_how_to_love_your_elf_bride,魔王の俺が奴隷エルフを嫁にしたんだが、どう愛でればいい？,77,手岛史词创作的奇幻轻小说，讲述魔王与精灵奴隶的恋爱喜剧
mega_man_xtreme_2,3,Rockman X2: Soul Eraser|rockman_x2:_soul_eraser,洛克人X 极限2,77,洛克人X系列在GBC平台的衍生作品
noah_fantasy,3,,诺亚幻想,77,中国开发的手机游戏作品
obsolete_meat_(vocaloid),3,,Obsolete Meat,77,32ki创作的歌声合成歌曲，由初音未来与重音テト演唱
one_room,3,,One Room,77,以第一人称视角描绘与少女们互动的短篇动画，角色设计由カントク负责
otome_wa_boku_ni_koishiteru_futari_no_elder,3,,少女爱上姐姐 二人的姐姐,77,《少女爱上姐姐》系列第二作，描写主角与两位「姐姐」的故事
pixiv_succubus,3,,Pixiv Succubus,77,2012年发起的pixiv企划，以魅魔为主题的角色创作活动
pizuya's_cell,3,,Pizuya's Cell,77,日本同人音乐社团，主要制作东方Project改编乐曲
really?_really!,3,,Really? Really!,77,Navel的《Shuffle!》系列第3部成人向游戏，2006年发售
ren'ai_hajimemashite,3,,恋愛はじめまして,77,ASa Project2025年推出的成人向视觉小说
sekai_saikou_no_ansatsusha_isekai_kizoku_ni_tensei_suru,3,,世界最强暗杀者转生为异世界贵族,77,月夜泪的轻小说，2019年起连载
shoumetsu_toshi,3,消灭都市0.,消灭都市,77,Wright Flyer Studios的手机游戏，2019年改编为动画
tanken_driland,3,,探险Driland,77,GREE开发的日本手机游戏，2012年起在Jump Square连载漫画
tezuka's_star_system,3,,手冢明星系统,77,手冢治虫让笔下角色在其作品中互相客串的虚构体系
the_punisher_(series),3,,惩罚者（漫威）,77,漫威漫画中以反英雄惩罚者为主角的系列，主角为退伍军人弗兰克·卡斯特
tokumei_m_(vocaloid),3,anonymous_m_(vocaloid),匿名M,77,Pinocchio-P创作、初音未来演唱的VOCALOID歌曲，ARuFa参与出演
toujima_tanzaburou_wa_kamen_rider_ni_naritai,3,,东岛丹三郎想成为假面骑士,77,柴田ヨクサル创作的搞笑战斗漫画，2025年动画化
true_love_story,3,,True Love Story,77,资料不详，具体作品与体裁未能确认
twokinds,3,,TwoKinds,77,Tom Fischbach创作的兽人题材网络漫画，2003年开始连载
vanillaware,3,,香草社,77,日本的游戏开发公司，以2D美术见长，代表作有《奥丁领域》等
victory_belles,3,victorybelles|victorybellesgame,Victory Belles,77,Black Chicken Studios开发的舰娘题材游戏，2023年发行
youkai_watch_shadowside,3,,妖怪手表 影子面,77,《妖怪手表》的动画系列，讲述数年后新一代主角与妖怪的故事
zombie_no_afureta_sekai_de_ore_dake_ga_osowarenai,3,,丧尸横行的世界只有我不被袭击,77,以丧尸横行的末日世界为舞台、只有主角不被丧尸袭击的网络小说，有漫画与游戏改编
a_simple_life_with_my_unobtrusive_sister,3,,与不起眼的妹妹的简单生活,76,niliu chahui开发中的奇幻角色扮演游戏
apex_legends_mobile,3,Apex Legends Mobile|apexlegendsmobile|apexmobile,Apex英雄手游,76,《Apex英雄》的手机版本，由腾讯光子工作室与Respawn合作开发
aphex_twin,3,,Aphex Twin,76,英国电子音乐人Richard D. James的艺名，作品涵盖IDM与氛围音乐
awaria,3,,Awaria,76,波兰开发者vanripper制作的独立弹幕游戏，在Steam免费发布
black_clover:_sword_of_the_wizard_king,3,,黑色五叶草：魔法帝之剑,76,黑色五叶草的首部剧场版动画，2023年上映
blizzard_entertainment,3,blizzard_(company),暴雪娱乐,76,美国的游戏开发与发行公司，代表作有魔兽世界、守望先锋、暗黑破坏神
bokutachi_no_remake,3,remake_our_life!,我们的重制人生,76,木绪なち的轻小说，2017年起出版，2021年改编为动画
compass_(love_live!),3,,COMPASS,76,《Love Live! 莲之空女学院学园偶像俱乐部》中 DOLLCHESTRA 的歌曲
doubutsu_sentai_zyuohger,3,,动物战队兽王者,76,超级战队系列第40作，2016年播出
dragon_raja_(jiang_nan),3,,龙族,76,江南创作的中国小说系列，围绕路明非与龙族展开
fight_ippatsu!_juuden-chan!!,3,Juuden-chan|juden_chan,充电娘,76,以充电少女为主角的日本漫画及动画作品
form_code,3,,form_code,76,出处与内容不详的作品条目，具体资料待考
helck,3,,勇者赫鲁库,76,七尾七希的奇幻漫画，讲述人类勇者赫鲁库参加魔王选拔赛的故事
hoshiuta,3,Hoshi Uta|ホシウタ,星うた,76,Fumio负责原画的成人向视觉小说游戏
i_love_amy,3,naneun_amyleul_saranghae,I Love Amy,76,unn1666创作的韩国网络漫画
jinzou_konchuu_kabutoborg_vxv,3,,人造昆虫KABUTOBORG V×V,76,2006年播出的昆虫机器人题材日本动画
kyou_kara_ore_wa_loli_no_himo!,3,今日から俺はロリのヒモ!,今天开始我是萝莉的小白脸,76,日本搞笑恋爱喜剧漫画，讲述被少女包养的小白脸男主的同居日常
magi_stop,3,,Magi Stop,76,ponymoe创作的网络漫画
magolor_epilogue,3,Magolor Epilogue|魔法洛亚尾声,魔法洛亚后日谈,76,《星之卡比 重返梦幻岛 豪华版》的追加模式，以魔法洛亚为主角
makai_senki_disgaea_6,3,disgaea 6|disgaea_6|魔界战记DISGAEA 6|魔界戰記DISGAEA 6,魔界战记6,76,日本一软件《魔界战记》系列第六作
marathon_(series),3,,马拉松,76,Bungie开发的科幻第一人称射击游戏系列，2026年推出重启作
milk_junkies,3,,Milk Junkies,76,围绕牛奶主题的同人创作与角色系列
monmusu_harem,3,MonHare|モンハレ|モン娘☆は～れむ,魔物娘☆后宫,76,FuRyu运营的魔物娘养成手机游戏，2019年停止服务
my_student_spirit,3,,我的学生之灵,76,Phoenix Studios的网络动画，舞台为俄罗斯莫斯科
neo_geo_battle_coliseum,3,Neo Geo Battle Coliseum|ネオジオバトルコロシアム,Neo Geo Battle Coliseum,76,SNK的2对2跨作品组队格斗游戏，登场拳皇、饿狼传说与合金弹头等角色
ou-sama_no_propose,3,,国王的求婚,76,橘公司的轻小说，讲述世界最强魔女与少年之间的恋爱奇幻故事
para-sol,3,,Para-Sol,76,Root出品、Carnelian负责原画的日本成人游戏
parquet_(yuzusoft),3,,PARQUET,76,柚子社出品的全年龄视觉小说，题材为近未来都市
pepper_project,3,,Pepper Project,76,始于DeviantArt的原创角色创作企划，由参与者共同绘制同一角色
project_x_zone_2,3,Project X Zone 2 Brave New World|プロジェクト クロスゾーン2,穿越领域计划2,76,《穿越领域计划》续作，3DS跨界战棋RPG，副标题勇敢新世界
rave_(manga),3,RAVE|The Groove Adventure Rave|rave|rave master|rave_master|the_groove_adventure_rave|聖石小子,圣石小子,76,真岛浩的奇幻冒险漫画，在《周刊少年Magazine》连载
resident_evil:_revelations_2,3,Resident Evil Revelations 2|resident_evil_revelations_2|恶灵古堡：启示录2|生化危机启示录2,生化危机：启示录2,76,《生化危机》启示录系列第2作，分章节发售
resident_evil:_vendetta,3,resident_evil_vendetta,生化危机：复仇,76,《生化危机》系列的CG动画电影，2017年上映
ryoushin_no_shakkin,3,両親の借金を肩代わりしてもらう条件は日本一可愛い女子高生と一緒に暮らすことでした。,替父母还债的条件，是与日本第一可爱的女高中生同居,76,雨音惠创作、かかお插画的恋爱喜剧轻小说
ryuu_ga_gotoku_kiwami,3,Yakuza Kiwami|yakuza_kiwami|人中之龍 極|人中之龙 极,如龙 极,76,如龙初代的重制版，2016年发行
sakigake_generation!,3,,Sakigake Generation!,76,日本的原创角色或同人企划系列
sengoku_ace,3,Sengoku Ace|战国王牌|戦国エース,战国ACE,76,Psikyo发行的战国题材纵版射击街机游戏
shin_sekai_yori,3,From the New World|from_the_new_world|来自新世界,来自新世界,76,贵志祐介的科幻小说，描写千年后日本的超能力社会，2012年动画化
slipknot,3,,活结乐队,76,1995年在美国艾奥瓦州结成的金属乐队，成员以面具造型著称
song_of_the_south,3,,南方之歌,76,迪士尼1946年的真人与动画结合电影，因种族刻板印象引发争议
starship_troopers,3,Starship Troopers|星河舰队|星舰战将,星河战队,76,海因莱因的科幻小说，及据此改编的 1997 年科幻电影
succubus_homestay,3,,Succubus Homestay,76,资料不足，无法确认所指作品与类型
taisen_hot_gimmick,3,,大戦ホットギミック,76,日本街机平台的麻将对战游戏，以美少女角色为卖点
tales_of_phantasia:_narikiri_dungeon,3,,幻想传说 换装迷宫,76,2000年发售的Game Boy Color角色扮演游戏，传说系列首个续作
the_emperor's_new_groove,3,,变身国王,76,迪士尼2000年上映的动画喜剧电影
tonari_no_seki-kun,3,となりの関くん|邻座的关君|鄰座的關君,上课小动作,76,森繁拓真创作的校园搞笑漫画，讲述邻座关君的课堂小动作
triangle_heart,3,TriangleHeart|トライアングルハート,三角心,76,IVORY开发的恋爱视觉小说系列，《魔法少女奈叶》由第三作衍生
ultraman_orb_(series),3,,欧布奥特曼,76,《奥特曼》系列第28作，主角为欧布奥特曼
vagrant_story,3,,放浪冒险谭,76,Square于2000年推出的PlayStation动作角色扮演游戏
xenoblade_genesis,3,,Xenoblade Genesis,76,《异度神剑》系列预定2027年登陆Switch 2的奇幻RPG新作
yuusha_no_kuzu,3,,勇者之屑,76,Rocket商会的轻小说，2026年1月播出动画
baldr_sky,3,BALDR SKY Dive|BaldrSky|baldrsky|バルドスカイ,BALDR SKY,75,戏画《BALDR》系列的赛博朋克机甲动作游戏
brave_(pixar),3,,勇敢传说,75,皮克斯的动画电影，主角是苏格兰公主梅莉达
cats_(musical),3,,猫（音乐剧）,75,安德鲁·劳埃德·韦伯创作的音乐剧，改编自艾略特的诗集
countryhumans,3,,国家拟人,75,将国家拟人化的创作题材，由波兰球衍生，常以球头与国旗配色为特征
denpa_teki_na_kanojo,3,,电波系彼女,75,片山宪太郎创作的轻小说，以电波系少女为主题
digimon_xros_wars:_toki_wo_kakeru_shounen_hunter-tachi,3,数码兽合体战争：时空少年猎人|数码宝贝组合战争 穿越时空的少年猎人们,数码宝贝合体战争：穿越时空的少年猎人们,75,数码宝贝合体战争的第三季续篇动画
dragon_ball:_sparking!,3,,龙珠 Sparking!,75,2005年起的龙珠格斗游戏系列，海外名为Budokai Tenkaichi
dream_with_you_(love_live!),3,dream_with_you,Dream with You,75,《Love Live! 虹咲学园》上原步梦演唱的插入曲
esper_mami,3,Esper Mami|エスパー魔美,超能力魔美,75,藤子·F·不二雄创作的超能力题材漫画，主要面向青少年
evenicle,3,,Evenicle,75,AliceSoft制作的成人向RPG，原画为八重樫南
fisheye_placebo,3,鱼眼安慰剂,Fisheye Placebo,75,yuumei创作的连载网络漫画
gal_gun_double_peace,3,,Gal Gun: Double Peace,75,少女射击系列的一作，在 PlayStation 平台发行的射击游戏
girls_symphony,3,,Girls Symphony,75,DMM 的管弦乐题材游戏，玩家扮演指挥招募乐团成员
half-life_1,3,Half-Life|half-life1|半衰期|战栗时空,半条命,75,Valve于1998年推出的科幻FPS，以黑山研究所事故为开端
hansel_and_gretel,3,汉赛尔与格莱特尔|韩赛尔与格蕾特,汉赛尔与格莱特,75,格林童话中的兄妹故事，两人在糖果屋遭遇吃人的女巫
heated_rivalry,3,,Heated Rivalry,75,改编自曲棍球题材小说的电视剧，讲述两名职业球员的秘密恋情
hoshizora_tetsudou_to_shiro_no_tabi,3,,星空铁道与白之旅,75,日本视觉小说作品，以星空铁道之旅为题
isekai_nonbiri_nouka,3,,异世界悠闲农家,75,内藤骑之介原作的异世界悠闲农业轻小说，2023年动画化
jimoto_saikou,3,,地元最高,75,くさりうさぎ创作的推特漫画，描绘少女们的笨拙日常
key_of_like!,3,KEY of Like!,Key of Like!,75,《Love Live! 莲之空女学院学园偶像俱乐部》的歌曲，由三个小组共同演唱
kono_subarashii_sekai_ni_shukufuku_wo!:_kurenai_densetsu,3,KonoSuba：红传说|为美好的世界献上祝福！红色传说,为美好的世界献上祝福！红传说,75,《为美好的世界献上祝福！》的剧场版动画，2019年上映，改编自原作第五卷
majodou,3,,Majodou,75,魔女题材的日本作品，具体出处与设定不详
mana_khemia,3,Mana Khemia|マナケミア|玛娜传奇,玛娜传奇 学园的炼金术士们,75,炼金工房系列第九作，以炼金术学校为舞台
marchen_awakens_romance,3,MÄR|梦幻骑士|魔界奇兵,魔兵传奇,75,安西信行创作的奇幻冒险漫画，2005年被改编为动画
mario_&_sonic_at_the_rio_2016_olympic_games,3,Mario & Sonic at the Rio 2016 Olympic Games|马里奥与索尼克在里约奥运会,马力欧与索尼克在里约2016奥运会,75,系列第五作，2016年登陆Wii U与3DS
panasonic_corporation,3,,松下,75,日本大型电子电器企业，产品涵盖家电、音响与电子元件
phantasy_star_zero,3,Phantasy Star Zero|ファンタシースターZERO,梦幻之星ZERO,75,世嘉在NDS平台推出的动作RPG，2008年发售
pokemon_world_championships,3,video_game_championships,宝可梦世界锦标赛,75,宝可梦官方举办的全球性赛事系列，涵盖游戏、卡牌等
pretty_guardian_sailor_moon,3,PGSM|美少女战士特摄版|美少女戰士真人版,美少女战士真人版,75,改编自《美少女战士》的2003年东映特摄电视剧
revolver_(game),3,,Revolver,75,资料不足，无法确认作品类型与出处
siivagunner,3,,SiIvaGunner,75,YouTube上的音MAD频道，以重新混编游戏音乐为特色
spotify,3,声田,Spotify,75,瑞典的音乐流媒体平台
star_ocean:_the_divine_force,3,star_ocean_the_divine_force,星之海洋6 神圣力量,75,《星之海洋》系列第六作
star_wars:_ahsoka,3,,星球大战：阿索卡,75,Disney+ 的星战真人剧集，主角为阿索卡·塔诺，承接《义军崛起》
stellar_stream_(love_live!),3,,Stellar Stream,75,《Love Live! 虹咲学园》剧场版中上原步梦的参赛曲
storyshift,3,,Storyshift,75,以《Undertale》为基础的换位同人企划，将角色身份互换
supokon!_sports_wear_complex,3,,すぽコン！,75,Astronauts: Alya 开发的成人游戏，原画为 Marushin
tamako_love_story,3,たまこラブストーリー|玉子的爱情故事,玉子爱情故事,75,玉子市场的2014年剧场版动画，描写玉子与饼藏的感情
the_lego_movie,3,The Lego Movie,乐高大电影,75,2014年上映的乐高积木题材电脑动画电影
tsubasa_la_liberte,3,ツバサ・ラ・リベルテ,Tsubasa la Liberte,75,《Love Live! 莲之空女学院学园偶像俱乐部》2023年首次演唱的歌曲
uchi_no_musume_no_tame_naraba_ore_wa_moshikashitara_maou_mo_taoseru_kamo_shirenai.,3,"If It's for My Daughter, I'd Even Defeat a Demon Lord|if_it's_for_my_daughter_i'd_even_defeat_a_demon_lord|为了养女我说不定连魔王都能干掉",为了女儿，我说不定连魔王都能干掉,75,CHIROLU的轻小说，讲述冒险者抚养魔族少女的父女故事，2019年动画化
wandavision,3,,旺达幻视,75,2021年迪士尼+上线的漫威剧集，讲述旺达与幻视的故事
zero_in,3,Zero In,ゼロイン,75,井上空的枪械题材动作漫画
zoku_owarimonogatari,3,Zoku Owarimonogatari|zokuowarimonogatari|终物语续|终物语（续）,续·终物语,75,《物语系列》终季的剧场版动画，2018年上映，主角为阿良良木历
1bitheart,3,,1bitHeart,74,Miwasiba开发的以交朋友为主题的独立游戏，续作为1beatHeart
2.5_jigen_no_ririsa_tenshitachi_no_stage,3,2.5次元的引诱|2.5次元的誘惑|2.5次元的诱惑 天使们的舞台|nigoriri_angels_on_stage!|riristage,2.5次元的诱惑 天使们的舞台,74,《2.5次元的诱惑》改编的手机游戏，2024年上线
2xko,3,,2XKO,74,以英雄联盟角色为题材的格斗游戏，2025年开启抢先体验
5pb.,3,,5pb.,74,日本游戏与音乐制作公司，后并入MAGES.
ac/dc,3,,AC/DC,74,1973年在悉尼成立的澳大利亚摇滚乐队，被视为硬摇滚代表
aigan_tenshi_cheery_pink,3,Aigan Tenshi Cheery Pink|愛玩天使チアリーピンク,爱玩天使 Cheery Pink,74,日本成人向作品，具体作者与设定不详
beauty_and_the_beast_(fairy_tale),3,,美女与野兽（童话）,74,法国的经典童话，讲述少女与野兽王子的故事
bishounen_series,3,,美少年系列,74,西尾维新创作的高中生侦探题材小说系列
boku_no_pico,3,Boku no Pico|仆のピコ|我的皮可,我的Pico,74,Natural High制作的成人向OVA系列，2006至2008年分三部发售
bustafellows,3,,Bustafellows,74,eXtend开发的犯罪悬疑乙女视觉小说
caligula_2,3,,卡里古拉2,74,卡里古拉系列的角色扮演游戏，2021年发售
chimimo,3,ちみも,CHIMIMO,74,2022年播出的日常搞笑动画
cooking_mama,3,,料理妈妈,74,Office Create 的料理模拟游戏系列，以触屏做菜小游戏为核心
cool&create,3,,COOL&CREATE,74,日本同人音乐社团，早期改编 Key 与 AliceSoft 曲目，后转向东方Project
cool_cool_toon,3,クールクールトゥーン,Cool Cool Toon,74,SNK 2000年在 Dreamcast 推出的日本限定音乐节奏游戏
emina&aki,3,エミナ＆アキ,Emina&Aki,74,画师Kagami在博客上发布的原创角色企划，含Emina与Aki等
front_mission,3,,Front Mission,74,史克威尔艾尼克斯的科幻战略游戏系列，玩家操纵名为 Wanzer 的机甲
gacha_(lunime),3,,Gacha (Lunime),74,Lunime 开发的换装与扭蛋玩法手游系列，含 Gacha Life 等
ghost_in_the_shell_arise,3,Ghost in the Shell: Arise|koukaku_kidoutai_arise|攻殻機動隊ARISE,攻壳机动队ARISE,74,《攻壳机动队》的前传 OVA 与剧场版系列，描绘素子年轻时的故事
haishin_shoujo_no_uraaka_meikyuu,3,,配信少女の裏アカ迷宮,74,Acacia开发的视觉小说与地牢RPG混合游戏，预定2026年发售
hindu_mythology,3,印度教神话,印度神话,74,印度教经典中的神祇、英雄与神话叙事体系
jain_no_ikenie,3,,邪淫的活祭,74,Chaos-R的成人游戏《Jain no Ikenie》系列首作
jamiroquai,3,,Jamiroquai,74,英国放克与酸爵士乐队，主唱为Jay Kay
kaidan_restaurant,3,,怪谈餐厅,74,改编自儿童怪谈选集《怪谈餐厅》的动画
kingdom_come:_deliverance,3,,天国拯救,74,Warhorse Studios 开发的中世纪波希米亚开放世界角色扮演游戏
kochira_koufuku_anshin_iinkai_desu_(vocaloid),3,this_is_the_happiness_and_peace_of_mind_committee_(vocaloid)|此乃幸福安心委员会,这里是幸福安心委员会,74,うたたP创作、初音未来演唱的Vocaloid歌曲，插画由wogura绘制
kokoro_ga_sakebitagatterunda.,3,Kokosake|kokosake|the_anthem_of_the_heart|好想大声说出心底的话|心欲呐喊,心灵想要大声呼喊,74,A-1 Pictures 制作的原创动画电影，2015年上映，长井龙雪执导
lingeries_(ramune_games),3,,LingerieS,74,Ramune Games的2024年成人游戏，由Oryo负责插画，主角为双胞胎兄妹
little_noah,3,Little Noah: Scion of Paradise|リトルノア,小诺亚,74,Cygames的手机塔防游戏，2022年推出衍生作《小小诺亚 乐园的后继者》
miracle_wave,3,奇迹之浪,MIRACLE WAVE,74,动画Love Live! Sunshine!!中Aqours演唱的歌曲
mirai_ticket,3,未来门票,MIRAI TICKET,74,动画Love Live! Sunshine!!中Aqours演唱的歌曲
monster_world,3,,怪物世界,74,世嘉的平台动作游戏系列，多数作品属于神奇男孩系列
p/a_~potential_ability~,3,,P/A ~Potential Ability~,74,Empress出品的视觉小说，由圣少女负责原画与角色设计
pan_kogekoge_ni_nacchatta_(utau),3,,パンこげこげになっちゃった,74,picdo创作、足立レイ演唱的歌曲，歌名意为面包烤焦了
persona_x_detective,3,Persona x Detective Naoto|ペルソナ×探偵NAOTO,女神异闻录×侦探NAOTO,74,女神异闻录4衍生漫画，以白钟直斗为主角展开侦探故事
pixela_project,3,,Pixela Project,74,泰国的虚拟网红事务所，旗下运营多位虚拟艺人
pon_no_michi,3,,Pon no Michi,74,以广岛尾道为舞台、围绕麻将展开的原创电视动画，由OLM制作
rainbow_bubblegem,3,,Rainbow Bubblegem,74,韩国与中国合拍的魔法少女动画系列
rosenkreuzstilette_freudenstachel,3,,Rosenkreuzstilette Freudenstachel,74,Rosenkreuzstilette的续作，2012年发行，主角换为弗罗伊迪亚
rpg_maker,3,,RPG制作大师,74,ASCII等公司开发的RPG制作软件系列，首作1992年发行
ryman's_club,3,salaryman's_club,Ryman's Club,74,以企业羽毛球部为舞台的日本动画，讲述上班族选手的竞技故事
seikishi_melty_lovers,3,,圣机师物语,74,《天地无用》系列的外传动画作品
sonic_superstars,3,,索尼克 超级巨星,74,索尼克系列的2D横版动作游戏，采用经典MD风格
sound_holic,3,sound-holic,SOUND HOLIC,74,以东方 Project 改编曲与音游曲闻名的同人音乐社团
star_strings_yori,3,sutaa_sutoringuzu_yori,Star Strings Yori,74,つくしあきひと创作的漫画系列
stellarversepro,3,,StellarVersePro,74,美国的虚拟主播事务所
super_mario_3d_land,3,Super Mario 3D Land|超级马里奥3D大陆|马里奥3D大陆,超级马力欧3D大陆,74,任天堂 3DS 上的《马力欧》3D 平台动作游戏，2011 年发售
temptation,3,テンプテーション,Temptation,74,Soft-Parthenon开发的成人向游戏
the_3rd_super_robot_wars_alpha,3,Super Robot Wars Alpha 3|第3次スーパーロボット大戦α,第3次超级机器人大战α,74,机战α系列完结作，副标题为终焉的银河，登陆PS2
tokusou_sentai_dekaranger,3,,特搜战队刑事连者,74,2004年播出的超级战队系列第28作，美版改编为《恐龙战队SPD》
torikoro,3,,torikoro,74,资料不详，具体作品与体裁未能确认
tsuru_no_ongaeshi,3,,鹤的报恩,74,日本民间故事，讲述男子救助仙鹤后得到报恩
vs_knight_lamune_&_40_fire,3,VS Knight Lamune & 40 Fire|騎士ラムネ&40炎,骑士柠檬汽水&40炎,74,1996年推出的机甲题材OVA系列
xblaze_lost:_memories,3,Xblaze Lost Memories|Xブレイズ ロスト メモリーズ,苍翼默示录Xblaze Lost：记忆,74,Xblaze系列第二作，PSV平台的视觉小说
acmeholic,3,アクメホリック,Acmeholic,73,Dopamine Software于2007年发售的成人向视觉小说
animate_cafe,3,,Animate Cafe,73,Animate经营的动漫主题联动咖啡厅
aoppella,3,,aoppella,73,以无伴奏合唱为主题的多媒体企划，描写高中生的阿卡贝拉活动
ar_nosurge,3,アルノサージュ|阿尔诺苏尔杰：献给未出生之星的诗篇,Ar nosurge,73,GUST的《波涛协奏曲》系列游戏，登陆PS3与PSV
b_gumi,3,,B組の愉快な仲間たち,73,同人社团创作的原创校园系列，以B班学生们的短篇故事为主
baten_kaitos,3,,Baten Kaitos,73,Monolith Soft与tri-Crescendo开发的角色扮演游戏，2003年推出
battlefield_1,3,Battlefield 1|战地风云1,战地1,73,《战地》系列作品，2016年发售，舞台为第一次世界大战
call_of_duty_4,3,COD4|Call of Duty 4|決勝時刻4：現代戰爭,使命召唤4：现代战争,73,使命召唤系列第四作，2007年推出的现代战争首作
class_no_daikirai_na_joshi_to_kekkon_suru_koto_ni_natta.,3,class_no_daikirai_na_joshi_to_kekkon_suru_koto_ni_natta|i'm_getting_married_to_a_girl_i_hate_in_class|i'm_getting_married_to_a_girl_i_hate_in_my_class|i_got_married_to_the_girl_i_hate_most_in_class,和班上最讨厌的女生结婚了,73,天乃圣树的轻小说，原为 YouTube 有声漫画，2025年1月动画化
digimon_world_-next_0rder-,3,デジモンワールド ネクストオーダー|数码兽世界 ネクストオーダー,数码宝贝世界 Next 0rder,73,数码宝贝世界系列的PSV与PS4养成角色扮演游戏
earclacks,3,,Earclacks,73,YouTube频道，制作球体之间1v1对决的短视频
fate/dream_striker,3,,Fate/Dream Striker,73,《Fate/Grand Order》2024年愚人节推出的足球题材小游戏
floralia,3,,Floralia,73,Xuse 2002年推出的成人游戏，含《floralia plus》扩展
gamecenter_cx,3,,Game Center CX,73,富士电视台的长寿游戏综艺，有野晋哉挑战复古游戏
gamers_(store),3,,ゲーマーズ,73,日本销售角色周边的连锁商店，常与《Di Gi Charat》等联动
garakuta_road_(idolmaster),3,,Garakuta Road,73,《学园偶像大师》中由十三名可操作角色演唱的歌曲
garten_of_banban,3,,Garten of Banban,73,以幼儿园为舞台的吉祥物恐怖游戏系列
growlanser_i,3,,梦幻骑士（初代）,73,《梦幻骑士》系列首作，讲述主人公与同伴旅行的策略角色扮演游戏
himitsu_houjin_death_maker,3,,秘密法人デスマーカー,73,标题为秘密法人Death Maker的日本作品
ilion_sled_dog_sanctuary,3,,ILION Sled Dog Sanctuary,73,lapithai发起的原创企划，汇集画师设计的雪橇犬少女
iron_attack!,3,,Iron Attack!,73,日本同人音乐社团，以东方Project的重金属改编曲为主
isekai_shokudou,3,Restaurant to Another World|异世界餐厅,异世界食堂,73,犬冢惇平的异世界美食轻小说，2017年由SILVER LINK动画化
island_(game),3,island|アイランド,ISLAND,73,Front Wing的科幻悬疑视觉小说，2018年动画化
kingdom_death,3,,Kingdom Death,73,2013年推出的微缩模型桌游，玩法类似《怪物猎人》，以黑暗美术著称
kirby:_canvas_curse,3,kirby_canvas_curse,触摸卡比,73,任天堂DS上的卡比游戏，用触控笔画出彩虹轨道引导卡比前进
kyou_no_go_no_ni,3,,今天的五年二班,73,樱场コハル的校园日常漫画，描绘小学五年级二班的学生生活，并有OVA与动画
magikano,3,,Magikano,73,百瀬武昭的漫画，2003至2008年连载，2006年由东京Kids改编为动画
majokko_a_la_mode,3,Majokko a la Mode|魔女娘a la mode,魔女っ娘ア・ラ・モード,73,F&C开发的成人游戏，后移植至PS2
mario_&_luigi:_bowser's_inside_story,3,,马力欧与路易吉RPG3,73,《马力欧与路易吉RPG》系列第三作，以库巴体内冒险为特色
mayonaka_punch,3,,真夜中ぱんチ,73,P.A.Works制作的原创电视动画
mega_man_5,3,Rockman 5|rockman_5|元祖洛克人5,洛克人5,73,原祖洛克人系列第五作，登陆FC平台
mega_man_battle_network_1,3,,洛克人EXE（初代）,73,《洛克人EXE》系列首作，登陆GBA平台
mentholatum,3,Mentholatum,曼秀雷敦,73,1889年创立的美国护理品牌，后归入日本乐敦制药
osomatsu-san_the_movie,3,Mr. Osomatsu: The Movie|阿松大电影,阿松剧场版,73,2019年上映的《阿松》剧场版动画
otoko_no_ko_wa_meido_fuku_ga_osuki!?,3,,伪娘喜欢女仆装!?,73,Hobby Japan旗下Hobby Channel创作的短篇系列，以伪娘与女仆装为主题
patalliro!,3,,Patalliro!,73,魔夜峰央1979年起连载的搞笑漫画，1982年由东映改编为动画
phantom_rose,3,Phantom Rose Scarlet|ファントムローズ,幻影玫瑰,73,makaroll开发的Roguelike卡牌构筑游戏，2019年在Steam推出
pixiv_festa,3,pixiv Festa|ピクシブフェスタ,pixiv祭,73,pixiv举办的画作展示与贩售活动，展出高质量画廊级作品
pokemon_ranger_and_the_temple_of_the_sea,3,pokemon_m09|宝可梦剧场版9|宠物小精灵剧场版：沧海的王子玛纳霏|神奇宝贝：沧海的王子玛纳霏,宝可梦 沧海的王子玛纳霏,73,宝可梦系列第9部剧场版，以玛纳霏与苍海的王子传说为主题
pokemon_the_movie:_secrets_of_the_jungle,3,pokemon_m23,宝可梦：可可,73,宝可梦系列第23部剧场版，讲述被宝可梦养大的少年可可
pudu_robotics,3,,普渡科技,73,中国商用服务机器人企业，主要生产配送与清洁机器人
sachiiro_hanamizuki,3,サチイロハナミズキ,幸色ハナミズキ,73,日本原创作品系列，登场角色包括凑社子等
sacred_seven,3,,Sacred Seven,73,2011年Sunrise制作的日本原创动画
semelparous,3,,Semelparous,73,荻野纯作画的日本漫画作品
shikihime_zoushi,3,式姫Project|式姫草子|式姬Project,式姬草子,73,Applibot的式姬Project系列手游，以收集养成式神少女为核心
shirohime_quest,3,,城姬Quest,73,Azito开发、KADOKAWA与GREE运营的城堡拟人化手机游戏
shuuen_no_shiori_project,3,,终焉书签企划,73,150P创作的Vocaloid歌曲系列，题材取自儿童游戏与都市传说
soul_eater_not!,3,,噬魂师NOT!,73,《噬魂师》的外传漫画与 2014 年动画，舞台移至欧洲
strawberry_shortcake_(series),3,strawberry_shortcake_(copyright),Strawberry Shortcake,73,源自 American Greetings 贺卡角色的草莓甜心主题多媒体企划
sukiya,3,Sukiya|すき家,食其家,73,日本规模最大的牛丼连锁餐厅
super_robot_wars_og_the_inspector,3,スーパーロボット大戦OG ジ・インスペクター|超级机器人大战OG The Inspector,超级机器人大战OG 监察者,73,改编自《机战OG2》的 2010 年电视动画
sword_art_online:_integral_factor,3,,刀剑神域 Integral Factor,73,2017年起在Android与iOS上运营的手机游戏，2023年推出Steam版
the_elder_scrolls_online,3,,上古卷轴Online,73,上古卷轴世界观的大型多人在线角色扮演游戏
the_game_of_life_(board_game),3,,人生游戏,73,源自1960年代美国的桌面游戏，玩家沿道路推进模拟人生历程
the_godfather,3,The Godfather|godfather,教父,73,1972年上映的美国黑帮电影，由科波拉执导，改编自普佐同名小说
the_jungle_book,3,,森林王子,73,迪士尼1967年动画电影，改编自吉卜林的丛林故事
tsukiji_uogashi_sandaime,3,Tsukiji Uogashi Sandaime,筑地鱼河岸三代目,73,以筑地鱼市场为舞台的美食漫画，主角辞去白领工作继承鱼店
tsumihoroboshi-hen,3,罪滅し編|罪滅篇,罪灭篇,73,《寒蝉鸣泣之时》解答篇的篇章之一，与绵流篇互为表里
ultraman_cosmos_(series),3,,高斯奥特曼,73,《奥特曼》系列第16作，全65集，为系列最长作品，兼纪念35周年
"unique_job_""tanetsuke_oji-san""_o_kakutoku_shimashita",3,,我获得了稀有职业「播种大叔」,73,以「播种大叔」这一特殊职业为题材的成人向漫画
viper_gtb,3,,Viper GTB,73,Sogna的《VIPER》系列成人游戏
wanko_to_lily,3,Wanko to Lily|小狗与莉莉,小狗与莉莉,73,CUFFS于2006年发售的成人游戏
yararara_(synthesizer_v),3,,ヤラララ,73,saku ram使用重音テト制作的合成歌声歌曲，主题为反抗社会规训
zettai_bouei_leviathan,3,Leviathan: The Last Defense|leviathan:_the_last_defense|絕對防衛利維坦,绝对防卫利维坦,73,GONZO制作的2013年改编动画
"""rouhou""_ore_no_iinazuke_ni_natta_jimiko_ie_dewa_kawaii_shikanai.",3,My Plain-looking Fiance is Secretly Sweet With Me|【朗報】俺の許嫁になった地味子、家では可愛いしかない。,【朗报】成为我未婚妻的朴素女孩，在家却可爱得不行,72,Kadokawa富士见Fantasia文库的恋爱喜剧轻小说，2021年出版单行本
adolescence_(vocaloid),3,アドレサンス,Adolescence,72,Signal-P创作、镜音铃与镜音连演唱的歌曲，为Cendrillon的改词版
aiura,3,AIURA,あいうら,72,茶麻的四格漫画，2013年改编为短篇动画，描写三名女高中生的日常
all_nippon_airways,3,ANA|All Nippon Airways|全日本空输,全日空,72,日本大型航空公司，1952年成立，为星空联盟成员
ark_re:code,3,,Ark Re:Code,72,成人向的手机抽卡游戏作品
bloody_roar,3,Bloody Roar|血腥咆哮,兽人格斗,72,Hudson发行的兽人变身题材3D格斗游戏系列
burn-up,3,,バーンナップ,72,1991年发售的动画OVA
choujigen_game_neptune_sisters_vs_sisters,3,neptunia:_sisters_vs_sisters|超次元ゲイム ネプテューヌSisters vs Sisters|超次元战记 战机少女Sisters vs Sisters,超次元游戏 海王星Sisters vs Sisters,72,《海王星》系列外传角色扮演游戏，以 CPU 候补生们为主角
class_de_2-banme_ni_kawaii_onnanoko_to_tomodachi_ni_natta,3,i_made_friends_with_the_second_prettiest_girl_in_my_class,和班上第二可爱的女生成为了朋友,72,たかた的恋爱喜剧轻小说，日向あずり插画，并有漫画与动画改编
colorful_dreams!_colorful_smiles!_(love_live!),3,colorfuldreams!colorfulsmiles!,Colorful Dreams! Colorful Smiles!,72,《Love Live! 虹咲学园学园偶像同好会》第二季的片头曲
dragon_age:_origins,3,,龙腾世纪：起源,72,2009年发售的龙腾世纪系列首作角色扮演游戏
eguchi-san_chi_no_junjou_succubus,3,,江口家的纯情魅魔,72,工藤える创作的百合四格漫画，连载于Manga Time Kirara MAX
eternal_senia,3,,永恒的赛妮亚,72,台湾团队用RPG Maker制作、以《仙境传说》为背景的游戏，2015年上架Steam
ex_astris,3,,Ex Astris,72,以星际为题材的角色扮演游戏
fate/grand_carnival,3,,Fate/Grand Carnival,72,《幻想嘉年华》的续作，以搞笑方式描绘《Fate/Grand Order》角色
guilty_gear_strive:_dual_rulers,3,,罪恶装备 奋战 Dual Rulers,72,《罪恶装备 -奋战-》改编的8集电视动画
hatsukoi_1/1,3,,初恋1/1,72,tone work's的成人向恋爱游戏，以星冈学园的校园生活为舞台
hikage_monogatari,3,,ひかげものがたり,72,Urin担任原画的成人向恋爱游戏，女主角均为内向系少女
joshi_shougakusei_hajimemashita,3,,女子小学生开始了,72,以女子小学生为题材的日本漫画作品
key_the_metal_idol,3,,金属偶像Key,72,Studio Pierrot 制作、1994至1997年发行的OVA动画，融合偶像与科幻要素
kuroinu_2,3,Kuroinu II|黑兽II,黑兽2,72,Liquid 出品的《黑兽》系列成人向游戏续作
marvel's_spider-man,3,spider-man_(2018_game),漫威蜘蛛侠,72,2018年发售的蜘蛛侠题材动作冒险游戏，最初登陆PS4
megami_magazine_creators,3,Megami Creators|megami_creators|メガミマガジン,Megami Magazine Creators,72,收录《Megami MAGAZINE》系插画师作品的增刊
meitantei_conan_card_game,3,,名侦探柯南卡牌游戏,72,以名侦探柯南为题材的集换式卡牌游戏
mr._and_mrs._smith,3,Mr. & Mrs. Smith,史密斯夫妇,72,2005年动作喜剧电影，讲述同为杀手的夫妻互相追杀
nekopara_sekai_connect,3,,猫娘乐园 世界连接,72,猫娘乐园系列的手机游戏作品
oniro,3,オニロ,Oniro,72,画师pas(paxiti)的原创角色企划，以角色Eirene为核心
ore_ga_suki_nano_wa_imouto_dakedo_imouto_janai,3,俺が好きなのは妹だけど妹じゃない|我喜欢的是妹妹却不是妹妹,我喜欢的是妹妹但不是妹妹,72,惠比须清司的轻小说及2018年动画，讲述轻小说作家与妹妹之间的恋爱喜剧
panzer_dragoon,3,Panzer Dragoon|パンツァードラグーン|装甲飞龙,铁甲飞龙,72,世嘉开发的轨道射击游戏系列，讲述末世中龙骑士的冒险
pixiv_trainer,3,pixiv TRAINER|pixivトレーナー|ぴくトレ,pixiv训练家企划,72,pixiv上的企划，参与者设计宝可梦训练家角色
ren'ai_karichaimashita,3,,恋愛借りちゃいました,72,日本成人向恋爱视觉小说
rk_music,3,,RK Music,72,REALITY Studios与King Records合资的VTuber音乐厂牌
sangoku_hime,3,Sangoku Hime|三極姫,三极姬,72,Gesen18的三国题材战略角色扮演成人游戏系列
sengoku_musou_1,3,samurai_warriors_1,战国无双1,72,战国无双系列首作，欧美版名为Samurai Warriors
seno_lepo,3,,"Seno, lepo!",72,Ostwindprojekt的原创系列，描绘芬兰军队的日常
shinigami_dot_com,3,,死神.com,72,優しい内臓的四格漫画，以死神为题材的搞笑作品
sinisistar,3,,SiNiSistar,72,eencya开发的像素风成人向动作游戏，主角为修女拉比安
spectral_force,3,スペクトラルフォース,Spectral Force,72,Idea Factory 在 Neverland 世界展开的战略 JRPG 三部曲
stardays,3,,Stardays,72,韩国的虚拟主播事务所
stella_no_mahou,3,Magic of Stella|ステラのまほう|星色的魔法|魔法之星,星之魔法,72,黑羽U的漫画，以同人游戏制作社团为主题，2016 年动画化
supergirl_(2026),3,,女超人（2026）,72,2026 年上映的超级英雄电影，属新 DC 宇宙，主角为女超人
teletubbies,3,Teletubbies,天线宝宝,72,英国BBC制作的幼儿电视节目，以四名天线宝宝为主角
tevi,3,,TEVI,72,CreSpirit开发的2023年蒸汽朋克风动作冒险游戏，主角为少女特维
tokumei_sentai_go-busters,3,特命戰隊Go-Busters,特命战队Go-Busters,72,2012年播出的超级战队系列第36作，以特命战队的谍报任务为主线
toushinden_1,3,,斗神传1,72,1995年作为PS首发阵容发售的《斗神传》系列第一作
toys_drive,3,,Toys Drive,72,Bushiroad与Gloops2014年推出的手机游戏
tsunagaru_connect_(love_live!),3,つながるコネクト,Tsunagaru Connect,72,《Love Live! 虹咲学园学园偶像同好会》中天王寺璃奈演唱的插曲
alice_or_alice,3,,爱丽丝or爱丽丝,71,Korie Riko创作的四格漫画，描写双胞胎姐妹与哥哥的日常
amissio,3,,Amissio,71,日本作品，具体作者与内容不详
bakappuru_supplement,3,,ばかっぷるSupplement,71,以情侣日常为主题的日本游戏作品
betterman,3,Betterman|ベターマン|机甲武士,进化战记,71,日升1999年的机器人动画，与《勇者王》共享世界观
boukyaku_battery,3,oblivion_battery,忘却Battery,71,以高中棒球搭档为主角的漫画
candy_(art_book),3,Candy Art Book,Candy（画集）,71,画集类作品，具体出版信息不详
choujikuu_kidan_southern_cross,3,the_super_dimension_cavalry_southern_cross|超时空骑团|超时空骑团南十字宫|超時空騎団サザンクロス,超时空骑团南十字星,71,1984年播出的《超时空》系列第三部机甲动画
classy_cranberry's,3,,Classy Cranberry's,71,Atelier Kaguya p-ch 的美少女游戏，原画为八宝备仁
comiket_75,3,,Comic Market 75,71,Comic Market 第75届同人志即卖会，2008年12月28-30日举办
command_&_conquer:_red_alert_3,3,command_and_conquer:_red_alert_3,命令与征服：红色警戒3,71,《红色警戒》系列第三作，讲述苏联用时间机器改写历史
daydream_mermaid,3,,Daydream Mermaid,71,《Love Live! 虹咲学园》近江彼方的歌曲，出自剧场版最终章
djmax_technika,3,DJ Max Technika|dj_max_technika|technika,DJMAX Technika,71,DJMAX系列的街机音乐节奏游戏
donkey_kong_country_2,3,森喜刚国度2|超级大金刚2,大金刚国度2,71,1995年推出的超级任天堂横版平台游戏，主角为迪迪刚
eikou_no_guardian_battle,3,,栄光のガーディアンバトル,71,日本出品的电子游戏作品
eris_no_seihai,3,the_holy_grail_of_eris,厄里斯的圣杯,71,鲸川澄创作、ゆうなぎ插画的轻小说，围绕被处刑的千金展开
france_shoujo,3,仏蘭西少女〜Une fille blanche〜|法国少女,法兰西少女,71,PIL 2009年发行的成人游戏，由 Tony 负责插画
gang_road_joker,3,,Gang Road Joker,71,不良道系列的手游作品，以帮派争斗为主题
gekkan_uribou_zakka-ten,3,,月刊うりぼう雑貨店,71,Melonbooks 出版的成人向杂志
google_search,3,,谷歌搜索,71,Google提供的网页检索服务，用于查找互联网上的信息
gundam_seed_c.e._73:_stargazer,3,机动战士高达SEED 观星者|機動戦士ガンダムSEED C.E.73 STARGAZER,机动战士高达SEED C.E.73 观星者,71,《高达SEED》系列的OVA，讲述观星者小队在C.E.73年的故事
hantsu_x_trash,3,,はんつ×トラッシュ,71,水球社团题材的青年漫画，讲述少年与女子水球部的故事
high_school!_kimengumi,3,ハイスクール!奇面組,高校！奇面组,71,新泽基荣的搞笑漫画，以奇面组三人组的校园闹剧为主
hime_to_boin,3,,姫とボイン,71,以公主与丰满身材为题材的日本成人向漫画作品
honey_select,3,,ハニーセレクト,71,日本成人向3D角色定制游戏
i'm_the_grim_reaper,3,,I'm the Grim Reaper,71,GRAVEWEAVER创作的网络漫画作品
ima_kako_mirai_no_sangenshoku,3,,过去现在未来的三原色,71,《Love Live! 莲之空女学院》的歌曲
itsuka_tenma_no_kuro_usagi,3,A Dark Rabbit has Seven Lives|a_dark_rabbit_has_seven_lives|いつか天魔の黒ウサギ,天魔黑兔,71,镜贵也的轻小说，2011年由Zexcs改编为动画
karakuri_circus,3,からくりサーカス|傀儡马戏团,魔偶马戏团,71,藤田和日郎的漫画，讲述操纵傀儡的冒险故事
kekkon_yubiwa_monogatari,3,,结婚戒指物语,71,Maybe 创作的奇幻漫画，讲述少年与异世界公主因婚戒结缘，2024年改编动画
kerberos_saga,3,ケルベロス・サガ|地狱犬传奇,犬狼传说,71,押井守创作的架空历史政治惊悚系列，源自1987年电影《红眼镜》
kouryuu_densetsu_villgust,3,armored_dragon_legend_villgust|kouryu_densetsu_villgust,甲龙传说Villgust,71,仅在日本的SFC平台发售的角色扮演游戏，主角从异世界返回现代日本
last_chronicle,3,ラストクロニクル,Last Chronicle,71,日本的集换式卡牌游戏，具体发行与设定不详
majoca_majoluna,3,,Majoca Majoluna,71,Happy Elements2012年推出、2016年停运的手机游戏
mamotte_shugogetten!,3,,守护月天,71,樱野铃音创作的漫画，1997年起连载
mega_man:_powered_up,3,Mega Man Powered Up|Rockman Rockman|megamanpoweredup|rockman_rockman,洛克人洛克人,71,初代《洛克人》的重制版，2006年登陆PSP
michiko_to_hacchin,3,Michiko & Hatchin|michiko_to_hatchin|米奇与哈金|道子與哈金,道子与哈金,71,2008年播出的公路冒险动画，讲述越狱女囚与少女结伴穿越南美的旅程
mikadono_sanshimai_wa_angai_choroi,3,,帝乃三姐妹意外地好搞定,71,平川彩的恋爱喜剧漫画，讲述与帝乃家三姐妹的同居日常，2025年改编为动画
moonlight_~omoide_no_hajimari~,3,MoonLight 〜おもいでのはじまり〜,MoonLight〜回忆的开始〜,71,以MoonLight〜回忆的开始〜为题的歌曲作品
night_in_the_woods,3,,Night in the Woods,71,以拟人化动物角色为主角的独立冒险游戏，描写少女返乡后的日常与谜团
nijie,3,ニジエ,Nijie,71,日本的成人向插画投稿社交网站，站内以原创插画为主
norn's_dine,3,,Norn's Dine,71,具体出处未确认的作品标签
numan_athletics,3,ニューマンアスレチックス,Numan Athletics,71,南梦宫1993年推出的街机体育动作游戏
person_of_interest,3,,疑犯追踪,71,2011至2016年播出的美国犯罪惊悚剧，围绕人工智能监控展开
persona_trinity_soul,3,PERSONA -trinity soul-|女神异闻录 三位一体之魂,女神异闻录 圣灵之魂,71,女神异闻录系列衍生电视动画，以人格面具使用者为主角
piofiore_no_bansho,3,,ピオフィオーレの晩鐘,71,乙女向恋爱冒险游戏，舞台为1920年代的意大利，主角为莉莉安娜
popolocrois,3,,波波罗克罗伊斯,71,以波波罗克罗伊斯王国为舞台的角色扮演游戏系列，并有动画改编
reijuu_no_acolyte_lufia,3,,Reijuu no Acolyte Lufia,71,itoryo创作的日本同人漫画系列
remote_control_(vocaloid),3,Remote Control|rimocon_(vocaloid)|リモコン,遥控器,71,Jesus-P创作的镜音双子合唱Vocaloid歌曲
shin_megami_tensei:_liberation_dx2,3,,真·女神转生：解放 Dx2,71,真女神转生系列的手机游戏，Dx2意为恶魔下载者
sonic_and_the_secret_rings,3,,索尼克与秘密戒指,71,2007年发售的Wii动作游戏，采用体感操作
sorairo_utility,3,,Sorairo Utility,71,以少女打高尔夫为主题的原创动画与漫画企划
stars_we_chase_(love_live!),3,Stars We Chase（Love Live!）|stars_we_chase,Stars We Chase,71,《Love Live! 虹咲学园》第二季插入曲，由米娅·泰勒演唱
static_(vocaloid),3,,Static,71,FLAVOR FOLEY 创作的英文 Vocaloid 歌曲，初音未来演唱
super_robot_wars_advance,3,スーパーロボット大戦A|超级机器人大战Advance,超级机器人大战A,71,登陆 Game Boy Advance 的《超级机器人大战》系列作品
the_dream_of_the_fisherman's_wife,3,The Dream of the Fisherman's Wife|渔夫的妻子的梦,渔夫之妻的梦,71,葛饰北斋1820年前后创作的浮世绘春画，描绘章鱼与海女
the_grudge,3,,咒怨,71,日本恐怖电影系列，原题《呪怨》，以伽椰子与俊雄为中心
the_mighty_nein,3,,The Mighty Nein,71,《Critical Role》第二季战役的冒险者小队，2025年推出动画改编
ultraman_omega_(series),3,,奥美迦奥特曼,71,《奥特曼》系列第37作，主角为奥美迦奥特曼
unholy_sanctuary,3,UnHolY SaNctuaRy|unholysanctuary|不洁圣地,不洁圣域,71,HataHata制作的《仙境传说》同人成人游戏
vesperbell,3,,VESPERBELL,71,RK Music与REALITY推出的VTuber双人组合
vgaming,3,,VGaming,71,指向不明的标签，缺乏可靠的对应团体资料
world_of_final_fantasy,3,ワールド オブ ファイナルファンタジー|世界最终幻想,最终幻想世界,71,Square Enix推出的Q版《最终幻想》角色扮演游戏
yuusha_party_wo_tsuihou_sareta_beast_tamer_saikyoushu_no_nekomimi_shoujo_to_deau,3,beast_tamer_(series),被勇者队伍开除的驯兽师，邂逅最强猫耳少女,71,深山铃的网络小说，另有漫画与动画改编
13cm,3,,13cm,70,日本同人漫画作品，具体作者与内容不详
aku_no_musume_(series),3,,恶之娘系列,70,悪ノP的歌曲系列，为七大罪系列的核心篇章，又称恶之故事
amd,3,AMD|超微半导体,超威半导体,70,美国半导体公司，总部位于加州，设计处理器与显卡
atelier_elie,3,atelier_elie_alchemist_of_salburg_2|エリーのアトリエ|爱丽的炼金工房,艾莉的炼金工房,70,《炼金工房》系列第二作，萨尔布鲁克三部曲之一
babymetal,3,BABYMETAL（金属乐队）,BABYMETAL,70,日本的金属偶像组合，以偶像与重金属融合的风格闻名
beast_wars_ii,3,超生命体变形金刚 野兽战争II|超能勇士II,野兽战争II,70,日本限定的《野兽战争》续作动画，舞台为人类灭绝后的地球
bishoujo_mangekyou:_wasurenagusa_to_eien_no_shoujo,3,,美少女万华镜：勿忘草与永远的少女,70,《美少女万华镜》系列第二作
blade_runner_(1982_movie),3,,银翼杀手（1982年电影）,70,雷德利·斯科特执导的1982年科幻电影，哈里森·福特主演
btooom!,3,BTOOOM!|btooom,惊爆游戏,70,井上淳哉的求生漫画，2009至2018年连载，2012年改编动画
canvas_sepia_iro_no_motif,3,,Canvas ～セピア色のモチーフ～,70,Canvas系列首作，Cocktail Soft的成人向恋爱游戏
chiba_lotte_marines,3,千叶乐天海洋|千葉ロッテマリーンズ,千叶罗德海洋,70,日本职业棒球太平洋联盟球队，主场位于千叶
code_geachu_lelouch_of_the_calamity,3,Code Geachu|コードギーチュ,Code Geachu 灾厄的鲁路修,70,《叛逆的鲁路修》的恶搞表情包衍生作品
code_of_princess,3,codeofprincess|公主法典,Code of Princess,70,2012年在 3DS 发行的横版动作角色扮演游戏，后移植至 PC
comic_grape,3,,Comic Grape,70,日本漫画杂志相关版权标签
counter-strike,3,CS|Counter-Strike|counterstrike,反恐精英,70,Valve 的多人第一人称射击游戏，源自《半条命》模组，常称 CS1.6
dao_mu_bi_ji,3,,盗墓笔记,70,南派三叔的盗墓题材网络小说，主角为吴邪与张起灵
dirty_pair_flash,3,ダーティペアFLASH|俏皮小拍档FLASH,搞怪拍档FLASH,70,搞怪拍档的OVA重制版，设定与人物形象均有改动
gal_gun,3,,Gal Gun,70,Inti Creates 开发的 Xbox360 第一人称射击游戏，以射穿少女心为玩法
galaga,3,嘎拉嘎,Galaga,70,南梦宫1981年推出的街机固定射击游戏，延续《小蜜蜂》系列
garry's_mod,3,,Garry's Mod,70,Facepunch 基于半条命2开发的沙盒物理游戏，2006年独立发行
genkai_ol-san_wa_akuyaku_reijou-sama_ni_tsukaetai,3,genkai_ol-san_wa_akuyaku_reijoh-sama_ni_tsukaetai,限界OLさんは悪役令嬢さまに仕えたい,70,东云ねこ太郎创作的百合漫画，描绘OL与恶役千金的百合故事
gensou_suikoden_tierkreis,3,,幻想水浒传 Tierkreis,70,幻想水浒传系列外传，舞台与角色独立于正统系列
godzilla_vs._kong,3,godzilla_vs_kong|godzillavskong|ゴジラ vs コング|哥吉拉大战金刚,哥斯拉大战金刚,70,2021年传奇影业怪兽宇宙电影，描绘哥斯拉与金刚的对决
hakaiou:_gaogaigar_vs._betterman,3,覇界王 〜ガオガイガー対ベターマン〜|霸界王,霸界王 勇者王GaoGaiGar vs. Betterman,70,《勇者王》与《Betterman》的小说续篇，2016年起刊行并有漫画版
haruka_ni_aogi_uruwashi_no,3,,遥かに仰ぎ、麗しの,70,Pulltop的成人向游戏，以校园与恋爱为主题
harvest_moon_(vtuber),3,ハーベストムーン,Harvest Moon,70,日本的虚拟主播企划，2021年11月解散，成员转为个人势
help_me_erinnnnnn!!,3,,"Help me, ERINNNNNN!!",70,Cool&Create基于2ch梗创作的歌曲，2004年首次公开
herowarz,3,,HeroWarZ,70,KOG Games运营的韩国网络动作角色扮演游戏
ikkitousen_xtreme_xecutor,3,一骑当千XX,一骑当千 XTREME XECUTOR,70,《一骑当千》动画第四季，2010年播出
in'youchuu,3,,淫妖蟲,70,TinkerBell的成人向游戏，与《花丸》共享世界观
jiangnan_baijingtu,3,One Hundred Scenes of Jiangnan|one_hundred_scenes_of_jiangnan,江南百景图,70,椰岛游戏开发的明代江南题材古风模拟经营手游
jinsei,3,,人生,70,副标题为La Bonne Vie的日本轻小说《人生》
juusha-chan_to_yaya_zannen_na_yuusha_no_hanashi,3,,随从酱与很遗憾的勇者的故事,70,以随从与勇者为主角的日本漫画作品
kawaihara_senpai_wa_kawaii_ga_suki!,3,可愛原先輩はかわいいがすき!,可爱原前辈喜欢可爱的东西！,70,以喜欢可爱事物的可爱原前辈为主角的日本漫画
kikuo,3,,Kikuo,70,日本自由音乐制作人，使用Vocaloid创作，兼作词曲与插画
kimi_no_iru_machi,3,你在的城市|君のいる町,有你的小镇,70,濑尾公治创作的恋爱漫画，讲述桐岛青大与枝叶柚希的远距离恋情
konneko,3,,こんねこ,70,作品或角色标签，具体出处与内容不详
le_petit_prince,3,the_little_prince,小王子,70,法国作家圣埃克苏佩里1943年出版的童话，讲述沙漠中遇见小王子的故事
lucky_dog_1,3,,Lucky Dog 1,70,天真屋的BL游戏，插画由ゆら负责，以黑帮题材与角色群像为特色
mahou_sentai_magiranger,3,,魔法战队魔法连者,70,超级战队系列第29作，2005年播出，美版改编为《魔法战队》
maou-sama_to_kekkonshitai,3,魔王様と結婚したい,想和魔王大人结婚,70,以想和魔王结婚为主题的爱情喜剧漫画
meet_the_team,3,meet_the_demoman|meet_the_engineer|meet_the_heavy|meet_the_medic|meet_the_pyro|meet_the_scout|meet_the_sniper|meet_the_soldier|meet_the_spy|认识团队,Meet the Team,70,Valve为《军团要塞2》制作的系列角色介绍短片
mementomori_(game),3,,Memento Mori,70,日本推出的手机抽卡游戏
my_s-class_hunters,3,the_s-classes_that_i_raised,我的S级猎人,70,2018年起连载的韩国网络小说，2022年改编为网络漫画
nande_koko_ni_sensei_ga!?,3,,为什么老师会在这里！？,70,日本漫画作品，讲述老师在意外场合出现的故事
neon_genesis_evangelion:_iron_maiden,3,,新世纪福音战士 钢铁的女友,70,以EVA为题材的冒险游戏，曾在PS1与世嘉土星等多平台推出
nmixx,3,,NMIXX,70,JYP娱乐旗下厂牌SQU4D推出的韩国女团，以六人体制活动
paranormasight:_the_seven_mysteries_of_honjo,3,,灵异视界,70,以东京本所七不思议传说为题材的恐怖悬疑冒险游戏
pathologic,3,,Pathologic,70,俄罗斯开发的生存恐怖角色扮演游戏，以瘟疫笼罩的草原小镇为舞台
persona_5_tactica,3,,女神异闻录5 战略版,70,女神异闻录5衍生的战棋策略角色扮演游戏
plawres_sanshirou,3,プラレス3四郎,Plawres Sanshirou,70,以塑料模型机器人摔跤为题材的日本动画，1983年播出
rememento:_white_shadow,3,,Rememento: White Shadow,70,韩国手机游戏，具体信息待考
saiko_heart_(love_live!),3,Saiko Heart,サイコーハート,70,《Love Live! 虹咲学园偶像同好会》第一季插曲，由宫下爱演唱
scarlet_nexus,3,,绯红结系,70,万代南梦宫开发的动作角色扮演游戏，以双主角展开
shining_force_i,3,,光明力量,70,光明系列首部战略角色扮演游戏，1992年发售于世嘉MD平台
spec,3,スペック|警视厅公安部公安第五课 未详事件特别对策系事件簿,SPEC,70,2010 年播出的日本刑侦剧，讲述公安部门处理未详事件
symposium_of_post-mysticism,3,,东方求闻口授,70,ZUN编著的东方Project官方设定资料集，多位画师参与插画
the_avengers_(2012),3,,复仇者联盟（2012年版）,70,漫威电影宇宙第六部电影，首部复仇者集结作品，2012年上映
toaru_anbu_no_item,3,A Certain Item of the Dark Side|a_certain_item_of_dark_side|とある暗部のアイテム,某暗部的Item,70,《魔法禁书目录》的外传轻小说，以暗部组织ITEM为主角
tora_da_yo.,3,,とらだよ。,70,资料不详，具体作品与体裁未能确认
towa_tsugai,3,,Towa Tsugai,70,Square Enix开发的手机配对养成RPG，2023年上线、2024年停服
tsumamigui_3,3,,妻みぐい3,70,AliceSoft《妻みぐい》系列第三作成人游戏
vivid_world_(love_live!),3,VIVID_WORLD|vivid_world,VIVID WORLD,70,《Love Live! 虹咲学园学园偶像同好会》第一季插曲，由朝香果林演唱
voy@ger_(idolmaster),3,voy@ger,Voy@ger,70,《偶像大师》系列2021年发布的歌曲及概念影片中的服装
white_breath,3,,White Breath,70,F&C于2004年发售的视觉小说，角色设计为桥本タカシ
2bro.,3,,2bro.,69,日本漫画作品，作者与具体内容不详
8eyes,3,,8eyes,69,yogurt200创作的超现实日常网络漫画
additional_memory_(vocaloid),3,Additional Memory|アディショナルメモリー,追加记忆,69,じん创作的阳炎Project歌曲，由初音未来演唱
agent_mirai,3,エージェントミライ,Agent Mirai,69,日本作品，具体作者与内容不详
akeiro_kaikitan,3,,绯色怪奇谭,69,日本作品，具体作者与设定不详
angel_sanctuary,3,,天使禁猎区,69,由贵香织里1994年起连载的奇幻漫画，后改编为OVA
asatte_no_houkou,3,,后天的方向,69,山田J太的漫画，讲述少女与女性互换身体的奇幻日常
ayakashi,3,,アヤカシ,69,Crossnet的视觉小说，2005年发售，并有2007年的动画改编
beatmania_iidx_22_pendual,3,,beatmania IIDX 22 PENDUAL,69,《beatmania IIDX》系列第22作，2014年登陆街机
boku_to_nurse_no_kenshuu_nisshi,3,,ボクとナースの研修日誌,69,以护士与研修生为题材的作品
bokujou_monogatari:_waku_waku_animal_march,3,harvest_moon:_animal_parade,牧场物语 欢欣雀跃的动物进行曲,69,牧场物语系列作品，以照料动物为主题
chiyu_mahou_no_machigatta_tsukaikata,3,,治癒魔法の間違った使い方,69,以治愈魔法为题材的日文作品
dadadada_tenshi_(nanawo_akari),3,,ダダダダ天使,69,ナナヲアカリ演唱、NayutalieN 制作的歌曲，MV 中有天使酱登场
daidaidaidaidaikirai_(vocaloid),3,,だいだいだいだいだいきらい,69,雨良创作、初音未来与重音テト演唱的 VOCALOID 歌曲
deus_ex,3,Deus Ex|deusex|骇客入侵,杀出重围,69,Eidos发行的赛博朋克动作角色扮演游戏系列，首作2000年
dra+koi,3,ドラ+コイ,DRA+KOI,69,出处与作品类型暂不明，尚无可靠作品信息
frame_arms,3,フレームアームズ,FRAME ARMS,69,寿屋的原创机甲拼装模型系列，以内置统一骨架为特色
futaba-san_chi_no_kyoudai,3,双葉さん家の姉弟,双叶家的姐弟,69,日本漫画，描绘双叶家姐弟的日常喜剧
gundam_g-saviour,3,,高达G救世主,69,2000年加拿大制作的真人电视电影，为UC时间线最远的作品
happy_lesson,3,HAPPY★LESSON|家有MISS,欢乐课程,69,以家庭教师与多名少女同居为题材的游戏及动画作品
harper's_bazaar,3,,时尚芭莎,69,美国的老牌女性时尚杂志，内容涵盖时装与美容
harukanaru_toki_no_naka_de_3,3,Haruka: Beyond the Stream of Time 3|haruka:_beyond_the_stream_of_time_3|遥かなる時空の中で3,遥远时空中3,69,《遥远时空中》系列第三作，舞台为源平合战时期的日本
heisei_gals!!!!_(love_live!),3,,平成ギャルズ!!!!,69,《Love Live! 莲之空女学院学园偶像俱乐部》中るり&と的歌曲
hero-san_to_moto_onna_kanbu-san,3,,英雄小姐与前女干部小姐,69,somechime的百合漫画，讲述女英雄与昔日反派干部的恋爱喜剧
hibikino-san-chi_wa_eroge-ya-san!,3,,響木野さんちはエロゲ屋さん,69,以经营成人游戏的家庭商店为题材的日本作品
hisone_to_masotan,3,Dragon Pilot: Hisone and Masotan|dragon_pilot:_hisone_and_masotan|ひそねとまそたん,飞龙女孩,69,BONES的2018年原创动画，讲述少女与龙飞行员的故事
hoshi_furu_yoru_no_farnese,3,,星降る夜のファルネーゼ,69,标题意为星降之夜的珐露娜泽的日本作品
how_about_paipai_mask?_(houshou_marine),3,,How About Paipai Mask?,69,宝钟玛琳演唱的hololive原创歌曲
isekai_shinige_ojousama,3,異世界死にゲーお嬢様,异世界死亡游戏大小姐,69,以死亡游戏为题材的异世界大小姐漫画作品
joukyou_seikatsuroku_ichijou,3,Ichijou: Life in Tokyo|ichijou:_life_in_tokyo|上京生活録イチジョウ,上京生活录一条,69,《赌博默示录》的外传漫画，福本伸行监修
jucika_(comic),3,,Jucika,69,1957至1970年由Pál Pusztai在匈牙利发表的漫画
kamidori_alchemy_meister,3,,神采炼金名匠,69,Eushully的战术经营与炼金题材成人RPG
kankin_byoutou_~kyonyuu_chijo_nurse_no_nyuuin_kango_kiroku~,3,,监禁病栋～巨乳痴女护士的入院看护记录～,69,DWARFSOFT 2022年的成人视觉小说
kenzen_robo_daimidaler,3,Daimidaler: Prince vs. Penguin Empire|daimidaler:_prince_vs._penguin_empire|健全ロボ ダイミダラー,健全机斗士,69,2014年播出的机器人喜剧动画，以搞笑与擦边要素为特色
kidou_battle_gunvarrel,3,,机动战斗钢巴雷尔,69,《ROBOTICS;NOTES》中登场的架空机器人动画，主角为少女与巨大机器人
kokoro_navi,3,,ココロナビ,69,意为心灵导航的作品或企划标签，具体内容不详
koori_zokusei_danshi_to_cool_na_douryou_joshi,3,the_ice_guy_and_his_cool_female_colleague,冰属性男子与酷酷的女同事,69,殿谷美由记创作的漫画，讲述雪女后裔男子与冷面女同事的办公室恋爱
lady_death,3,,Lady Death,69,美国漫画作品及同名女主人公，以地狱与死亡为主题
last_night_good_night_(vocaloid),3,"LAST NIGHT, GOOD NIGHT","Last Night, Good Night",69,kz（livetune）创作、初音未来演唱的歌曲，插画由redjuice绘制
lost_one_no_goukoku_(vocaloid),3,lost_one's_weeping_(vocaloid),Lost One的号哭,69,Neru创作、镜音铃演唱的Vocaloid歌曲，以愤怒与呐喊的情绪著称
maid_dolce,3,,Maid Dolce,69,由多位成员组成的日本虚拟主播团体
mayonaka_heart_tune,3,tune_in_to_the_midnight_heart,真夜中ハートチューン,69,五十岚正邦创作的恋爱喜剧漫画，2026年播出动画
meitantei_conan_kurogane_no_submarine,3,detective_conan:_black_iron_submarine,名侦探柯南：黑铁的鱼影,69,名侦探柯南系列剧场版动画，副标题为黑铁的鱼影
miss_monochrome,3,Miss Monochrome|ミス・モノクローム,单色小姐,69,Horipro推出的虚拟偶像单色小姐及其动画
monster_world_iv,3,monster_world_4,怪物世界IV,69,世嘉MD平台动作游戏，主角为少女阿莎与蓝色普佩洛古
moon_(game),3,,MOON.,69,Key社1997年推出的视觉小说
moon_girl_and_devil_dinosaur,3,,月亮女孩与恶魔恐龙,69,漫威漫画，讲述九岁天才少女与红色恐龙的故事
mushihimesama_futari,3,,虫姬 双人,69,虫姬的续作弹幕射击游戏
muteki_kanban_musume,3,,无敌看板娘,69,佐渡川准的搞笑漫画，讲述拉面店看板娘，2006年动画化
nayutan_sei_kara_no_buttai,3,Nayutan Sei Kara no Buttai|ナユタン星からの物体X,来自纳由坦星的物体X,69,ナユタン星人的同人音乐专辑系列
neyuki_no_gen'ei,3,,根雪の幻影,69,Silky's Plus于2015年推出的视觉小说，原画由市川小纱负责
okaeri_papa,3,,欢迎回来，爸爸,69,蝉丸创作的漫画，在Champion Cross连载，以父女关系为主题
onanie_master_kurosawa,3,Onani Master Kurosawa|オナニーマスター黒沢,自慰大师黑泽,69,伊瀬勝良原作、横田卓馬作画的漫画，描绘主人公黑泽的校园生活
patapon,3,Patapon,啪嗒砰,69,PSP上的节奏动作游戏系列，玩家以鼓点指令指挥啪嗒砰族
project_qt,3,,Project QT,69,Nutaku平台发行的安卓免费抽卡游戏
reactivate_majestical_imperial,3,,连锁缘无现里 ～ Reactivate majestical imperial,69,《连缘Project》系列第3作，2014年发售的纵版弹幕射击游戏
sagawa_express,3,佐川快递,佐川急便,69,日本大型物流快递公司，与雅玛多运输等并列
sakura_kakumei,3,サクラ革命 〜花咲く乙女たち〜|樱花革命 〜盛开之少女们〜,樱花革命,69,世嘉2020年推出的樱花大战系列手机游戏，2021年停运
salamander_(vocaloid),3,,サラマンダー,69,DECO*27创作的初音未来歌曲，为Project Sekai与日清杯面的合作曲
sonny_boy,3,,漂流少年,69,Madhouse制作的2021年原创动画，描写学生们漂流到异世界
star_ocean_ex,3,スターオーシャンEX,星之海洋EX,69,改编自《星之海洋2》的 2001 年电视动画
strategic_lovers,3,,Strategic Lovers,69,三色网门 2021 年起连载的后宫恋爱漫画，主角为国际象棋天才
street_fighter:_duel,3,,街头霸王：对决,69,《街头霸王》IP 的手机游戏作品
the_caster_chronicles,3,まほエル|魔法少女ザ・デュエル,The Caster Chronicles,69,以魔法少女对决为题材的卡牌游戏作品
the_silence_of_the_lambs,3,,沉默的羔羊,69,1991年上映的悬疑惊悚电影，FBI实习生克拉丽丝向食人魔汉尼拔求助
tonari_no_seki_no_yankee_shimizu-san_ga_kami_wo_kuroku_somete_kita,3,,邻座的不良清水同学把头发染黑了,69,底花创作、はむ插画的校园恋爱喜剧轻小说
transformers:_energon,3,transformers_energon|transformers_superlink,变形金刚：能量晶体,69,宇宙大帝三部曲第二部，以CG动画表现
transformers_(2007_movie),3,,变形金刚（2007电影）,69,迈克尔·贝执导、2007年上映的首部变形金刚真人电影
uta_no_prince-sama_maji_love_2000%,3,uta_no_prince-sama_maji_love_2000_percent,歌之王子殿下 真爱2000%,69,《歌之王子殿下》的电视动画第二季
yukata_to_rape_to_aniki_to_ore_to.,3,,浴衣とレイプとアニキと俺と,69,栗饼千鹤的同人漫画系列
yuke_yuke!!_trouble_makers,3,mischief_makers,ゆけゆけ!!トラブルメーカーズ,69,Treasure开发的Nintendo 64动作解谜游戏，西方名Mischief Makers
zero_project,3,,0 Project,69,由多名虚拟主播组成的日本VTuber团体
zetsuen_no_tempest,3,Blast of Tempest|絶園のテンペスト,绝园的暴风雨,69,城平京原作、彩崎廉作画的漫画，2012年播出动画
101_dalmatians,3,one_hundred_and_one_dalmatians,101忠狗,68,迪士尼1961年动画电影，讲述斑点狗父母营救被拐幼犬的故事
artemis_program,3,artemis_ii,阿尔忒弥斯计划,68,美国NASA主导的载人登月计划，目标重返月球并建立长期驻留
black_desert_online,3,,黑色沙漠,68,韩国的开放世界动作大型多人在线角色扮演游戏
choushinjiku_game_neptune_unlimited,3,,超神次元 海王星,68,《海王星》系列相关作品的版权标签，具体作品不详
deep_rock_galactic,3,DRG|Deep Rock Galactic|deeprockgalactic,深岩银河,68,Ghost Ship Games开发的四人合作挖矿第一人称射击游戏
dot_abyss,3,,Dot Abyss,68,出处与作品类型暂不明，尚无可靠作品信息
dragon_ball_z_kami_to_kami,3,Battle of Gods|ドラゴンボールZ 神と神|七龙珠Z 神与神,龙珠Z 神与神,68,2013年上映的龙珠剧场版，破坏神比鲁斯登场
dream_c_club_gogo.,3,dream_c_club_gogo,梦幻俱乐部Gogo.,68,梦幻俱乐部系列作品，采用全新角色阵容
final_sword,3,,Final Sword,68,日系角色扮演游戏作品
fushigi_mahou_fun_fun_pharmacy,3,,ふしぎ魔法ファンファンファーマシィー,68,1998年播出的魔法少女题材动画，以魔法药店为舞台
gal_dolva!!,3,ギャルドルバ,Gal Dolva!!,68,出处与内容不明的作品条目，资料待考
gekokujou_(vocaloid),3,下剋上,下克上,68,一行P 制作、镜音铃与镜音连演唱的 VOCALOID 歌曲
hakusen_(idolmaster),3,白線,白线,68,《学园偶像大师》中葛城莉莉娅演唱的歌曲
hand_maid_may,3,ハンドメイドメイ|袖珍女仆小梅,袖珍女侍小梅,68,2000年发售的OVA动画，讲述手办大小的女仆机器人小梅的故事
henkei_shoujo,3,,変形少女,68,以身体变形的少女为主题的动画短篇系列
higeki_no_genkyou_tonaru_saikyou_gedou_last_boss_joou_wa_tami_no_tame_ni_tsukushimasu,3,the_most_heretical_last_boss_queen:_from_villainess_to_savior,悲劇の元凶となる最強外道ラスボス女王は民の為に尽くします,68,天壱的轻小说，讲述转生为恶役女王的主角为国民奋斗的奇幻故事
hyrule_warriors:_age_of_imprisonment,3,,塞尔达无双：封印战记,68,塞尔达无双第三作，讲述王国之泪中塞尔达回到过去的故事
inward_(itwasleo),3,,Inward,68,itwasleo创作的抽象人像插画作品
iris_out_(song),3,,IRIS OUT,68,米津玄师演唱的歌曲，为《电锯人 蕾塞篇》主题曲
iwamotochou_geinousha,3,岩本町芸能社,岩本町艺能社,68,经营VR虚拟偶像的日本事务所，旗下有Antama与Enogu
jojo_no_kimyou_na_bouken:_mirai_e_no_isan,3,jojo's_bizarre_adventure:_heritage_for_the_future,JOJO的奇妙冒险 未来遗产,68,Capcom 1999年的街机格斗游戏，改编自第三部星尘斗士
joshi_kousei_no_mudazukai,3,女子高生の無駄づかい|女子高生的无用日常,女高中生的虚度日常,68,ビーノ的漫画，2019年改编为动画，描绘女高中生日常
kamipani!,3,,かみぱに!,68,CLOCKUP的成人游戏，原画为新太郎
kemonomichi,3,Hataage! Kemono Michi|hataage!_kemonomichi|ケモノミチ,旗扬！兽道,68,晓夏目原作、猛的助作画的漫画，职业摔角手转生异世界，2019年动画化
kingdom_come:_deliverance_ii,3,,天国拯救2,68,《天国拯救》的续作，延续中世纪波希米亚的开放世界角色扮演玩法
langrisser_v,3,,梦幻模拟战V,68,《梦幻模拟战》系列第五作，1998年发行于世嘉土星
laugh_diamond,3,,Laugh Diamond,68,出处与类型不详的作品
long_riders!,3,,长骑美眉,68,三宅大志的漫画，讲述少女们骑行折叠车的日常，2016年改编动画
love_live!_school_idol_festival_~after_school_activity~,3,,Love Live! 学园偶像祭 ～after school ACTIVITY～,68,《学园偶像祭》的街机版本
mahou_no_shimai_lulutto_lilly,3,,魔法の姉妹ルルットリリィ,68,Studio Pierrot2026年推出的魔法少女动画，为系列第六作
mahou_shoujo_ikusei_keikaku_aces,3,,魔法少女育成计划 ACES,68,《魔法少女育成计划》系列小说的第五个故事篇章
mousou_zei_(vocaloid),3,Mousouzei,妄想税,68,DECO*27创作、初音未来演唱的Vocaloid歌曲
nkshoujo,3,,NK少女,68,以幻想世界为舞台的虚拟主播企划，成员包括多位VTuber
nuye,3,ヌイエ,Nuye,68,具体出处未确认的作品标签
orange_memories,3,,Orange Memories,68,Purple Software delight的恋爱冒险游戏，插画由七海绫音、zinno与水瀬凛负责
othellonia,3,,Othellonia,68,玩法类似黑白棋的手机游戏
pixiv_shadow,3,,Pixiv Shadow,68,2008年起举办的pixiv企划，与Pixiv Fantasia类似的多次系列活动
project_a.d.a.,3,ADA企划,Project A.D.A.,68,Hushabye在Webtoon连载的漫画企划
qp_shooting,3,QPショーティング,QP Shooting,68,资料不足，无法确认作品类型与出处
quartett!,3,カルテット!,Quartett!,68,Little Witch2004年发行的PC游戏
ragna_crimson,3,Ragna Crimson|ragnacrimson|ラグナクリムゾン,狩龙人拉格纳,68,以猎杀巨龙为题材的黑暗幻想漫画，并有动画改编
rance_01,3,Rance 01: Quest for Hikari|ランス01,兰斯01,68,《兰斯》系列初代的重制版，2013年发售
seikyouiku_series,3,,性教育系列,68,以性教育为题材的日本成人向作品系列
sengoku_hime,3,,战国姬,68,将日本战国武将性别转换的成人向游戏
shiroi_yuki_no_princess_wa_(vocaloid),3,the_snow_white_princess_is_(vocaloid),白い雪のプリンセスは,68,のぼる↑P创作、初音未来演唱的Vocaloid歌曲
sokushi_cheat_ga_saikyou_sugite_isekai_no_yatsura_ga_marude_aite_ni_naranai_n_desu_ga,3,,即死外挂,68,藤孝刚志的轻小说，描写拥有即死能力的高中生，并有动画改编
sweetest_music,3,竹内MARIYA《Sweetest Music》,Sweetest Music,68,竹内玛利亚1980年发行的单曲，包含同名曲与MORNING GLORY
tales_of_the_world_radiant_mythology_3,3,Tales of the World: Radiant Mythology 3|テイルズ オブ ザ ワールド レディアント マイソロジー3|时空幻境 世界传奇 光芒神话3,世界传说 光明神话3,68,PSP平台世界传说第三作，以跨界角色组队冒险为玩法
tatakau_shisho,3,The Book of Bantorra|戦う司書,战斗司书,68,山形石雄的轻小说系列，以司书与能力战斗为题材，并有动画改编
triptych,3,,Triptych,68,ALcot2006年发售的哥特萝莉题材成人恋爱游戏
tsuma_to_mama_to_boin,3,,妻とママとボイン,68,资料不详，具体作品与体裁未能确认
uefa_euros,3,UEFA欧锦赛|uefaeuro|欧洲足球锦标赛,欧洲杯,68,欧足联主办的国家队足球锦标赛，为欧洲最高水平的国家队赛事
ultraman_leo_(series),3,,雷欧奥特曼,68,《奥特曼》系列第7作，主角为雷欧奥特曼，阿斯特拉为副主角
usotsuki_hime_to_moumoku_ouji,3,The Liar Princess and the Blind Prince|the_liar_princess_and_the_blind_prince|嘘つき姫と盲目王子,说谎公主与盲目王子,68,日本一的动作解谜游戏，讲述说谎的公主与看不见的王子
virtual_insanity_(song),3,虚拟的疯狂,Virtual Insanity,68,杰米罗奎尔1996年的歌曲，以房间地板移动的MV闻名
who_made_me_a_princess,3,,某天成为公主,68,韩国的网络漫画，由Spoon作画，改编自Plutos的小说
yong_jie_wujian,3,,永劫无间,68,网易开发的武侠题材动作竞技游戏
yubisaki_kara_no_honki_no_netsujou,3,,从指尖开始的热恋,68,川野タニシ的恋爱漫画，2019年改编为动画
217find!,3,,217find!,67,声优花宫二菜出演的单人音频节目企划
a_summer's_end:_hong_kong_1986,3,,A Summer's End: Hong Kong 1986,67,Oracle and Bone开发的百合视觉小说，舞台为1986年的香港
ai_kotoba_iii_(vocaloid),3,Ai Kotoba III|愛言葉III,爱言叶III,67,DECO*27创作、初音未来演唱的歌曲，爱言叶系列第三作
anitore!_ex,3,あにトレ!EX|动画锻炼!EX,Ani Tore! EX,67,2015年播出的健身题材短篇动画
appleseed,3,APPLESEED|苹果核,苹果核战记,67,士郎正宗的科幻漫画，讲述奥林帕斯城中ESWAT队员的故事
aura_kingdom,3,,幻想神域,67,台湾传奇网络开发的奇幻MMORPG
blot_plot,3,,Blot Plot,67,画师kankan33333创作的原创系列
call_of_duty:_mobile,3,,使命召唤手游,67,使命召唤系列的手机平台射击游戏
cosmic_break_2,3,コズミックブレイク2,Cosmic Break 2,67,《Cosmic Break》的续作，CyberStep 的机甲在线射击游戏
death_battle,3,,Death Battle,67,美国的动画网络系列，比较流行文化角色谁更强
emperors_saga,3,エンサガ|エンペラーズサガ,Emperors Saga,67,日本出品的电子游戏作品
ero_zemi,3,,エロゼミ,67,日本出品的成人向作品
gaiking:_legend_of_daikuu_maryuu,3,,新大空魔龙,67,2005年重制的机器人动画，沿用《大空魔龙》设定但采用全新角色
girls_logic_observatory,3,少女理论観测所,Girls Logic Observatory,67,日本同人社团少女理论观测所及其作品
gundam_suisei_no_majo:_seishun_frontier,3,,水星的魔女 青春前线,67,《水星的魔女》外传漫画，把角色重新设定为近未来日本高中生
hakata_tonkotsu_ramens,3,,博多豚骨拉面,67,日本博多风格的豚骨拉面，以乳白汤头与细面为特色
hitsugi_katsugi_no_kuro,3,Coffin-bearer Kuro|shoulder-a-coffin_kuro|背棺者克罗,棺担ぎのクロ,67,讲述棺担使者库洛旅途的日本漫画
insomniac_workers,3,,Insomniac Workers,67,以Insomniac Workers为名的创作团体
kamisama_minarai:_himitsu_no_cocotama,3,,见习神明 秘密的COCOTAMA（动画）,67,Bandai玩具衍生的OLM动画，讲述见习神明的故事
kateikyoushi_no_onee-san,3,,家教姐姐,67,choco chip插画的成人游戏，改编为两集动画
kekkaishi,3,Kekkaishi|結界師,结界师,67,田边伊卫郎的妖怪战斗漫画，2006年由日升动画化
kou_iu_no_ga_ii,3,就喜欢这样的,こういうのがいい,67,描写成年人之间轻松恋爱关系的日常漫画
kuraku_kuroku_(zutomayo),3,,暗く黒く,67,音乐组合ずっと真夜中でいいのに。的歌曲作品
kyuukyoku_shinka_shita_full_dive_rpg_ga_genjitsu_yori_mo_kusoge_dattara,3,Full Dive|Full Dive：这场终极沉浸式RPG现实比游戏更烂|full_dive|究极进化完全沉浸RPG,如果究极进化的完全沉浸RPG比现实还更像垃圾游戏的话,67,轻小说改编动画，讲述劣质VR游戏里连痛觉都还原的生存冒险
lotte_(company),3,,乐天,67,日韩的食品公司，以糖果、冰淇淋与饼干等产品闻名
megastore_comics,3,,Megastore Comics,67,日本成人向杂志《Megastore》关联的漫画作品
mesu_nie_onna_kyoushi,3,,Mesu Nie Onna Kyoushi,67,成人向的日本作品，具体出处与设定不详
metal_max,3,Metal Max|メタルマックス|金属风暴,重装机兵,67,宫冈宽创作的废土题材角色扮演游戏系列，以战车战斗为特色
mezzo_piano,3,,Mezzo Piano,67,已停产的日本童装品牌，吉祥物为Berrie
nabari_no_ou,3,Nabari no Ou|隠の王|隱之王,隐之王,67,镰谷悠希的忍者题材漫画，讲述少年的隐世之战
omokage_~ecchi_na_happening!?_nandemo_dontokoi!~,3,,Omokage,67,成人向作品，具体出处未确认
oni_chichi,3,,鬼父,67,成人向系列作品，围绕父女关系展开
out_(magazine),3,OUT(杂志)|out|みのり書房,OUT,67,日本已停刊的动画娱乐杂志《月刊OUT》
pathologic_2,3,,Pathologic 2,67,对2005年心理恐怖游戏Pathologic的重制与重构
pico_(newgrounds_series),3,pico's_school|pico_(series),Pico,67,Newgrounds上的网络动画与Flash游戏系列，为网站招牌作品之一
pokemon_ranger:_shadows_of_almia,3,Pokémon Ranger: Shadows of Almia|pokemon_ranger_2|宝可梦护林员 风涌篇|神奇寶貝保育家 風湧篇,宝可梦巡护员 阿尔米亚的阴影,67,宝可梦巡护员系列第二作，舞台为阿尔米亚地区
police_and_lady,3,,Police and Lady,67,osg pk创作的原创百合漫画，讲述警察与女性的故事
radiohead_(band),3,,电台司令,67,英国摇滚乐队，专辑包括《OK Computer》与《Kid A》
saikin_osen_(vocaloid),3,saikin_osen_-_bacterial_contamination_-_(vocaloid),Saikin Osen,67,カニミソP创作的初音未来歌曲
saimoe,3,Saimoe|最萌トーナメント|最萌大赛,萌战,67,日本2ch等论坛每年举办的动画角色人气投票赛事
sand_land,3,,沙漠大冒险,67,鸟山明的漫画，2000年连载，讲述沙漠世界寻找水源的冒险
seikoku_no_dragonar,3,Seikoku no Dragonar|dragonar_academy|星刻の竜騎士|星刻龙骑士,星刻的龙骑士,67,瑞智士记的轻小说，讲述龙骑士学园的故事
sengoku_asuka_zero,3,战国明日香ZERO|战国飞鸟ZERO,戦国アスカZERO,67,GREE运营的战国题材手机社交游戏
senjou_no_fuuga,3,,戦場の風雅,67,以战场为舞台的日本作品系列
shinozaki-san_ki_wo_otashikani,3,Shinozaki-san Ki wo Ota shika ni!|筱崎同学请保持宅心,篠崎さん気をオタしかに!,67,以精英少女与宅文化为主题的校园恋爱喜剧漫画
shota_oni,3,,正太鬼,67,中山みゆき的BL漫画，描写少年与年长青梅竹马之间的情感
someone_hertz,3,,Someone Hertz,67,以Someone Hertz为名的创作条目
start!!_true_dreams_(love_live!),3,Start!! True Dreams|start!!_true_dreams,START!! True dreams,67,《Love Live! Superstar!!》第一季片头曲，由 Liella! 演唱
sucking_up_to_death,3,,Sucking up to Death,67,资料不足，无法确认所指作品与类型
super_robot_wars_og_moon_dwellers,3,Super Robot Wars OG: The Moon Dwellers|スーパーロボット大戦OG ムーン・デュエラーズ|机战OG月之民,超级机器人大战OG 月之住民,67,《机战OG》系列在 PS4 平台的作品，2016 年发售
the_office,3,,办公室（美剧）,67,2005至2013年在NBC播出的美国伪纪录片式情景喜剧，讲述纸业公司职员日常
the_rolling_riceball_(idolmaster),3,Rolling Riceball|the_rolling_riceball,The Rolling Riceball,67,《学园偶像大师》中由花海咲季演唱的歌曲
torinoko_city_(vocaloid),3,Torinoko City|トリノコシティ|被留下的城市,残留城市,67,40mP创作、初音未来演唱的VOCALOID歌曲，日文名トリノコシティ
touhou_m-1_grand_prix,3,Touhou M-1 Grand Prix|东方M-1大奖赛|東方M-1ぐらんぷり,东方M-1漫才大赛,67,东方Project角色表演漫才的动画音声企划
tragic_drops_(love_live!),3,tragic_drops,Tragic Drops,67,《Love Live! 莲之空女学院学园偶像俱乐部》中DOLLCHESTRA的歌曲
transformers:_war_for_cybertron,3,,变形金刚：塞伯坦之战,67,High Moon Studios开发的2010年第三人称射击游戏
x-men_evolution,3,,X战警：进化,67,以少年时期的X战警为主角的美国动画系列
yoidore_shirazu_(vocaloid),3,,酔いどれ知らず,67,Kanaria创作、GUMI演唱的Vocaloid歌曲
yuugai_choujuu,3,,有害鸟兽,67,Toy(e)的原创怪兽插画系列，并有印刷版画集
zytokine,3,cytokine,Zytokine,67,隣人主导的同人音乐社团，以东方Project乐曲的电子与摇滚改编为主
amairo_chocolata,3,,Amairo Chocolata,66,日本成人向恋爱冒险游戏，具体信息不详
aozora_stripe,3,,Aozora Stripe,66,日本的创作作品，具体内容与出处不详
archie_(comic),3,,Archie,66,美国阿奇漫画公司以阿奇·安德鲁斯为主角的漫画系列
ariel_(novel),3,,エリアル,66,笹本祐一的科幻小说系列，全20卷，并有OVA与漫画改编
asu_no_yoichi,3,,Asu no Yoichi,66,源悠创作的恋爱喜剧漫画
blade_&_bastard,3,,Blade & Bastard,66,蝸牛くも原作、so-bin插画的黑暗奇幻轻小说，改编自Wizardry系列
chiisana_mori_no_ookami-chan,3,,小さな森のオオカミちゃん,66,具体题材与出处均不详的作品
contra,3,Contra|コントラ|魂斗羅,魂斗罗,66,Konami 的经典横版跑射游戏系列
cynthia_the_mission,3,シンシア・ザ・ミッション,CYNTHIA THE MISSION,66,高远垒的格斗漫画，主角为身材矮小的杀手辛西娅
danshi_koukousei_ga_mahou_shoujo_ni_naru_hanashi,3,男子高校生が魔法少女になる話|男高中生成为魔法少女的故事,男子高中生变成魔法少女的故事,66,讲述男高中生变身为魔法少女的漫画作品
dragon_crisis!,3,Dragon Crisis!|ドラゴンクライシス!|龍之界點,龙之界点,66,城崎火也创作、亚樱插画的轻小说，2011年由Studio DEEN改编动画
dragon_quest_heroes,3,Dragon Quest Heroes|ドラゴンクエストヒーローズ|勇者斗恶龙 英雄集结,勇者斗恶龙 英雄,66,结合勇者斗恶龙角色与无双玩法的动作角色扮演游戏
dragon_quest_rivals,3,,勇者斗恶龙 对手,66,勇者斗恶龙题材的手机集换式卡牌游戏，2021年停服
falslander,3,,Falslander,66,画师neco的插画系列，描绘穿未来化历史战斗装备的少女
for_honor,3,,For Honor,66,育碧2017年推出的多人对战游戏，骑士、维京与武士三方争夺希斯莫尔地区
galleria_no_chika_meikyuu_to_majo_no_ryodan,3,labyrinth_of_galleria:_the_moon_society,ガレリアの地下迷宮と魔女ノ旅団,66,日本一软件2020年的回合制地下城 RPG，英文名 Labyrinth of Galleria
girl_friends_(manga),3,GIRLFRIENDS|Girl Friends|女朋友,女友,66,森永みるく创作的百合漫画，描绘少女之间的恋爱
girls_revolution_project,3,,Girls Revolution Project,66,KAMITSUBAKI STUDIO 与 FUKAIKA 主导的企划，由 PALOW 负责角色设计
graduation_(series),3,,卒业系列,66,以毕业为主题的恋爱模拟游戏系列，含多部正传与外传作品
hirotta_nazo_seibutsu_no_kansatsu_nikki,3,,拾った謎生物の観察日記,66,标题意为捡到的神秘生物观察日记的日本作品
how_to_train_your_dragon_1,3,,驯龙高手（初代）,66,梦工厂2010年的3D动画电影，系列首作
ikari_warriors,3,,Ikari Warriors,66,SNK于1986年推出的街机动作射击游戏
jinx_(manhwa),3,,Jinx,66,韩国成人向BL漫画作品《Jinx》
jump_king,3,Jump King|jumpking|跳王|跳跃王,跳跃之王,66,Nexile 2019年推出的高难度跳跃独立游戏
kazoku_game,3,,家族游戏,66,铃白せり在《电击4格》连载的漫画
ketsui_no_hikari,3,Ketsui no Hikari|ketsuinohikari,决意之光,66,《Love Live! 虹咲学园学园偶像同好会》中三船栞子的角色曲，并有对应服装
labyrinth_of_touhou_tri,3,touhou_no_meikyuu_tri,东方迷宫3,66,《东方迷宫》系列第三作，地牢探索类同人游戏，副题梦见少女与神秘宝珠
last_episode_(fate),3,last_episode,Last Episode,66,《Fate/stay night》的追加结局，讲述士郎与Saber在阿瓦隆重逢
lower_(vocaloid),3,Lower(ぬゆり)|ラウアー,lower,66,ぬゆり创作、flower演唱的Vocaloid歌曲，为《世界计划》活动而作
m3gan,3,,梅根,66,2022年美国科幻恐怖电影，讲述机器人玩偶梅根与女孩凯迪的故事
maha5,3,,MAHA5,66,印度尼西亚的虚拟主播团体，隶属Rentracks Indonesia
mahou_tsukai_no_hako,3,Magician's Box|magician's_box_(type-moon)|魔法师的盒子,魔法使いの箱,66,TYPE-MOON以吉祥物日比乃响与桂木千键为主角的系列作品，也是其手机网站名
meitantei_holmes,3,,名侦探福尔摩斯,66,以福尔摩斯为原型的意日合拍动画，西方名为Sherlock Hound
monster_high_(g3),3,,怪兽高中（第三代）,66,怪兽高中玩偶品牌的第三代系列，2022年起推出
nikki_up2u,3,,暖暖的换装物语,66,暖暖系列首作，以服装搭配推进故事的手机游戏
no_home_(manhwa),3,,No Home,66,韩国网络漫画作品，具体内容与出处未确认
office_workers_(blushyspicy),3,,Office Workers,66,画师blushyspicy的原创系列，描绘公司职员们的日常
orc_massage,3,,Orc Massage,66,在Steam开启抢先体验的成人向模拟游戏
pili_budaixi,3,,霹雳布袋戏,66,台湾自1984年起播出的布袋戏系列，以武侠与特效演出为特色
power_rangers_(boom!_studios),3,mighty_morphin_power_rangers_(boom!_studios)|power_rangers_prime|power_rangers_shattered_grid,超凡战队（Boom!漫画）,66,Boom! Studios出版的超凡战队漫画系列
psyren,3,,PSYREN,66,岩代俊明的周刊少年Jump漫画，以超能力与未来世界为题材
puni_puni_handmaid,3,,Puni Puni Handmaid,66,资料不足，无法确认作品类型与出处
sasaki_to_miyano,3,,佐佐木与宫野,66,以佐佐木与宫野两名高中生为主角的日本BL漫画
secret_agent_~kishi_gakuen_no_shinobi_naru_mono~,3,,Secret Agent ~Kishi Gakuen no Shinobi Naru Mono~,66,以骑士学园中的忍者特工为主题的日本作品系列
shinigami_no_ballad,3,Ballad of a Shinigami|ballad_of_a_shinigami|しにがみのバラッド|死神抒情诗,死神的歌谣,66,长谷川启介的轻小说，描写死神少女的故事，并有动画等改编
shoujo_no_nozomanu_eiyuutan,3,,少女の望まぬ英雄譚,66,百合题材的日本网络小说作品
suica,3,Suica|Suicaのペンギン|Suica企鹅,西瓜卡,66,JR 东日本发行的交通 IC 卡及其企鹅吉祥物
super_robot_wars_destiny,3,Super Robot Wars Destiny|スーパーロボット大戦デスティニー,超级机器人大战D,66,《超级机器人大战》系列作品，具体所指尚待确认
the_last_story,3,,最后的故事,66,坂口博信领军的Mistwalker开发、2011年登陆Wii的动作角色扮演游戏
toaru_kagaku_no_dark_matter,3,A Certain Scientific Dark Matter|to_aru_kagaku_no_dark_matter|とある科学の未元物質|某科学的暗物质|某科学的黑暗物质,某科学的未元物质,66,《魔法禁书目录》外传漫画，以垣根帝督的过去为主线
top_gear,3,,最高档,66,BBC制作的英国汽车节目，以试驾、挑战与主持人互动为特色
top_gun:_maverick,3,Top Gun: Maverick|topgunmaverick|壮志凌云：独行侠|壯志凌雲：獨行俠|捍卫战士：独行侠,壮志凌云2 独行侠,66,2022年上映的《壮志凌云》续集，汤姆·克鲁斯回归主演
tottemo!_luckyman,3,,幸运超人,66,蒲生洋创作的搞笑漫画及动画，主角是运气极佳的幸运超人
tsuki_tsuki!,3,,つきツキ!,66,后藤祐迅创作、梱枝りこ插画的恋爱喜剧轻小说
uruwashi_no_yoi_no_tsuki,3,,美丽的宵之月,66,以少女的恋爱与成长为主题的少女漫画作品
vlad_grimms,3,,Vlad Grimms,66,指向不明的标签，缺乏可靠的对应作品资料
x-com,3,,XCOM,66,以外星人入侵为背景的策略游戏系列，玩家指挥XCOM组织
yancha_gal_no_anjou-san,3,The Mischievous Gal Anjou-san|the_mischievous_gal_anjou-san|ヤンチャギャルの安城さん|頑皮辣妹安城同學,顽皮辣妹安城同学,66,以辣妹同学捉弄书呆子男生为卖点的校园恋爱漫画
angel_notes,3,,Angel Notes,65,Type-Moon的早期作品，舞台为人类濒临灭绝的遥远未来
atelier_iris,3,Atelier Iris|イリスのアトリエ|伊莉丝的工作室,伊莉丝的炼金工房,65,GUST炼金工房系列的PS2作品
battle_spirits:_shounen_gekiha_dan,3,Battle Spirits: Shounen Gekiha Dan|バトルスピリッツ 少年激覇ダン|勇者之魂 少年激霸弹,战斗之魂 少年激霸弹,65,《战斗之魂》系列第二部电视动画，2009年播出
choujigen_taisen_neptune_vs_sega_hard_girls,3,Superdimension Neptune vs Sega Hard Girls|superdimension_neptune_vs_sega_hard_girls|超次元大戦 ネプテューヌ VS セガ・ハードガールズ|超次元大戰 涅普頓VS世嘉硬體少女,超次元大战 海王星VS世嘉硬件女孩,65,2015年 PS Vita 的《海王星》外传，与世嘉硬件女孩共演的跨界游戏
colorfulness_(love_live!),3,colorfulness,Colorfulness,65,《Love Live! 莲之空女学院学园偶像俱乐部》的歌曲，2024年2月演出
comic_yuri_hime,3,,百合姬,65,一迅社2005年创刊的百合漫画杂志
cracklecradle,3,,Crackle Cradle,65,Sakifox 制作的横版动作同人游戏，以残酷的死亡演出闻名
dekitate_evo!_revo!_generation!_(idolmaster),3,Evo!Revo!Generation!|刚出炉的Evo!Revo!Generation!,できたてEvo!Revo!Generation!,65,《偶像大师 灰姑娘女孩》中岛村卯月、本田未央、涩谷凛演唱的歌曲
doctor_strange_in_the_multiverse_of_madness,3,,奇异博士2：疯狂多元宇宙,65,漫威电影宇宙第28部电影，山姆·雷米执导的2022年作品
dragon_tactics,3,,Dragon Tactics,65,所指作品不详，尚无可靠资料
emotion_(love_live!),3,emotion,Emotion,65,《Love Live! 虹咲学园学园偶像同好会》第二季中三船栞子演唱的插曲
fancy_dress_party_(idolmaster),3,,Fancy Dress Party,65,《学园偶像大师》的歌曲及服装，组合版由月村手毬等演唱
final_fight_2,3,,快打旋风2,65,《快打旋风》系列第二作
flying_red_barrel,3,フライング レッド バレル,Flying Red Barrel,65,同人制作的弹幕射击游戏，原作名为空飛ぶ赤いワイン樽
gachimuchi_de_dosukebe_na_kateikyoushi_no_oniisan_to_sugosu_natsu,3,,Gachimuchi de Dosukebe na Kateikyoushi no Oniisan to Sugosu Natsu,65,SKSKdan 开发的熊系BL视觉小说，由 Wasp 负责插画，主角为复读生
jungle_de_ikou,3,Jungle de Ikou!|去丛林吧,丛林DE去吧,65,1997年森山雄治创作的3集OVA
kaiserreich,3,,Kaiserreich,65,《钢铁雄心》系列的架空历史mod，设定为同盟国赢得一战
karumaruka_circle,3,,カルマルカ*サークル,65,Saga Planets的成人游戏
katahane,3,,片羽,65,Tarte的百合视觉小说《片羽》
kde,3,,KDE,65,开发自由开源软件的国际社区，代表作为KDE Plasma
kocchi_muite_baby_(vocaloid),3,"Look This Way, Baby|look_this_way_baby_(vocaloid)|こっち向いてBaby|看向这边Baby",看向这边Baby,65,ryo（supercell）创作、初音未来演唱的Vocaloid歌曲，收录于Project DIVA
kono_shima_ni_wa_midara_de_jaaku_na_mono_ga_sumu,3,,这座岛上栖息着淫乱邪恶之物,65,以离岛为舞台的成人向恐怖作品，具体形式不详
league_of_angels,3,,League of Angels,65,游族网络2013年发行的网页与手机MMORPG，曾译成多国语言运营
litchi_hikari_club,3,lychee_light_club,荔枝光俱乐部,65,古屋兔丸的漫画，改编自同名舞台剧，讲述少年们的残酷故事，并有动画
magna_carta_crimson_stigmata,3,,Magna Carta: Crimson Stigmata,65,《真名法典》系列第二作，2004年发售的角色扮演游戏
mario_golf:_super_rush,3,,马力欧高尔夫 超级冲冲冲,65,系列第六作，2021年6月登陆Nintendo Switch
mobius_final_fantasy,3,Mobius Final Fantasy|メビウス ファイナルファンタジー|最终幻想 莫比乌斯,莫比乌斯 最终幻想,65,史克威尔艾尼克斯的手机角色扮演游戏，已停止运营
monster_maker,3,,モンスターメーカー,65,1988年起在日本推出的卡牌游戏系列，含桌上与电子游戏
monsters_university,3,,怪兽大学,65,怪兽电力公司的前传电影，讲述麦克与苏利文的大学生活
my-otome_s.ifr,3,My-Otome S.ifr|舞-乙HiME 0 シフル|舞-乙女 S.ifr,舞-乙HiME S.ifr,65,舞-乙HiME的前传OVA
natsu_koi_high_pressure,3,,夏恋High Pressure,65,标题为夏恋High Pressure的恋爱题材作品
nyanyanyanyanyanyanya!_(vocaloid),3,,ニャニャニャニャニャニャニャ!,65,daniwell-P创作的初音未来歌曲，后衍生出著名的Nyan Cat
oniichan_continue!,3,,おにいちゃんコンティニュー!,65,以兄妹关系为题材的成人向作品
pokedan_icma,3,,Pokedan Icma,65,由Makoto Ikemu创作的宝可梦不可思议迷宫同人漫画系列
popeye_(series),3,,大力水手,65,美国经典漫画与动画系列，主角为吃菠菜变强的波派
red_dead_redemption,3,,荒野大镖客：救赎,65,Rockstar2010年推出的西部开放世界动作游戏，主角为约翰·马斯顿
regretevator,3,,Regretevator,65,Roblox平台的多人在线电梯模拟游戏，NPC可加入电梯互动
resident_evil:_death_island,3,,生化危机：死亡岛,65,《生化危机》系列的CG动画电影，2023年上映
resident_evil_veronica,3,,生化危机：维罗妮卡,65,2027年发售的《代号维罗妮卡》重制作品
rpg_gakuen,3,,RPG学园,65,以角色扮演游戏学园为题材的日本作品系列
shichinin_no_online_gamers,3,Seven Online Gamers|七人のオンラインゲーマーズ,七人的在线游戏玩家,65,以VRMMO为题材的日本轻小说，描写七名玩家的线上冒险
sixiwanzi,3,,四喜丸子,65,以四喜丸子为名的创作条目
super_robot_wars_original_generation_gaiden,3,Super Robot Wars OG Gaiden|スーパーロボット大戦OG外伝,超级机器人大战OG外传,65,《机战OG》系列在 PS2 平台的外传作品
the_legend_of_zelda_(cd-i),3,,塞尔达传说（CD-i）,65,飞利浦CD-i平台上的三款塞尔达游戏，均被视为非正史作品
the_sealed_esoteric_history,3,,秘封活动记录,65,中国社团京都幻想剧团制作的东方Project同人动画企划
tower_defense_simulator,3,,Tower Defense Simulator,65,Roblox平台上的多人合作塔防游戏
uchi_no_shisho_wa_shippo_ga_nai,3,my_master_has_no_tail,我家的师傅没有尾巴,65,タンスケ的漫画，在《Good! Afternoon》连载，曾入围2020年下一部漫画大奖
unbalance_unbalance,3,UNBALANCE UNBALANCE|失衡×失衡,Unbalance×2,65,林达永原作、李秀显作画的韩国漫画
uwabami_breakers,3,Uwabami Breakers|巨蛇破坏者,黄昏酒场,65,呑んべぇ会制作的免费弹幕射击同人游戏，ZUN参与其中
valhalla_valkyries,3,,Valhalla Valkyries,65,指向不明的标签，缺乏可靠的对应团体资料
xross_stars,3,,Xross Stars,65,集结多位虚拟主播的跨界集换式卡牌游戏
yoroiden_samurai_troopers,3,,魔神坛斗士,65,矢立肇原作的日本漫画及动画，讲述五位铠甲武士的战斗
yozakura-san_chi_no_daisakusen,3,mission:_yozakura_family,夜樱家的大作战,65,权平未的漫画，连载于周刊少年Jump，讲述夜樱家族的间谍故事
akihabara_beer_fair,3,,秋叶原啤酒节,64,在秋叶原举办的啤酒主题节庆活动
ananta,3,,Ananta,64,Naked Rain与网易开发的开放世界游戏，前身为Project Mugen
arasa_ol_haman-sama,3,Around-thirty OL Haman-sama|アラサーOLハーマン様|临近30岁的OL哈曼,奔三OL哈曼大人,64,以《高达》哈曼·坎为主角的职场搞笑漫画
asura_fantasy_online,3,,Asura Fantasy Online,64,以东方幻想世界为舞台的网络角色扮演游戏
ataman_ita_(synthesizer_v),3,,Ataman Ita,64,Eipu创作的Synthesizer V歌曲，由重音テト演唱
awakening_promise_(love_live!),3,awakening_promise,Awakening Promise,64,《Love Live! 虹咲学园学园偶像同好会》的插曲，由上原步梦演唱
bakumatsu_rouman_dainimaku,3,The Last Blade 2|last_blade_2|the_last_blade_2|幕末浪漫 月華の剣士 第二幕|幕末浪漫第二幕,月华剑士2,64,《月华剑士》的续作，SNK的幕末剑戟格斗游戏
balatro,3,,小丑牌,64,2024年推出的扑克题材独立游戏，以构筑牌组得分为核心
battle_spirits:_burning_soul,3,Battle Spirits: Burning Soul|バトルスピリッツ 烈火ソウル,战斗之魂 烈火魂,64,《战斗之魂》系列第七部电视动画，2015年播出
bishoujo_mangekyou:_tsumi_to_batsu_no_shoujo,3,美少女万華鏡 -罪と罰の少女-|美少女萬華鏡－罪與罰的少女,美少女万华镜 罪与罚的少女,64,《美少女万华镜》系列第四作
boku_to_kanojo_no_onani_life,3,,ボクと彼女のオナニーライフ,64,minamon负责插画的成人向ASMR系列
castlevania:_legacy_of_darkness,3,Castlevania 64: Legacy of Darkness|castlevania64|恶魔城64|悪魔城ドラキュラ黙示録外伝,恶魔城 默示录外传,64,N64恶魔城的加强版，追加科内尔等角色
demonion_ii:_maou_to_sannin_no_joou,3,,デモニオンII 魔王と三人の女王,64,Astronauts/Sirius 2014年推出的成人游戏，Demonion的续作
di_gi_charat_(1999),3,,Di Gi Charat（1999）,64,1999年播出的Di Gi Charat初代动画及特别篇
double_teacher_life,3,,Double Teacher Life,64,Alicesoft出品的成人美少女游戏
freely_tomorrow_(vocaloid),3,Mitchie M's Freely Tomorrow|freely_tomorrow|自由の明日,Freely Tomorrow,64,Mitchie M 制作、初音未来演唱的 VOCALOID 歌曲
fujiya,3,,不二家,64,日本糖果糕点公司，以吉祥物 Peko 酱与 Poko 酱及牛奶糖闻名
futari_ecchi,3,ふたりエッチ|两人性爱|夫妻成長日記,夫妻成长日记,64,克·亚树创作的成人恋爱喜剧漫画，围绕新婚夫妻的性生活展开
galholic,3,,GALHolic,64,日本的成人向内容社团或媒体，具体信息待考
gleipnir_(series),3,,格莱普尼尔,64,武田すん的漫画，描绘少年少女与怪物战斗，改编动画
hanidebi!_honey_&_devil,3,,はにデビ！Honey & Devil,64,Eufonie的成人向视觉小说
hentai_prison,3,,变态监狱,64,Qruppo于2022年推出的成人向视觉小说，与《拔作岛》共用世界观
hibikase_(vocaloid),3,,ヒビカセ,64,Giga-P创作、初音未来演唱的VOCALOID歌曲
imouto_no_okage_de_mote_sugite_yabai,3,,多亏了妹妹我太受欢迎了,64,日本成人向恋爱游戏，讲述因妹妹而受欢迎的日常
juuni_senshi_bakuretsu_eto_ranger,3,,十二战士爆炸干支连者,64,1994年由Shaft制作的动画
juuoumujin_no_fafnir,3,,Juuoumujin no Fafnir,64,以法夫纳为题材的日本漫画作品，相关信息较少
kabushikigaisha_magi-lumiere,3,,株式会社Magi-Lumiere,64,以魔法少女职业化为设定的魔法少女题材作品
karasu_wa_aruji_wo_erabanai,3,,乌鸦不择主,64,以乌鸦与主君为题的日本奇幻作品
kellogg's,3,,家乐氏,64,美国食品公司，以玉米片、Frosted Flakes 等早餐麦片闻名，现已拆分
kemono_friends_opening_day,3,けものフレンズ オープニングデイ,Kemono Friends: Opening Day,64,兽娘动物园的同人视觉小说作品
kuuchuu_buranko,3,Trapeze|空中ブランコ,空中秋千,64,奥田英朗的短篇小说集，改编为动画与真人剧，以精神科医生伊良部为主角
labyrinth_of_touhou_2,3,touhou_no_meikyuu_2,东方迷宫2,64,《东方迷宫》系列第二作，全称东方迷宫2～幻想乡与天穿树～
maebashi_witches,3,,前桥魔女,64,Sunrise制作的原创魔法少女题材电视动画
maimaimaigoen,3,,Maimaimaigoen,64,三丽鸥推出的新系列企划，有漫画与游戏版本
mamamoo,3,,MAMAMOO,64,韩国的四人女子音乐组合
mega_man_10,3,rockman_10,洛克人10,64,原祖洛克人系列第十作，登陆Wii等平台
million_chain,3,,百万锁链,64,CyberAgent开发的安卓平台益智动作角色扮演游戏
muteki_koujin_daitarn_3,3,Daitarn 3|无敌超人泰坦3|無敵鋼人ダイターン3,无敌钢人泰坦3,64,富野由悠季与日升制作的1978年超级机器人动画
nanawind,3,,ナナウィンド,64,以Nanawind为名的日本游戏品牌
natsu_no_arashi!,3,,夏之岚!,64,小林尽的漫画，讲述能与幽灵相会的少女，2009年由SHAFT动画化
nct_(band),3,,NCT,64,韩国男子偶像团体，以多名成员分队活动
nega0,3,,Nega0,64,以Nega0为名的创作作品
nudist_beach_ni_shuugakuryokou_de!!,3,ヌーディストビーチに修学旅行で!!|到天体沙滩修学旅行!!,去天体海滩修学旅行!!,64,師走の翁的成人向漫画，以修学旅行误入天体海滩为题材
onegai_aipri,3,,拜托了偶像公主,64,《秘密的偶像公主》的续作动画，以另一组偶像为主角
oumagadoki_doubutsuen,3,Oumagadoki Doubutsuen|逢魔ヶ刻動物園|逢魔之刻动物园,逢魔之时动物园,64,堀越耕平的奇幻漫画，2010年起在周刊少年Jump连载，为其早期作品
pash_(magazine),3,,PASH!,64,日本发行的动画与声优资讯杂志，内容主要面向女性读者
phighting!,3,,PHIGHTING!,64,Roblox上的多人格斗游戏，角色设计基于经典Roblox道具
pokemon_ranger:_guardian_signs,3,pokemon_ranger_3,宝可梦巡护员 光的轨迹,64,宝可梦巡护员系列第三作，玩家借宝可梦的力量解决事件
pokemon_the_movie_2000:_the_power_of_one,3,pokemon_m02,宝可梦剧场版2000 洛奇亚爆诞,64,宝可梦系列第2部剧场版，以洛奇亚与三神鸟的冲突为主线
purenista,3,,Purenista,64,cocone v2020年推出的换装服务，2022年推出国际版Purenista M
raideen_(series),3,Brave Raideen|勇者ライディーン|勇者雷登,勇者莱汀,64,超级机器人动画系列，首作《勇者莱汀》1975年播出
risk_hunters,3,,Risk Hunters,64,TheTenk创作的原创角色企划，以pixiv漫画形式发表
saint_estera_gakuin_no_shichinin_no_majo,3,,圣艾丝黛拉学园的七魔女,64,以学园中的七名魔女为题材的日本作品系列
sei_ni_utokatta_watashi_wa_kurasu_no_danshi_to_ooo_shite_shimaimashita,3,,Sei ni Utokatta Watashi wa Kurasu no Danshi to OOO Shite Shimaimashita,64,以班级男生为对象的日本成人向漫画作品
seikaisuru_kado,3,,正解的卡多,64,2017年由东映制作的原创动画，讲述异方存在降临的故事
sengoku_gensoukyoku,3,,戦国幻想曲,64,以战国时代为舞台的日本作品系列
shinki_kakusei_melty_maiden,3,,神姬觉醒 Melty Maiden,64,在日本iOS平台运营的卡牌游戏，题材为神姬与少女角色
soap_school,3,,Soap School,64,以肥皂学校为名的创作条目
super_robot_wars_t,3,Super Robot Wars T|スーパーロボット大戦T|机战T,超级机器人大战T,64,2019 年登陆 PS4 与 Switch 的《机战》系列作品
taiyou_de_are!,3,,太陽であれ！,64,Love Live!莲之空女学院学园偶像俱乐部的歌曲，由DOLLCHESTRA演唱
thousand_memories,3,,Thousand Memories,64,资料不详，具体作品与体裁未能确认
toushin_toshi_ii,3,,斗神都市2,64,1994年发售于PC-98的《斗神都市》系列第二作
tsukimi_shokudouki,3,Tsukimi Shokudouki|月见食堂记,月見食堂記,64,ゆきなぎ创作的网络漫画，日文名月見食堂記
water_blue_new_world,3,,Water Blue New World,64,出处不明的歌曲类标签
yamato_transport,3,Yamato Transport|ヤマト運輸|黑猫宅急便,大和运输,64,日本大型宅配快递公司，以黑猫标志被称为黑猫宅急便
yume_no_crayon_oukoku,3,,梦之蜡笔王国,64,东映制作的1997年动画系列
yumyverse,3,,Yumyverse,64,画师Yumykon创作的原创角色世界观
anilive,3,,AniLive,63,面向虚拟主播的垂直直播平台，由前Prism Project负责人创立
apricot_(vocaloid),3,アプリコット,Apricot,63,iyowa创作的VOCALOID歌曲，由初音未来演唱
asus,3,,华硕,63,台湾的电脑硬件厂商，生产主板、显卡与笔记本等产品
baka_janai_noni_(zutomayo),3,,ばかじゃないのに,63,ずっと真夜中でいいのに。的歌曲，音乐视频由myon制作
busou_kanojo,3,Busou Kanojo|武装女友,武装彼女,63,2020年解散的虚拟主播团体，成员后来各自独立
campione!,3,,弑神者!,63,丈月城创作的轻小说，2012年改编为动画
cannonball_~neko_neko_machine_mou-race!~,3,,CANNONBALL ～ねこねこマシン猛レース！～,63,Liarsoft的成人向游戏，以宇宙竞速与猫娘为题材
countryball,3,,国家球,63,以国旗图案球体代表国家的网络漫画与迷因系列
electric_hearts,3,,Electric Hearts,63,Tyson Tan创作的科幻企划，主角是首个拥有真正人工智能的机器人
gangnam_style,3,,Gangnam Style,63,PSY 演唱的韩国流行歌曲及其骑马舞，2012年风靡全球
gear_fighter_dendoh,3,gear_senshi_dendou,GEAR战士 电童,63,2000年播出的 Sunrise 机器人动画，描绘少年与机械生命体的战斗
gregory_horror_show,3,,Gregory Horror Show,63,Naomi Iwata创作的CGI动画，以奇异酒店与老鼠老板为主角
grimms_notes_the_animation,3,,格林笔记 动画版,63,《格林笔记》改编的电视动画，讲述主角一行修正童话世界
hajimete_no_oisha-san,3,,はじめてのおいしゃさん,63,Studio Ring的萝莉向成人游戏系列第二作，以双胞胎为主角
halo_3,3,,光环3,63,《光环》系列第三作，2007年发售的第一人称射击游戏
handymonsters,3,,Hanmon,63,inopoke于2009年在Pixiv发起的原创企划，把家电拟人化为兽形角色
hedon_bloodrite,3,,Hedon Bloodrite,63,基于GZDoom引擎的独立第一人称射击游戏，融合探索与解谜
hitomi-chan_wa_hitomishiri,3,hitomi-chan_is_shy_with_strangers,瞳酱认生,63,讲述怕生少女瞳酱日常的日本漫画
hitozuma_kyoushi_ga_oshiego_no_joshikousei_ni_dohamari_suru_hanashi,3,,人妻教师痴迷学生女高中生的故事,63,入间人间的轻小说系列，讲述人妻教师与学生的纠葛
i_can't_wait_(synthesizer_v),3,,I Can't Wait,63,d0tc0mmie创作、GUMI演唱的Synthesizer V歌曲
idolmaster_mobile,3,,偶像大师 Mobile,63,2009年面向日本功能机推出的偶像大师游戏
imitation_black_(vocaloid),3,imitationblack|イミテーションブラック|模仿黑,Imitation Black,63,ナタP创作、神威乐步与镜音连等演唱的VOCALOID歌曲
japan_commercial_broadcasters_association,3,Japan Commercial Broadcasters Association|日本民間放送連盟|民放连,日本民间放送联盟,63,日本民营电视台组成的行业团体，简称民放连
kakushigoto,3,Kakushigoto|かくしごと|カクシゴト,隐瞒之事,63,久米田康治的漫画，讲述漫画家父亲与女儿的故事，2020年动画化
kamen_no_maid_guy,3,,假面的女仆男,63,以女装女仆为题材的日本漫画作品
kiki_kaikai_(series),3,,奇奇怪界系列,63,Taito 的多方向卷轴射击游戏系列，以巫女小夜与妖怪伙伴为主角
killer_instinct_(series),3,,杀手本能,63,Rare 开发、现由微软持有的英国格斗游戏系列
koronba,3,,koronba,63,已隐退的UTAU作曲者，2014年前后删除全部投稿，作品至今仍有人气
mijuku_dreamer,3,Mijuku Dreamer|未熟梦想家,未熟DREAMER,63,动画Love Live! Sunshine!!中Aqours演唱的歌曲
mirror's_edge_(series),3,,镜之边缘,63,EA发行、DICE开发的第一人称跑酷动作游戏系列
misao,3,,MISÃO,63,开发者Sen用WOLF RPG编辑器制作的免费恐怖冒险游戏
natsuiro_kiseki,3,Natsuiro Kiseki|夏日奇迹|夏色キセキ,夏色奇迹,63,日升制作的2012年原创动画，讲述四位少女的夏日故事
nogizaka46,3,Nogizaka46|乃木阪46,乃木坂46,63,秋元康制作、作为AKB48官方对手团的日本偶像团体
ok_k.o.!_let's_be_heroes,3,,OK K.O.! Let's Be Heroes,63,美国Cartoon Network出品的英雄题材动画
ore_no_ichizu_wo_jama_suru_aitsu,3,,Ore no Ichizu wo Jama suru Aitsu,63,具体出处未确认的作品标签
peak_(game),3,,PEAK,63,2025年推出的多人合作攀爬游戏，玩家需协作登上事故后的山顶
planetes,3,PLANETES|プラネテス|行星,星空清理者,63,幸村诚创作的硬科幻漫画，讲述太空垃圾回收员的故事，并有动画版
queen's_blade_spiral_chaos,3,Queen's Blade: Spiral Chaos|クイーンズブレイド スパイラルカオス|女王之刃 螺旋混沌,女王之刃 螺旋混沌,63,万代南梦宫为PSP制作的战棋RPG，含游戏原创角色
rance_vi,3,,兰斯6,63,《兰斯》系列第6作的成人向RPG
revenger,3,,Revenger,63,以江户时代为舞台的原创复仇剧动画
rose_to_tasogare_no_kojou,3,A Rose in the Twilight|a_rose_in_the_twilight|薔薇と黄昏の古城|黄昏之城中的玫瑰,玫瑰与黄昏的古城,63,日本一软件发行的哥特风格解谜动作游戏
routes,3,,Routes,63,Leaf 制作的成人向恋爱冒险游戏
rwby:_ice_queendom,3,rwby_ice_queendom,RWBY 冰雪帝国,63,2022年由SHAFT与Rooster Teeth合作的RWBY衍生动画
sei_shoujo_~seido_ikusei_gakuen~,3,,性少女 ～性奴育成学園～,63,以育成学园为舞台的日本成人向游戏或漫画
senran_nin_nin_ninja_taisen_neptune:_shoujo-tachi_no_kyouen,3,neptunia_x_senran_kagura:_ninja_wars,闪乱忍忍忍者大战海王星 少女们的响艳,63,海王星系列与闪乱神乐合作的角色扮演游戏
shirotsume_souwa,3,,白诘草话,63,Littlewitch制作的视觉小说，以少女们的故事交织展开
the_2nd_super_robot_wars_og,3,The 2nd Super Robot Wars OG|第2次スーパーロボット大戦OG|第二次机战OG,第2次超级机器人大战OG,63,2012年登陆PS3的超级机器人大战OG系列续作
the_summoning,3,,The Summoning,63,Elyste Castro创作的2017年动画试播短片与网络漫画
tokyo_yakult_swallows,3,Tokyo Yakult Swallows|东京燕队|東京ヤクルトスワローズ,东京养乐多燕子,63,日本职业棒球中央联盟的东京球队
ultraman_r/b,3,,罗布奥特曼,63,《奥特曼》系列第30作，平成时代最后一部，主角为罗索与布鲁兄弟
versen,3,verse_n,VERSEⁿ,63,索尼音乐与Helixes合作的多媒体企划，含五名VTuber，2024年并入VEE
world_election,3,,World Election,63,Whirlpool的恋爱冒险视觉小说
yorha,3,,YoRHa,63,《尼尔：机械纪元》世界观下的舞台剧系列，含女版与少年版
2006_fifa_world_cup,3,2006 FIFA World Cup|2006年FIFA世界杯|2006年国际足联世界杯|德国世界杯,2006年世界杯,62,第18届国际足联世界杯，2006年在德国举行，意大利夺冠
after_school_lessons_for_unripe_apples,3,,After School Lessons for Unripe Apples,62,韩国网络漫画作品，具体作者与设定不详
assassin's_creed:_unity,3,,刺客信条：大革命,62,《刺客信条》系列第七部，舞台为法国大革命时期的巴黎
atarayo_hanabi,3,,Atarayo Hanabi,62,《Love Live! 莲之空女学院学园偶像俱乐部》Cerise Bouquet的歌曲
battle_for_dream_island,3,,Battle for Dream Island,62,Cary与Michael Huang创作的网络动画，以拟人化物品的竞赛为主题
bunny_garden_2,3,,兔兔秘密花园2,62,兔兔秘密花园的续作恋爱模拟游戏
coneru_-dimension_girl-,3,,Coneru -Dimension Girl-,62,2024年发售的 2D 动作游戏，主角为少女 Coneru，舞台在新宿
danshi_kinsei_game_sekai_de_ore_ga_yarubeki_yuiitsu_no_koto_yuri_no_ma_ni_hasamaru_otoko_to_shite_tensei_shite_shimaimashita,3,the_only_thing_i'd_do_in_a_no-boys-allowed_gaming_world,在禁止男性的游戏世界里我唯一该做的事,62,2023年开始连载的后宫题材轻小说，主角转生到百合游戏世界
dokonjou_gaeru,3,Dokonjou Gaeru|ど根性ガエル|斗志青蛙,根性青蛙,62,吉泽保夫创作的搞笑漫画，主角衬衫上有压扁的青蛙皮恩吉
ducktales,3,,唐老鸭俱乐部,62,迪士尼1987年起播出的动画及2017年重启版，另有卡普空改编游戏
eternal-e,3,,Eternal-E,62,日本出品的电子游戏作品
far_cry,3,,孤岛惊魂,62,以开放世界为舞台的第一人称射击游戏系列
fighting_vipers,3,,Fighting Vipers,62,世嘉土星平台的3D格斗游戏，特色是装甲可被击碎
gamma_(ogino_jun),3,,Gamma,62,荻野淳创作的原创角色或作品，详细信息待考
gundam_00p,3,,机动战士高达00P,62,《机动战士高达00》的前传轻小说，描写天人组织早期的活动
haruka_naru_enkei_sekai,3,,Haruka Naru Enkei Sekai,62,Onimushi Hyogo创作的视觉小说，为《重返白薙岛》的续篇
harukanaru_toki_no_naka_de_4,3,Haruka: Beyond the Stream of Time 4|haruka:_beyond_the_stream_of_time_4|遙かなる時空の中で4|遥远的时空中4,遥远时空中4,62,《遥远时空中》系列第四作，以古代日本与异世界为舞台
himawari!,3,Himawari!|向日葵！,ひまわり!,62,Studio ARMS制作的2006年动画，另有同名漫画
htol#niq:_hotaru_no_nikki,3,htoL#NiQ ホタルノニッキ|htoL#NiQ: The Firefly Diary|萤火虫日记,htol#NiQ 萤火虫日记,62,日本一软件2014年为PS Vita推出的解谜动作游戏
jitsuwa_kankin_mankitsu?_kurumi-chan!,3,,其实是监禁满喫？胡桃酱！,62,以监禁为题材的日本成人向漫画作品
jojo_no_kimyou_na_bouken:_all_star_battle,3,JOJO的奇妙冒险 全明星乱斗|JoJo's Bizarre Adventure: All Star Battle|ジョジョの奇妙な冒険 オールスターバトル,JOJO的奇妙冒险 群星之战,62,2013年以JOJO历代角色对战为主题的PS3格斗游戏
just_because!,3,,Just Because!,62,Pine Jam 2017年秋的原创动画，角色设计为比村奇石
kon'ya_wa_neko-chan,3,Kon'ya wa Neko-chan,今夜はネコちゃん,62,bkub 创作的猫咪搞笑漫画，2016年起在讲谈社《Morning Two》连载
kono_oozora_ni_tsubasa_wo_hirogete,3,,在这苍穹展翅,62,Pulltop 出品的视觉小说，英文标题 If My Heart Had Wings，以滑翔机部为舞台
kono_yo_no_hate_de_koi_wo_utau_shoujo_yu-no,3,yu-no:_a_girl_who_chants_love_at_the_bound_of_this_world,在世界尽头咏唱恋曲的少女YU-NO,62,Elf 开发的1996年视觉小说，以平行世界与科幻设定闻名，2019年改编动画
koutetsushin_jeeg,3,,钢铁神吉克,62,《钢铁吉克》的续作电视动画，2007年播出，共13集
kuzu_no_honkai,3,Scum's Wish|scum's_wish|クズの本懐,人渣的本愿,62,横枪萌果创作的恋爱漫画，讲述高中生之间扭曲的交往关系，已改编动画
kyoushirou_to_towa_no_sora,3,Shattered Angels|shattered_angels|京四郎と永遠の空|京四郎与永远的空,京四郎与永远之空,62,介错原作的恋爱奇幻动画，2007年播出，讲述少年京四郎与公主的故事
ladymade_star,3,LADYMADE STAR|ladymadestar,Ladymade Star,62,DJMAX系列中的歌曲，以Klatt姐妹为主角
mahou_no_idol_pastel_yumi,3,,魔法のアイドルパステルユーミ,62,Studio Pierrot1986年制作的魔法少女电视动画，为系列第四作
mahou_no_kaiheitai_pixel_maritan,3,magical_marine_pixel_maritan,魔法の海兵隊員ぴくせる☆まりたん,62,2004年起在《月刊アームズマガジン》连载的军事搞笑漫画与英语学习书
master_of_epic,3,Master of Epic: The Resonance Age|masterofepic,Master of Epic,62,2005年开始运营的MMORPG，2007年由Bones改编为动画
mega_man_7,3,rockman_7,洛克人7,62,原祖洛克人系列第七作，登陆SFC平台
mega_man_battle_network_4,3,Mega Man Battle Network 4|洛克人战斗网络4,洛克人EXE4,62,《洛克人EXE》系列第四作，登陆GBA平台
mekakushi_code_(vocaloid),3,Mekaku Code|blindfold_code_(vocaloid)|目隠しコード,目隐代码,62,じん创作、初音未来演唱的VOCALOID歌曲，属阳炎Project相关曲目
mirai_no_bokura_wa_shitteru_yo,3,我们知道未来|未来の僕らは知ってるよ,未来的我们早已知晓,62,动画Love Live! Sunshine!!第二季的片头曲
mission_impossible_(bkub),3,Mission Impossible (bkub),碟中谍（大川ぶくぶ）,62,大川ぶくぶ创作的搞笑四格漫画，恶搞碟中谍题材
mitama_~shinobi~,3,,みたま〜しのび〜,62,「みたま〜しのび〜」为题的日本创作作品
natsu_yume_nagisa,3,,夏梦渚,62,以夏日与海边为舞台的恋爱冒险游戏
ninja_sentai_kakuranger,3,,忍者战队隐连者,62,超级战队系列第18作，1994年播出，影像被美版《恐龙战队》等使用
private_garden,3,,Private Garden,62,Tetratech的成人向游戏系列
punch_line,3,,Punch Line,62,2015年春季noitaminA原创动画，主角为公寓中的高中生
queen's_blade_limit_break,3,,女王之刃 Limit Break,62,G123开发的免费浏览器放置RPG，使用叛乱与魔导书角色
rail_romanesque,3,,Rail Romanesque,62,资料不足，无法确认作品类型与出处
redline,3,,Redline,62,Madhouse制作的2009年科幻赛车动画电影，以全手绘作画著称
rokumon_tengai_mon_colle_knight,3,Mon Colle Knight|六門天外モンコレナイト,六门天外,62,1999年播出的怪物收集题材电视动画《六门天外》
role_player:_okayu_shimai_no_nenmaku_potrait_-_gurigucha_live!,3,,おかゆ姉妹の粘膜ポトレ ぐりぐちゃLIVE!,62,日本成人向同人作品，围绕小粥姐妹的cosplay题材展开
sailor_moon_musical,3,Sailor Moon Musical|セーラームーンミュージカル,美少女战士音乐剧,62,改编自武内直子《美少女战士》的舞台音乐剧系列，1993年起公演
sakura_tale,3,,さくらテイル,62,Fizz Software的日本成人向游戏
scissor_seven,3,,刺客伍六七,62,中国原创动画，讲述理发师兼刺客的伍六七
shadow_hearts:_from_the_new_world,3,shadow_hearts_from_the_new_world,影之心：来自新世界,62,2005年发售的PS2角色扮演游戏，影之心系列第三作
shin_sangoku_musou_8,3,,真·三国无双8,62,真三国无双系列第八作，采用开放世界设计
shinitagari_shoujo_to_shokujinki-san,3,死にたがり少女と食人鬼さん,寻死的少女与食人鬼先生,62,以想死的少女与食人鬼为中心的日本漫画作品
siren_1,3,,尸人（初代）,62,2003年发售的PS2恐怖游戏，并有漫画与电影改编
spider-man_1_(2002),3,,蜘蛛侠（2002）,62,山姆·雷米执导的蜘蛛侠真人电影三部曲首作，2002 年上映
splatterhouse,3,,Splatterhouse,62,南梦宫发行的恐怖题材横版格斗游戏系列
super_mario_strikers,3,,超级马力欧前锋,62,2005 年登陆 GameCube 的《马力欧》足球游戏系列首作
the_beginning_after_the_end,3,,终结之后的开始,62,TurtleMe创作的奇幻网络小说，另有漫画改编
triangle_heart_3,3,Triangle Heart 3|とらいあんぐるハート3,三角心3,62,《三角心》系列第三作，高町奈叶在此首次登场并衍生出独立系列
trick_&_cute_(love_live!),3,,Trick & Cute,62,《Love Live! 莲之空女学院学园偶像俱乐部》2023年首次演唱的歌曲
umamusume:_party_dash,3,Umamusume: Party Dash|赛马娘Pretty Derby 热血喧闹大感谢祭！,赛马娘 热血喧闹大感谢祭,62,《赛马娘》的派对动作游戏，2024年8月在Switch、PS4与Steam发售
utawarerumono:_futari_no_hakuoro,3,Utawarerumono: Mask of Truth|utawareru_mono:_futari_no_hakuoro|うたわれるもの 二人の白皇|传颂之物 二人的白皇,传颂之物：二人的白皇,62,《传颂之物》三部曲的完结篇，2016年发售，2022年动画化
violinist_of_hameln,3,Violinist of Hameln|ハーメルンのバイオリン弾き,哈梅尔的小提琴手,62,渡辺道明的奇幻冒险漫画，1991至2001年连载，1996年动画化
wallace_&_gromit,3,wallace_and_gromit,超级无敌掌门狗,62,Aardman的黏土定格动画，讲述发明家华莱士与狗阿高的故事
yagai_gakushuu,3,野外学習,野外学习,62,Complet's出品、Mame绘制的成人游戏
yakunitatsu_node_chi_o_kudasai,3,,因为有用请给我血,62,以吸血为题材的漫画作品
yogurting,3,,Yogurting,62,韩国NTIX Software开发的MMORPG，2005年公测
yoshiwara_lament_(utau),3,,吉原哀歌,62,Asa创作、重音テト演唱的UTAU歌曲
you're_under_my_skin!,3,,You're Under My Skin!,62,以恋爱为主题的作品，具体信息不详
ace_combat_6,3,,皇牌空战6 解放的战火,61,皇牌空战系列第六作，登陆Xbox360，以解放战争为舞台
alice's_emotion,3,アリスのエモーション,ALiCE'S EMOTiON,61,REDALiCE创立的同人音乐社团，主要制作东方等游戏的改编曲
alter_ego_(game),3,,Alter Ego,61,Caramel Column开发的手机点击游戏，角色为Es与Ego King
anekouji_naoko_to_giniro_no_shinigami,3,,姉小路直子と銀色の死神,61,Minato Carnival于2015年发售的视觉小说
appare!_tenka_gomen,3,,あっぱれ!天下御免,61,以江户时代为舞台的日本成人向冒险游戏
b-daman,3,B-Daman|ビーダマン|弹珠超人,弹珠人,61,Takara的弹珠玩具及动画系列，源自《炸弹人》的衍生企划
bannou_bunka_nekomusume,3,,万能文化猫娘,61,高田裕三的漫画，1997年连载，改编为OVA与电视动画
beyond_citadel,3,,Beyond Citadel,61,独立游戏《The Citadel》的续作
boku_girl,3,Boku Girl|ボクガール,BOKU GIRL,61,少年在恶作剧之神洛基的作用下变成女孩的性别转换漫画
boku_to_maou,3,Okage: Shadow King|okage:_shadow_king|ボクと魔王,我与魔王,61,Zener Works开发、2001年登陆PS2的3D角色扮演游戏
bram_stoker's_dracula,3,,德古拉,61,布拉姆·斯托克1897年的哥特恐怖小说，以吸血鬼德古拉伯爵为主角
bumblebee_(movie),3,,大黄蜂（电影）,61,变形金刚系列的第六部真人电影，为该系列的重启作
byousoku_5_centimeter,3,5 Centimeters Per Second|5_centimeters_per_second|秒速5センチメートル|秒速5厘米,秒速五厘米,61,新海诚执导的2007年动画电影
chronicle_of_myers,3,,Chronicle of Myers,61,Jo Shin Ogi 创作的中文网络系列作品，涵盖其世界观下的多部故事
comic_potpourri_club,3,,Comic Potpourri Club,61,1996至2015年发行的成人漫画月刊
crunchyroll,3,,Crunchyroll,61,美国的动漫流媒体平台，现属索尼，吉祥物为 Crunchyroll-Hime
devilish_hairdresser,3,,Devilish Hairdresser,61,以恶魔女孩理发师作弄天使同事为主题的Flash游戏系列
diamond_princess_no_yuuutsu,3,ダイヤモンド・プリンセスの憂鬱,钻石公主的忧郁,61,《Love Live!》中BiBi演唱的歌曲
duel_masters_lost,3,,决斗大师 LOST,61,《决斗大师》系列的衍生漫画作品
easter_wonderland,3,,Easter Wonderland,61,迪士尼每年举办的复活节主题游行
ebiten_(manga),3,Ebiten|えびてん,公立海老栖川高校天闷部,61,Sugachi原作、狗神煌作画的校园搞笑漫画，2012年动画化
fate_rewinder,3,,命运回卷士,61,木村风太创作的日本漫画，日文标题为《運命の巻戻士》
fight_club,3,,搏击俱乐部,61,恰克·帕拉尼克的小说，1999年由大卫·芬奇改编为电影
forza,3,,Forza,61,微软为 Xbox 与 PC 发行的赛车游戏系列，兼顾拟真与易上手
freedom_wars,3,,Freedom Wars,61,SCE Japan Studio 为 PS Vita 开发的动作角色扮演游戏，囚徒以战斗换取减刑
han-gyaku-sei_million_arthur,3,Hangyaku-sei Million Arthur|叛逆性ミリオンアーサー,叛逆性百万亚瑟王,61,《扩散性百万亚瑟王》系列的衍生游戏与动画，以六名亚瑟为主角
harry_potter_and_the_cursed_child,3,Harry Potter and the Cursed Child|哈利波特与被诅咒的孩子,哈利·波特与被诅咒的孩子,61,《哈利·波特》系列的舞台剧剧本，故事设定在原著结局19年后
hojo_studio,3,,Hojo Studio,61,越南的VTuber事务所，旗下有多名虚拟主播
honeycoming_royalsweet,3,,HoneyComing RoyalSweet,61,《HoneyComing》的移植版本，日本成人向恋爱游戏
hylics,3,,Hylics,61,Mason Lindroth制作的黏土动画风格RPG
ikaruga,3,Ikaruga|斑鳩,斑鸠,61,Treasure与G.rev开发的2001年纵版弹幕射击游戏
illusion_connect,3,Illusion Connect|illusionconnect|幻境连接,梦境链接,61,日系风格的实时策略卡牌手机游戏
inazuma_eleven_cross,3,,闪电十一人 Cross,61,Level-5与Aiming合作开发的手机游戏
inside_out_2,3,,头脑特工队2,61,《头脑特工队》的续集，2024年上映
kanojo_tachi_no_ryuugi,3,カノギ|彼女たちの流儀,她们的流仪,61,130cm 2006年发售的校园演剧部题材成人恋爱游戏
killer7,3,,killer7,61,Grasshopper Manufacture 开发、卡普空发行的动作冒险游戏，2005年发售
kiss_to_lord_to_darjeeling,3,,キスと魔王と紅茶,61,Marmalade 开发的美少女游戏，以亲吻、魔王与红茶为主题
kono_aozora_ni_yakusoku_wo,3,,青空下的约定,61,Giga 出品的恋爱视觉小说，以濑户内海小岛上的学园宿舍为舞台
memories_off_6,3,Memories Off 6: T-wave|メモリーズオフ6|秋之回忆6 三角波澜,秋之回忆6,61,秋之回忆系列第六作
metro-goldwyn-mayer,3,,米高梅,61,1924年由三家电影公司合并成立的美国电影制片厂
mighty_(series),3,,Mighty系列,61,WayForward为任天堂下载平台开发的横版动作游戏系列
myslot,3,,Myslot,61,以Myslot为名的创作作品
mythbreakers_(hololive_english),3,,Mythbreakers,61,hololive English的桌上角色扮演游戏企划，由森美声主持
nadeshiko-san_just_can't_say_no!,3,,抚子小姐无法拒绝！,61,成人漫画作品，在周刊快楽天连载
neko-nin_exheart,3,,猫忍之心,61,猫娘忍者题材的恋爱视觉小说系列
obsession_(movie),3,,Obsession,61,Curry Barker自编自导的2025年恐怖电影，讲述音乐店店员因许愿道具引发灾祸
okiba_ga_nai!,3,,置き場がない!,61,具体出处未确认的作品标签
outerplane,3,,Outerplane,61,韩国VAGames开发、Smilegate发行的2023年手机游戏
princess_waltz,3,,Princess Waltz,61,资料不足，无法确认作品类型与出处
purple_haze_feedback,3,Purple Haze Feedback|恥知らずのパープルヘイズ,不知羞耻的紫烟,61,上远野浩平执笔的《JOJO的奇妙冒险》第六部衍生小说
rage_of_the_dragons,3,,Rage of the Dragons,61,资料不足，无法确认作品类型与出处
re:zero_kara_tsugihagu_isekai_seikatsu,3,,Re:从零开始的异世界生活 暴食IF,61,《Re:从零》2019年愚人节发布的IF线外传，通称暴食IF
resident_evil:_the_darkside_chronicles,3,resident_evil_darkside_chronicles,生化危机：暗黑历代记,61,《生化危机》系列的光枪射击游戏，Wii平台
roki_(vocaloid),3,,ロキ,61,mikitoP创作的VOCALOID歌曲，由镜音铃与作者本人二重唱
sekiranun_graffiti_(vocaloid),3,Sekiranun Graffiti|积乱云涂鸦|積乱雲グラフィティ,积雨云涂鸦,61,ryo创作的初音未来歌曲，收录于supercell专辑
shin_getter_robo_vs_neo_getter_robo,3,,真盖塔机器人VS新盖塔机器人,61,2000年至2001年发售的四卷盖塔机器人OVA
show_(ado),3,,Show,61,歌手Ado演唱的歌曲，MV中出现僵尸、吸血鬼与南瓜头角色
star_linker,3,,Star Linker,61,Antares Topaz 创作的漫画系列
sugarbunnies,3,,Sugar Bunnies,61,Sanrio 于 2004 年设计的双胞胎兔角色组合及其周边
super_robot_wars_y,3,,超级机器人大战Y,61,2025 年发售的《超级机器人大战》系列作品
tamaonsen,3,たまおんせん,魂音泉,61,以东方Project为中心活动的日本同人音乐社团
the_raven_cycle,3,The Raven Cycle|渡鸦男孩|渡鸦系列,乌鸦男孩系列,61,美国作家Maggie Stiefvater的奇幻小说系列，围绕少年寻找威尔士国王的旅程
the_scramble_vice,3,,The Scramble Vice,61,开发中的横版卷轴机甲射击游戏
the_umbrella_academy,3,,伞学院,61,以拥有超能力的收养兄弟姐妹为主角的漫画及Netflix改编剧集
tiny_stars,3,tinystars|小星星,Tiny Stars,61,《Love Live! Superstar!!》的插曲，由涩谷香音与唐可可演唱
touch_(manga),3,,棒球英豪,61,安达充创作的校园棒球漫画，讲述上杉兄弟与浅仓南的故事
tougenkyou_e_ikou_(utau),3,桃源郷へ行こう,去往桃源乡,61,picdo创作、使用UTAU音源演唱的歌曲，英文题为Let's Head to Paradise
venom_(2018),3,,毒液（2018）,61,2018年上映的漫威超级英雄电影，为索尼蜘蛛侠宇宙首作
world_witches_x,3,,世界魔女X,61,《世界魔女》系列衍生的手机抽卡游戏
yogibo,3,,Yogibo,61,美国主营懒人沙发与家居配件的家具零售商
ys:_memories_of_celceta,3,ys:_celceta_no_jukai|ys_memories_of_celceta,伊苏：塞尔塞塔的树海,61,《伊苏》系列2012年作品，属于《伊苏IV》的重制
yumemi_channel,3,,Yumemi Channel,61,以梦境与少女为主题的原创创作系列
zyuden_sentai_kyoryuger,3,,兽电战队强龙者,61,东映超级战队系列第37作，2013年2月至2014年2月播出的特摄电视剧
a_dog_of_flanders,3,,佛兰德斯的狗,60,英国作家奥维达1872年出版的儿童小说，多次被改编为动画
advance_of_zeta_re-boot,3,,Advance of Zeta Re-Boot,60,藤冈建机创作的漫画，电击Hobby连载后转为网络连载，属AOZ系列
advance_wars:_dual_strike,3,,高级战争 双重打击,60,高级战争系列在任天堂DS平台推出的作品
alien_alien_(vocaloid),3,,Alien Alien,60,ナユタン星人创作、初音未来演唱的歌曲
anilive_jumpstart_program,3,,AniLive Jumpstart Program,60,AniLive面向新手主播的扶持企划，参与者在平台直播并获得模型
bee_and_puppycat,3,,Bee and PuppyCat,60,美国的网络动画系列，讲述少女Bee与神秘生物PuppyCat的日常
betty_boop_(series),3,,贝蒂娃娃,60,美国弗莱舍工作室1930年代的动画系列，主角为卡通女郎贝蒂
blade_arcus_from_shining,3,Blade Arcus from Shining|ブレードアークス from シャイニング,光明格斗：刀锋对决,60,世嘉发行的2D格斗游戏，2014年推出街机版，集结光明系列角色
bokujou_monogatari:_yasuragi_no_ki,3,,牧场物语 安宁之树,60,牧场物语系列作品，以牧场经营与生活为主题
bomberman_jetters,3,Bomberman Jetters|ボンバーマン ジェッターズ,炸弹人杰特斯,60,炸弹人系列的动画与GBA游戏作品，2002年推出
brain_powered,3,,ブレンパワード,60,日升制作的90年代机甲动画，富野由悠季执导
chigau_miyahara_omae_janai!,3,,違う宮原お前じゃない!,60,具体题材与出处均不详的作品
crosscode,3,CrossCode,远星物语,60,Radical Fish Games 开发的像素风格动作角色扮演游戏，2018年发行
digimon_adventure:_last_evolution_kizuna,3,数码宝贝大冒险：最后的进化 绊|数码暴龙大冒险：最后的进化·羁绊,数码宝贝大冒险：最后的进化·羁绊,60,2020年上映的剧场版，为初代数码宝贝故事的完结篇
disventure_camp,3,,Disventure Camp,60,改编自《孤岛生存大乱斗》的网络动画系列
divergence_eve,3,,Divergence Eve,60,日本的科幻电视动画作品，另有续篇系列
dragon_ball_z_fukkatsu_no_f,3,,龙珠Z：复活的F,60,2015年上映的龙珠剧场版第19作，弗利萨复活
evanescence,3,,伊凡塞斯,60,美国摇滚乐队，代表作专辑有Fallen等
evangelion:_1.0_you_are_(not)_alone,3,EVA新剧场版：序|Evangelion: 1.0 You Are (Not) Alone|evangelion_shin_gekijouban:_jo|ヱヴァンゲリヲン新劇場版：序,福音战士新剧场版：序,60,2007年上映的《福音战士新剧场版》四部曲第一作
exitus,3,,EXITUS,60,M.Entertainment旗下的台湾虚拟主播组合
fate/type_redline,3,Fate/type 红线|fate/typeredline|命运/型月红线,Fate/type Redline,60,平野稜二改编自《Fate/KOHA-ACE》的2019年漫画
harry_potter:_hogwarts_mystery,3,,哈利波特：霍格沃茨之谜,60,以《哈利·波特》魔法世界为背景的手机角色扮演游戏
harta,3,,ハルタ,60,Enterbrain发行的日本漫画杂志，以连载青年向作品为主
heinz,3,,亨氏,60,美国的食品公司，以番茄酱与芥末酱等调味品闻名
hey_arnold!,3,,嗨，阿诺德！,60,Craig Bartlett创作的美国动画喜剧，讲述少年阿诺德的生活
hongshan_forest_zoo,3,,红山森林动物园,60,位于中国南京的动物园，以动物展示与科普为主
icey_(game),3,,ICEY,60,上海幻刃网络开发的横版动作游戏
inspector_gadget,3,,神探加杰特,60,DIC Entertainment制作的1983年喜剧冒险动画
intel,3,,英特尔,60,美国半导体公司，总部位于加州圣克拉拉，主要生产处理器
itemlabel,3,,itemlabel,60,美国马里兰州的毛绒玩偶公司，以古怪的广告风格知名
jin-roh,3,Jin-Roh: The Wolf Brigade|人狼 JIN-ROH,人狼,60,1999年上映的动画电影，押井守编剧、冲浦启之执导，属Kerberos Saga世界
kidatsu!_dungeons_lord,3,,Kidatsu! Dungeons Lord,60,出处不详的作品标签，推测为地牢题材游戏或同人作品
kimitachi_wa_dou_ikiru_ka,3,,你想活出怎样的人生,60,宫崎骏执导、吉卜力制作的动画电影，片名取自吉野源三郎的同名著作
kirby_mass_attack,3,,集合！卡比,60,任天堂DS上的卡比游戏，把卡比分成十只共同闯关
koeru_otoge-san,3,Koeru Otoge-san,越えるオトゲさん,60,标题意为跨越乙女游戏，具体作品形式与出处不详
kutsu_no_muku_mama,3,,靴の向くまま,60,作品标签，具体内容与出处不详
magical_antique,3,,Magical Antique,60,Leaf于2000年发售的成人游戏
maou_to_ore_no_hangyakuki,3,,魔王と俺の叛逆記,60,日本漫画作品，具体出处与设定不详
memories_off_sorekara,3,Memories Off ~Sorekara~|メモリーズオフ ～それから～|秋之回忆3 从今以后,秋之回忆：从今以后,60,秋之回忆系列第三作《从今以后》
mermay_2024,3,,Mermay 2024,60,2024年5月开展的美人鱼主题绘画创作活动
mobile_suit_gundam:_cucuruz_doan's_island,3,库克罗斯·多安的岛|机动战士GUNDAM 库库鲁斯·多安的岛,机动战士高达 库库鲁斯·多安的岛,60,1979年高达第15话改编的2022年剧场版动画
mongil:_star_dive,3,,Mongil: Star Dive,60,韩国出品的手机游戏作品
mystery_skulls,3,,Mystery Skulls,60,路易斯·杜布克的独立音乐企划，以动画MV系列闻名
omoi_yo_hitotsu_ni_nare,3,思念合一|想いよひとつになれ,将思念合为一体,60,Aqours的单曲，为《Love Live! Sunshine!!》第二季插入曲
on_air!,3,,ON AIR!,60,Coly的手机游戏，以声优养成学校为舞台，服务已结束
papa_wolf_and_the_puppy,3,,Papa Wolf and the Puppy,60,MaWei创作的漫画，讲述狼与小狗相遇后的共同生活，穿插黑帮故事
plunderer,3,,星掠者,60,水无月嵩创作的漫画，2020年播出电视动画，围绕数字与悬赏展开
pokemon_stadium,3,Pokémon Stadium|口袋妖怪竞技场|神奇宝贝竞技场,宝可梦竞技场,60,N64上的3D宝可梦对战游戏系列，含两代作品
quake_(series),3,,雷神之锤,60,id Software开发的第一人称射击游戏系列
riding_bean,3,ライディング・ビーン,Riding Bean,60,1989年OVA动画，主角为公路飙车的雇佣司机比恩
rooster_teeth,3,roosterteeth,Rooster Teeth,60,美国网络视频制作公司，以RWBY与红蓝大作战闻名
rosen_garten_saga,3,,ローゼンガーテン・サーガ,60,日本漫画，在Hero's的网络漫画网站Comiplex连载
salvika,3,,Salvika,60,日本的原创作品或角色企划系列
seikon_no_arcana,3,圣痕之秘仪|聖痕のアルカナ,圣痕的阿尔卡纳,60,Social Games Factory开发的手机社交卡牌游戏
senran_kagura_project_n,3,,闪乱神乐 Project N,60,闪乱神乐系列预定2026年推出的手机游戏
sonic_the_hedgehog_(ova),3,,刺猬索尼克（OVA）,60,1996年发售的两集OVA动画，改编自索尼克游戏
soul_hackers_2,3,,灵魂骇客2,60,Atlus 于 2022 年发售、属《恶魔召唤师》与《真女神转生》系谱的 RPG
spider-man_2_(2004),3,,蜘蛛侠2（2004）,60,山姆·雷米蜘蛛侠三部曲第二部，2004 年上映
tales_of_the_world_radiant_mythology,3,,世界传说 光明神话,60,传说系列PSP平台的跨界外传首作
teihen_no_daigaku_janaru,3,,底辺の大学ジャーナル,60,以大学生活为题材的日记体作品，具体出处不详
tesagure!_bukatsu-mono,3,Tesagure! Bukatsu-mono|てさぐれ！部活もの,摸索吧！部活剧,60,2013年播出的短片动画，由声优以角色身份即兴演出的部活喜剧
the_rumble_fish,3,,THE RUMBLE FISH,60,Dimps开发、Sammy发行的2004年街机2D格斗游戏，后移植PS2
tokimeki_check_in,3,,Tokimeki Check-in!,60,资料不详，具体作品与体裁未能确认
tokumei_radio,3,,匿名电台,60,由YouTuber ARuFa与达芬奇恐山主持的网络电台节目
tonari_no_seki_no_inkya_joshi_ga_oshi_utaite_datta_~ore_no_kyoku_wo_utatte_kure!~,3,,邻座的阴角女子是我推的唱见,60,佐藤雨创作的恋爱喜剧漫画，阴角女生其实是主角推的唱见
tone_sphere,3,,Tone Sphere,60,2016年推出的手机音乐节奏游戏
tonnura-san,3,Tonnura-san|トンヌラさん,とんぬらさん,60,セレビィ量産型创作的日常喜剧漫画
toushinden_2,3,,斗神传2,60,1996年仅在PlayStation发售的《斗神传》系列第二作
transformers:_revenge_of_the_fallen,3,,变形金刚2：堕落者的复仇,60,变形金刚真人电影第二部，2009年上映
ts_loli_oji-san_no_boukan,3,,TS Loli Oji-san no Boukan,60,Ronna创作的成人向漫画系列，主角被变成萝莉后逐渐堕落
twin_angel_break,3,,快盗天使Break,60,《快盗天使》系列作品，2017年播出动画，并有柏青嫂机台
ueki_no_housoku,3,the_law_of_ueki,植木的法则,60,福地翼创作的漫画及其改编动画，以少年植木为主人公
umamusume:_peace_peace_cepea_cepea_golshi-chan,3,,赛马娘 皮斯皮斯☆斯皮斯皮 小金船酱,60,以幼年化黄金船为主角的《赛马娘》四格漫画
unico,3,,尤尼可,60,手冢治虫创作的漫画及动画电影，主角是独角兽尤尼可
vampire_princess_miyu,3,Vampire Princess Miyu|吸血姫美夕,吸血姬美夕,60,垣野内成美与平野俊贵创作的恐怖漫画，并有OVA与电视动画
walmart,3,,沃尔玛,60,美国的跨国零售企业，1962年创立，在全球经营大型超市
wang_chuan_feng_hua_lu,3,,忘川风华录,60,以中国历史名士转世为题材的国产手机游戏
xiao_huaxian,3,,小花仙,60,中国国产的魔法少女题材动画及网页游戏
yarofes:2023,3,,やろフェス2023,60,2023年举办的相关同人活动
zombie_(vocaloid),3,,ゾンビ,60,DECO*27创作、初音未来演唱的Vocaloid歌曲
aho_girl,3,Aho Girl|笨女孩,单蠢女孩,59,ヒロユキ创作的搞笑四格漫画，2017年由Diomedea改编为动画
aion,3,,永恒之塔,59,NCsoft开发的韩国大型多人在线角色扮演游戏，日服名为The Tower of AION
akashic_chronicle,3,,Mobile Legends: Adventure,59,沐瞳科技开发的手机角色扮演游戏，为无尽对决的衍生作品
android_wa_jirai-kei_no_yume_wo_miru.,3,,アンドロイドは地雷系の夢を見る。,59,日本漫画作品，具体作者与设定不详
ane_to_boin,3,,姉とボイン,59,日本成人向漫画作品，具体作者不详
aozora_no_mieru_oka,3,青空の見える丘|青空之丘,能看见青空的山丘,59,feng开发的恋爱冒险游戏，2006年发售
arpiel,3,,Arpiel,59,韩国Nexon的3D动漫风MMORPG，以动物高中生为主角，2021年停服
black&white_(senano-yu),3,,Black&White,59,画师Senano-yu创作的原创系列，整体带有哥特气质
book_of_the_cafe,3,,连缘咖啡,59,连缘系列第五作，非射击类游戏，2020年起公开测试版
boy_meets_girl,3,,ボーイミーツガール,59,Frontwing发行的成人向恋爱冒险游戏，しんたろ负责原画
castlevania_(1986),3,,恶魔城（1986）,59,恶魔城系列首作，在FC磁碟机平台推出
cendrillon_(vocaloid),3,サンドリヨン|灰姑娘,Cendrillon,59,シグナルP创作、初音未来与KAITO演唱的Vocaloid歌曲
cloud_kingdom,3,,Cloud Kingdom,59,以云端王国为题材的作品相关版权标签
corocoro_comic,3,,CoroCoro Comic,59,小学馆发行的儿童漫画月刊，连载《宝可梦》《妖怪手表》等作品
dream_c_club_zero,3,Dream Club Zero|ドリームクラブZERO,梦幻俱乐部Zero,59,D3 Publisher推出的PSP恋爱模拟游戏，系列第二作
eien_no_akuru_hi,3,,永遠のあくる日,59,Ado演唱、以阿库酱为主角的歌曲，插画由沼田ゾンビ绘制
eiketsu_taisen,3,,英傑大戦,59,以历史武将为主题的街机卡牌对战游戏
floral_flowlove,3,Floral Flowlove|フロフロ|フローラル・フローラブ,花之恋,59,SAGA PLANETS 2016年推出的18禁恋爱冒险游戏
gore_screaming_show,3,,Gore Screaming Show,59,Black Cyc制作的成人向PC游戏，以猎奇恐怖风格为特色
i_want_my_hat_back,3,I Want My Hat Back|我的帽子不见了,我要把我的帽子找回来,59,乔恩·克拉森的儿童绘本，讲述熊寻找帽子的故事
itsuka_todoku_ano_sora_ni,3,いつか、届く、あの空に。,总有一天抵达那片天空,59,Lump of Sugar的恋爱冒险游戏
japan_world_cup,3,日本队世界杯,日本世界杯,59,日本中央竞马会自2010年起发布的赛马3D CG影像系列
khornette_quest,3,,Khornette Quest,59,2014至2015年连载的互动文字企划，讲述血神使徒一路晋升为血神的故事
kiki_kaikai,3,,奇奇怪界,59,Taito 的多方向卷轴射击游戏系列，西方以 Pocky & Rocky 之名发行
kikou-kai_galient,3,Panzer World Galient|panzer_world_galient|机甲界伽利安|機甲界ガリアン,机甲界加里安,59,1984年由日升制作的机器人动画，舞台是剑与魔法风格的中世纪星球
kono_sekai_no_katasumi_ni,3,In This Corner of the World|in_this_corner_of_the_world|在这世界的一隅|这个世界的角落,在这世界的角落,59,河野史代创作的漫画，以二战时期广岛吴市少女为主角，2016年改编动画电影
kyokugen_chikan_tokuiten_2,3,,极限痴汉特异点2,59,以电车痴汉为题材的成人向游戏系列第二作
la_la_land,3,,爱乐之城,59,2016年美国音乐爱情电影，达米恩·查泽雷执导，高斯林与艾玛·斯通主演
madk,3,,MADK,59,日本的BL漫画，讲述少年召唤恶魔并被卷入魔界的故事
magi-cu,3,Magi-Cu,マジキュー,59,Enterbrain发行的美少女游戏情报杂志，2001至2007年刊行
magi_in_wanchin_basilica,3,MAGI in 萬金|路小瑪在萬金,万金圣殿的MAGI,59,台湾屏东万金圣母圣殿圣诞节的东方三博士吉祥物企划
major_2nd,3,,棒球大联盟2nd,59,《棒球大联盟》的续作，以茂野大吾为主角
manimani_(vocaloid),3,,まにまに,59,r-906创作的VOCALOID歌曲，初音未来主唱，IA与KAFU和声
medarot_s,3,,徽章战士S,59,2020年推出的徽章战士题材手机抽卡游戏
midnight_anime_lemon_angel,3,,Lemon Angel,59,以Lemon Angel为题的日本深夜档动画作品
mikumix,3,みくみくミックス,Mikumix,59,围绕初音未来的同人插画合辑企划，集合多位画师参与
mirage_(takanashi_kiara),3,,Mirage,59,hololive English成员小鳥遊キアラ为四周年发布的原创歌曲
miya-chan_no_kyuuin_life!,3,,宫酱的吸入生活!,59,古本タケル创作的漫画，围绕角色梦城宫展开
moldavite,3,,モルダバイト,59,Clover于2002年开发的成人游戏
moonlit_bear_(vocaloid),3,,月光熊,59,悪ノP创作的初音未来与KAITO二重唱歌曲，属现在物语系列
my_mom_and_sister_are_size_queen_sluts,3,,我的妈妈和姐姐是尺寸女王,59,成人向同人作品，标题涉及巨大化题材
nami_no_manimani,3,随波逐流,波のまにまに,59,Bloom Handle于2006年推出的视觉小说
nickelodeon,3,Nickelodeon|尼克儿童频道,尼克国际儿童频道,59,美国儿童电视网，以《海绵宝宝》《降世神通》等动画节目闻名
okusuri_nonde_neyou_(vocaloid),3,,おくすり飲んで寝よう,59,もちうつね创作的VOCALOID歌曲，由初音未来演唱
otome_no_tokuisei,3,,Otome no Tokuisei,59,具体出处未确认的作品标签
pathways_(game),3,,Pathways,59,英国Shout Out UK制作的短篇浏览器游戏，以极端化与政治宣传为主题
phoenix_(love_live!),3,,凤（Love Live!）,59,Love Live!虹咲学园学园偶像同好会剧场版中钟岚珠的参赛曲
ping_pong_(manga),3,Ping Pong|ピンポン,乒乓,59,松本大洋创作的乒乓球题材漫画，2014年由汤浅政明改编为动画
pokemon_ruby/sapphire/emerald_(prototype),3,pokemon_rse_(prototype),宝可梦 红宝石／蓝宝石 原型版,59,第三世代未采用的测试内容与宝可梦设计
promisu,3,,PROMISU,59,日本VTuber事务所，旗下拥有多期虚拟主播
queen_emeraldas,3,,艾美拉达丝女王,59,松本零士原作改编的1998年OVA，延续哈洛克萨迦系列
rdg_red_data_girl,3,RDG Red Data Girl|RDG 濒危物种少女|RDGレッドデータガール|rdg,濒危物种少女,59,荻原规子的现代奇幻小说，2013年动画化
ryuu_to_sobakasu_no_hime,3,,龙与雀斑公主,59,细田守执导的日本动画电影，以虚拟世界与少女歌手为主题
sakura_moyu,3,,さくらもゆ,59,日本成人向恋爱冒险游戏作品
sayonara_eri,3,goodbye_eri,再见绘梨,59,藤本树的一次性网络漫画，2022年发布
senran_kagura_peach_ball,3,,闪乱神乐 桃球,59,Nintendo Switch上的闪乱神乐弹珠台游戏
setsuna_trip_(vocaloid),3,,Setsuna Trip,59,Last创作、由GUMI演唱的Vocaloid歌曲
shunkashuutou_daikousha,3,,春夏秋冬代行者,59,晓佳奈的奇幻轻小说，并有漫画与动画改编
sonic_lost_world,3,,索尼克 失落世界,59,2013年发售的动作游戏，采用管状关卡与跑墙动作
sonic_the_hedgehog_(movie),3,,刺猬索尼克（2020电影）,59,2020年上映的索尼克真人电影，由派拉蒙发行
star_trek:_the_original_series,3,Star Trek: The Original Series|星舰奇航记：原初系列|星际旅行：原初系列,星际迷航：原初系列,59,1966 年开播的《星际迷航》首部电视剧，讲述企业号的星际冒险
suzunone_seven,3,,スズノネセブン！,59,Clochette制作的美少女游戏，以少女角色间的恋爱剧情为主
sword_world_2.0,3,,剑世界2.0,59,剑世界桌上角色扮演游戏于2008年推出的第二版规则
tatsunoko_vs._capcom,3,tatsunoko_vs_capcom,龙之子VS卡普空,59,卡普空对战机系列作品之一，让龙之子动画角色与卡普空游戏角色对战
tatu,3,,t.A.T.u.,59,俄罗斯的两人流行音乐组合，由叶莲娜与尤莉亚组成
tegami_bachi,3,Letter Bee|Tegami Bachi|テガミバチ,信蜂,59,浅田弘幸的漫画，以人造太阳照耀的琥珀之地为舞台，有动画改编
tensei_kizoku_kantei_skill_de_nariagaru,3,,转生贵族凭鉴定技能出人头地,59,未来人A创作的异世界网络小说，2024年改编为动画
the_fire_rises,3,,The Fire Rises,59,《钢铁雄心4》的模组，描写2020年全球秩序崩溃的架空局势
thor:_ragnarok,3,,雷神3：诸神黄昏,59,漫威电影宇宙第三部雷神电影，2017年上映，塔伊加·维迪提执导
tintin,3,,丁丁历险记,59,比利时漫画家埃尔热创作的漫画系列，主角为记者丁丁与白狗白雪
touhou_ayaria_epic,3,东方アヤリアエピック,Touhou Ayaria Epic,59,中国社团萌东方兄弟会制作的东方Project同人游戏系列
undertale_yellow,3,,Undertale Yellow,59,以黄魂与Clover为主角的《Undertale》同人前传游戏
vagabond,3,,浪客行,59,井上雄彦的漫画，以宫本武藏为主角的历史剧
vampeerz,3,,Vampeerz,59,Akili（东山翔）创作的百合吸血鬼漫画，2019至2023年连载
visions_of_mana,3,,圣剑传说 Visions of Mana,59,《圣剑传说》系列的动作角色扮演游戏新作
warhammer_40k:_rogue_trader,3,,战锤40K：行商浪人,59,以《战锤40K》桌游《行商浪人》为蓝本的角色扮演游戏
wind_boys!,3,,WIND BOYS!,59,DMM GAMES开发的管乐题材游戏，2021年上线
yoshi's_island_ds,3,,耀西岛DS,59,2006年Nintendo DS游戏，是《超级马力欧世界2》的续作
zanyo_(love_live!),3,,ザンヨ,59,《Love Live! 莲之空》中Cerise Bouquet演唱的歌曲
aishite_aishite_aishite_(vocaloid),3,,愛して愛して愛して,58,Kikuo创作、初音未来演唱的歌曲
akari_ga_yatte_kitazo_(vocaloid),3,,アカリがやってきたぞっ,58,Gyari创作、紲星あかり演唱的歌曲，2018年发布
akibakei_kanojo,3,,アキバ系彼女,58,日本成人向游戏作品，具体信息不详
algodoo,3,,Algodoo,58,以物理模拟为核心的二维沙盒软件
alteil,3,アルテイル,Alteil,58,Coreedge运营的日本在线集换式卡牌游戏
aoi_umi_no_tristia,3,Tristia of the Deep-Blue Sea|tristia_of_the_deep-blue_sea|苍蓝之海的特里斯蒂亚|蒼い海のトリスティア,苍之海的特莉丝蒂亚,58,工画堂工作室的模拟经营角色扮演游戏
aquaman_(series),3,,海王,58,DC漫画以海王亚瑟·库瑞为主角的系列
assassin's_creed_iv:_black_flag,3,,刺客信条4：黑旗,58,《刺客信条》系列第六部，舞台为海盗黄金时代
asura's_wrath,3,,阿修罗之怒,58,CyberConnect2开发、卡普空发行的动作游戏，以印度神话为题材
chronicle_2nd,3,,Chronicle 2nd,58,Sound Horizon 发行的叙事性专辑
comic_penguin_club_sanzokuban,3,,Comic Penguin Club 山贼版,58,《Comic Penguin Club》的姐妹刊
cop_craft:_dragnet_mirage_reloaded,3,COP CRAFT 缉毒特搜班|Cop Craft: Dragnet Mirage Reloaded|cop_craft|コップクラフト,缉毒特搜班,58,贺东招二原作、村田莲尔插画的轻小说，2019年改编为动画
coraline_(movie),3,,鬼妈妈,58,2009年莱卡工作室制作的定格动画电影，改编自尼尔·盖曼的作品
culdcept,3,,Culdcept,58,大宫软件开发的卡牌与桌面游戏结合的回合制策略游戏系列
da_capo_v,3,,初音岛V,58,《初音岛》系列第五作的恋爱冒险游戏
dna^2,3,DNA 2|DNA2,DNA²,58,桂正和创作的科幻恋爱喜剧漫画，1993至1994年连载
doom:_the_dark_ages,3,,毁灭战士：黑暗时代,58,毁灭战士2016与永恒的前传作品，舞台设在中世纪
ecole_du_ciel,3,,天空的学校,58,美树本晴彦创作的《高达》漫画，2001年开始连载
element_hunters,3,Element Hunters,元素猎人,58,2009年日韩合拍的科幻动画，以化学元素为主题
engine_sentai_go-onger,3,,炎神战队轰音者,58,超级战队系列第32部作品，美版《Power Rangers RPM》取材于此
equestria_girls:_better_together,3,,小马国女孩：Better Together,58,《小马宝莉：小马国女孩》系列2017年开播的网络短篇动画
fantasy_life_i:_the_girl_who_steals_time,3,,Fantasy Life i：偷时间的少女,58,《幻想生活》系列新作，玩家在奇幻世界展开生活冒险
genkai_tokki_monster_monpiece,3,monster_monpiece,限界凸騎 モンスターモンピース,58,Compile Heart 为 PS Vita 开发的卡牌对战游戏
glitch_techs,3,,Glitch Techs,58,美国动画剧集，描绘游戏故障猎人的冒险
harem_gain,3,,ハーレムゲイン,58,以后宫题材为主题的成人向作品
hate_shinaku_aoi_kono_sora_no_shita_de....,3,果てしなく蒼い、この空の下で…。,在这无尽蔚蓝的天空下…,58,Topcat于2000年推出的成人游戏，后推出PS全年龄重制版
hatsune_miku_no_gekishou_(vocaloid),3,The Intense Voice of Hatsune Miku|the_intense_voice_of_hatsune_miku_(vocaloid)|初音ミクの激唱,初音未来的激唱,58,cosMo@暴走P创作的初音未来歌曲，以极快的语速与难度著称
hop?_stop?_nonstop!,3,ホップ?ストップ?ノンストップ?,Hop? Stop? Nonstop!,58,《Love Live! Sunshine!!》剧场版中Aqours演唱的插曲
house_of_the_dragon,3,,龙之家族,58,改编自《冰与火之歌》的奇幻剧集，讲述坦格利安内战
ikazuchi_no_senshi_raidy_ii,3,,雷之战士莱蒂II,58,《雷之战士莱蒂》系列的第二作
iroha_uta_(vocaloid),3,Iroha Uta|いろは唄,伊吕波歌,58,银サク创作、镜音铃演唱的Vocaloid歌曲，以传统伊吕波歌为题材
isshou_senkin,3,,一胜千金,58,サンドロビッチ・ヤバ子原作、与《拳愿》同世界观的全女性格斗漫画
iya_na_kao_sare_nagara_opantsu_misete_moraitai_yo_wa_pantsu_ga_mitai_zo,3,いやな顔されながらおパンツ見せてもらいたい|想一边被嫌弃一边看胖次,一脸嫌弃给我看胖次,58,荒木伸原作、40原角色原案的成人向漫画系列
j.c._staff,3,,J.C.STAFF,58,1986年宫田知行创立的日本动画制作公司
jubei-chan,3,,十兵卫酱,58,以女中学生继承柳生十兵卫之名的日本动画
kenshi,3,,剑士,58,LO-FI GAMES 开发的开放世界沙盒角色扮演游戏，舞台是剑与荒野的废土
koushinchou_no_kouhai_to_teishinchou_no_senpai_ga_renai_ni_hatten_suru_made,3,,高个后辈与矮个前辈发展为恋爱之前,58,以身高差为卖点的恋爱漫画作品
leviathan_(project_moon),3,,利维坦,58,Project Moon的小说作品，讲述《废墟图书馆》与《边狱公司》之间的故事
love_delivery,3,,Love Delivery,58,韩国的视觉小说，角色包括贤秀、Kwon Latte等
majo_koi_nikki,3,,魔女こいにっき,58,以魔女与恋爱为主题的日本视觉小说
mario_&_luigi:_partners_in_time,3,,马力欧与路易吉RPG2,58,《马力欧与路易吉RPG》系列第二作，以时间旅行为主题
mashiro_botan,3,,ましろぼたん,58,Fizz开发的恋爱冒险游戏
matantei_loki_ragnarok,3,the_mythical_detective_loki_ragnarok,魔侦探洛基RAGNAROK,58,以北欧神话为背景的侦探题材漫画，后被改编为动画
meconopsis_(ninomae_ina'nis),3,,Meconopsis,58,一伊那尔栖创作并绘制插画的原创歌曲
megami-ryou_no_ryoubo-kun,3,,女神宿舍的管理员,58,讲述少年成为女子宿舍管理员的后宫喜剧漫画
melty+,3,メルティプラス,Melty+,58,2019至2020年活动的三人日本虚拟主播团体
my_daily_life_in_the_otaku_club_isn't_normal,3,My Daily Life in the Otaku Club Isn't Normal,我的宅社日常不普通,58,标题意为我的宅社团日常并不普通的漫画或轻小说
najica_dengeki_sakusen,3,Najica Blitz Tactics|najica_blitz_tactics|ナジカ電撃作戦|纳吉卡电击作战,娜吉卡电击作战,58,Studio Fantasia制作的2003年动画，讲述女特工的任务
nanairo_reincarnation,3,,ナナイロ☆リインカーネーション,58,Silky's Plus的成人游戏，原画由皇琥珀负责
ninpuu_sentai_hurricanger,3,忍風戦隊ハリケンジャー|忍风战队Hurricaneger,忍风战队破里剑者,58,超级战队系列第26作，2002年播出，美版被改编为《忍者风暴》
no_more_eiga_dorobou,3,No More 映画泥棒|电影小偷,映画泥棒,58,日本影院放映前的防盗版宣传广告，以「电影小偷」角色广为人知
nurse_angel_ririka_sos,3,,ナースエンジェルりりかSOS,58,1995年连载与播出的魔法少女漫画及动画
oniichan_no_koto_nanka_zenzen_suki_janain_dakara_ne!!,3,,我才不会喜欢上哥哥呢!!,58,草野红壱的漫画，2008年起连载，2011年由ZEXCS改编动画
oshi_no_love_yori_koi_no_love,3,Oshirabu: Waifus Over Husbandos|oshirabu:_waifus_over_husbandos|推しのラブより恋のラブ,比起推的爱更想要恋的爱,58,桜井マコト创作的百合搞笑漫画
parfait_chocolat_second_brew,3,,パルフェ ～ショコラ second brew～,58,以咖啡店为舞台的日本成人恋爱冒险游戏，为ショコラ系列的后续作品
plumaos_academy,3,,Plumao's Academy,58,名为Plumao's Academy的创作企划，具体内容不详
project:anemone,3,,Project Anemone,58,资料不足，无法确认作品类型与出处
rpg_fudousan,3,,RPG不动产,58,险持智代的漫画，2022年由动画工房改编为动画
rugrats,3,,淘气小兵兵,58,美国尼克儿童频道的动画，由克拉斯基等人创作
rukiroki,3,ruki roki|ruki_roki|ルキロキ,RukiRoki,58,Cyber V 管理的虚拟YouTuber双子频道，2019年停止活动
select_oblige,3,,セレクトオブリージュ,58,日本的成人向视觉小说作品
shining_world,3,シャイニング・ワールド,Shining World,58,名称与世嘉光明系列相近的作品条目
special_color_(love_live!),3,スペシャルカラー,Special Color,58,《Love Live! Superstar!!》第三季插入曲，由 Liella! 演唱
studio_tri4,3,,Studio TRi4,58,2012 年成立、由写手与画师组成的同人创作团体
the_day_of_sagittarius,3,,射手座之日,58,凉宫春日的忧郁中登场的虚构战略游戏
uchuu_senkan_yamato_2202:_ai_no_senshi-tachi,3,Space Battleship Yamato 2202: Warriors of Love|宇宙战舰大和号2202 爱之战士,宇宙战舰大和号2202 爱的战士们,58,《宇宙战舰大和号2199》的续作剧场版动画，2017年起推出
umayon,3,,赛马娘四格,58,熊ジェット的《赛马娘》四格漫画，2018至2021年连载，2020年动画化
unmei_no_clan_battle,3,,Unmei no Clan Battle,58,指向不明的标签，缺乏可靠的对应作品资料
vfleet,3,,VFleet,58,以舰娘与战机娘为主题的VTuber事务所，2026年8月停止运营
viviz,3,,VIVIZ,58,韩国女子偶像组合，由GFRIEND部分成员组成
world_baseball_classic,3,,世界棒球经典赛,58,每三年举办的国际棒球大赛，由二十支国家队参赛
zektbach,3,,Zektbach,58,舟木智介的作曲名义，为《狂热节拍》等音乐游戏创作乐曲
absolute_superman,3,,绝对超人,57,绝对DC宇宙作品，描写在氪星而非地球长大的超人
afterl!fe,3,,AFTERL!FE,57,韩国NHN开发的女性向模拟游戏，2020年上线
anatatachi_soredemo_sensei_desu_ka!,3,,あなたたちそれでも先生ですか！,57,日本作品，具体作者与设定不详
battlefield_4,3,BF4|Battlefield 4,战地4,57,《战地》系列作品，2013年发售，舞台为2020年的战争
bomb_rush_cyberfunk,3,,Bomb Rush Cyberfunk,57,以涂鸦团队与轮滑为核心的独立动作游戏
buddy_complex,3,巴迪·康普莱克斯,Buddy Complex,57,日升制作的2014年机甲动画
chip_'n_dale_rescue_rangers,3,,奇奇与蒂蒂：救援突击队,57,迪士尼的动画作品，以两只花栗鼠侦探为主角
choujin_gakuen_gowcaizer,3,超人学园钢凯撒|超人学園ゴウカイザー,超人学园Gowcaizer,57,1996年的超级英雄题材格斗游戏，由 Technos 旧成员创立的 JAM 开发
club_penguin,3,,企鹅俱乐部,57,迪士尼运营的儿童向网络虚拟社区游戏，以企鹅形象为主
concon-collector,3,Concon Collector|コンコンコレクター,狐魂收藏家,57,以收集和培育狐魂进行对战的日本网页游戏，另有手机版
corruption_of_champions_2,3,,Corruption of Champions II,57,成人向文字角色扮演游戏，《Corruption of Champions》的续作
crazy_crazy_(idolmaster),3,CRAZY CRAZY,Crazy Crazy,57,《偶像大师 灰姑娘女孩 星光舞台》中 Lazy Lazy 演唱的歌曲
doom_ii,3,,毁灭战士2,57,1994年推出的首作续篇，新增超级霰弹枪等要素
genyo_yako,3,,Genyo Yako,57,《Love Live! 莲之空女学院学园偶像俱乐部》中 Cerise Bouquet 的单曲
godzilla_vs._destoroyah,3,Godzilla vs. Destoroyah|ゴジラvsデストロイア|哥吉拉vs戴斯特洛伊亚,哥斯拉VS戴斯特洛伊亚,57,1995年的哥斯拉电影，平成系列的收尾作
gundam_breaker_mobile,3,Gundam Breaker Mobile|敢达破坏者Mobile|钢弹创坏者Mobile,高达破坏者Mobile,57,万代南梦宫的手机高达模型对战游戏，围绕钢普拉社展开剧情
hai_yorokonde,3,,はいよろこんで,57,こっちのけんと的歌曲，其MV由Kanehisa Kazuya制作动画
hanachirasu,3,,Hanachirasu,57,Nitroplus于2005年推出的视觉小说，由奈良原一铁执笔
hao_(vocaloid),3,,ハオ,57,DECO*27创作、初音未来演唱的Vocaloid歌曲，PV由にたんだこな绘制
hitozuma_fuumashi_leilan,3,,人妻封魔师丽兰,57,あるぷ创作的成人漫画，主角为封魔师人妻
inakoi,3,,いなこい,57,标题为いなこい的日本作品
kartrider,3,,跑跑卡丁车,57,Nexon开发的在线多人卡丁车竞速游戏
kikokugai,3,,鬼哭街,57,Nitroplus 出品的赛博朋克武侠视觉小说，由虚渊玄编剧
kimi_ga_ita_kisetsu,3,,君がいた季節,57,âge 开发的首部视觉小说，1999年发行，2011年推出重制版
kirby_and_the_rainbow_curse,3,,卡比与彩虹诅咒,57,Wii U平台唯一的卡比游戏，以解谜与变身玩法为主，不使用复制能力
kisaragi_attention_(vocaloid),3,如月アテンション,如月Attention,57,Jin（自然之敌P）创作、IA演唱的Vocaloid歌曲，PV由wannyanpu绘制
lady_gaga_(copyright),3,,Lady Gaga,57,用于描绘美国歌手Lady Gaga的服装与音乐录像带戏仿的图片
lime-iro_senkitan,3,,らいむいろ戦奇譚,57,ELF出品的成人向游戏，并有动画等衍生作品
looping_the_rooms_(vocaloid),3,,Looping the Rooms,57,rusino创作、初音未来演唱的Vocaloid歌曲，MV取材自后室题材
love_live!_nijigasaki_high_school_idol_club_next_sky,3,,Love Live! 虹咲学园学园偶像同好会 NEXT SKY,57,虹咲学园动画的OVA作品，讲述步梦留学归来后的故事
lunar_wing,3,,Lunar Wing,57,出处与类型不详的作品
mahou_shoujo_nante_mou_ii_desukara.,3,魔法少女什么的已经够了,魔法少女什么的已经够了啦。,57,短篇魔法少女题材动画，以轻松搞笑的方式讲述少女们的日常
majin_shoujo,3,,魔神少女,57,INSIDE SYSTEM开发的横版动作游戏系列，西方名为The Legend of Dark Witch
majokko_megu-chan,3,小魔女Megu|魔女小惠,魔女っ子メグちゃん,57,日本的魔法少女电视动画作品
mamoru-kun_ni_megami_no_shukufuku_wo!,3,,護くんに女神の祝福を！,57,日本电击文库的轻小说作品
mazinger_z:_infinity,3,无敌铁金刚 INFINITY（台）|铁甲万能侠Z 无限（港）,魔神Z 无限,57,2018年上映的魔神Z系列45周年纪念剧场版动画
miracle_snack_shop,3,,奇迹小吃店,57,改编自韩国网络小说的视觉小说，由talesshop于2018年发行
my_co-worker_is_an_eldritch_x,3,,My Co-Worker is an Eldritch X,57,Senukin创作的网络漫画，讲述异形生物在便利店打工
ore_wa_seikan_kokka_no_akutoku_ryoushu!,3,,我是星际国家的恶德领主！,57,三嶋与梦的网络小说，2025年4月改编动画，讲述转生为恶德领主的男主
popee_the_performer,3,ポピーザぱフォーマー,Popee the Performer,57,日本3DCG短篇动画，以马戏团小丑波比的荒诞暴走为特色
purple_software,3,,Purple Software,57,日本成人向游戏品牌，拥有多名原画师
r.e.p.o.,3,,R.E.P.O.,57,2025年Steam上线的多人合作恐怖游戏，以物理互动与语音为特色
ryuu_ga_gotoku_7_gaiden,3,like_a_dragon_gaiden:_the_man_who_erased_his_name,如龙7外传 无名之龙,57,如龙系列的外传作品，英文名为Like a Dragon Gaiden
saint_seiya_saintia_sho,3,,圣斗士星矢 圣斗少女翔,57,久织知槙的圣斗士星矢外传漫画，讲述女性圣斗少女
scarlet_police,3,,Scarlet Police,57,IOSYS创作的东方Project同人歌曲系列，以蕾米莉亚为主角
seifuku_kanojo_2,3,,制服女友2,57,制服女友系列第二作，新增女主角
shachiku-san_wa_youjo_yuurei_ni_iyasaretai.,3,Miss Shachiku and the Little Baby Ghost（英）|miss_shachiku_and_the_little_baby_ghost|社畜さんは幼女幽霊に癒されたい。,社畜小姐想被幼女幽灵治愈。,57,有田イマリ的漫画，描写社畜女性被幼女幽灵治愈的日常喜剧
shion_no_ketsuzoku,3,,Shion no Ketsuzoku,57,日本小说，后改编为冒险游戏，作者为杉井光
sotsual_deliheal,3,,SotsuAl DeliHeal,57,Kaedeko 的原创系列，标题意为毕业相册主题的风俗题材
stardust_crusaders_(ova),3,,星尘斗士（OVA）,57,Studio A.P.P.P. 制作的《星尘斗士》OVA 改编
tail_concerto,3,,Tail Concerto,57,1998年发售的PlayStation动作冒险游戏，以兽人角色与机甲为特色
techgian,3,tech gian|tech_gian,Techgian,57,角川发行的日本游戏杂志，1995年至2021年刊行
telecaster_b-boy_(vocaloid),3,,Telecaster B-boy,57,Three创作的VOCALOID歌曲，由镜音连演唱
telepathy_(vocaloid),3,,テレパシ,57,DECO*27创作、初音未来演唱的歌曲，融入大量网络梗
tentacle_and_witches,3,,触手与魔女,57,Lilith Mist的成人视觉小说，2010年发售，与对魔忍系列共享世界观
the_flintstones,3,,摩登原始人,57,汉纳-巴伯拉制作的动画情景喜剧，以石器时代背景融入现代生活元素
the_hungry_lamb:_traveling_in_the_late_ming_dynasty,3,,饿殍：明末千里行,57,ZeroCreation开发的视觉小说，以明末饥荒为背景
the_texas_chainsaw_massacre,3,德州链锯杀人狂,德州电锯杀人狂,57,以皮脸与电锯为标志的美国恐怖电影系列
toriko_no_shimai_~midara_ni_moteasobareru_unmei_no_mayoigo~,3,,虏之姐妹,57,Guilty开发的成人向视觉小说，描写被命运捉弄的姐妹
transformers:_robots_in_disguise_(2015),3,transformers_adventure,变形金刚：领袖的挑战,57,2015年播出、接续《领袖之证》的变形金刚动画，主角为大黄蜂
transformers_(skybound),3,,变形金刚（Skybound）,57,Image Comics旗下Skybound2023年起出版的变形金刚漫画
valkyrie_drive_-bhikkhuni-,3,,女武神驱动 -比丘尼-,57,《女武神驱动》企划的PS Vita动作游戏
voice-ore,3,ボイスオーレ,Voice-Ore,57,日本的VTuber团体，成员在直播之外以声优为目标发展，2024年解散
weezer_(band),3,,威瑟乐团,57,1992年成立于洛杉矶的美国摇滚乐队
wish_song_(love_live!),3,WISH SONG,Wish Song,57,《Love Live! Superstar!!》插入曲，由Liella!一代成员演唱
yellow_(vocaloid),3,,Yellow,57,kz（livetune）创作的初音未来Vocaloid歌曲
zangeki_no_reginleiv,3,,斩击的雷金莱夫,57,Sandlot开发、任天堂发行的动作游戏，改编自北欧神话
zoids_shinseiki/zero,3,,机兽新世纪/零,57,《ZOIDS》系列的电视动画《机兽新世纪/零》
a_kite,3,,A Kite,56,梅津泰臣执导、1998年由ARMS制作的成人向OVA动画
adventures_of_sonic_the_hedgehog,3,,刺猬索尼克历险记,56,1993年播出的索尼克电视动画，风格轻松搞笑
alicianrone,3,,Alicianrone,56,日本作品，具体作者与内容不详
amber_quartz,3,,Amber Quartz,56,Cotton Software开发的成人向恋爱游戏，原画为司ゆうき等人
angel_links,3,,Angel Links,56,Sunrise于1999年制作的动画，为星方武侠的衍生作品
anima,3,,Anima,56,以动画风格为主题的桌面角色扮演游戏规则，2005年在西班牙出版
believe_again,3,,Believe Again,56,《Love Live! Sunshine!!》剧场版的插曲，由Saint Snow演唱
blue_revolver,3,bluerevolver,BLUE REVOLVER,56,Stellar Circle开发的弹幕射击游戏
bommina_the_maidroid,3,,Bommina the Maidroid,56,gashi-gashi负责原画、后被取消的手机解谜游戏
candy_boy,3,,Candy Boy,56,星川孝文执导的短篇网络动画
chloe_no_requiem,3,,クロエのレクイエム,56,Buriki Clock以RPG Maker制作的免费恐怖冒险游戏
concrete_revolutio,3,混凝土革命 超人幻想,Concrete Revolutio 超人幻想,56,2015年播出的动画，汇集多种超人角色
crystar,3,,CRYSTAR,56,FuRyu 2018年发行的动作角色扮演游戏，讲述少女拯救妹妹的故事
dantalian_no_shoka,3,the_mystic_archives_of_dantalian,丹特丽安的书架,56,三云岳斗的轻小说，2011年改编为动画与漫画
dark_gathering,3,暗黑集会,黑暗集会,56,近藤宪一的灵异战斗漫画，讲述收集恶灵的除灵故事
digimon_adventure_-beyond-,3,,数码宝贝大冒险 -beyond-,56,数码宝贝大冒险系列的OVA与音乐视频，串联多部作品时间线
digimon_alysion,3,,Digimon Alysion,56,数码宝贝系列的手机游戏作品，详情资料有限
dmyotic,3,,Dmyotic,56,日本成人向作品，具体资料不详
dungeon_no_naka_no_hito,3,dungeon_people,地下城里的人,56,漫画家Sui Hutami创作的漫画作品
eikyuu_hours,3,,永久hours,56,《Love Live! Sunshine!!》Aqours最终演唱会主题曲
equestria_girls:_friendship_games,3,,小马国女孩：友谊大赛,56,《小马国女孩》系列第三部电影，2015年推出
ero_ragnarok_offline,3,,ERO Ragnarok Offline,56,以《仙境传说》为题材的成人向游戏作品
five_nights_at_freddy's_4,3,,玩具熊的五夜后宫4,56,《玩具熊的五夜后宫》系列第四作，2015年推出
future_eve_(vocaloid),3,,Future Eve,56,sasakure.UK 制作、初音未来演唱的 Magical Mirai 2022 主题曲
ginga_tetsudou_no_yoru,3,,银河铁道之夜,56,宫泽贤治的儿童科幻小说，描绘乔万尼与康帕内拉的银河之旅
godzilla:_planet_of_the_monsters,3,ゴジラ 怪獣惑星|哥斯拉：怪獸惑星（台）,哥斯拉 怪兽行星,56,2017年动画哥斯拉三部曲的第一部
great_teacher_onizuka,3,,麻辣教师GTO,56,藤泽亨的校园漫画，讲述前暴走族鬼冢英吉当老师的校园故事
hamhampangpang,3,,HamHamPangPang,56,Project Moon经营的主题咖啡厅，也作为其作品世界观中的三明治店
higan:_eruthyll,3,,Higan: Eruthyll,56,bilibili发行的奇幻题材手机游戏
hokenshitsu_no_shinigami,3,,保健室的死神,56,蓝本松的漫画，2009年起在周刊少年Jump连载
ikenai_baito_no_urajijou,3,,不可告人的打工内情,56,以打工内情为题材的日本成人向漫画
inti_creates,3,,Inti Creates,56,日本独立游戏开发商，以洛克人Zero系列等闻名
jiisan_baasan_wakagaeru,3,,老夫老妻返老还童,56,讲述老夫妇突然返老还童的日本漫画
josee_to_tora_to_sakana-tachi,3,josee_the_tiger_and_the_fish,Josee与虎与鱼们,56,改编自田边圣子短篇的动画电影，讲述轮椅少女与大学生
juusou_kikou_dancouga_nova,3,獸裝機攻斷空我NOVA（台）,兽装机攻断空我Nova,56,大张正己执导的《断空我》重启机器动画
kaitou_joker,3,,怪盗Joker,56,以怪盗Joker为主角的日本动画与漫画系列
kamen_rider_black_sun_(series),3,,假面骑士Black Sun,56,面向成人的《假面骑士Black》重启网络剧
kamen_rider_super-1_(series),3,,假面骑士Super-1,56,昭和假面骑士系列第7作
kangoku_(series),3,,监狱,56,成人漫画系列《监狱》，相关信息较少
kiddy_girl-and,3,キディ・ガーランド,KIDDY GiRL-AND,56,《银河战警 Kiddy Grade》的续作动画，2009年播出
koakuma_teeri_to_kyuuseishu!?,3,,小恶魔蒂莉与救世主！？,56,衣笠彰梧创作的轻小说，讲述小恶魔少女与救世主的故事
konami_mecha_musume,3,コナミメカ娘,KONAMI Mecha Musume,56,KONAMI 的武器拟人化手办品牌，由岛田文金负责二战兵器少女化设计
leadale_no_daichi_nite,3,in_the_land_of_leadale,里亚德录大地,56,Ceez的异世界轻小说，讲述少女在游戏世界中苏醒后的冒险，2022年改编动画
macross_2,3,Macross II: Lovers Again|超時空要塞II（台）,超时空要塞II,56,《超时空要塞》的续作OVA，以全新角色讲述Lovers Again的故事
magic_maid_(synthesizer_v),3,,Magic Maid,56,MIMI创作、重音テトSV演唱的歌曲
mahou_shoujo_to_chokorewito_(vocaloid),3,magical_girl_and_chocolate_(vocaloid),魔法少女与巧克力,56,匹诺曹P创作、初音未来演唱的VOCALOID歌曲
marisa_of_liartop_mountain,3,,Marisa of Liartop Mountain,56,UnknownX开发的东方Project同人冒险角色扮演游戏，致敬桌游与游戏书
mecha_shoujo_taisen_z,3,機娘大戦Z,Mecha Shoujo Taisen Z,56,CYBRiDGE开发、GREE发行的手机社交游戏
mekpark,3,,Mekpark,56,Cover运营的虚拟主播培训企划，与hololive同属一家
men_play_channel,3,,Men Play Channel,56,画师Muk创作的成人向原创系列作品
mezzo_danger_service_agency,3,,危险代理人,56,以三位女高中生组成的危险代理机构为主角的动画
nanase-chan_ntr!,3,,七濑酱NTR!,56,amagamido的CG系列，讲述女高中生七濑的故事
netojuu_no_susume,3,,网络胜利组,56,黑曜燐的网络漫画，2017年改编动画，描写辞职后沉迷网游的女性与网友的相遇
osananajimi_ni_najimitai,3,两小复无猜,幼なじみになじみたい,56,描绘大学生与十年未见的青梅竹马重逢的恋爱漫画
ougon_musou_kyoku,3,Umineko: Golden Fantasia（英）|umineko:_golden_fantasia|黄金夢想曲（日）,黄金梦想曲,56,《海猫鸣泣之时》的衍生格斗游戏
pastel_(game),3,,Pastel,56,Siesta出品的日本成人游戏，登场角色有叶月樱等
queen_(vocaloid),3,,QUEEN,56,Kanaria创作、GUMI演唱的Vocaloid歌曲
reiwa_no_dara-san,3,,令和的Dara-san,56,2022年开始连载的喜剧漫画，题材为山中妖怪的传说
reverse_falls_(gravity_falls),3,reverse_pines,Reverse Falls,56,《怪诞小镇》的粉丝平行宇宙设定，角色性格反转
sd_gundam_sangokuden,3,BB战士三国传|SD鋼彈三國傳（台）,SD高达三国传,56,SD高达系列中以三国演义人物对应机体的分支
seirei_no_moribito,3,,精灵守护者,56,上桥菜穗子的奇幻小说，2007年改编为动画
seisen_no_iberia,3,,聖戦のイベリア,56,Sound Horizon 以伊比利亚半岛为舞台的故事专辑
serious_sam,3,,英雄萨姆,56,Croteam开发的第一人称射击系列，主角为萨姆·斯通
shangri-la,3,,香格里拉,56,以近未来东京为舞台的科幻作品，2009年由GONZO改编动画
sonic_mania,3,,索尼克狂欢,56,2017年发售的2D横版动作游戏，采用像素画风
spacex,3,太空探索技术公司,SpaceX,56,美国航天器制造与太空运输服务公司
summertime_record_(vocaloid),3,Summer Time Record（英）|サマータイムレコード,夏日记录,56,Jin 使用 IA 制作的 Vocaloid 歌曲
super_kirby_clash,3,,Super Kirby Clash,56,Nintendo Switch 上的免费卡比动作游戏
super_robot_wars_w,3,スーパーロボット大戦W（日）,超级机器人大战W,56,2007 年登陆 Nintendo DS 的《机战》系列作品
survival_friends,3,,Survival Friends,56,以《兽娘动物园》角色换装为主题的衍生创作企划
suzuka,3,,凉风,56,濑尾公治创作的恋爱体育漫画
sword_art_online:_hollow_realization,3,ソードアート・オンライン -ホロウ・リアリゼーション-（日）|刀劍神域 -虛空幻界-（台）,刀剑神域 虚空幻界,56,万代南梦宫2016年发行的动作角色扮演游戏，登陆PS4、PSVita与PC
taiyou_no_yuusha_fighbird,3,brave_fighbird_of_the_sun,太阳勇者,56,勇者系列第二作，1991年播出的机器人动画
taratabong,3,,Taratabong,56,以Taratabong为题的作品，具体出处不详
the_misadventures_of_tron_bonne,3,tron_ni_kobun,The Misadventures of Tron Bonne,56,1999年发售于PlayStation的《洛克人DASH》系列外传游戏
tiger_mask_(series),3,,虎面人,56,梶原一骑原作、辻直树作画的日本职业摔角漫画，1968年起连载
toumei_answer_(vocaloid),3,透明アンサー,透明Answer,56,自然の敌P创作、IA演唱的VOCALOID歌曲
ultimate_x-men_(2024),3,,终极X战警（2024）,56,桃桃子创作的漫威漫画，舞台是新终极宇宙，讲述日本的变种人少年团队
viper_ctr,3,,Viper CTR,56,Sogna的《VIPER》系列成人游戏，1997年发售，为V10的续作
wan_nyan_a_la_mode!,3,,Wan Nyan A La Mode!,56,SkyFish的美少女游戏，以犬耳猫耳少女为题材
wanko_to_kurasou,3,和狗狗一起生活,和狗狗一起生活,56,以与狗共同生活为题材的作品
world_sportscar_championship,3,,世界跑车锦标赛,56,FIA认证的耐力赛事，1953至1992年举办，以原型车与GT赛车为主
xp-pen,3,,XP-Pen,56,生产数位板与数位屏的绘图设备品牌
yasha_legends_of_the_demon_blade,3,,夜叉：妖刀传说,56,以江户妖怪与妖刀为题材的动作角色扮演游戏
1984_(novel),3,,一九八四,55,乔治·奥威尔1949年出版的反乌托邦小说，描绘极权统治下的世界
2001_a_space_odyssey,3,2001：太空漫游,2001太空漫游,55,库布里克1968年执导的科幻电影，剧本与阿瑟·克拉克共同创作
agarest_senki_mariage,3,,阿加雷斯特战记MARRIAGE,55,阿加雷斯特战记系列的外传作品
akikan!,3,,空罐少女,55,蓝上陆的轻小说，2009年改编为动画，讲述罐子变成少女的故事
animaniacs,3,,狂欢三宝,55,美国动画喜剧系列，主角为华纳三兄妹，2020年推出重启版
aquarion_logos,3,,创圣的大天使LOGOS,55,《创圣的大天使》系列的独立作品，2015年播出的机器人动画
company_of_heroes_2,3,,英雄连2,55,《英雄连》系列第二作，以二战东线战场为舞台
cylinders:_trampled_heroines,3,,Cylinders: Trampled Heroines,55,日本成人游戏相关版权标签，具体信息不详
dakishimeru_hanabira,3,,抱きしめる花びら,55,《Love Live! 莲之空女学院学园偶像俱乐部》的歌曲，收录于第二张单曲
death_angel_komachi,3,,Death Angel Komachi,55,壱理乃みなぎ创作的东方Project魔法少女同人系列，主角为小野冢小町
displayer,3,,Displayer,55,由吉花心与Rinka Raizenbain组成的虚拟主播二人组合
dokipipo_emotion,3,,ドキピポエモーション,55,《Love Live! 虹咲学园偶像同好会》天王寺璃奈演唱的歌曲
dolce_(love_live!),3,,dolce,55,《Love Live! Superstar!!》第三季Liella!短曲环节的歌曲
fate/extra_last_encore,3,,Fate/EXTRA Last Encore,55,Shaft制作的《Fate/EXTRA》改编动画，2018年播出
filter-goshi_no_kanojo,3,,フィルター越しの彼女,55,日本出品的恋爱题材作品
floor_ni_maou_ga_imasu,3,,フロアに魔王がいます,55,hato原作、川上真树作画的漫画，连载于《Comic Alive》
front_innocent,3,,Front Innocent,55,漆原智志执导并原作的单集成人 OVA，改编自其画集
fuu'un,3,,Fuu'un,55,SNK 的格斗游戏系列，首作为《风云默示录》，以回旋镖与空手道为特色
gakuen_alice,3,,Gakuen Alice,55,樋口橘的少女漫画，描绘拥有爱丽丝能力的学园生活，2004年改编动画
hot_wheels,3,,风火轮,55,美泰公司推出的合金玩具车系列，含幻想与真实车款
infinite_blade_pavilion,3,东方鬼葬剣,东方鬼葬剑,55,2019年起发布的东方Project同人游戏
intron_depot,3,,Intron Depot,55,士郎正宗绘制的画集系列
isekai_mokushiroku_mynoghra,3,apocalypse_bringer_mynoghra,异世界默示录米诺戈拉,55,鹿角フェフ原作、じゅん插画的异世界轻小说，2025年夏动画化
kemono_friends_3:_planet_tours,3,けものフレンズ3 プラネットツアーズ（日）,兽娘动物园3 星球之旅,55,兽娘动物园3手游的大型更新企划，追加新舞台与角色
koronu_korinne,3,,Koronu Korinne,55,名为コロヌコリーヌ的角色或作品，具体出处不详
kuro_ai,3,,黑爱,55,Clockup 出品的成人向游戏，后改编为OVA动画
lump_of_sugar,3,,Lump of Sugar,55,日本的成人游戏品牌，代表作有《游魂》等
mahoutsukai_reimeiki,3,,魔法使黎明期,55,《从零开始的魔法书》的续作，讲述魔法使黎明期的故事
mario_&_sonic_at_the_london_2012_olympic_games,3,瑪利歐與音速小子 在倫敦2012奧運（台）,马力欧与索尼克在伦敦2012奥运会,55,系列第三作，2011与2012年分别登陆Wii与3DS
medal_of_honor,3,,荣誉勋章,55,由斯皮尔伯格参与创作的第一人称射击游戏系列
mega_man_x_(manga),3,rockman_x_(manga),洛克人X（漫画）,55,改编自洛克人X系列X1至X4剧情的漫画
megaton_musashi,3,,メガトン武蔵,55,日本作品，具体出处与设定不详
mnemosyne,3,Rin - Daughters of Mnemosyne|ムネモシュネの娘たち（日）,记忆女神的女儿们,55,讲述不死侦探麻生祇燐追寻自身过去的动画与漫画
momotarou_dentetsu,3,,桃太郎电铁,55,日本长期连载的铁路经营桌面游戏系列，玩家靠买卖地产致富
my_time_at_sandrock,3,,My Time at Sandrock,55,以沙石镇为舞台的模拟经营游戏
neobaka,3,,NEOBAKA,55,2021年成立的巴西虚拟主播事务所，首批成员多为独立VTuber
newgrounds,3,,Newgrounds,55,美国的内容分享网站，1990年代末起运营，以用户制作的游戏、动画与音频为主
ooya-san_wa_shishunki,3,大家さんは思春期！,房东妹子青春期,55,水瀬るるう的四格漫画，2016年春季改编短篇动画，描绘青年与初中生房东的日常
oshi_no_tachiba_ga_irekawaru,3,,Oshi no Tachiba ga Irekawaru,55,みつどもえ工房制作的同人游戏
parasite_eve_the_3rd_birthday,3,the_3rd_birthday|パラサイト・イヴ ザ・サードバースデイ（日）,寄生前夜 第三次生日,55,系列第三作，2010年登陆PSP，主角为阿雅·布雷亚
payday_2,3,,收获日2,55,Overkill开发的合作射击游戏，为收获日续作，抢劫玩法与武器自定义更丰富
power_of_three,3,,Power of Three,55,猫武士系列的第三部曲，讲述火星三名孙辈的特殊力量
professor_layton_vs._phoenix_wright:_ace_attorney,3,Professor Layton vs. Phoenix Wright（英）|professor_layton_vs._gyakuten_saiban|雷頓教授vs逆轉裁判（台）,雷顿教授VS逆转裁判,55,《雷顿教授》与《逆转裁判》的联动法庭解谜游戏
pusheen_the_cat_(series),3,,Pusheen the Cat（系列）,55,Claire Belton与Andrew Duff创作的猫咪网络漫画
rangers_strike,3,,Rangers Strike,55,资料不足，无法确认作品类型与出处
retrofuture_(love_live!),3,,Retrofuture,55,《Love Live! 莲之空女学院》歌曲，由Edel演唱
rhythm_tengoku_gold,3,rhythm_heaven_(game),节奏天国 黄金版,55,系列第2作，登陆NDS，欧美名为Rhythm Heaven
rio_-rainbow_gate!-,3,Rio -Rainbow Gate!-|Rio レインボーゲート（日）,Rio 彩虹之门！,55,以赌场荷官为主角的柏青嫂角色衍生动画
rune_factory_oceans,3,,符文工厂 海洋,55,Neverland开发的Wii与PlayStation 3角色扮演游戏，又名命运之潮
saijaku_tamer_wa_gomi_hiroi_no_tabi_wo_hajimemashita,3,the_weakest_tamer_began_a_journey_to_pick_up_trash,最弱驯养师开启捡垃圾之旅,55,以捡拾垃圾为生的驯养师为主角的日本轻小说及动画
star_wars:_knights_of_the_old_republic,3,,星球大战：旧共和国武士,55,BioWare 开发的星战角色扮演游戏，背景为旧共和国时代
sukurizo!,3,,Sukurizo!,55,Ragho no Erika 创作的四格漫画，英文题名为 SCHOOL RESORT!
superman:_the_animated_series,3,supermantas|超人 动画版|超人：動畫版（台）,超人动画系列,55,1996 年至 2000 年播出的超人动画剧集，属 DC 动画宇宙
the_king_of_fighters_'95,3,,拳皇95,55,SNK拳皇系列第二作，大蛇篇的开端
the_legend_of_zelda:_tri_force_heroes,3,,塞尔达传说 三角神力三剑客,55,塞尔达传说系列第十八作，2015年登陆任天堂3DS
tick!_tack!,3,,Tick! Tack!,55,Navel2005年发售的《Shuffle!》系列第二作，属粉丝向外传
transformers:_super-god_masterforce,3,transformers_super-god_masterforce,变形金刚：超神勇者之力,55,日本独占的变形金刚G1动画，讲述能量战士与头领战士的后续
uchi_no_pet_jijou,3,,我家的宠物事情,55,以家中宠物与主人日常相处为题材的作品
uchuu_sentai_kyuuranger,3,,宇宙战队九连者,55,超级战队系列第41作，以星座与宇宙为题材
uncharted,3,,神秘海域,55,Naughty Dog开发的寻宝题材动作冒险游戏系列
underfell,3,,Underfell,55,《Undertale》的同人平行世界设定，将角色改为暗黑风格
uzumaki,3,,漩涡,55,伊藤润二的恐怖漫画，1998至1999年连载，2024年动画化
your_throne,3,,Your Throne,55,韩国网络漫画，以宫廷权力斗争与复仇为题材
ys_origin,3,,伊苏：起源,55,《伊苏》系列作品，2006年发售，故事发生在古代伊苏700年前
yuusha_raideen,3,brave_raideen|brave_reideen|yuusha_reideen,勇者莱汀（初代）,55,1975年开播的超级机器人动画，海外名Brave Raideen
1/6_-out_of_the_gravity-_(vocaloid),3,,1/6 -out of the gravity-,54,Vocaloid-P创作、初音未来演唱的歌曲
a_knight_of_the_seven_kingdoms,3,,七国骑士,54,改编自冰与火之歌外传邓克与伊戈故事的剧集，主角为高个邓肯
agatha_christie_no_meitantei_poirot_to_marple,3,Agatha Christie's Great Detectives Poirot and Marple（英）|agatha_christie's_great_detectives_poirot_and_marple|名偵探白羅與瑪波（台）,阿加莎·克里斯蒂的名侦探波洛与马普尔,54,NHK播出的动画，改编阿加莎·克里斯蒂的波洛与马普尔系列推理故事
amesarasa,3,,Amesarasa,54,Cuffs开发的成人向游戏作品
aoba_project,3,,Aoba Project,54,以 aoba-sisters.com 为官网的日本虚拟主播企划
astlibra_revision,3,,ASTLIBRA Revision,54,日本独立开发者KEIZO制作的横版动作角色扮演游戏
atelier_viorate,3,,薇欧蕾特的炼金工房,54,《炼金工房》系列第五作，为《茱蒂的炼金工房》的续篇
bakuryuu_sentai_abaranger,3,,爆龙战队暴连者,54,超级战队系列第27作，改编为美版《恐龙雷霆》
beetlejuice,3,,阴间大法师,54,美国的恐怖喜剧系列，始于1988年同名电影
berl_and_the_candy_house,3,,ベルとお菓子の家,54,Giggle Game用RPG Maker VX Ace制作的免费恐怖游戏，2014年发布
big_order,3,,ビッグオーダー,54,えすのサカエ的漫画，2011年起在《少年Ace》连载
bluejump,3,,BlueJump,54,韩国的虚拟主播运营公司
bug_(vocaloid),3,バグ,Bug,54,かいりきベア创作、初音未来演唱的Vocaloid歌曲
bullet_girls,3,,Bullet Girls,54,以少女与枪械战斗为主题的动作射击游戏系列
char's_deleted_affair,3,,Char's Deleted Affair,54,北爪宏幸的高达漫画，描写夏亚在战后与吉翁残党的活动
cheetos,3,,奇多,54,百事旗下菲多利生产的奶酪膨化零食品牌
chikan_saresou_ni_natteiru_s-kyuu_bishoujo_wo_tasuketara_tonari_no_seki_no_osananajimi_datta,3,,救助差点被色狼侵害的S级美少女后，发现是邻座的青梅竹马,54,ケンノジ的轻小说，フライ负责插画，全8卷
comiket_76,3,,Comic Market 76,54,Comic Market 第76届同人志即卖会，2009年8月14-16日举办
crypt_of_the_necrodancer,3,,节奏地牢,54,2015年发行的独立游戏，结合 roguelike 地牢探索与音乐节奏玩法
dodonpachi_daioujou,3,,怒首领蜂大往生,54,Cave开发的怒首领蜂系列第四作弹幕射击游戏
dreamparty,3,,Dreamparty,54,出处与作品类型暂不明，尚无可靠作品信息
echo_(vocaloid),3,,ECHO,54,Crusher-P与Circus-P使用GUMI英语声库制作的歌曲，MV主角为电视头Primadonna
eoe,3,,The End of Evangelion,54,《新世纪福音战士》系列剧场版作品
fate:lost_einherjar,3,fate/lost_einherjar,Fate:Lost Einherjar,54,以《Fate》世界为舞台的轻小说，涉及北欧神话人物
fighting_ex_layer,3,,Fighting EX Layer,54,Arika开发的格斗游戏，为《Fighting Layer》与《街头霸王EX》的精神续作
fortress_girl,3,,Fortress Girl,54,DMM GAMES 的策略 RPG，玩家指挥城郭拟人化的少女单位进行战斗
furrybar,3,,Furry Bar,54,兽人题材的相关作品或企划，具体内容待考
godzilla:_final_wars,3,godzilla_final_wars,哥斯拉：最终战役,54,2004年东宝制作的哥斯拉电影，系列50周年纪念作
godzilla_singular_point,3,,哥斯拉：奇点,54,Bones 与 Orange 制作的2021年哥斯拉电视动画
green_day,3,greenday|年轻岁月（台）,绿日乐队,54,1987年在美国加州成立的朋克摇滚乐队，主唱为Billie Joe Armstrong
gundam_requiem_for_vengeance,3,,机动战士高达 复仇的安魂曲,54,Netflix制作的2024年高达CG动画，全6集，以一年战争为背景
hatsu_inu,3,,初犬,54,犬777的成人漫画，后被改编为两卷OVA动画
hero_cantare,3,,Hero Cantare,54,集合《神之塔》《高校之神》等网络漫画角色的手机角色扮演游戏
hitotsu_yane_no_tsubasa_no_shita_de,3,,ひとつ屋根の下の翼の下で,54,标题意为同一屋檐下的羽翼之下的日本作品
how_to_draw_manga,3,howtodrawmangaredraw,How to Draw Manga,54,Scholastic出版的漫画绘制教学书，因画风怪诞成为梗
idol_janshi_suchie-pai,3,,偶像雀士Suchie-Pai,54,Jaleco推出的麻将游戏系列，1993年首作登陆SFC
jinrou_judgment,3,,人狼审判,54,Sorairo开发的手机推理游戏，最多20人参与文字狼人杀
kagamine_len_no_bousou_(vocaloid),3,,镜音连的暴走,54,cosMo暴走P创作、镜音连演唱的Vocaloid歌曲
kanojo_ga_aitsu_ni_sareta_koto,3,,彼女があいつにされたこと,54,Shise创作的18禁CG集
kanojo_no_seiiki,3,,女友的圣域,54,以女友的圣域为题的日本作品，相关信息较少
karisome_no_shitsuji_to_koushaku_no_himegoto,3,,临时管家与公爵的秘密,54,以临时管家与公爵为主角的日本作品
kemono_no_souja_erin,3,,兽之奏者艾琳,54,上桥菜穗子原作的奇幻小说及NHK动画，讲述能操控战兽的少女
kimagure_mercy_(vocaloid),3,,随心所欲Mercy,54,八王子P创作、初音未来演唱的Vocaloid歌曲，2016年发布
kirby_30th_anniversary_music_festival,3,,星之卡比30周年纪念音乐会,54,2022年8月在东京举办的卡比系列30周年音乐会，后推出蓝光碟
kita_e,3,,向北,54,Red Entertainment 开发、Hudson 发行的恋爱视觉小说系列，以北海道为舞台
kyou_ami!,3,,京アミ!,54,日本的作品，标题与京都相关，具体类型与内容不详
liar's_bar,3,,骗子酒吧,54,Curve Animation的2024年多人线上游戏，融合赌博与欺骗的酒吧场景
lisa_the_joyful,3,,LISA The Joyful,54,Dingaling于2015年用RPG Maker发布的游戏，为LISA系列第三部
lv1_maou_to_one_room_yuusha,3,,LV1魔王与独居勇者,54,TOFU的奇幻搞笑漫画，2023年夏季改编为电视动画
mahou_tsukai_ni_taisetsu_na_koto,3,,魔法使いに大切なこと,54,魔法使题材的日本作品，具体出处与设定不详
makemon!,3,,Makemon!,54,插画师BAYACHAO创作的兽人题材原创企划，含多款游戏与漫画
marble_creators,3,marblecreators,Marble Creators,54,日本的虚拟主播事务所
marie_&_gali,3,マリー&ガリー（日）,玛丽与伽利略,54,NHK教育频道播出的科普动画，以居里夫人与伽利略等科学家为主角
mario_&_sonic_at_the_tokyo_2020_olympic_games,3,,马力欧与索尼克在东京2020奥运会,54,系列第六作也是最后一作，以东京奥运为舞台
mega_man_battle_network_2,3,rockman_exe_2,洛克人EXE2,54,《洛克人EXE》系列第二作，登陆GBA平台
messiah_(game),3,Messiah（英）,弥赛亚,54,日本游戏作品，具体出处与设定不详
mimi_no_aru_robot_no_uta_(utau),3,,有耳朵的机器人之歌,54,nwp8861创作、重音テト演唱的2008年UTAU歌曲
my_mai_tonight,3,,MY舞☆TONIGHT,54,动画Love Live! Sunshine!!中Aqours演唱的歌曲
neo_geo,3,,Neo Geo,54,SNK于1990年推出的街机与家用机硬件系列，含MVS与AES
nyao_signyal,3,,Nyao Signyal,54,《Love Live! 莲之空女学院学园偶像俱乐部》的歌曲，由Mira-Cra Park!演唱
one_outs,3,,超智游戏,54,甲斐谷忍的棒球心理战漫画，围绕投手渡久地东亚展开
oshiete_miko_sensei,3,,おしえて巫女先生,54,以巫女老师为主角的作品，具体出处未确认
penguin_musume,3,,企鹅娘,54,日本搞笑漫画企鹅娘及其动画改编，以企鹅与少女角色的日常为题
phantasy_star_iv,3,,梦幻之星IV,54,系列第四作，1993年在日本发售，以漫画式过场为特色
powerpuff_girls_doujinshi,3,,飞天小女警 同人漫画,54,Bleedman创作的网络同人漫画，为飞天小女警的非官方续作
precure_all_stars_f,3,プリキュアオールスターズF（日）|光之美少女All Stars F,光之美少女全明星F,54,全明星系列第10部剧场版，2023年上映的20周年纪念作
project_blue_(vtuber),3,,Project Blue,54,资料不足，无法确认作品类型与出处
pygmalion._(group),3,,Pygmalion,54,资料不足，无法确认作品类型与出处
rambo,3,第一滴血,第一滴血,54,以越战退伍兵约翰·兰博为主角的动作电影系列
reizoku_ichiba,3,,奴隶市场,54,资料不足，无法确认作品类型与出处
rescute,3,,Rescute,54,台湾虚拟主播团体，隶属Square Live
rin-chan_now!_(vocaloid),3,,Rin-chan Now!,54,Owata-P作曲的Vocaloid歌曲，插画由Tamura Hiro负责
samurai_evolution_oukoku_geist,3,,Samurai Evolution: Oukoku Geist,54,2002年由Enix发行的Game Boy Advance角色扮演游戏
sd_gundam_world_heroes,3,,SD高达世界 群英集,54,以SD高达各世界英雄集结为主题的动画作品
sexy_commando_gaiden:_sugoiyo!_masaru-san,3,,セクシーコマンドー外伝 すごいよ!!マサルさん,54,うすた京介的搞笑漫画，1995年起在少年Jump连载，1998年动画化
shikaru_neko,3,,叱る猫,54,插画师Mojacookie在推特发表的系列，描绘白猫训斥人的情景
shinmai_ossan_bokensha,3,the_ossan_newbie_adventurer,新米オッサン冒険者,54,以中年男性冒险者为主角的日本漫画作品
shoujo_shin'iki_shoujo_tengoku,3,,少女神域∽少女天狱,54,Lass制作的成人向视觉小说，以少女与神域为主题
skype,3,,Skype,54,微软运营的网络通话与即时通讯服务，2025年停止服务
softmax,3,,softmax,54,以softmax为名的创作条目
sora_no_kanata_no_dystopia,3,,Sora no Kanata no Dystopia,54,资料不足，无法确认所指作品与类型
sorauta,3,,そらうた,54,资料不足，无法确认所指作品与类型
super_robot_wars_mx,3,,超级机器人大战MX,54,《超级机器人大战》系列在 PlayStation 2 平台的作品
tekken_revolution,3,鉄拳レボリューション（日）,铁拳革命,54,2013年在PS3上推出的免费游玩铁拳作品，2017年停止服务
the_last_remnant,3,,最后的神迹,54,史克威尔艾尼克斯2009年推出的角色扮演游戏
the_new_prophecy,3,,新预言,54,《猫武士》系列第二部曲，2005至2006年出版，族群被迫寻找新家园
touhou_shizenyu,3,,东方自然愈,54,东方Project同人作品，具体内容未能确认
toushin_toshi_iii,3,,斗神都市3,54,AliceSoft开发的《斗神都市》系列第三作迷宫RPG
tower_of_god:_great_journey,3,,神之塔M：伟大之旅,54,NGELGAMES开发的《神之塔》题材手机游戏
univirtual,3,,UniVirtual,54,2022年12月成立的日本音乐系VTuber事务所
venus_rumble,3,,Venus Rumble,54,指向不明的标签，缺乏可靠的对应作品资料
vreverie,3,,Vreverie,54,2022至2024年运营的新加坡VTuber公司
wazamonogatari,3,,业物语,54,《物语》系列第15部，收录四篇故事，2024年纳入动画
world_flags,3,,World Flags,54,将各国国旗拟人化为武士的多媒体企划
yi_meng_jianghu,3,,一梦江湖,54,网易开发的武侠题材大型多人在线角色扮演手游
yura_ga_aitsu_ni_dakareru_wake_~aisuru_tsuma_wa_kyou_mo_ano_otoko_ni_seieki_o_sosogareteyuku~,3,,ユラがアイツに抱かれる理由,54,以寝取为主题的成人向作品
akiba's_trip_the_animation,3,,秋叶原之旅 THE ANIMATION,53,2017年播出的动画，由GONZO制作，以秋叶原文化喜剧为主
amatsu_misora_ni!,3,,あまつみそらに！,53,Clochette开发的成人向恋爱游戏，原画为しんたろ
animal_yokochou,3,animal_lane|アニマル横町,动物横町,53,儿童向搞笑漫画，后改编为动画
another_project,3,,Another Project,53,中国虚拟YouTuber团体，成员包含Rola与Niki等
aruruu_to_asobo!!,3,aruruw_to_asobo!!,アルルゥとあそぼ!!,53,《传颂之物》的衍生作品，以少女阿尔露为主题的迷你游戏集
asura_cryin',3,,机巧魔神,53,三云岳斗的轻小说及改编动画，描写少年与机巧魔神的故事
battle_of_titans,3,,Battle of Titans,53,俄罗斯Red Button开发的机甲射击游戏，2014年推出
bokura_no_16bit_warz_(vocaloid),3,僕らの16bit Warz（日）|我們的16bit Warz,我们的16bit战争,53,sasakure.UK创作、GUMI演唱的Vocaloid歌曲
brain_rot_(synthesizer_v),3,,Brain Rot,53,Tokyo Manaka创作、重音テト演唱的Synthesizer V歌曲
butaotome,3,,豚乙女,53,以东方Project同人音乐活动为主的日本同人社团
chronicles_of_the_avatar,3,,降世神通 小说系列,53,《降世神通》世界观下的系列小说，含《虚子崛起》等作品
clock_tower_(series),3,,钟楼,53,Human Entertainment 开创、后由 Sunsoft 延续的生存恐怖游戏系列
code:_dragon_blood,3,,Code: Dragon Blood,53,改编自江南小说《龙族》的手机游戏
colorful_x_melody_(vocaloid),3,カラフル×メロディ（日）,Colorful × Melody,53,收录于《初音未来 -Project DIVA- 2nd》的歌曲，流星P与Oster Project 制作
comic_pot,3,,Comic Pot,53,日本漫画杂志相关版权标签
cytus_i,3,,音乐世界（初代）,53,雷亚游戏2012年推出的音乐节奏游戏初代，主角为 Vanessa
date_a_live:_arusu_install,3,,约会大作战 或守Install,53,《约会大作战》的PS3平台文字冒险游戏
dilftown_(schizoid),3,,DILF Town,53,schizoid创作的成人向原创作漫画系列
dragon_providence,3,,Dragon Providence,53,出处与作品类型暂不明，尚无可靠作品信息
etsusa_oohashi,3,,越佐大桥,53,成田良悟创作、安田典生插画的轻小说，舞台是化为人工岛的废弃大桥
eufonie,3,,Eufonie,53,日本公司，为Quality Confidence的子公司
fallout_76,3,,辐射76,53,Bethesda开发的多人在线游戏，属《辐射》系列
gaia_gear,3,,Gaia Gear,53,富野由悠季的1987年小说系列，出渊裕设计机体，设定在UC高达未来
godzilla_vs._biollante,3,,哥斯拉VS碧奥兰蒂,53,1989年哥斯拉平成系列电影，哥斯拉对战植物怪兽碧奥兰蒂
grand_theft_auto_iv,3,grand_theft_auto:_episodes_from_liberty_city|grand_theft_auto_iv:_the_ballad_of_gay_tony|grand_theft_auto_iv:_the_lost_and_damned,侠盗猎车手IV,53,2008年发售的系列正统续作，启用HD宇宙设定，舞台为自由城
guild_wars_2,3,,激战2,53,《激战》系列第二作，2012年上线的MMORPG，后转为免费游玩
gunvolt_chronicles_luminous_avenger_ix_2,3,,苍蓝雷霆 光之复仇者iX 2,53,《光之复仇者iX》的续作，2022年1月发售的动作游戏
hakata_no_shio,3,,博多盐,53,日本销售的粗盐品牌，以独特的广告音效成为网络梗
hana_himeru_kimi_no_meteor,3,,花秘める君のメテオ,53,TAMAMORI Betty的漫画，讲述下位王族少女与吸血鬼的奇幻恋爱
hazurewaku_no_joutai_ijou_skill_de_saikyou_ni_natta_ore_ga_subete_wo_juurin_suru_made,3,Failure Frame（英）|ハズレ枠の【状態異常スキル】で最強になった俺がすべてを蹂躙するまで（日）,外挂级状态异常技能使我成为最强，我将灭尽整个世界,53,篠崎芳的异世界轻小说，讲述被逐出勇者队伍的少年的复仇
heartbeat_(game),3,,Heartbeat,53,以Heartbeat为名的游戏作品
hexia,3,,Hexia,53,韩国以七宗罪恶魔为主题的虚拟主播企划
himitsu_~kuro_no_chikai~_(vocaloid),3,,秘密〜黑之誓〜,53,ひとしずくP与やま△创作、镜音双子与初音未来演唱的VOCALOID歌曲
it's_always_sunny_in_philadelphia,3,,费城永远阳光灿烂,53,2005年起在FX播出的美国情景喜剧，围绕费城五人组
juvenile_(vocaloid),3,ジュブナイル（日）,Juvenile,53,Dixie Flatline创作、镜音铃与镜音连演唱的Vocaloid歌曲
kabe_ni_hamatte_ugokenai!,3,,卡在墙上动不了！,53,Nighthawk的视觉小说，少女卡在墙中的系列首作
keiou_yuugekitai,3,keio_flying_squadron,庆应游击队,53,Victor Entertainment的游戏系列，全年龄向
kikaider_(series),3,,人造人间奇凯达,53,石森章太郎创作的漫画系列，讲述机器人奇凯达，并有特摄与OVA改编
kokoro_rista!,3,,ココロリスタ！,53,作品标签，标题意为心之列表，具体内容与出处不详
let's_be_one_(love_live!),3,,Let's be ONE,53,《Love Live! Superstar!!》第三季片头曲，由Liella!演唱
linda_cube,3,,リンダキューブ,53,1995年PC Engine CD的角色扮演游戏，后移植至PS与土星，舞台为面临灭绝的Neo Kenya
little_armory,3,littlearmory|リトルアーモリー|小小军火库,Little Armory,53,TOMYTEC推出的1/12比例枪械塑料模型系列，常与动漫角色联动
logan_(movie),3,,金刚狼3：殊死一战,53,2017年美国超级英雄电影，休·杰克曼主演，金刚狼三部曲的终章
maid_kyouiku,3,,女仆教育,53,女仆题材的日本成人向作品，具体出处与设定不详
mirai_nostalgia,3,,未来ノスタルジア,53,Purple software于2011年推出的成人恋爱冒险游戏
nee_chanto_shiyou_yo!,3,,ねえ、ちゃんとしようよ!,53,Candy Soft的成人游戏系列及其改编动画
oddloop,3,,オドループ,53,Frederic于2014年发行的歌曲，其MV中的舞蹈广为流传
ooi!_tonbo,3,,喂！蜻蜓,53,川崎健原作、古沢優作画的高尔夫漫画，2014年起连载，2024年由OLM改编动画
otogi:spirit_agents,3,,Otogi: Spirit Agents,53,已停止运营的手机奇幻RPG卡牌对战游戏，曾支持多语言
pieces_(series),3,,Pieces,53,名为Pieces的系列作品，具体来源与内容不详
pokemon_infinite_fusion,3,,宝可梦无限融合,53,以宝可梦融合为核心的粉丝自制游戏，融合设计多由志愿画师创作
pseudoregalia,3,,Pseudoregalia,53,独立制作的3D平台探索游戏，以流畅动作为特色
psychic_force,3,,超能力战士（1995年游戏）,53,1995年PlayStation格斗游戏，角色均为会飞行的超能力者
rage_comic,3,,Rage Comic,53,2010年代初流行的表情包系列，以粗线条暴走漫画表情为特征
red_ninja,3,,红忍 血河之舞,53,2005年登陆PS2与Xbox的忍者题材动作游戏
sanguo_romance,3,sangoku_romance,三国罗曼史,53,X.D.Network推出的三国题材iOS与Android游戏
scary_maze_game,3,,Scary Maze Game,53,2000年代末流行的惊吓恶作剧小游戏
seifuku_rakuen,3,,制服乐园,53,以制服与学园为题材的日本成人向作品系列
sex_underworld_e_youkoso!,3,,Sex Underworld e Youkoso!,53,日本成人向作品，以地下世界为舞台
shuusou_gyoku,3,,秋霜玉,53,西方Project的首部作品，2000年发售的纵版弹幕射击游戏
silver_and_blood,3,,银与血,53,2025年推出的吸血鬼题材抽卡游戏
sonic_advance_(series),3,ソニックアドバンス（日）|音速小子Advance（台）,索尼克Advance,53,GBA平台的三部索尼克横版动作游戏系列
sonic_battle,3,,索尼克战斗,53,2003年发售于GBA的索尼克系列格斗游戏
soreyuke!_uchuu_senkan_yamamoto_youko,3,Starship Girl Yamamoto Yohko（英）|starship_girl_yamamoto_yohko|それゆけ!宇宙戦艦ヤマモト・ヨーコ（日）,去吧！宇宙战舰山本洋子,53,以宇宙战舰与少女舰长为核心的科幻搞笑动画
spica_(vocaloid),3,スピカ（日）,SPiCa,53,Toku-P 使用初音未来制作的 Vocaloid 歌曲
studio_mappa,3,,MAPPA,53,2011 年成立的日本动画制作公司
sushiro,3,,寿司郎,53,日本规模最大的回转寿司连锁店
sweet_pool,3,,sweet pool,53,Nitro+CHiRAL制作的BL向恋爱冒险游戏，以男性角色关系与沉重世界观为特色
tech_win,3,,Tech Win,53,Enterbrain发行的日本电脑杂志，1993年至2006年刊行
tekken_3,3,,铁拳3,53,铁拳系列第三作，1997年街机、1998年PlayStation发售
the_king_of_fighters_'96,3,,拳皇96,53,SNK拳皇系列第三作，加入奔跑与紧急回避系统
tsurugihime,3,,剑姬,53,黑星红白担任角色设计的横版动作角色扮演游戏
ultraman_ginga_(series),3,,银河奥特曼,53,《奥特曼》系列第25作，新生代时代首作，以火花人偶为变身道具
under_ground,3,,Under Ground,53,指向不明的标签，缺乏可靠的对应作品资料
uniteup!,3,,UniteUp!,53,索尼音乐娱乐日本发起的偶像多媒体企划，2023年由CloverWorks动画化
universal_studios,3,,环球影业,53,1912年成立的美国电影公司，同时运营环球影城主题公园
utsunomiya-sen_meguri,3,,宇都宫线巡礼,53,樱织子与NaNaKo合作的企划，将JR宇都宫线车站拟人化为角色
valve_corporation,3,valve_software,维尔福,53,美国游戏开发公司，代表作有《半条命》《传送门》与Steam平台
vanishing_reality_(satou_kuuki),3,,Vanishing Reality,53,佐藤空气创作的同人志作品
watashi_no_oniichan,3,shuukan_watashi_no_onii-chan,我的哥哥,53,以兄妹关系为题材的作品，详细情报不明
wixoss_diva(a)live,3,,WIXOSS Diva(A)Live,53,《WIXOSS》动画第三作，风格轻松并走偶像路线
yubisaki_connection,3,,Yubisaki Connection,53,以指尖接触与恋爱为主题的作品，具体信息不详
yubisaki_to_renren,3,,指尖相触，恋人们,53,以听障少女与青年的恋爱为主题的漫画，并有动画改编
zenra_toukou_school,3,,全裸登校学园,53,以全裸上学为主题的成人向作品
3ldkm,3,,3LDKM,52,bkub创作的以四格为主体的网络漫画，2008年在博客连载
acute_(vocaloid),3,acute|アキュート,ACUTE,52,黑うさP创作、初音未来与巡音流歌、KAITO演唱的歌曲，描写三角恋
aikatsu!_photo_on_stage!!,3,アイカツ!フォトonステージ!!（日）|偶像學園!Photo on Stage!!（台）,偶像活动！Photo on Stage！！,52,偶像活动系列改编的手机音乐游戏
airy_production,3,,Airy Production,52,日本虚拟主播事务所，一期生以童话为主题
all_you_need_is_kill,3,,杀戮轮回,52,樱坂洋创作、安倍吉俊插画的轻小说，后被改编为漫画与电影
assassin's_creed:_valhalla,3,,刺客信条：英灵殿,52,《刺客信条》系列第十二部，舞台为维京时代的英格兰
astro_bot_(series),3,,宇宙机器人,52,索尼Team Asobi开发的游戏系列，以可爱机器人展示主机功能
bad_end_night_(vocaloid),3,バッドエンドナイト,Bad End Night,52,ひとしずくP创作的VOCALOID歌曲，由多名声库角色共同演唱
baywatch,3,护滩使者（港）,海滩救护队,52,以海滩救生员为主题的美国电视剧
becoming_a_god_in_the_zerg_world_by_livestreaming_bl_novels,3,,Becoming a God in the Zerg World by Livestreaming BL Novels,52,中国的网络小说，以虫族世界与直播写作为题材
blue_seed,3,,碧奇魂,52,高田裕三的漫画，1994年改编为动画
bounen_no_xam'd,3,xam'd:_lost_memories,亡念的扎姆德,52,BONES制作的2008年原创网络动画
bubble_rise_(love_live!),3,,Bubble Rise,52,Love Live! Superstar!! 第三季的插入曲
bukkake!_doshikoring_minuki_max_acme_shite_mo_ii_desu_ka,3,,ぶっかけ!どしこりんぐ みぬきマックスアクメしてもいいですか,52,Hending发行的成人向游戏，kimotika7负责原画
ch4nge_(cevio),3,,Ch4nge,52,GIGA创作、可不演唱的CeVIO歌曲
chouriki_sentai_ohranger,3,,超力战队王连者,52,超级战队系列第19作，后被改编为美版《恐龙战队 Zeo》
clover_(game_cg),3,,Clover,52,游戏作品相关版权标签，具体信息不详
clover_days,3,,Clover Days,52,ALcot 2014年的成人恋爱冒险游戏，讲述与双子姐妹的同居生活
code_geass:_lost_colors,3,lostcolors|コードギアス 失われた色彩（日）|叛逆的鲁路修 失落的色彩,Code Geass 失落的色彩,52,《Code Geass》世界观下的 PSP 游戏
disney_fairies_(movie_series),3,,奇妙仙子（电影系列）,52,奇妙仙子系列的动画电影作品
ego_(takanashi_kiara),3,,EGO,52,hololive EN成员Takanashi Kiara的原创歌曲，2026年随专辑发布
eternal_senia_2:hydrangea_after_the_rain,3,,永恒的赛妮亚2：雨后绣球花,52,《永恒的赛妮亚》的续作游戏
final_fantasy_crystal_chronicles:_echoes_of_time,3,,最终幻想水晶编年史：时之回声,52,《最终幻想水晶编年史》系列作品《时之回声》
futamata_ren'ai,3,,Futamata Ren'ai,52,成人向视觉小说作品，详细内容与制作信息待考
gall_force,3,,Gall Force,52,1980年代的科幻太空歌剧机甲 OVA 系列，以多名女性角色为主
game-style,3,,Game-Style,52,作品或服务相关条目，具体内容与出处待考
girl_arms,3,,GIRL ARMS,52,ZECO 创作的机甲少女系列，改编为卡牌与手机游戏
grenadier_(manga),3,,Grenadier,52,海濑壮祐2003年起在《少年ACE》连载的枪战题材漫画
guilty_princess,3,,Guilty Princess,52,以武装少女为主题的原创角色企划，商品以塑料模型与手办为主
hana_wa_saku_shura_no_gotoku,3,hanashura,花は咲く、修羅の如く,52,以春山华与丽月等角色为中心的创作题材
harry_potter_and_the_philosopher's_stone,3,哈利波特：神秘的魔法石（台/港）,哈利·波特与魔法石,52,《哈利·波特》系列第一部小说，讲述哈利进入霍格沃茨的起点
hatsukoi_limited,3,初恋限定（台）,初恋限定,52,河下水希的恋爱漫画，讲述多组少男少女的初恋故事
hello_kitty_to_issho!,3,和Hello Kitty一起！,ハローキティといっしょ！,52,三丽鸥支持的项目，多位画师以Hello Kitty为原型设计原创角色
hen-shin-shou-jo_metamol_maiden,3,,変身少女メタモルメイデン,52,GREE的变身少女题材手机角色扮演游戏
hitoribocchi_no_isekai_kouryaku,3,,独自一人的异世界攻略,52,五示正司的轻小说，讲述独自攻略异世界的故事
juuken_sentai_gekiranger,3,,兽拳战队激气连者,52,超级战队系列第31作，美国翻拍为《恐龙战队 丛林之怒》
kid_icarus_(nes),3,,光神话（初代）,52,光神话系列首作，1986年登陆Famicom，主角皮特为击败美杜莎而冒险
kimi_to_boku_no_saigo_no_senjou_arui_wa_sekai_ga_hajimaru_seisen,3,,你与我的最后战场，或是开创世界的圣战,52,细音启创作的奇幻轻小说，已改编为漫画、动画与舞台剧
kunoichi_demo_koi_ga_shitai_(vocaloid),3,女忍者也想谈恋爱,くノ一でも恋がしたい,52,みきとP创作、初音未来与镜音铃演唱的Vocaloid歌曲
machine_robo_chronos_no_dai_gyakushuu,3,machine_robo_chronos_no_gyakushuu|machine_robo_revenge_of_cronos,マシンロボ クロノスの大逆襲,52,1986年播出的《Machine Robo》系列动画
magical_drop,3,,Magical Drop,52,Data East的益智游戏系列，以角色抓取并投掷珠子消除为玩法
mahou_shoujo_madoka_magica:_concept_movie,3,madoka_concept_movie,魔法少女小圆 概念短片,52,2015年SHAFT四十周年活动公开的四分钟概念短片，含小圆芭蕾与焰的独白
meg's_monster,3,,Meg's Monster,52,以少女与怪物为主角的日本独立游戏
megachu!,3,,めがちゅ！,52,日本作品，具体出处与设定不详
missed_messages,3,,Missed Messages,52,Angela He制作的独立百合视觉小说，带有伊藤润二风格
nemesis_no_juukou_(vocaloid),3,,复仇的枪口,52,悪ノP创作的GUMI歌曲，七宗罪系列中代表愤怒
niconico_rpg,3,ニコニコRPG,Niconico RPG,52,用RPG Maker 2000制作的同人RPG，角色多取自Niconico上的各种梗
oomo-san_loves_warhammer,3,,Oomo-san Loves Warhammer,52,以喜爱战锤游戏的角色为主题的原创漫画作品
otome_no_teikoku,3,,乙女の帝国,52,岸虎次郎的百合漫画作品
otomedius_excellent,3,オトメディウス エクセレント！（日）|少女巡航机 卓越,Otomedius Excellent,52,科乐美射击游戏《少女巡航机》的Xbox 360版作品
ourai_no_gahkthun,3,,黄雷のガクトゥーン,52,Liarsoft「蒸汽朋克系列」的第6部视觉小说作品
pakomane_-_watashi_kyou_kara_meimon_yakyuu-bu_no_seishori_gakari_ni_narimasu...,3,,パコマネ,52,以名门棒球部为舞台的日本成人向作品，主角担任队内性处理专员
peace_maker_kurogane,3,,PEACE MAKER 铁,52,黑乃奈奈绘创作的幕末新选组题材漫画，为PEACE MAKER的续篇
phoenix_ranger_featherman,3,,Phoenix Ranger Featherman,52,女神异闻录系列中架空的特摄剧，作品内有多个系列
pleasant_goat_and_big_big_wolf,3,,喜羊羊与灰太狼,52,中国儿童动画系列，讲述青青草原上羊群与灰太狼的对抗
princess_witches,3,プリンセスウイッチーズ（日）,Princess Witches,52,日本游戏作品，类型与发行信息待考
project_diva_mega39's,3,,初音未来 歌姬计划MEGA39's,52,歌姬计划系列第7作，Switch平台作品，英文名为MegaMix
razer,3,,雷蛇,52,美国游戏外设制造商，产品包括鼠标、键盘与电竞周边
red_corruption,3,,Red Corruption,52,资料不足，无法确认作品类型与出处
regressor's_instruction_manual,3,,Regressor's Instruction Manual,52,韩国小说与网络漫画，题材为回归者的故事
saijo_no_osewa,3,,才女のお世話,52,坂石遊作创作、みわべさくら插画的恋爱喜剧轻小说
seijo_no_maryoku_wa_bannou_desu,3,,圣女魔力无所不能,52,以被召唤到异世界的圣女为主角的日本轻小说及动画
seinarukana,3,Seinarukana（英）,聖なるかな,52,日本成人向角色扮演游戏，为《永远的阿塞利亚》续作
sekien_no_inganock,3,,赫炎のインガノック,52,Liarsoft的蒸汽朋克视觉小说系列第二作
shanti_(vocaloid),3,,Shanti,52,wotaku创作、KAITO演唱的Vocaloid歌曲，与歌曲Mafia互为姊妹作
shin_mazinger_shougeki!_z-hen,3,mazinger_edition_z:_the_impact!|真マジンガー衝撃！Z編（日）|真無敵鐵金剛 衝撃！Z篇（台）,真魔神 冲击！Z篇,52,2009年由今川泰宏执导的魔神Z重制动画，融入希腊神话元素
shining_ark,3,,光明之舟,52,光明系列在PSP平台的作品，2013年由世嘉在日本发售
shintaisou,3,,新体操,52,Panda House的成人向游戏系列，以新体操少女为题材
soniani,3,,soniani,52,以soniani为名的日本创作条目
south_park:_the_fractured_but_whole,3,,南方公园：完整破碎,52,育碧发行、改编自《南方公园》的 2017 年角色扮演游戏
south_park:_the_stick_of_truth,3,,南方公园：真理之杖,52,黑曜石开发、育碧发行、改编自《南方公园》的角色扮演游戏
suzukuri_karin-chan,3,,巣作りカリンちゃん,52,以《恋姬无双》角色为基础的 BaseSon 等合作外传游戏
tales_of_phantasia:_narikiri_dungeon_x,3,Tales of Phantasia: Narikiri Dungeon X（英）|テイルズ オブ ファンタジア なりきりダンジョンX（日）,幻想传说 换装迷宫X,52,2010年发售的PSP游戏，为换装迷宫的复刻版
tengai_makyou,3,,天外魔境,52,在日本与台湾广受欢迎、其他地区知名度较低的日式角色扮演游戏系列
that's_not_my_neighbor,3,,That's Not My Neighbor,52,以公寓门卫身份辨识邻居真伪的独立恐怖游戏
the_dark_knight_rises,3,,黑暗骑士崛起,52,诺兰执导的2012年蝙蝠侠电影，黑暗骑士三部曲完结篇
threefold_recital,3,,Threefold Recital,52,资料不详，具体作品与体裁未能确认
time_gal,3,,Time Gal,52,Taito1985年推出的激光碟街机游戏，主角为穿越时空的少女玲香
tokyo_insomnia,3,,Tokyo Insomnia,52,资料不详，具体作品与体裁未能确认
transformers:_earthspark,3,,变形金刚：地球火种,52,Nickelodeon为Paramount+制作、2022年播出的变形金刚动画
treasure_island,3,,金银岛,52,苏格兰作家史蒂文森创作的冒险小说，讲述海盗与宝藏的故事
tsujidou-san_no_jun'ai_road,3,,辻堂同学的纯爱之路,52,Minato Carnival开发的以不良少女为主角的视觉小说
turn_of_the_golden_witch,3,,黄金魔女的回合,52,《海猫鸣泣之时》第二篇章，漫画版由铃木次郎作画
tvfilthyfrank,3,,The Filthy Frank Show,52,Joji的网络节目《The Filthy Frank Show》及其第二频道
uchuu_keiji_gavan,3,space_sheriff_gavan,宇宙刑事卡邦,52,东映特摄剧，金属英雄系列第一作，1982年至1983年播出
virtual_dimension_project,3,,虚拟次元计划,52,由小希与小桃两名中文虚拟主播组成的企划
xg_(group),3,,XG,52,日本艾回旗下Xgalx的女子组合，主要以英语演唱
yogosareta_natsu,3,,汚された夏,52,以夏日为舞台的成人向作品
zettai_shougeki,3,,绝对冲击,52,以格斗少女为题材的多媒体企划，英文名Master of Martial Hearts
acro_trip,3,,Acro Trip,51,日本漫画作品，2024年被改编为电视动画
agarest_senki_zero,3,,阿加雷斯特战记Zero,51,阿加雷斯特战记系列的前传，以难度苛刻著称
also_sprach_zarathustra_(neco),3,,Also Sprach Zarathustra (neco),51,画师neco创作的插画系列，以字母命名的少女身着未来战斗装备
anata_ni_koi_suru_ren'ai_recette,3,,あなたに恋する恋愛レシピ,51,日本作品，具体作者与设定不详
artificial_utopia_in_ruins,3,,霊長新益京,51,上海爱丽丝幻乐团ZUN's Music Collection系列第11张音乐CD
atarashii_gakkou_no_leaders,3,atarashii_gakko!,新しい学校のリーダーズ,51,日本的女子舞蹈歌唱组合，2017年出道
birdie_wing:_golf_girls'_story,3,,小鸟之翼,51,以女子高尔夫为主题的原创电视动画，2022年播出
bluesky,3,,Bluesky,51,类似Twitter的微博客社交平台
boku_no_mirai_wa_koi_to_kakin_to,3,,僕の未来は恋と課金と,51,以恋爱与课金为题材的日文作品
boston_dynamics,3,,波士顿动力,51,美国的工程与机器人公司，以高机动性机器人闻名
chicchana_yukitsukai_sugar,3,a_little_snow_fairy_sugar,小小雪精灵,51,J.C.Staff制作的2001年动画，主角是见习雪精灵
chotto_dake_ai_ga_omoi_dark_elf_ga_isekai_kara_oikakete_kita,3,,ちょっとだけ愛が重いダークエルフが異世界から追いかけてきた,51,中野空的反向异世界漫画，讲述暗精灵追到现实世界的故事，2025年动画化
chuuka_ichiban!,3,,中华一番,51,小川悦司的料理漫画，1997年改编为动画，主角为少年厨师刘昴星
clock_lock_works_(vocaloid),3,,Clock Lock Works,51,Hachi 创作、初音未来演唱的歌曲，PV 由 Task Utsushita 制作
comic_penguin_cereb,3,,Comic Penguin Celeb,51,2006至2018年发行的成人漫画杂志，《Comic Penguin Club》姐妹刊
danganronpa:_despair_time,3,,Danganronpa: Despair Time,51,以《弹丸论破》为题材的英语粉丝同人视频系列
danmaku!!,3,,Danmaku!!,51,Mystery Parfait 制作的东方Project 同人卡牌游戏
descend,3,,Descend,51,出处与作品类型暂不明，尚无可靠作品信息
detective_pikachu_(game),3,,名侦探皮卡丘,51,2016年登陆3DS的宝可梦衍生冒险游戏，主角为会说话的大侦探皮卡丘
doukoku_soshite...,3,,慟哭そして…,51,日本早期成人向游戏，详细资料较少
dragon_slayer_(series),3,,屠龙剑系列,51,日本Falcom开发、木屋善夫设计的早期动作角色扮演游戏系列
duke_nukem_(series),3,,毁灭公爵,51,以硬汉公爵为主角的第一人称射击游戏系列
dusttale,3,,Dusttale,51,《Undertale》屠杀路线的同人平行世界，桑斯为变强而屠杀怪物
electric_angel_(vocaloid),3,,Electric Angel,51,ヤスオP使用初音未来制作的VOCALOID歌曲
final_fantasy_xii_revenant_wings,3,,最终幻想12 亡灵之翼,51,《最终幻想12》的NDS续作，为战棋RPG
futanari_no_elf,3,,Futanari no Elf,51,以精灵为主角的成人向作品，具体信息待考
glitch_productions,3,,Glitch Productions,51,澳大利亚动画工作室，代表作有《Murder Drones》与《神奇数字马戏团》
glow_(vocaloid),3,,glow,51,keeno 制作、初音未来 Dark 演唱的 VOCALOID 歌曲
goof_troop,3,,高飞家族,51,迪士尼以单亲父亲高飞与儿子麦克斯的日常为主题的动画喜剧
gran_turismo,3,,跑车浪漫旅,51,Polyphony Digital开发、索尼发行的赛车模拟游戏系列，收录真实车辆
gundam_side_story:_missing_link,3,,机动战士高达外传 Missing Link,51,PS3的高达题材在线对战游戏，2014年由B.B.Studio开发
hachinan_tte_sore_wa_nai_deshou!,3,,八男？别闹了！,51,Y.A创作的异世界后宫轻小说，由藤choco负责插画，并有漫画改编
hen_zemi,3,変ゼミ,变态生理研究会,51,TAGRO的青年漫画，讲述大学生在变态生理研究会的日常
howl's_moving_castle_(novel),3,,哈尔的移动城堡（小说）,51,黛安娜·温尼·琼斯的小说，后改编为吉卜力电影
iolite_link,3,,Iolite Link,51,标题为Iolite Link的日本作品
jibun_no_koto_ga_katte_ni_manga_ni_sareteru_onnanoko,3,,自己的事被擅自画成漫画的女生,51,以少女被擅自画成漫画为题材的日本漫画
kamen_rider_battle,3,,假面骑士Battle,51,2008年起推出的假面骑士街机卡牌游戏系列
kindle_imagine_develop,3,,KID,51,日本游戏公司，以《秋之回忆》等恋爱冒险游戏闻名
krita_(software),3,,Krita,51,自由开源的位图绘图软件，主打数字绘画与二维动画，支持OpenGL加速
kukkorodays,3,,くっころでいず,51,作品标签，具体内容与出处不详
marasy,3,,まらしぃ,51,日本钢琴家与视频创作者，以演奏VOCALOID与东方Project曲目闻名
mario_tennis:_ultra_smash,3,,马力欧网球 终极扣杀,51,马力欧网球系列登陆Wii U的作品
mc_championship,3,,Minecraft Championship,51,由Noxcrew与Scott Major组织的Minecraft电竞赛事，2019年起举办
mighty_switch_force!,3,,Mighty Switch Force!,51,WayForward的横版解谜动作游戏，主角为警官帕特里夏
mochiyama_kingyo,3,山金鱼,望月金鱼,51,为VRChat制作并销售原创3D模型的创作者
moto_gp,3,,MotoGP,51,世界最高级别的摩托车公路赛事系列
nakau,3,,なか卯,51,日本连锁快餐品牌，主营京都风乌冬与盖饭
natsuzora_no_perseus,3,,夏空のペルセウス,51,minori社的视觉小说作品
new_super_mario_bros._wii,3,,新超级马力欧兄弟Wii,51,《新超级马力欧兄弟》系列第二作，2009年登陆Wii平台
nioh,3,,仁王,51,Team Ninja开发的战国题材动作RPG，以高难度战斗与妖怪敌人为特色
nuclear_throne,3,,核子王座,51,Vlambeer开发的roguelike射击游戏
of_the_devil,3,,Of the Devil,51,以赛博朋克未来为舞台的章节式推理冒险游戏，玩法类似《逆转裁判》
petopetosan,3,,ぺとぺとさん,51,以妖怪べとべとさん为题材的日本轻小说与动画作品
phasmophobia_(game),3,,恐鬼症,51,合作恐怖游戏，玩家组成幽灵调查小队探索闹鬼场所
pia_carrot_e_youkoso!!_2,3,,欢迎来到Pia Carrot!!2,51,系列第二作，1997年发售的恋爱模拟游戏，舞台为家庭餐厅
pixiv_cat_kingdom,3,,Pixiv Cat Kingdom,51,pixiv上的猫主题插画企划，标签为ぴくネコ
pokemon:_arceus_and_the_jewel_of_life,3,pokemon_m12,宝可梦：阿尔宙斯 超克的时空,51,宝可梦系列第12部剧场版，以阿尔宙斯与时空神话为主题
pokemon_4ever_-_celebi:_the_voice_of_the_forest,3,pokemon_m04,宝可梦4Ever 雪拉比 穿越时空的相遇,51,宝可梦系列第4部剧场版，以雪拉比与穿越时空的相遇为主题
pretty_x_cation,3,,Pretty×Cation,51,Hibiki Works于2014年推出的成人向视觉小说
r_g_b,3,,R_G_B,51,资料不足，无法确认作品类型与出处
rai_rai_rai,3,,Rai Rai Rai,51,日本少年漫画作品，作者为Yoshiaki Kei
rilu_rilu_fairilu,3,,莉露莉露妖精,51,Sanrio的角色品牌，已有三部动画改编
ryuu_ga_gotoku_ishin!,3,,如龙 维新！,51,如龙系列以幕末时代为舞台的时代剧外传作品
saturday_night_live,3,,周六夜现场,51,美国NBC播出的长寿综艺喜剧节目
selection_project,3,,Selection Project,51,动画工房制作的原创偶像题材电视动画，2021年10月开播
shikabane_hime,3,,尸姬,51,赤人义一的漫画，描写少年与不死少女尸姬共同战斗的故事
shikigami_no_shiro,3,,式神之城,51,Alfa System开发的纵向弹幕射击游戏系列，以式神与巫女战斗为特色
shoot_the_bullet,3,,东方文花帖 ～ Shoot the Bullet,51,东方Project第9.5作，以拍摄弹幕照片为玩法的摄影游戏
shoujo_fractal,3,,少女フラクタル,51,以东方Project为题材活动的同人音乐社团
slavic_mythology,3,,斯拉夫神话,51,斯拉夫民族的神话体系，包括诸神、英雄与怪物等传说
suiren_to_shion,3,,水蓮と紫苑,51,资料不足，无法确认所指作品与类型
the_avengers:_earth's_mightiest_heroes!,3,,复仇者：世上最强英雄组合,51,改编自漫威复仇者的电视动画系列
the_fantastic_four:_first_steps,3,,神奇四侠：第一步,51,2025年上映的漫威电影，设定于1960年代风格的世界
the_first_descendant,3,,第一后裔,51,Nexon开发的免费在线刷宝射击游戏，2024年上线
the_king_of_fighters_2003,3,,拳皇2003,51,SNK拳皇系列第十作，加入换人系统，开启阿修篇
the_third,3,,The Third,51,星野亮创作、后藤奈绪等插画的科幻轻小说系列
toaru_majutsu_no_virtual-on,3,to_aru_majutsu_no_virtual-on,魔法电脑战机,51,世嘉《电脑战机》与《魔法禁书目录》联动的2018年对战游戏
total_war:_warhammer,3,total_war:_warhammer_2|total_war:_warhammer_3,全面战争：战锤,51,《全面战争》系列中以中古战锤世界为舞台的分支作品
transformers:_war_for_cybertron_trilogy,3,,变形金刚：塞伯坦之战三部曲,51,包含玩具线与Netflix动画的三部曲企划，分围城、地出、王国三章
ubuntu,3,,Ubuntu,51,Canonical开发的基于Debian与Linux内核的开源操作系统
uso_kara_hajimaru_koi_no_natsu,3,,谎言开始的夏日恋情,51,LYCORIS开发的百合视觉小说
venus_blood,3,,Venus Blood,51,Dual Tail的成人游戏系列，包含多部分支作品
vitruvian_man,3,,维特鲁威人,51,达芬奇绘制的素描，以人体比例与几何关系为主题
wonder_boy,3,,神奇男孩,51,SEGA发行、Westone开发的动作冒险游戏系列，又称怪物世界
yoshi's_new_island,3,,耀西新岛,51,Nintendo 3DS游戏，玩家操作耀西拯救婴儿马力欧
zankyou_no_terror,3,terror_in_resonance,恐怖残响,51,渡边信一郎执导的2014年原创动画，中泽一登负责角色设计
aki_no_jikan,3,,あっきのじかん,50,日本漫画作品，作者与具体内容不详
jinzou_enemy_(vocaloid),3,,人造敌人,50,自然之敌P创作、初音未来演唱的歌曲，阳炎Project原点
mamiya-kunchi_no_itsutsugo_jijou,3,,间宫家的五子情事,50,CUBE2016年发售的成人游戏，以五胞胎家庭为主题
marisa_to_alice_no_cookie_storia,3,,魔理沙与爱丽丝的饼干物语,50,同人网页游戏，戏仿Cookie☆、舰队Collection与梅露可物语
maruchan_(brand),3,maruchan,Maruchan,50,日本食品公司，以方便面的生产与开发为主
nokia_(company),3,nokia,诺基亚,50,芬兰的电子通信公司，以坚固耐用的手机闻名
onee-chan_no_yuuwaku,3,,姐姐的诱惑,50,以姐姐的诱惑为主题的成人向作品，具体出处未确认
sadistic_music_factory_(vocaloid),3,,Sadistic Music Factory,50,cosMo@暴走P为初音未来创作的歌曲，以极高速念白为特色
scho-ka-kola,3,,Scho-Ka-Kola,50,德国巧克力品牌，以咖啡因与可乐果配方的苦甜黑巧克力闻名
shiki_no_akari,3,,四季之灯,50,mito_w发起的原创角色企划，多位画师共同绘制提灯魔女
shoujo_hatsudouki,3,少女発动机,少女发动机,50,afukuro的原创插画系列，描绘装有引擎与溜冰鞋的机械少女
sonic_speed_simulator,3,sonicspeedsimulator,索尼克速度模拟器,50,2022年起在Roblox上运营的索尼克衍生游戏，含开放世界
yoshinaga-san'chi_no_gargoyle,3,gargoyle_of_yoshinaga_house,吉永家的石像怪,50,田口仙年堂的轻小说，改编为漫画与2006年动画
